:START_ID,:END_ID,:TYPE,context,source
pn2,mg1,attends,"I am available on April 6th, 2019, from 3 PM to 4 PM IST. If this works for everyone, I can set up a Zoom meeting.",YT6A22
pn1,mg1,attends,"If this works for everyone, I can set up a Zoom meeting.",YT6A22
pn7,mg1,attends,"If this works for everyone, I can set up a Zoom meeting.",YT6A22
pn8,mg1,attends,"If this works for everyone, I can set up a Zoom meeting.",YT6A22
pn2,mg2,attends,"If everyone agrees, I propose scheduling a meeting next week to finalize the project details.",YT6A22
pn7,mg3,attends,The meeting on April 8th works for me.,YT6A23
pn2,mg3,attends,The meeting on April 8th works for me.,YT6A23
pn2,mg4,attends,The meeting on April 8th suits my schedule as well.,YT6A24
pn4,mg4,attends,The meeting on April 8th suits my schedule as well.,YT6A24
pn2,mg5,attends,"I have set up the Zoom meeting for April 6th, 2019, from 3 PM to 4 PM IST.",YT6A25
pn1,mg5,attends,"Dear Team, I have set up the Zoom meeting for April 6th, 2019, from 3 PM to 4 PM IST.",YT6A25
pn7,mg5,attends,"Dear Team, I have set up the Zoom meeting for April 6th, 2019, from 3 PM to 4 PM IST.",YT6A25
pn4,mg5,attends,"Dear Team, I have set up the Zoom meeting for April 6th, 2019, from 3 PM to 4 PM IST.",YT6A25
pn2,mg6,attends,"For our first progress check-in, I propose a group call next Friday, 19th April 2019, at 3 PM IST",AJ4KD52N
pn7,mg6,attends,"apologies for the early hour in California, Michael",AJ4KD52N
pn1,mg6,attends,"For our first progress check-in, I propose a group call next Friday, 19th April 2019, at 3 PM IST",AJ4KD52N
pn4,mg6,attends,"For our first progress check-in, I propose a group call next Friday, 19th April 2019, at 3 PM IST",AJ4KD52N
pn8,mg7,attends,The proposed check-in on 23rd April at 3 PM IST works well for me.,P3V8WD4J
pn2,mg7,attends,"The proposed check-in on 23rd April at 3 PM IST works well for me. Ramesh, kindly share the Google Meet link once confirmed.",P3V8WD4J
pn7,mg7,attends,The proposed check-in on 23rd April at 3 PM IST works well for me.,P3V8WD4J
pn1,mg7,attends,The proposed check-in on 23rd April at 3 PM IST works well for me.,P3V8WD4J
pn8,mg8,attends,"I will make my comments and preliminary analysis available ahead of our 23rd April check-in, so that we may align on next steps.",W8RSK3BQ
pn7,mg8,attends,"I will make my comments and preliminary analysis available ahead of our 23rd April check-in, so that we may align on next steps.",W8RSK3BQ
pn1,mg8,attends,"I will make my comments and preliminary analysis available ahead of our 23rd April check-in, so that we may align on next steps.",W8RSK3BQ
pn2,mg8,attends,"I will make my comments and preliminary analysis available ahead of our 23rd April check-in, so that we may align on next steps.",W8RSK3BQ
pn1,mg9,attends,ahead of our 23rd April check-in.,JU4L39XZ
pn8,mg9,attends,ahead of our 23rd April check-in.,JU4L39XZ
pn7,mg9,attends,ahead of our 23rd April check-in.,JU4L39XZ
pn1,mg8,attends,"For the 23rd April check-in at 3 PM IST, I propose the following agenda:
1. Sunita's briefing on dataset harmonization progress and immediate needs",B9Z4EH5S
pn7,mg8,attends,"For the 23rd April check-in at 3 PM IST, I propose the following agenda:
2. Michael's demonstration of OCR/post-processing pipeline (using shared Chronicling America samples)",B9Z4EH5S
pn8,mg8,attends,"For the 23rd April check-in at 3 PM IST, I propose the following agenda:
3. Ananya's preliminary feedback on interpretability review and metadata system memo",B9Z4EH5S
pn2,mg8,attends,"Ramesh, please confirm if you will be able to circulate the Google Meet link for tomorrow's session",B9Z4EH5S
pn7,mg10,attends,"Dear Michael, Sunita, and Ananya,",ZD8KL7SW
pn1,mg10,attends,"Dear Michael, Sunita, and Ananya,",ZD8KL7SW
pn8,mg10,attends,"Dear Michael, Sunita, and Ananya,",ZD8KL7SW
pn2,mg10,attends,"As requested, I have set up the Google Meet session for our meeting on 23rd April at 3 PM IST (10:30 AM BST / 2:30 AM PDT).",ZD8KL7SW
pn1,mg11,attends,Thank you for the highly productive discussion during yesterday’s meeting.,AB7FQC9K
pn2,mg11,attends,Thank you for the highly productive discussion during yesterday’s meeting.,AB7FQC9K
pn7,mg11,attends,Thank you for the highly productive discussion during yesterday’s meeting.,AB7FQC9K
pn8,mg11,attends,Thank you for the highly productive discussion during yesterday’s meeting.,AB7FQC9K
pn1,c1,attends,cutting-edge insight for our targeted venues (ACL/EMNLP).,F2R6YT89
pn8,c1,attends,cutting-edge insight for our targeted venues (ACL/EMNLP).,F2R6YT89
pn2,c1,attends,cutting-edge insight for our targeted venues (ACL/EMNLP).,F2R6YT89
pn7,c1,attends,cutting-edge insight for our targeted venues (ACL/EMNLP).,F2R6YT89
pn1,c2,attends,cutting-edge insight for our targeted venues (ACL/EMNLP).,F2R6YT89
pn8,c2,attends,cutting-edge insight for our targeted venues (ACL/EMNLP).,F2R6YT89
pn2,c2,attends,cutting-edge insight for our targeted venues (ACL/EMNLP).,F2R6YT89
pn7,c2,attends,cutting-edge insight for our targeted venues (ACL/EMNLP).,F2R6YT89
pn2,mg12,attends,could everyone kindly indicate their availability for a 60–90 minute check-in between 3rd–7th May?,MN42KXHS
pn8,mg12,attends,could everyone kindly indicate their availability for a 60–90 minute check-in between 3rd–7th May?,MN42KXHS
pn7,mg12,attends,could everyone kindly indicate their availability for a 60–90 minute check-in between 3rd–7th May?,MN42KXHS
pn1,mg12,attends,could everyone kindly indicate their availability for a 60–90 minute check-in between 3rd–7th May?,MN42KXHS
pn2,c1,attends,including author responsibilities for a potential ACL/EMNLP submission draft,MN42KXHS
pn2,c2,attends,including author responsibilities for a potential ACL/EMNLP submission draft,MN42KXHS
pn8,mg13,attends,"Regarding our next check-in, I am available on any of the following slots",V9T5QK23
pn2,mg13,attends,Please let me know which of these slot(s) are most convenient for all,V9T5QK23
pn7,mg13,attends,Please let me know which of these slot(s) are most convenient for all,V9T5QK23
pn1,mg13,attends,Please let me know which of these slot(s) are most convenient for all,V9T5QK23
pn1,mg14,attends,"My preference would be 3rd May (3 PM IST / 10:30 AM BST), but I am flexible to adjust as the majority prefers.",X7P4ZJ13
pn8,mg14,attends,Regarding availability for our next group meeting: I am available for all the slots Ananya proposed,X7P4ZJ13
pn7,mg14,attends,"Michael and Ramesh, please confirm if these times work for you.",X7P4ZJ13
pn2,mg14,attends,"Michael and Ramesh, please confirm if these times work for you.",X7P4ZJ13
pn7,mg15,attends,The 3rd May slot (3 PM IST / 10:30 AM BST / 2:30 AM PDT) works for me,4GNV9SZP
pn8,mg15,attends,"Regarding our next meeting, I appreciate everyone’s flexibility.",4GNV9SZP
pn1,mg15,attends,"Regarding our next meeting, I appreciate everyone’s flexibility.",4GNV9SZP
pn2,mg15,attends,"Regarding our next meeting, I appreciate everyone’s flexibility.",4GNV9SZP
pn1,mg16,attends,"Dear Sunita, Michael, and Prof. Bhatia,

Thank you all for your swift responses regarding the meeting schedule and for your thoughtful suggestions... I am delighted to confirm our check-in for Monday, 3rd May at 3 PM IST / 10:30 AM BST / 2:30 AM PDT.",SJ9HD3WK
pn7,mg16,attends,"Dear Sunita, Michael, and Prof. Bhatia,

Thank you all for your swift responses regarding the meeting schedule and for your thoughtful suggestions... I am delighted to confirm our check-in for Monday, 3rd May at 3 PM IST / 10:30 AM BST / 2:30 AM PDT.",SJ9HD3WK
pn2,mg16,attends,"Dear Sunita, Michael, and Prof. Bhatia,

Thank you all for your swift responses regarding the meeting schedule and for your thoughtful suggestions... I am delighted to confirm our check-in for Monday, 3rd May at 3 PM IST / 10:30 AM BST / 2:30 AM PDT.",SJ9HD3WK
pn8,mg16,attends,"Thank you all for your swift responses regarding the meeting schedule and for your thoughtful suggestions on both methodological and practical fronts. I am delighted to confirm our check-in for Monday, 3rd May at 3 PM IST / 10:30 AM BST / 2:30 AM PDT.",SJ9HD3WK
pn8,mg17,attends,"Participants:  
Dr. Ananya Chatterjee, Dr. Michael Bradley, Prof. Ramesh Bhatia, Sunita Sen",MAIL6VM4ZB12
pn7,mg17,attends,"Participants:  
Dr. Ananya Chatterjee, Dr. Michael Bradley, Prof. Ramesh Bhatia, Sunita Sen",MAIL6VM4ZB12
pn2,mg17,attends,"Participants:  
Dr. Ananya Chatterjee, Dr. Michael Bradley, Prof. Ramesh Bhatia, Sunita Sen",MAIL6VM4ZB12
pn1,mg17,attends,"Participants:  
Dr. Ananya Chatterjee, Dr. Michael Bradley, Prof. Ramesh Bhatia, Sunita Sen",MAIL6VM4ZB12
pn1,mg18,attends,I recommend we convene a focused session later this week (suggested date: 13th May),MAIL2B4FDX13
pn7,mg18,attends,Please let me know if the proposed date and agenda work for everyone.,MAIL2B4FDX13
pn8,mg18,attends,Please let me know if the proposed date and agenda work for everyone.,MAIL2B4FDX13
pn2,mg18,attends,Please let me know if the proposed date and agenda work for everyone.,MAIL2B4FDX13
pn8,mg19,attends,The proposed agenda for our synthesis session on 13th May is comprehensive and on target.,MAIL4WEXSG76
pn1,mg19,attends,The proposed agenda for our synthesis session on 13th May is comprehensive and on target.,MAIL4WEXSG76
pn7,mg19,attends,The proposed agenda for our synthesis session on 13th May is comprehensive and on target.,MAIL4WEXSG76
pn2,mg19,attends,The proposed agenda for our synthesis session on 13th May is comprehensive and on target.,MAIL4WEXSG76
pn2,mg20,attends,I am writing to confirm my availability for the synthesis meeting on 13th May as proposed.,MAIL1VF9CZ82
pn1,mg20,attends,Looking forward to seeing everyone at the synthesis session,MAIL1VF9CZ82
pn7,mg20,attends,Looking forward to seeing everyone at the synthesis session,MAIL1VF9CZ82
pn8,mg20,attends,Looking forward to seeing everyone at the synthesis session,MAIL1VF9CZ82
pn2,mg21,attends,"Dear Prof. Bhatia, Michael, and Ananya,",MAIL7KLWXP01
pn7,mg21,attends,"Dear Prof. Bhatia, Michael, and Ananya,",MAIL7KLWXP01
pn8,mg21,attends,"Dear Prof. Bhatia, Michael, and Ananya,",MAIL7KLWXP01
pn1,mg21,attends,"Best regards,
Sunita",MAIL7KLWXP01
pn1,mg20,attends,Thank you all for a highly productive synthesis meeting yesterday.,MAILN84PXVR5
pn8,mg20,attends,Thank you all for a highly productive synthesis meeting yesterday.,MAILN84PXVR5
pn2,mg20,attends,Thank you all for a highly productive synthesis meeting yesterday.,MAILN84PXVR5
pn7,mg20,attends,Thank you all for a highly productive synthesis meeting yesterday.,MAILN84PXVR5
pn7,c3,attends,the package is well within the formatting and supplementary guidelines set by ACL 2019.,MAILQ7HY82KP
pn1,c3,attends,the package is well within the formatting and supplementary guidelines set by ACL 2019.,MAILQ7HY82KP
pn8,c3,attends,the package is well within the formatting and supplementary guidelines set by ACL 2019.,MAILQ7HY82KP
pn8,c3,attends,has been successfully submitted to ACL 2019.,MAILFY98K3WN
pn8,mg22,attends,I propose we schedule a virtual debrief meeting in the coming week to touch base on these points,MAILKNQ41TVD
pn1,mg22,attends,I propose we schedule a virtual debrief meeting in the coming week to touch base on these points,MAILKNQ41TVD
pn2,mg22,attends,I propose we schedule a virtual debrief meeting in the coming week to touch base on these points,MAILKNQ41TVD
pn7,mg22,attends,I propose we schedule a virtual debrief meeting in the coming week to touch base on these points,MAILKNQ41TVD
pn1,c1,attends,as we await reviewer feedback from ACL.,MAILC2R9UZ8Q
pn7,c1,attends,as we await reviewer feedback from ACL.,MAILC2R9UZ8Q
pn8,c1,attends,as we await reviewer feedback from ACL.,MAILC2R9UZ8Q
pn2,c1,attends,as we await reviewer feedback from ACL.,MAILC2R9UZ8Q
pn1,mg23,attends,I suggest we schedule a debrief early next week—my tentative availabilities are Tuesday (1st June) ... any time between 15:00 and 19:00 IST.,MAILC2R9UZ8Q
pn7,mg23,attends,I suggest we schedule a debrief early next week—my tentative availabilities are Tuesday (1st June) ... any time between 15:00 and 19:00 IST.,MAILC2R9UZ8Q
pn8,mg23,attends,I suggest we schedule a debrief early next week—my tentative availabilities are Tuesday (1st June) ... any time between 15:00 and 19:00 IST.,MAILC2R9UZ8Q
pn2,mg23,attends,I suggest we schedule a debrief early next week—my tentative availabilities are Tuesday (1st June) ... any time between 15:00 and 19:00 IST.,MAILC2R9UZ8Q
pn1,mg23,attends,"my tentative availabilities are Tuesday (1st June), Wednesday (2nd June), or Friday (4th June), any time between 15:00 and 19:00 IST.",MAILC2R9UZ8Q
pn7,mg23,attends,"my tentative availabilities are Tuesday (1st June), Wednesday (2nd June), or Friday (4th June), any time between 15:00 and 19:00 IST.",MAILC2R9UZ8Q
pn8,mg23,attends,"my tentative availabilities are Tuesday (1st June), Wednesday (2nd June), or Friday (4th June), any time between 15:00 and 19:00 IST.",MAILC2R9UZ8Q
pn2,mg23,attends,"my tentative availabilities are Tuesday (1st June), Wednesday (2nd June), or Friday (4th June), any time between 15:00 and 19:00 IST.",MAILC2R9UZ8Q
pn1,mg24,attends,"Regarding meeting time, Sunita’s suggested windows work for me.",MAIL3HN9BKXQ
pn7,mg24,attends,"To accommodate all time zones, may I propose Wednesday, 2nd June, at 16:30 IST (which is 12:00 BST/04:00 PDT)—a compromise that should be reasonably manageable for all participants?",MAIL3HN9BKXQ
pn8,mg24,attends,"To accommodate all time zones, may I propose Wednesday, 2nd June, at 16:30 IST (which is 12:00 BST/04:00 PDT)—a compromise that should be reasonably manageable for all participants?",MAIL3HN9BKXQ
pn2,mg24,attends,"To accommodate all time zones, may I propose Wednesday, 2nd June, at 16:30 IST (which is 12:00 BST/04:00 PDT)—a compromise that should be reasonably manageable for all participants?",MAIL3HN9BKXQ
pn2,mg25,attends,"Dear Prof. Bhatia, Michael, and Sunita,",MAIL6VW84RBG
pn7,mg25,attends,"Dear Prof. Bhatia, Michael, and Sunita,",MAIL6VW84RBG
pn1,mg25,attends,"Dear Prof. Bhatia, Michael, and Sunita,",MAIL6VW84RBG
pn8,mg25,attends,I have set up a Google Meet session and would ask everyone to please use the following link:,MAIL6VW84RBG
pn7,mg26,attends,We will reconvene for a short check-in on 17 June at the same time (pending everyone's continued availability).,MAILR29JAPCS
pn8,mg26,attends,We will reconvene for a short check-in on 17 June at the same time (pending everyone's continued availability).,MAILR29JAPCS
pn1,mg26,attends,We will reconvene for a short check-in on 17 June at the same time (pending everyone's continued availability).,MAILR29JAPCS
pn2,mg26,attends,We will reconvene for a short check-in on 17 June at the same time (pending everyone's continued availability).,MAILR29JAPCS
pn2,mg27,attends,I propose we use the 17 June check-in to discuss any flagged compliance issues and finalize our phased release plan.,MAILTJ1Z374D
pn7,mg27,attends,I propose we use the 17 June check-in to discuss any flagged compliance issues and finalize our phased release plan.,MAILTJ1Z374D
pn8,mg27,attends,I propose we use the 17 June check-in to discuss any flagged compliance issues and finalize our phased release plan.,MAILTJ1Z374D
pn1,mg27,attends,I propose we use the 17 June check-in to discuss any flagged compliance issues and finalize our phased release plan.,MAILTJ1Z374D
pn1,mg28,attends,"I am available for a short call (Monday or Tuesday afternoon, IST) if real-time clarification is helpful.",MAILDW17QPZL
pn7,mg28,attends,"I am available for a short call (Monday or Tuesday afternoon, IST) if real-time clarification is helpful.",MAILDW17QPZL
pn1,mg29,attends,Looking forward to converging on a robust and comprehensive data release protocol at our review meeting.,MAIL5RJ7C2FV
pn7,mg29,attends,Looking forward to converging on a robust and comprehensive data release protocol at our review meeting.,MAIL5RJ7C2FV
pn2,mg29,attends,Looking forward to converging on a robust and comprehensive data release protocol at our review meeting.,MAIL5RJ7C2FV
pn8,mg29,attends,Looking forward to converging on a robust and comprehensive data release protocol at our review meeting.,MAIL5RJ7C2FV
pn2,mg30,attends,"As scheduled, this is a confirmation and agenda update for our internal review meeting today regarding the annotated historical OCR error corpus, its documentation, and institutional compliance.",MAILE69HJMV1
pn8,mg30,attends,"As scheduled, this is a confirmation and agenda update for our internal review meeting today regarding the annotated historical OCR error corpus, its documentation, and institutional compliance.",MAILE69HJMV1
pn1,mg30,attends,"As scheduled, this is a confirmation and agenda update for our internal review meeting today regarding the annotated historical OCR error corpus, its documentation, and institutional compliance.",MAILE69HJMV1
pn7,mg30,attends,"As scheduled, this is a confirmation and agenda update for our internal review meeting today regarding the annotated historical OCR error corpus, its documentation, and institutional compliance.",MAILE69HJMV1
pn7,mg31,attends,so we can coordinate a quick troubleshooting session—perhaps via Google Meet on short notice.,MAIL4RC8ZTWQ
pn1,mg31,attends,so we can coordinate a quick troubleshooting session—perhaps via Google Meet on short notice.,MAIL4RC8ZTWQ
pn1,mg32,attends,Please confirm your availability for a brief Google Meet on 21 June between 16:30 and 17:00 IST,MAILE73HJVS2
pn7,mg32,attends,Please confirm your availability for a brief Google Meet on 21 June between 16:30 and 17:00 IST,MAILE73HJVS2
pn2,mg32,attends,Please confirm your availability for a brief Google Meet on 21 June between 16:30 and 17:00 IST,MAILE73HJVS2
pn8,mg32,attends,Please confirm your availability for a brief Google Meet on 21 June between 16:30 and 17:00 IST,MAILE73HJVS2
pn8,mg33,attends,"I support Ananya’s proposal to meet today, 21 June, at 16:30–17:00 IST via Google Meet (https://meet.google.com/bpu-wxry-avf) for quick sign-off of the merged package.",MAILR9W3YTKV
pn1,mg33,attends,Please confirm your attendance.,MAILR9W3YTKV
pn7,mg33,attends,Please confirm your attendance.,MAILR9W3YTKV
pn2,mg33,attends,Please confirm your attendance.,MAILR9W3YTKV
pn1,mg34,attends,I will be available for the Google Meet today at 16:30 IST,MAILQFZ19UMC
pn2,mg34,attends,"Dear Prof. Bhatia, Ananya, and Michael,",MAILQFZ19UMC
pn8,mg34,attends,"Dear Prof. Bhatia, Ananya, and Michael,",MAILQFZ19UMC
pn7,mg34,attends,"Dear Prof. Bhatia, Ananya, and Michael,",MAILQFZ19UMC
pn1,mg35,attends,we could schedule a coordination meeting early next week (Monday or Tuesday IST) to discuss progress and agree on a concrete timeline,MAILA93SVWX7
pn2,mg35,attends,we could schedule a coordination meeting early next week (Monday or Tuesday IST) to discuss progress and agree on a concrete timeline,MAILA93SVWX7
pn7,mg35,attends,we could schedule a coordination meeting early next week (Monday or Tuesday IST) to discuss progress and agree on a concrete timeline,MAILA93SVWX7
pn8,mg35,attends,we could schedule a coordination meeting early next week (Monday or Tuesday IST) to discuss progress and agree on a concrete timeline,MAILA93SVWX7
pn8,mg36,attends,"For the coordination meeting, I am available both Monday (30 August) and Tuesday (31 August) after 14:00 IST",MAILH2P8TBVW
pn1,mg36,attends,"For the coordination meeting, I am available both Monday (30 August) and Tuesday (31 August) after 14:00 IST, but I am flexible if there are other preferences. If suitable, I can set up a Zoom call, or we can use the usual Google Meet link. Please indicate your preferred date and time.",MAILH2P8TBVW
pn2,mg36,attends,"For the coordination meeting, I am available both Monday (30 August) and Tuesday (31 August) after 14:00 IST, but I am flexible if there are other preferences. If suitable, I can set up a Zoom call, or we can use the usual Google Meet link. Please indicate your preferred date and time.",MAILH2P8TBVW
pn7,mg36,attends,"For the coordination meeting, I am available both Monday (30 August) and Tuesday (31 August) after 14:00 IST, but I am flexible if there are other preferences. If suitable, I can set up a Zoom call, or we can use the usual Google Meet link. Please indicate your preferred date and time.",MAILH2P8TBVW
pn2,mg36,attends,"Regarding the coordination meeting, I am available on both proposed dates after 15:00 IST. If the majority is available on Monday (30 August), I suggest we finalize for then.",MAIL4N2S8ZEM
pn1,mg36,attends,"If the majority is available on Monday (30 August), I suggest we finalize for then.",MAIL4N2S8ZEM
pn7,mg36,attends,"If the majority is available on Monday (30 August), I suggest we finalize for then.",MAIL4N2S8ZEM
pn8,mg36,attends,"If the majority is available on Monday (30 August), I suggest we finalize for then.",MAIL4N2S8ZEM
pn2,mg36,attends,"Otherwise, Tuesday works equally well.",MAIL4N2S8ZEM
pn1,mg36,attends,"Otherwise, Tuesday works equally well.",MAIL4N2S8ZEM
pn7,mg36,attends,"Otherwise, Tuesday works equally well.",MAIL4N2S8ZEM
pn8,mg36,attends,"Otherwise, Tuesday works equally well.",MAIL4N2S8ZEM
pn1,mg37,attends,"Dear Sunita, Prof. Bhatia, and Ananya,",MAILQ7W4TM1V
pn2,mg37,attends,"Dear Sunita, Prof. Bhatia, and Ananya,",MAILQ7W4TM1V
pn8,mg37,attends,"Dear Sunita, Prof. Bhatia, and Ananya,",MAILQ7W4TM1V
pn7,mg37,attends,Looking forward to seeing everyone virtually and making further progress toward submission!,MAILQ7W4TM1V
pn7,mg38,attends,"Thank you, Michael, for organizing the Zoom meeting and providing a clear agenda. I have received the link and confirm my availability for the meeting today, 30 August, at 15:15 IST.",MAILE9T7PZD5
pn1,mg38,attends,"I have received the link and confirm my availability for the meeting today, 30 August, at 15:15 IST.",MAILE9T7PZD5
pn8,mg38,attends,"Ananya, I look forward to your draft for the “Limitations and Future Work” section. If you’re able to circulate the text ahead of the meeting...",MAILE9T7PZD5
pn2,mg38,attends,"Prof. Bhatia, your outline for the compliance appendix updates appears comprehensive. Once your draft language and clarifications are ready...",MAILE9T7PZD5
pn1,mg39,attends,"Meeting Attendees:  
Sunita Sen, Prof. Ramesh Bhatia, Dr. Michael Bradley, Dr. Ananya Chatterjee",MAIL7SX1CHQ8
pn2,mg39,attends,"Meeting Attendees:  
Sunita Sen, Prof. Ramesh Bhatia, Dr. Michael Bradley, Dr. Ananya Chatterjee",MAIL7SX1CHQ8
pn7,mg39,attends,"Meeting Attendees:  
Sunita Sen, Prof. Ramesh Bhatia, Dr. Michael Bradley, Dr. Ananya Chatterjee",MAIL7SX1CHQ8
pn8,mg39,attends,"Meeting Attendees:  
Sunita Sen, Prof. Ramesh Bhatia, Dr. Michael Bradley, Dr. Ananya Chatterjee",MAIL7SX1CHQ8
pn2,mg40,attends,"I propose we reconvene—virtually, via a short Google Meet—early next week for a brief status-update",MAILP4C8VJXS
pn1,mg40,attends,Please reply with your earliest availability for a 30-minute slot between 14–17 December.,MAILP4C8VJXS
pn7,mg40,attends,Please reply with your earliest availability for a 30-minute slot between 14–17 December.,MAILP4C8VJXS
pn8,mg40,attends,Please reply with your earliest availability for a 30-minute slot between 14–17 December.,MAILP4C8VJXS
pn7,mg41,attends,I am available for a Google Meet session across all suggested dates (14–17 December),MAILQ5RX9KLT
pn2,mg41,attends,"Regarding the coordination call, I am available for a Google Meet session across all suggested dates (14–17 December)",MAILQ5RX9KLT
pn1,mg41,attends,"Regarding the coordination call, I am available for a Google Meet session across all suggested dates (14–17 December)",MAILQ5RX9KLT
pn8,mg41,attends,"Regarding the coordination call, I am available for a Google Meet session across all suggested dates (14–17 December)",MAILQ5RX9KLT
pn8,mg42,attends,"I propose we settle on 15 December, 15:30–16:00 IST as it overlaps well with most time zones",MAILUZ14P3SK
pn2,mg42,attends,"Regarding the coordination meeting, the suggested windows work well for me. I propose we settle on 15 December, 15:30–16:00 IST...",MAILUZ14P3SK
pn1,mg42,attends,"Regarding the coordination meeting, the suggested windows work well for me. I propose we settle on 15 December, 15:30–16:00 IST...",MAILUZ14P3SK
pn7,mg42,attends,as it overlaps well with most time zones and the preferences outlined by Michael.,MAILUZ14P3SK
pn1,mg36,attends,"On the coordination meeting, the proposed slot—15 December, 15:30–16:00 IST—works perfectly for me.",MAILNST8QX3W
pn8,mg36,attends,"On the coordination meeting, the proposed slot—15 December, 15:30–16:00 IST—works perfectly for me. Thank you, Ananya, for offering to set up the Google Meet;",MAILNST8QX3W
pn2,mg43,attends,"Dear Ramesh, Sunita, and Michael,

Thank you for your prompt confirmations ... I have scheduled our Google Meet session for *7th November 2019, from 15:30 to 16:00 IST*.",MAILD5RM8CYT
pn1,mg43,attends,"Dear Ramesh, Sunita, and Michael,

Thank you for your prompt confirmations ... I have scheduled our Google Meet session for *7th November 2019, from 15:30 to 16:00 IST*.",MAILD5RM8CYT
pn7,mg43,attends,"Dear Ramesh, Sunita, and Michael,

Thank you for your prompt confirmations ... I have scheduled our Google Meet session for *7th November 2019, from 15:30 to 16:00 IST*.",MAILD5RM8CYT
pn8,mg43,attends,"If you have additional items to add to the agenda, kindly email me or bring them up at the start of the call.",MAILD5RM8CYT
pn7,mg44,attends,Thank you all for attending yesterday’s Google Meet and for your exceptional commitment to finalizing our manuscript for the JOCCH minor revisions.,MAILE9H2FXTB
pn8,mg44,attends,Thank you all for attending yesterday’s Google Meet and for your exceptional commitment to finalizing our manuscript for the JOCCH minor revisions.,MAILE9H2FXTB
pn1,mg44,attends,Thank you all for attending yesterday’s Google Meet and for your exceptional commitment to finalizing our manuscript for the JOCCH minor revisions.,MAILE9H2FXTB
pn2,mg44,attends,Thank you all for attending yesterday’s Google Meet and for your exceptional commitment to finalizing our manuscript for the JOCCH minor revisions.,MAILE9H2FXTB
pn2,mg45,attends,Let’s aim for at least a brief Zoom call on 20 January (10:30 am GMT / 4:00 pm IST / 8:30 am PST),MAILYQ7H5PRB
pn1,mg45,attends,Let’s aim for at least a brief Zoom call on 20 January (10:30 am GMT / 4:00 pm IST / 8:30 am PST),MAILYQ7H5PRB
pn7,mg45,attends,Let’s aim for at least a brief Zoom call on 20 January (10:30 am GMT / 4:00 pm IST / 8:30 am PST),MAILYQ7H5PRB
pn8,mg45,attends,Let’s aim for at least a brief Zoom call on 20 January (10:30 am GMT / 4:00 pm IST / 8:30 am PST),MAILYQ7H5PRB
pn1,mg46,attends,I confirm my availability for the Zoom review call on 20 January at 4:00 pm IST.,MAIL9VKH5X0M
pn2,mg46,attends,I confirm my availability for the Zoom review call on 20 January at 4:00 pm IST.,MAIL9VKH5X0M
pn7,mg46,attends,I confirm my availability for the Zoom review call on 20 January at 4:00 pm IST.,MAIL9VKH5X0M
pn8,mg46,attends,I confirm my availability for the Zoom review call on 20 January at 4:00 pm IST.,MAIL9VKH5X0M
pn1,mg47,attends,"Regarding the review call scheduled for 20 January (10:30 am GMT / 4:00 pm IST / 8:30 am PST), please find the Zoom link and brief agenda below:",MAIL2BK9Q0XZ
pn2,mg47,attends,"Regarding the review call scheduled for 20 January (10:30 am GMT / 4:00 pm IST / 8:30 am PST), please find the Zoom link and brief agenda below:",MAIL2BK9Q0XZ
pn7,mg47,attends,"Regarding the review call scheduled for 20 January (10:30 am GMT / 4:00 pm IST / 8:30 am PST), please find the Zoom link and brief agenda below:",MAIL2BK9Q0XZ
pn8,mg47,attends,"Regarding the review call scheduled for 20 January (10:30 am GMT / 4:00 pm IST / 8:30 am PST), please find the Zoom link and brief agenda below:",MAIL2BK9Q0XZ
pn1,c2,attends,plans for presenting this work at EMNLP or JCDL later this year.,MAILSYZT58FG
pn1,c4,attends,plans for presenting this work at EMNLP or JCDL later this year.,MAILSYZT58FG
pn7,c2,attends,plans for presenting this work at EMNLP or JCDL later this year.,MAILSYZT58FG
pn7,c4,attends,plans for presenting this work at EMNLP or JCDL later this year.,MAILSYZT58FG
pn8,c2,attends,plans for presenting this work at EMNLP or JCDL later this year.,MAILSYZT58FG
pn8,c4,attends,plans for presenting this work at EMNLP or JCDL later this year.,MAILSYZT58FG
pn2,c2,attends,plans for presenting this work at EMNLP or JCDL later this year.,MAILSYZT58FG
pn2,c4,attends,plans for presenting this work at EMNLP or JCDL later this year.,MAILSYZT58FG
pn7,mg48,attends,"If everyone agrees, perhaps we can schedule a short Zoom call next week (2 March, same time as our previous meeting) to resolve any last-minute details.",MAILGT5AL19X
pn8,mg48,attends,"If everyone agrees, perhaps we can schedule a short Zoom call next week (2 March, same time as our previous meeting) to resolve any last-minute details.",MAILGT5AL19X
pn1,mg48,attends,"If everyone agrees, perhaps we can schedule a short Zoom call next week (2 March, same time as our previous meeting) to resolve any last-minute details.",MAILGT5AL19X
pn2,mg48,attends,"If everyone agrees, perhaps we can schedule a short Zoom call next week (2 March, same time as our previous meeting) to resolve any last-minute details.",MAILGT5AL19X
pn7,mg49,attends,I support Michael’s suggestion for a brief Zoom check-in on 2 March at our previous meeting time,MAILPR36D7VQ
pn1,mg49,attends,I support Michael’s suggestion for a brief Zoom check-in on 2 March at our previous meeting time,MAILPR36D7VQ
pn2,mg49,attends,I support Michael’s suggestion for a brief Zoom check-in on 2 March at our previous meeting time,MAILPR36D7VQ
pn8,mg49,attends,I support Michael’s suggestion for a brief Zoom check-in on 2 March at our previous meeting time,MAILPR36D7VQ
pn1,mg50,attends,I am available for the 2 March Zoom meeting and would be glad to address any questions then.,MAILE1Q2ZK5N
pn8,mg50,attends,"Dear Ananya, Michael, and Ramesh,",MAILE1Q2ZK5N
pn7,mg50,attends,"Dear Ananya, Michael, and Ramesh,",MAILE1Q2ZK5N
pn2,mg50,attends,"Dear Ananya, Michael, and Ramesh,",MAILE1Q2ZK5N
pn1,mg51,attends,Please indicate your general availability for a 30–45 minute Google Meet session between 4–8 April.,MAIL89GS3JR5
pn8,mg51,attends,Please indicate your general availability for a 30–45 minute Google Meet session between 4–8 April.,MAIL89GS3JR5
pn7,mg51,attends,Please indicate your general availability for a 30–45 minute Google Meet session between 4–8 April.,MAIL89GS3JR5
pn2,mg51,attends,Please indicate your general availability for a 30–45 minute Google Meet session between 4–8 April.,MAIL89GS3JR5
pn7,mg51,attends,"My preference would be for 6 or 7 April, early afternoon UK time",MAILTW5X48Z1
pn7,c4,attends,tutorial to target at JCDL,MAILTW5X48Z1
pn7,c1,attends,or even a special interest group session at ACL.,MAILTW5X48Z1
pn1,mg52,attends,"Dear Sunita, Michael, and Ananya,",MAILH9S43DFL
pn7,mg52,attends,"Dear Sunita, Michael, and Ananya,",MAILH9S43DFL
pn8,mg52,attends,"Dear Sunita, Michael, and Ananya,",MAILH9S43DFL
pn2,mg52,attends,"To move forward, I propose we lock in a time for our consolidation call in the first full week of April, as discussed.",MAILH9S43DFL
pn2,mg53,attends,"Regarding our consolidation call, I am available and happy to join on either the 6th or 7th of April, with a slight preference for the 7th.",MAIL4M6JD28P
pn1,mg53,attends,"Once Sunita confirms her availability, I suggest we finalize the exact date and time and use the draft Google Meet link as proposed (https://meet.google.com/xyz-pqmf-btu).",MAIL4M6JD28P
pn7,mg53,attends,"Dear Ramesh, Sunita, and Michael,",MAIL4M6JD28P
pn8,mg53,attends,"Regarding our consolidation call, I am available and happy to join on either the 6th or 7th of April, with a slight preference for the 7th.",MAIL4M6JD28P
pn1,mg54,attends,"For scheduling our consolidation call, I am available on both 6th and 7th April for the suggested times, but my preference aligns with Ananya’s—7th April is ideal.",MAILVK8N1PS3
pn8,mg54,attends,"Dear Ananya, Ramesh, and Michael,",MAILVK8N1PS3
pn2,mg54,attends,"Dear Ananya, Ramesh, and Michael,",MAILVK8N1PS3
pn7,mg54,attends,"Dear Ananya, Ramesh, and Michael,",MAILVK8N1PS3
pn1,mg55,attends,"Dear Sunita, Ananya, and Michael,

... let’s formalize our project retrospective call for:

**Date:** Thursday, 12th February 2019",MAILE21J7KZ5
pn7,mg55,attends,"Dear Sunita, Ananya, and Michael,

... let’s formalize our project retrospective call for:

**Date:** Thursday, 12th February 2019",MAILE21J7KZ5
pn8,mg55,attends,"Dear Sunita, Ananya, and Michael,

... let’s formalize our project retrospective call for:

**Date:** Thursday, 12th February 2019",MAILE21J7KZ5
pn2,mg55,attends,"With agreement from all participants, let’s formalize our project retrospective call for:

**Date:** Thursday, 12th February 2019",MAILE21J7KZ5
pn7,mg56,attends,Ahead of our meeting on Thursday,MAILTZ58SDEQ
pn1,mg56,attends,Ahead of our meeting on Thursday,MAILTZ58SDEQ
pn2,mg56,attends,Ahead of our meeting on Thursday,MAILTZ58SDEQ
pn8,mg56,attends,Ahead of our meeting on Thursday,MAILTZ58SDEQ
pn1,mg57,attends,Thank you all for your active participation and insightful contributions during yesterday’s Google Meet session.,MAILZ8N4RTSY
pn2,mg57,attends,Thank you all for your active participation and insightful contributions during yesterday’s Google Meet session.,MAILZ8N4RTSY
pn7,mg57,attends,Thank you all for your active participation and insightful contributions during yesterday’s Google Meet session.,MAILZ8N4RTSY
pn8,mg57,attends,Thank you all for your active participation and insightful contributions during yesterday’s Google Meet session.,MAILZ8N4RTSY
pn8,c6,attends,I am optimistic that our collective efforts will be well received by the JCDL tutorial selection committee.,MAILNP84KJY2
pn2,c6,attends,"With that, I wholeheartedly approve the current version for submission to JCDL 2020.",MAILE5R29QTM
pn7,c6,attends,"With that, I wholeheartedly approve the current version for submission to JCDL 2020.",MAILE5R29QTM
pn1,c6,attends,"With that, I wholeheartedly approve the current version for submission to JCDL 2020.",MAILE5R29QTM
pn8,c6,attends,"With that, I wholeheartedly approve the current version for submission to JCDL 2020.",MAILE5R29QTM
pn8,c8,attends,Thank you for your submission to the ACM/IEEE Joint Conference on Digital Libraries (JCDL) 2020.,MAILU16TWSQ8
pn8,c6,attends,We look forward to your tutorial at JCDL 2020.,MAILRAK93ULG
pn7,mg58,attends,Shall we schedule a brief coordination call (30–40 minutes) before the end of the week to finalize division of tasks and discuss the camera-ready submission plan?,MAILDZ5A8KQ3
pn8,mg58,attends,Shall we schedule a brief coordination call (30–40 minutes) before the end of the week to finalize division of tasks and discuss the camera-ready submission plan?,MAILDZ5A8KQ3
pn2,mg58,attends,Shall we schedule a brief coordination call (30–40 minutes) before the end of the week to finalize division of tasks and discuss the camera-ready submission plan?,MAILDZ5A8KQ3
pn1,mg58,attends,Shall we schedule a brief coordination call (30–40 minutes) before the end of the week to finalize division of tasks and discuss the camera-ready submission plan?,MAILDZ5A8KQ3
pn7,mg59,attends,"Once all three of you have confirmed, I’ll circulate the final meeting time and Zoom link.",MAILG24LSKH8
pn8,mg59,attends,"Once all three of you have confirmed, I’ll circulate the final meeting time and Zoom link.",MAILG24LSKH8
pn2,mg59,attends,"Once all three of you have confirmed, I’ll circulate the final meeting time and Zoom link.",MAILG24LSKH8
pn1,mg60,attends,"Brief updates from each member on their assigned revision item:
   - Screencast (annotation workflow): progress and feedback needs (Sunita)",MAILYH7WKE32
pn2,mg60,attends,- Corpus period/context footnote for mapping schematic (Ramesh),MAILYH7WKE32
pn8,mg60,attends,- ACM reproducibility visual and slide update (Ananya),MAILYH7WKE32
pn7,mg60,attends,"4. Q&A/Additional suggestions (Michael: please flag any technical/production issues, Ananya: clarification requests for the committee, Ramesh: any additional historical context points).",MAILYH7WKE32
pn1,c6,attends,"Looking forward to the outcome and, hopefully, to representing this interdisciplinary work at JCDL 2020 together!",MAILE94LJAPQ
pn8,c6,attends,"Looking forward to the outcome and, hopefully, to representing this interdisciplinary work at JCDL 2020 together!",MAILE94LJAPQ
pn7,c6,attends,"Looking forward to the outcome and, hopefully, to representing this interdisciplinary work at JCDL 2020 together!",MAILE94LJAPQ
pn2,c6,attends,"Looking forward to the outcome and, hopefully, to representing this interdisciplinary work at JCDL 2020 together!",MAILE94LJAPQ
pn7,mg61,attends,I suggest we schedule a 60-minute Zoom meeting on either 20 or 21 July for this rehearsal.,MAILQ28FZJ63
pn1,mg61,attends,I suggest we schedule a 60-minute Zoom meeting on either 20 or 21 July for this rehearsal.,MAILQ28FZJ63
pn8,mg61,attends,I suggest we schedule a 60-minute Zoom meeting on either 20 or 21 July for this rehearsal.,MAILQ28FZJ63
pn2,mg61,attends,I suggest we schedule a 60-minute Zoom meeting on either 20 or 21 July for this rehearsal.,MAILQ28FZJ63
pn7,c6,attends,I look forward to our final preparation phase and to delivering a high-impact session at JCDL 2020!,MAILQ28FZJ63
pn1,c6,attends,I look forward to our final preparation phase and to delivering a high-impact session at JCDL 2020!,MAILQ28FZJ63
pn8,c6,attends,I look forward to our final preparation phase and to delivering a high-impact session at JCDL 2020!,MAILQ28FZJ63
pn2,c6,attends,I look forward to our final preparation phase and to delivering a high-impact session at JCDL 2020!,MAILQ28FZJ63
pn8,mg62,attends,"Regarding the proposed rehearsal, I am available for a 60-minute meeting on both 20 and 21 July.",MAILU08KNBW2
pn7,mg62,attends,Could everyone please indicate their time zone preferences?,MAILU08KNBW2
pn1,mg62,attends,Could everyone please indicate their time zone preferences?,MAILU08KNBW2
pn2,mg62,attends,Could everyone please indicate their time zone preferences?,MAILU08KNBW2
pn7,c4,attends,"Looking forward to a productive rehearsal and, most of all, to delivering our tutorial at JCDL.",MAILU08KNBW2
pn1,c4,attends,"Looking forward to a productive rehearsal and, most of all, to delivering our tutorial at JCDL.",MAILU08KNBW2
pn2,c4,attends,"Looking forward to a productive rehearsal and, most of all, to delivering our tutorial at JCDL.",MAILU08KNBW2
pn8,c4,attends,"Looking forward to a productive rehearsal and, most of all, to delivering our tutorial at JCDL.",MAILU08KNBW2
pn7,mg63,attends,"Dear Michael, Ananya, and Sunita,

Congratulations once again to everyone on reaching this final stage! I am pleased to confirm my general availability for a rehearsal on both 20 and 21 July.",MAILYS03D2C4
pn8,mg63,attends,"Dear Michael, Ananya, and Sunita,

Congratulations once again to everyone on reaching this final stage! I am pleased to confirm my general availability for a rehearsal on both 20 and 21 July.",MAILYS03D2C4
pn1,mg63,attends,"Dear Michael, Ananya, and Sunita,

Congratulations once again to everyone on reaching this final stage! I am pleased to confirm my general availability for a rehearsal on both 20 and 21 July.",MAILYS03D2C4
pn2,mg63,attends,Congratulations once again to everyone on reaching this final stage! I am pleased to confirm my general availability for a rehearsal on both 20 and 21 July.,MAILYS03D2C4
pn2,c6,attends,"Looking forward to our coordinated, high-impact delivery at JCDL 2020.",MAILYS03D2C4
pn7,c6,attends,"Looking forward to our coordinated, high-impact delivery at JCDL 2020.",MAILYS03D2C4
pn8,c6,attends,"Looking forward to our coordinated, high-impact delivery at JCDL 2020.",MAILYS03D2C4
pn1,c6,attends,"Looking forward to our coordinated, high-impact delivery at JCDL 2020.",MAILYS03D2C4
pn7,mg64,attends,"Dear Michael, Ananya, and Ramesh,

Thank you all for your timely feedback and schedule preferences regarding our JCDL 2020 tutorial rehearsal. Based on everyone’s availability, it appears that a session on 21 July at 16:00 UK / 20:30 IST / 08:00 PDT would work best for all.",MAIL4AB91MPX
pn8,mg64,attends,"Dear Michael, Ananya, and Ramesh,

Thank you all for your timely feedback and schedule preferences regarding our JCDL 2020 tutorial rehearsal. Based on everyone’s availability, it appears that a session on 21 July at 16:00 UK / 20:30 IST / 08:00 PDT would work best for all.",MAIL4AB91MPX
pn2,mg64,attends,"Dear Michael, Ananya, and Ramesh,

Thank you all for your timely feedback and schedule preferences regarding our JCDL 2020 tutorial rehearsal. Based on everyone’s availability, it appears that a session on 21 July at 16:00 UK / 20:30 IST / 08:00 PDT would work best for all.",MAIL4AB91MPX
pn1,mg64,attends,"As agreed, I will serve as the host for the rehearsal and coordinate timing cues.",MAIL4AB91MPX
pn1,c6,attends,I look forward to our coordinated dry-run and to delivering a polished tutorial at JCDL.,MAIL4AB91MPX
pn7,c6,attends,I look forward to our coordinated dry-run and to delivering a polished tutorial at JCDL.,MAIL4AB91MPX
pn8,c6,attends,I look forward to our coordinated dry-run and to delivering a polished tutorial at JCDL.,MAIL4AB91MPX
pn2,c6,attends,I look forward to our coordinated dry-run and to delivering a polished tutorial at JCDL.,MAIL4AB91MPX
pn1,mg65,attends,Thank you all for your active participation in yesterday’s rehearsal for our JCDL 2020 tutorial.,MAILN2RB5GYD
pn8,mg65,attends,Thank you all for your active participation in yesterday’s rehearsal for our JCDL 2020 tutorial.,MAILN2RB5GYD
pn2,mg65,attends,Thank you all for your active participation in yesterday’s rehearsal for our JCDL 2020 tutorial.,MAILN2RB5GYD
pn7,mg65,attends,Thank you all for your active participation in yesterday’s rehearsal for our JCDL 2020 tutorial.,MAILN2RB5GYD
pn8,c6,attends,Looking forward to delivering this session with you all at JCDL 2020!,MAILE7P2VTXB
pn7,c6,attends,Looking forward to delivering this session with you all at JCDL 2020!,MAILE7P2VTXB
pn1,c6,attends,Looking forward to delivering this session with you all at JCDL 2020!,MAILE7P2VTXB
pn2,c6,attends,Looking forward to delivering this session with you all at JCDL 2020!,MAILE7P2VTXB
pn1,mg67,attends,"Dear Sunita Sen, Dr. Michael Bradley, Dr. Ananya Chatterjee, and Prof. Ramesh Bhatia,

We are pleased to confirm your tutorial ... is scheduled as part of the JCDL 2020 main conference program on **16th May 2019**, from 13:30 to 16:00 UTC.",MAILN8X6QA1S
pn7,mg67,attends,"Dear Sunita Sen, Dr. Michael Bradley, Dr. Ananya Chatterjee, and Prof. Ramesh Bhatia,

We are pleased to confirm your tutorial ... is scheduled as part of the JCDL 2020 main conference program on **16th May 2019**, from 13:30 to 16:00 UTC.",MAILN8X6QA1S
pn8,mg67,attends,"Dear Sunita Sen, Dr. Michael Bradley, Dr. Ananya Chatterjee, and Prof. Ramesh Bhatia,

We are pleased to confirm your tutorial ... is scheduled as part of the JCDL 2020 main conference program on **16th May 2019**, from 13:30 to 16:00 UTC.",MAILN8X6QA1S
pn2,mg67,attends,"Dear Sunita Sen, Dr. Michael Bradley, Dr. Ananya Chatterjee, and Prof. Ramesh Bhatia,

We are pleased to confirm your tutorial ... is scheduled as part of the JCDL 2020 main conference program on **16th May 2019**, from 13:30 to 16:00 UTC.",MAILN8X6QA1S
pn1,c6,attends,your tutorial ... is scheduled as part of the JCDL 2020 main conference program,MAILN8X6QA1S
pn7,c6,attends,your tutorial ... is scheduled as part of the JCDL 2020 main conference program,MAILN8X6QA1S
pn8,c6,attends,your tutorial ... is scheduled as part of the JCDL 2020 main conference program,MAILN8X6QA1S
pn2,c6,attends,your tutorial ... is scheduled as part of the JCDL 2020 main conference program,MAILN8X6QA1S
pn2,c6,attends,Thank you all for the thorough confirmatory responses and for the excellent coordination in the lead-up to our JCDL 2020 tutorial.,MAIL5KY81ALD
pn7,c6,attends,Thank you all for the thorough confirmatory responses and for the excellent coordination in the lead-up to our JCDL 2020 tutorial.,MAIL5KY81ALD
pn8,c6,attends,Thank you all for the thorough confirmatory responses and for the excellent coordination in the lead-up to our JCDL 2020 tutorial.,MAIL5KY81ALD
pn1,c6,attends,Thank you all for the thorough confirmatory responses and for the excellent coordination in the lead-up to our JCDL 2020 tutorial.,MAIL5KY81ALD
pn2,mg68,attends,Please join the official Zoom session (link provided by the committee) no later than 13:15 UTC for the pre-session sound check with the conference technician.,MAIL5KY81ALD
pn7,mg68,attends,Please join the official Zoom session (link provided by the committee) no later than 13:15 UTC for the pre-session sound check with the conference technician.,MAIL5KY81ALD
pn8,mg68,attends,Please join the official Zoom session (link provided by the committee) no later than 13:15 UTC for the pre-session sound check with the conference technician.,MAIL5KY81ALD
pn1,mg68,attends,Please join the official Zoom session (link provided by the committee) no later than 13:15 UTC for the pre-session sound check with the conference technician.,MAIL5KY81ALD
pn7,mg69,attends,I propose we set up a short debrief meeting next week,MAIL1ADV9ZQW
pn8,mg69,attends,I propose we set up a short debrief meeting next week,MAIL1ADV9ZQW
pn2,mg69,attends,I propose we set up a short debrief meeting next week,MAIL1ADV9ZQW
pn1,mg69,attends,I propose we set up a short debrief meeting next week,MAIL1ADV9ZQW
pn7,c6,attends,to build on the momentum at JCDL.,MAIL1ADV9ZQW
pn8,c6,attends,to build on the momentum at JCDL.,MAIL1ADV9ZQW
pn2,c6,attends,to build on the momentum at JCDL.,MAIL1ADV9ZQW
pn1,c6,attends,to build on the momentum at JCDL.,MAIL1ADV9ZQW
pn7,mg70,attends,"Regarding the debrief, I am available on 2 and 4 August between 14:00–17:00 UTC, with a slight preference for Google Meet due to its ease of access across our institutions.",MAILQ2G7XBLS
pn1,mg70,attends,"Could everyone please confirm which of these slots are suitable, or suggest alternatives?",MAILQ2G7XBLS
pn2,mg70,attends,"Could everyone please confirm which of these slots are suitable, or suggest alternatives?",MAILQ2G7XBLS
pn8,mg70,attends,"Could everyone please confirm which of these slots are suitable, or suggest alternatives?",MAILQ2G7XBLS
pn7,c6,attends,I echo your sentiments regarding the success of our JCDL 2020 tutorial—both in terms of technical delivery and interactive engagement with the audience.,MAILQ2G7XBLS
pn1,c6,attends,I echo your sentiments regarding the success of our JCDL 2020 tutorial—both in terms of technical delivery and interactive engagement with the audience.,MAILQ2G7XBLS
pn2,c6,attends,I echo your sentiments regarding the success of our JCDL 2020 tutorial—both in terms of technical delivery and interactive engagement with the audience.,MAILQ2G7XBLS
pn8,c6,attends,I echo your sentiments regarding the success of our JCDL 2020 tutorial—both in terms of technical delivery and interactive engagement with the audience.,MAILQ2G7XBLS
pn8,mg71,attends,"Regarding the debrief meeting, both 2 and 4 August are feasible for me, with a slight preference for the 2nd between 15:00–17:00 UTC.",MAILU9XV7K3J
pn1,mg71,attends,"Dear Sunita, Michael, and Ramesh,",MAILU9XV7K3J
pn7,mg71,attends,"Dear Sunita, Michael, and Ramesh,",MAILU9XV7K3J
pn2,mg71,attends,"Dear Sunita, Michael, and Ramesh,",MAILU9XV7K3J
pn8,mg72,attends,"Dear Ananya, Michael, and Ramesh,

Thank you for the prompt replies and thoughtful suggestions regarding our debrief meeting. Based on everyone’s stated preferences and availability, I am pleased to confirm our meeting for **22nd May 2019 at 15:30 UTC**.",MAIL6PV1QLR8
pn7,mg72,attends,"Dear Ananya, Michael, and Ramesh,

Thank you for the prompt replies and thoughtful suggestions regarding our debrief meeting. Based on everyone’s stated preferences and availability, I am pleased to confirm our meeting for **22nd May 2019 at 15:30 UTC**.",MAIL6PV1QLR8
pn2,mg72,attends,"Dear Ananya, Michael, and Ramesh,

Thank you for the prompt replies and thoughtful suggestions regarding our debrief meeting. Based on everyone’s stated preferences and availability, I am pleased to confirm our meeting for **22nd May 2019 at 15:30 UTC**.",MAIL6PV1QLR8
pn1,mg72,attends,"Looking forward to our discussion and to mapping out the next phase of our collaboration!

Best regards,

Sunita",MAIL6PV1QLR8
pn1,mg73,attends,Thank you for an excellent and highly productive debrief session yesterday.,MAIL84MNYQZT
pn7,mg73,attends,Thank you for an excellent and highly productive debrief session yesterday.,MAIL84MNYQZT
pn8,mg73,attends,Thank you for an excellent and highly productive debrief session yesterday.,MAIL84MNYQZT
pn7,mg74,attends,A meeting after 12 August works well for me to establish writing assignments and clarify submission logistics.,MAIL7XEF4VR1
pn8,mg75,attends,"Dear Ananya, Michael, and Ramesh, ... If everyone is amenable, could we meet on *16 August* at 15:00 UTC?",MAIL0M4FYWJS
pn7,mg75,attends,"Dear Ananya, Michael, and Ramesh, ... If everyone is amenable, could we meet on *16 August* at 15:00 UTC?",MAIL0M4FYWJS
pn2,mg75,attends,"Dear Ananya, Michael, and Ramesh, ... If everyone is amenable, could we meet on *16 August* at 15:00 UTC?",MAIL0M4FYWJS
pn1,mg75,attends,"Dear Ananya, Michael, and Ramesh, ... If everyone is amenable, could we meet on *16 August* at 15:00 UTC?",MAIL0M4FYWJS
pn1,mg76,attends,"Thank you, Sunita, for your succinct summary of next steps and for taking the initiative to coordinate our forthcoming meeting.",MAILJ452GYQP
pn8,mg76,attends,"Dear Sunita, Ananya, and Michael,",MAILJ452GYQP
pn7,mg76,attends,"Dear Sunita, Ananya, and Michael,",MAILJ452GYQP
pn2,mg76,attends,I am pleased to confirm my availability for 16 August at 15:00 UTC.,MAILJ452GYQP
pn8,mg77,attends,I can also confirm my availability for 16 August at 15:00 UTC and look forward to our discussion.,MAILEBXQ972S
pn1,mg77,attends,Looking forward to seeing everyone on the 16th!,MAILEBXQ972S
pn2,mg77,attends,Looking forward to seeing everyone on the 16th!,MAILEBXQ972S
pn7,mg77,attends,Looking forward to seeing everyone on the 16th!,MAILEBXQ972S
pn8,mg78,attends,Thank you all for your swift confirmations and for adding valuable suggestions to ensure our upcoming meeting is both effective and focused.,MAILUV7NLZ5G
pn2,mg78,attends,Thank you all for your swift confirmations and for adding valuable suggestions to ensure our upcoming meeting is both effective and focused.,MAILUV7NLZ5G
pn7,mg78,attends,Thank you all for your swift confirmations and for adding valuable suggestions to ensure our upcoming meeting is both effective and focused.,MAILUV7NLZ5G
pn1,mg78,attends,I look forward to seeing you all virtually on Tuesday and working together towards a seamless manuscript submission.,MAILUV7NLZ5G
pn1,mg79,attends,"Ahead of our discussion on 16 August, I would like to propose adding a short agenda item on data licensing and repository sustainability",MAILNM8P4S0R
pn2,mg79,attends,"Ahead of our discussion on 16 August, I would like to propose adding a short agenda item on data licensing and repository sustainability",MAILNM8P4S0R
pn8,mg79,attends,"Ahead of our discussion on 16 August, I would like to propose adding a short agenda item on data licensing and repository sustainability",MAILNM8P4S0R
pn7,mg79,attends,"Ahead of our discussion on 16 August, I would like to propose adding a short agenda item on data licensing and repository sustainability",MAILNM8P4S0R
pn2,mg80,attends,I propose allocating the final 10 minutes of our meeting to collectively draft a compliance and licensing statement,MAILE7ZRH6U9
pn7,mg80,attends,I propose allocating the final 10 minutes of our meeting to collectively draft a compliance and licensing statement,MAILE7ZRH6U9
pn1,mg80,attends,I propose allocating the final 10 minutes of our meeting to collectively draft a compliance and licensing statement,MAILE7ZRH6U9
pn8,mg80,attends,I propose allocating the final 10 minutes of our meeting to collectively draft a compliance and licensing statement,MAILE7ZRH6U9
pn1,mg81,attends,"Dear Sunita, Michael, and Ananya,

... I would like to propose a short virtual meeting ... The meeting link is below for your calendar:

Google Meet: https://meet.google.com/dyn-wmpl-jow",MAIL7DXQ2VLC
pn7,mg81,attends,"Dear Sunita, Michael, and Ananya,

... I would like to propose a short virtual meeting ... The meeting link is below for your calendar:

Google Meet: https://meet.google.com/dyn-wmpl-jow",MAIL7DXQ2VLC
pn8,mg81,attends,"Dear Sunita, Michael, and Ananya,

... I would like to propose a short virtual meeting ... The meeting link is below for your calendar:

Google Meet: https://meet.google.com/dyn-wmpl-jow",MAIL7DXQ2VLC
pn2,mg81,attends,"It would be helpful if each of you could review the tracked-changes document and list any major points you want addressed in the meeting. Please confirm your attendance at your earliest convenience.

Best regards,

Ramesh",MAIL7DXQ2VLC
pn2,mg82,attends,Thank you for organizing the manuscript finalization meeting. The proposed slot—6 September at 16:30 IST—works well for me,MAIL9VL12SXM
pn7,mg82,attends,"Dear Ramesh, Michael, and Ananya,

Thank you for organizing the manuscript finalization meeting.",MAIL9VL12SXM
pn8,mg82,attends,"Dear Ramesh, Michael, and Ananya,

Thank you for organizing the manuscript finalization meeting.",MAIL9VL12SXM
pn1,mg82,attends,"The proposed slot—6 September at 16:30 IST—works well for me, and I have added the Google Meet link to my calendar.",MAIL9VL12SXM
pn8,mg83,attends,"Thank you, Ananya, for your prompt and thorough documentation of our finalization meeting’s minutes.",MAILTJ0CZR62
pn1,mg84,attends,Please indicate your availability for a slot between 4–8 November (IST/UK/PDT friendly),MAIL73UPQXJ2
pn2,mg84,attends,Please indicate your availability for a slot between 4–8 November (IST/UK/PDT friendly),MAIL73UPQXJ2
pn8,mg84,attends,Please indicate your availability for a slot between 4–8 November (IST/UK/PDT friendly),MAIL73UPQXJ2
pn7,mg84,attends,might I suggest we schedule a follow-up Zoom meeting in about a week to review our progress and finalize contributions?,MAIL73UPQXJ2
pn1,mg85,attends,I am available for a Zoom call on any of the following dates: 5 November (10:00–13:00 IST / 05:30–08:30 BST / 21:30–00:30 PDT),MAIL6BZLTW81
pn7,mg85,attends,I am available for a Zoom call on any of the following dates: 5 November (10:00–13:00 IST / 05:30–08:30 BST / 21:30–00:30 PDT),MAIL6BZLTW81
pn2,mg85,attends,I am available for a Zoom call on any of the following dates: 5 November (10:00–13:00 IST / 05:30–08:30 BST / 21:30–00:30 PDT),MAIL6BZLTW81
pn8,mg85,attends,I am available for a Zoom call on any of the following dates: 5 November (10:00–13:00 IST / 05:30–08:30 BST / 21:30–00:30 PDT),MAIL6BZLTW81
pn1,mg85,attends,6 November (same window),MAIL6BZLTW81
pn7,mg85,attends,6 November (same window),MAIL6BZLTW81
pn2,mg85,attends,6 November (same window),MAIL6BZLTW81
pn8,mg85,attends,6 November (same window),MAIL6BZLTW81
pn1,mg85,attends,or 7 November (after 15:00 IST).,MAIL6BZLTW81
pn7,mg85,attends,or 7 November (after 15:00 IST).,MAIL6BZLTW81
pn2,mg85,attends,or 7 November (after 15:00 IST).,MAIL6BZLTW81
pn8,mg85,attends,or 7 November (after 15:00 IST).,MAIL6BZLTW81
pn8,mg86,attends,I am happy to report that I can accommodate a meeting on either 5 or 6 November during the proposed time slot,MAILV85JKPN7
pn1,mg86,attends,Looking forward to everyone’s input and to finalizing our approach at the meeting.,MAILV85JKPN7
pn7,mg86,attends,Looking forward to everyone’s input and to finalizing our approach at the meeting.,MAILV85JKPN7
pn2,mg86,attends,Looking forward to everyone’s input and to finalizing our approach at the meeting.,MAILV85JKPN7
pn8,mg87,attends,I am pleased to confirm my availability for the revision meeting on **6 November** during the previously agreed time slot (10:00–13:00 IST / 05:30–08:30 BST / 21:30–00:30 PDT).,MAILR93ATP1K
pn1,mg87,attends,I am pleased to confirm my availability for the revision meeting on **6 November** during the previously agreed time slot (10:00–13:00 IST / 05:30–08:30 BST / 21:30–00:30 PDT).,MAILR93ATP1K
pn7,mg87,attends,I am pleased to confirm my availability for the revision meeting on **6 November** during the previously agreed time slot (10:00–13:00 IST / 05:30–08:30 BST / 21:30–00:30 PDT).,MAILR93ATP1K
pn8,mg87,attends,Thank you for confirming your availability for the revision meeting on 6 November. I've scheduled a Zoom session for us according to the agreed timing (10:00–13:00 IST / 05:30–08:30 BST / 21:30–00:30 PDT).,MAILXT21Y8SV
pn1,mg87,attends,Thank you for confirming your availability for the revision meeting on 6 November.,MAILXT21Y8SV
pn7,mg87,attends,Thank you for confirming your availability for the revision meeting on 6 November.,MAILXT21Y8SV
pn2,mg87,attends,Thank you for confirming your availability for the revision meeting on 6 November.,MAILXT21Y8SV
pn8,mg87,attends,"Thank you all for your full participation and engagement during today’s revision meeting, and Ananya, for facilitating the Zoom session",MAILQ1B5ZWM9
pn1,mg87,attends,Thank you all for your full participation and engagement during today’s revision meeting,MAILQ1B5ZWM9
pn2,mg87,attends,Thank you all for your full participation and engagement during today’s revision meeting,MAILQ1B5ZWM9
pn7,mg87,attends,Thank you all for your full participation and engagement during today’s revision meeting,MAILQ1B5ZWM9
pn1,mg88,attends,as discussed during our 6 November meeting.,MAIL6NF1RXZ4
pn7,mg88,attends,as discussed during our 6 November meeting.,MAIL6NF1RXZ4
pn8,mg88,attends,as discussed during our 6 November meeting.,MAIL6NF1RXZ4
pn2,mg88,attends,as discussed during our 6 November meeting.,MAIL6NF1RXZ4
pn1,mg89,attends,I suggest we schedule a check-in call during the week of 8 February to review progress and resolve any overlapping issues,MAIL3PA7YZXT
pn2,mg89,attends,I suggest we schedule a check-in call during the week of 8 February to review progress and resolve any overlapping issues,MAIL3PA7YZXT
pn7,mg89,attends,I suggest we schedule a check-in call during the week of 8 February to review progress and resolve any overlapping issues,MAIL3PA7YZXT
pn8,mg89,attends,I suggest we schedule a check-in call during the week of 8 February to review progress and resolve any overlapping issues,MAIL3PA7YZXT
pn8,mg90,attends,I confirm my availability for a progress meeting during the week of 8 February. Midday slots (11:00-14:00 GMT) generally work best for me;,MAILJM845CT7
pn1,mg90,attends,"please suggest your preferred windows, and I will coordinate accordingly.",MAILJM845CT7
pn2,mg90,attends,"please suggest your preferred windows, and I will coordinate accordingly.",MAILJM845CT7
pn7,mg90,attends,"please suggest your preferred windows, and I will coordinate accordingly.",MAILJM845CT7
pn2,mg91,attends,"For the upcoming meeting, I am generally available 8–10 February between 11:00–17:00 IST.",MAILV7K6S3HF
pn1,mg91,attends,"For the upcoming meeting, I am generally available 8–10 February between 11:00–17:00 IST. Please let me know your preferred time slots so that we can finalize our check-in for collective progress updates and resolution of cross-cutting issues.",MAILV7K6S3HF
pn7,mg91,attends,"For the upcoming meeting, I am generally available 8–10 February between 11:00–17:00 IST. Please let me know your preferred time slots so that we can finalize our check-in for collective progress updates and resolution of cross-cutting issues.",MAILV7K6S3HF
pn8,mg91,attends,"For the upcoming meeting, I am generally available 8–10 February between 11:00–17:00 IST. Please let me know your preferred time slots so that we can finalize our check-in for collective progress updates and resolution of cross-cutting issues.",MAILV7K6S3HF
pn7,mg92,attends,Regarding our progress check-in: I am available for a call on 9 February between 11:30–14:00 GMT,MAIL2DFYRJU9
pn1,mg92,attends,Does this slot work for everyone?,MAIL2DFYRJU9
pn2,mg92,attends,Does this slot work for everyone?,MAIL2DFYRJU9
pn8,mg92,attends,Does this slot work for everyone?,MAIL2DFYRJU9
pn7,mg93,attends,ahead of our progress meeting on 9 February.,MAIL57JWBKXN
pn2,mg93,attends,ahead of our progress meeting on 9 February.,MAIL57JWBKXN
pn8,mg93,attends,ahead of our progress meeting on 9 February.,MAIL57JWBKXN
pn1,mg93,attends,ahead of our progress meeting on 9 February.,MAIL57JWBKXN
pn1,mg94,attends,ahead of our group call on 9 February.,MAILSY83LQZ1
pn7,mg94,attends,ahead of our group call on 9 February.,MAILSY83LQZ1
pn2,mg94,attends,ahead of our group call on 9 February.,MAILSY83LQZ1
pn8,mg94,attends,ahead of our group call on 9 February.,MAILSY83LQZ1
pn1,mg95,attends,The Zoom link for our progress call is scheduled as follows:,MAILUZ148JK5
pn2,mg95,attends,The Zoom link for our progress call is scheduled as follows:,MAILUZ148JK5
pn8,mg95,attends,The Zoom link for our progress call is scheduled as follows:,MAILUZ148JK5
pn7,mg95,attends,The Zoom link for our progress call is scheduled as follows:,MAILUZ148JK5
pn7,mg96,attends,Thank you for your active participation in yesterday’s progress call,MAILQ8HG2ZVC
pn1,mg96,attends,Thank you for your active participation in yesterday’s progress call,MAILQ8HG2ZVC
pn2,mg96,attends,Thank you for your active participation in yesterday’s progress call,MAILQ8HG2ZVC
pn8,mg96,attends,Thank you for your active participation in yesterday’s progress call,MAILQ8HG2ZVC
pn1,mg97,attends,let’s briefly meet on 26 March (just 30 minutes) to align on progress.,MAILNQ572JLV
pn2,mg97,attends,let’s briefly meet on 26 March (just 30 minutes) to align on progress.,MAILNQ572JLV
pn7,mg97,attends,let’s briefly meet on 26 March (just 30 minutes) to align on progress.,MAILNQ572JLV
pn8,mg97,attends,let’s briefly meet on 26 March (just 30 minutes) to align on progress.,MAILNQ572JLV
pn1,mg98,attends,Looking forward to the 26 March call; please do share the Zoom link once confirmed.,MAILE3QKTU5V
pn8,mg98,attends,Looking forward to the 26 March call; please do share the Zoom link once confirmed.,MAILE3QKTU5V
pn2,mg98,attends,Looking forward to the 26 March call; please do share the Zoom link once confirmed.,MAILE3QKTU5V
pn7,mg98,attends,Looking forward to the 26 March call; please do share the Zoom link once confirmed.,MAILE3QKTU5V
pn7,mg99,attends,"Finally, I am available for the Zoom call on 26 March.",MAILX7M5F8AP
pn8,mg100,attends,let’s convene for a concise coordination session to assess updates and synchronize any cross-dependent tasks for our JOCCH minor revision resubmission,MAILKQ9DHL7S
pn1,mg100,attends,I look forward to seeing everyone online at the indicated time.,MAILKQ9DHL7S
pn2,mg100,attends,I look forward to seeing everyone online at the indicated time.,MAILKQ9DHL7S
pn7,mg100,attends,I look forward to seeing everyone online at the indicated time.,MAILKQ9DHL7S
pn2,mg101,attends,"Attendees: Ananya, Sunita, Michael, Ramesh",MAIL1DZT5XQE
pn8,mg101,attends,"Attendees: Ananya, Sunita, Michael, Ramesh",MAIL1DZT5XQE
pn1,mg101,attends,"Attendees: Ananya, Sunita, Michael, Ramesh",MAIL1DZT5XQE
pn7,mg101,attends,"Attendees: Ananya, Sunita, Michael, Ramesh",MAIL1DZT5XQE
pn2,mg102,attends,we move ahead with the full consolidation for the upcoming team review on 7 April.,MAILD26QZPLB
pn8,mg102,attends,we move ahead with the full consolidation for the upcoming team review on 7 April.,MAILD26QZPLB
pn1,mg102,attends,we move ahead with the full consolidation for the upcoming team review on 7 April.,MAILD26QZPLB
pn7,mg102,attends,we move ahead with the full consolidation for the upcoming team review on 7 April.,MAILD26QZPLB
pn1,mg103,attends,"If everyone agrees, we can convene for a quick Zoom call on 12 June to sign off on the package before Sunita submits.",MAILSK3F7P0V
pn7,mg103,attends,"If everyone agrees, we can convene for a quick Zoom call on 12 June to sign off on the package before Sunita submits.",MAILSK3F7P0V
pn8,mg103,attends,"If everyone agrees, we can convene for a quick Zoom call on 12 June to sign off on the package before Sunita submits.",MAILSK3F7P0V
pn1,mg104,attends,"If everyone approves, I will circulate a Doodle poll for our brief Zoom sign-off meeting on 12 June as suggested.",MAILGB5Y21AP
pn2,mg104,attends,"If everyone approves, I will circulate a Doodle poll for our brief Zoom sign-off meeting on 12 June as suggested.",MAILGB5Y21AP
pn7,mg104,attends,"If everyone approves, I will circulate a Doodle poll for our brief Zoom sign-off meeting on 12 June as suggested.",MAILGB5Y21AP
pn8,mg104,attends,"If everyone approves, I will circulate a Doodle poll for our brief Zoom sign-off meeting on 12 June as suggested.",MAILGB5Y21AP
pn1,mg105,attends,the materials are ready for a team sign-off at the Zoom meeting on 12 June.,MAILNU1SHK7Q
pn2,mg105,attends,the materials are ready for a team sign-off at the Zoom meeting on 12 June.,MAILNU1SHK7Q
pn8,mg105,attends,the materials are ready for a team sign-off at the Zoom meeting on 12 June.,MAILNU1SHK7Q
pn7,mg105,attends,the materials are ready for a team sign-off at the Zoom meeting on 12 June.,MAILNU1SHK7Q
pn2,mg106,attends,"Dear Ramesh, Michael, and Ananya,

To ensure a smooth and efficient submission, I am circulating a Doodle poll to finalize the timing of our brief Zoom meeting on 12 June, where we will collectively sign off on the manuscript and supplementary files before ScholarOne upload.",MAILDK82RPA4
pn7,mg106,attends,"Dear Ramesh, Michael, and Ananya,

To ensure a smooth and efficient submission, I am circulating a Doodle poll to finalize the timing of our brief Zoom meeting on 12 June, where we will collectively sign off on the manuscript and supplementary files before ScholarOne upload.",MAILDK82RPA4
pn8,mg106,attends,"Dear Ramesh, Michael, and Ananya,

To ensure a smooth and efficient submission, I am circulating a Doodle poll to finalize the timing of our brief Zoom meeting on 12 June, where we will collectively sign off on the manuscript and supplementary files before ScholarOne upload.",MAILDK82RPA4
pn1,mg106,attends,"Once everyone provides their input, I will confirm the time and send a Zoom meeting link with the finalized invite.",MAILDK82RPA4
pn1,mg107,attends,"Dear Sunita, Michael, and Ananya,

Thank you all for your prompt responses to the Doodle poll and your continued commitment to wrapping up the camera-ready submission package in a timely and thorough manner. Based on everyone’s availability, our sign-off meeting is set for **12 June, 16:00 IST / 11:30 BST / 3:30 AM PDT**.

Below is the Zoom link for our meeting:
https://stanford.zoom.us/j/98347920145?pwd=JOCCHfinalsignoff",MAILE1JV6PQ3
pn7,mg107,attends,"Dear Sunita, Michael, and Ananya,

Thank you all for your prompt responses to the Doodle poll and your continued commitment to wrapping up the camera-ready submission package in a timely and thorough manner. Based on everyone’s availability, our sign-off meeting is set for **12 June, 16:00 IST / 11:30 BST / 3:30 AM PDT**.

Below is the Zoom link for our meeting:
https://stanford.zoom.us/j/98347920145?pwd=JOCCHfinalsignoff",MAILE1JV6PQ3
pn8,mg107,attends,"Dear Sunita, Michael, and Ananya,

Thank you all for your prompt responses to the Doodle poll and your continued commitment to wrapping up the camera-ready submission package in a timely and thorough manner. Based on everyone’s availability, our sign-off meeting is set for **12 June, 16:00 IST / 11:30 BST / 3:30 AM PDT**.

Below is the Zoom link for our meeting:
https://stanford.zoom.us/j/98347920145?pwd=JOCCHfinalsignoff",MAILE1JV6PQ3
pn2,mg107,attends,"Looking forward to meeting and completing this milestone together.

Best regards,

Ramesh",MAILE1JV6PQ3
pn2,mg108,attends,Thank you all for attending the Zoom sign-off meeting yesterday,MAILF49J8L2H
pn7,mg108,attends,Thank you all for attending the Zoom sign-off meeting yesterday,MAILF49J8L2H
pn8,mg108,attends,Thank you all for attending the Zoom sign-off meeting yesterday,MAILF49J8L2H
pn1,mg108,attends,Thank you all for attending the Zoom sign-off meeting yesterday,MAILF49J8L2H
pn2,mg109,attends,please notify me by 16:00 IST on 10th March 2019.,MAILJ4X8MQT9
pn7,mg109,attends,please notify me by 16:00 IST on 10th March 2019.,MAILJ4X8MQT9
pn8,mg109,attends,please notify me by 16:00 IST on 10th March 2019.,MAILJ4X8MQT9
pn1,mg110,attends,"Optionally, organize a brief online presentation or webinar in September to highlight our results and answer questions for students and colleagues interested in applying HistocrNLP to regional corpora.",MAIL1KDZCV2Q
pn2,mg110,attends,"Optionally, organize a brief online presentation or webinar in September to highlight our results and answer questions for students and colleagues interested in applying HistocrNLP to regional corpora.",MAIL1KDZCV2Q
pn7,mg110,attends,"Optionally, organize a brief online presentation or webinar in September to highlight our results and answer questions for students and colleagues interested in applying HistocrNLP to regional corpora.",MAIL1KDZCV2Q
pn8,mg110,attends,"Optionally, organize a brief online presentation or webinar in September to highlight our results and answer questions for students and colleagues interested in applying HistocrNLP to regional corpora.",MAIL1KDZCV2Q
pn2,mg111,attends,I propose we meet on Zoom next week to plan this in greater detail,MAIL7S2DFN4J
pn1,mg111,attends,I propose we meet on Zoom next week to plan this in greater detail,MAIL7S2DFN4J
pn7,mg111,attends,I propose we meet on Zoom next week to plan this in greater detail,MAIL7S2DFN4J
pn8,mg111,attends,I propose we meet on Zoom next week to plan this in greater detail,MAIL7S2DFN4J
pn7,mg112,attends,I support the idea of a late-September webinar,MAILU8F3B2HS
pn7,mg113,attends,"and am flexible for a planning Zoom—say, midweek next week after the DOI arrives.",MAILU8F3B2HS
pn1,mg114,attends,"I propose we use our upcoming Zoom planning meeting next week (date TBC, awaiting the official DOI)",MAILF7R6P1XZ
pn7,mg114,attends,"I propose we use our upcoming Zoom planning meeting next week (date TBC, awaiting the official DOI)",MAILF7R6P1XZ
pn8,mg114,attends,"I propose we use our upcoming Zoom planning meeting next week (date TBC, awaiting the official DOI)",MAILF7R6P1XZ
pn2,mg114,attends,"I propose we use our upcoming Zoom planning meeting next week (date TBC, awaiting the official DOI)",MAILF7R6P1XZ
pn8,mg115,attends,I propose Wednesday 9 August ... for our Zoom meeting,MAIL3AL8V2XQ
pn1,mg115,attends,I propose Wednesday 9 August ... for our Zoom meeting,MAIL3AL8V2XQ
pn2,mg115,attends,I propose Wednesday 9 August ... for our Zoom meeting,MAIL3AL8V2XQ
pn7,mg115,attends,I propose Wednesday 9 August ... for our Zoom meeting,MAIL3AL8V2XQ
pn8,mg115,attends,or Thursday 10 August for our Zoom meeting,MAIL3AL8V2XQ
pn1,mg115,attends,or Thursday 10 August for our Zoom meeting,MAIL3AL8V2XQ
pn2,mg115,attends,or Thursday 10 August for our Zoom meeting,MAIL3AL8V2XQ
pn7,mg115,attends,or Thursday 10 August for our Zoom meeting,MAIL3AL8V2XQ
pn2,mg116,attends,either Wednesday 9 August or Thursday 10 August works for me. I would suggest 15:00 IST / 10:30 BST / 02:30 PDT,MAILJ9QL47AW
pn7,mg117,attends,"Regarding possible time zones for our Zoom meeting, Ramesh’s suggestion of 15:00 IST / 10:30 BST / 02:30 PDT works for me",MAILZ4R2TN6F
pn2,mg117,attends,"Regarding possible time zones for our Zoom meeting, Ramesh’s suggestion of 15:00 IST / 10:30 BST / 02:30 PDT works for me",MAILZ4R2TN6F
pn8,mg117,attends,"Ananya, the outreach email template and draft agenda ahead of the meeting would be appreciated.",MAILZ4R2TN6F
pn1,mg117,attends,"Sunita, I look forward to collaborating on the webinar logistics",MAILZ4R2TN6F
pn7,mg118,attends,"Dear Michael, Ramesh, and Ananya, ... for the upcoming webinar planning Zoom. ... Regarding the Zoom meeting, it seems 15:00 IST / 10:30 BST / 02:30 PDT on 9 August suits most.",MAILR3S6BZ1P
pn2,mg118,attends,"Dear Michael, Ramesh, and Ananya, ... for the upcoming webinar planning Zoom. ... Regarding the Zoom meeting, it seems 15:00 IST / 10:30 BST / 02:30 PDT on 9 August suits most.",MAILR3S6BZ1P
pn8,mg118,attends,"Dear Michael, Ramesh, and Ananya, ... for the upcoming webinar planning Zoom. ... Regarding the Zoom meeting, it seems 15:00 IST / 10:30 BST / 02:30 PDT on 9 August suits most.",MAILR3S6BZ1P
pn1,mg118,attends,"Once all contributions are in, I will integrate any requested modifications for the IACS media release and coordinate approvals with our communications team. ... I will send the invitation for this slot and include a provisional agenda",MAILR3S6BZ1P
pn8,mg119,attends,our 9 August Zoom meeting,MAILSX28F5KL
pn1,mg119,attends,our 9 August Zoom meeting,MAILSX28F5KL
pn7,mg119,attends,our 9 August Zoom meeting,MAILSX28F5KL
pn2,mg119,attends,our 9 August Zoom meeting,MAILSX28F5KL
pn8,mg120,attends,Kindly confirm your attendance or let me know if last-minute issues arise.,MAILAWJX27YM
pn7,mg120,attends,Kindly confirm your attendance or let me know if last-minute issues arise.,MAILAWJX27YM
pn2,mg120,attends,Kindly confirm your attendance or let me know if last-minute issues arise.,MAILAWJX27YM
pn1,mg120,attends,"After the meeting, I will circulate the minutes and a consolidated task list.",MAILAWJX27YM
pn1,mg121,attends,"Participants: Sunita Sen, Dr. Ananya Chatterjee, Prof. Ramesh Bhatia, Dr. Michael Bradley",MAILY6E8VB2S
pn8,mg121,attends,"Participants: Sunita Sen, Dr. Ananya Chatterjee, Prof. Ramesh Bhatia, Dr. Michael Bradley",MAILY6E8VB2S
pn2,mg121,attends,"Participants: Sunita Sen, Dr. Ananya Chatterjee, Prof. Ramesh Bhatia, Dr. Michael Bradley",MAILY6E8VB2S
pn7,mg121,attends,"Participants: Sunita Sen, Dr. Ananya Chatterjee, Prof. Ramesh Bhatia, Dr. Michael Bradley",MAILY6E8VB2S
pn1,mg122,attends,"Date agreed: Targeting the week of 18–22 September, pending confirmation of online publication date and DOI.",MAILY6E8VB2S
pn8,mg122,attends,"Date agreed: Targeting the week of 18–22 September, pending confirmation of online publication date and DOI.",MAILY6E8VB2S
pn2,mg122,attends,"Date agreed: Targeting the week of 18–22 September, pending confirmation of online publication date and DOI.",MAILY6E8VB2S
pn7,mg122,attends,"Date agreed: Targeting the week of 18–22 September, pending confirmation of online publication date and DOI.",MAILY6E8VB2S
pn1,mg123,attends,"Regarding the September webinar, I am delighted to hear the IACS events team is progressing with registration logistics.",MAILQZX58J9L
pn7,mg123,attends,"Regarding the September webinar, I am delighted to hear the IACS events team is progressing with registration logistics.",MAILQZX58J9L
pn2,mg123,attends,"Regarding the September webinar, I am delighted to hear the IACS events team is progressing with registration logistics.",MAILQZX58J9L
pn8,mg123,attends,"Regarding the September webinar, I am delighted to hear the IACS events team is progressing with registration logistics.",MAILQZX58J9L
pn2,mg124,attends,"I am writing to confirm my availability for the proposed technical and content rehearsal in the first week of September. At present, I am available on 4th, 5th, and 7th September between 15:00–18:00 IST.",MAILJ4FBX6ZT
pn1,mg124,attends,Please indicate your preferred date/times so that Sunita can finalize the slot and update the calendar.,MAILJ4FBX6ZT
pn8,mg124,attends,"Dear Sunita, Ananya, and Michael,",MAILJ4FBX6ZT
pn7,mg124,attends,"Dear Sunita, Ananya, and Michael,",MAILJ4FBX6ZT
pn8,c13,attends,"Dear Ananya, Ramesh, and Michael,

I am pleased to confirm that the IACS-hosted webinar registration portal for our HistocrNLP outreach event is now live.",MAILWY38KP1N
pn2,c13,attends,"Dear Ananya, Ramesh, and Michael,

I am pleased to confirm that the IACS-hosted webinar registration portal for our HistocrNLP outreach event is now live.",MAILWY38KP1N
pn7,c13,attends,"Dear Ananya, Ramesh, and Michael,

I am pleased to confirm that the IACS-hosted webinar registration portal for our HistocrNLP outreach event is now live.",MAILWY38KP1N
pn1,c13,attends,I am pleased to confirm that the IACS-hosted webinar registration portal for our HistocrNLP outreach event is now live.,MAILWY38KP1N
pn8,mg125,attends,"Regarding the rehearsal, all feedback thus far points to 5th September, 15:00–18:00 IST, as the optimal window.",MAILWY38KP1N
pn2,mg125,attends,"Regarding the rehearsal, all feedback thus far points to 5th September, 15:00–18:00 IST, as the optimal window.",MAILWY38KP1N
pn7,mg125,attends,"Regarding the rehearsal, all feedback thus far points to 5th September, 15:00–18:00 IST, as the optimal window.",MAILWY38KP1N
pn1,mg125,attends,"Regarding the rehearsal, all feedback thus far points to 5th September, 15:00–18:00 IST, as the optimal window.",MAILWY38KP1N
pn7,mg126,attends,"Looking forward to seeing everyone on 5th September for the full trial run, and to collectively ensuring a seamless webinar.",MAIL3PNZX8RS
pn1,mg126,attends,"Looking forward to seeing everyone on 5th September for the full trial run, and to collectively ensuring a seamless webinar.",MAIL3PNZX8RS
pn8,mg126,attends,"Looking forward to seeing everyone on 5th September for the full trial run, and to collectively ensuring a seamless webinar.",MAIL3PNZX8RS
pn2,mg126,attends,"Looking forward to seeing everyone on 5th September for the full trial run, and to collectively ensuring a seamless webinar.",MAIL3PNZX8RS
pn1,mg127,attends,my only suggestion is to briefly rehearse the speaker handover at least once during our 5th September trial,MAILC9G8PYQ3
pn2,mg127,attends,my only suggestion is to briefly rehearse the speaker handover at least once during our 5th September trial,MAILC9G8PYQ3
pn8,mg127,attends,my only suggestion is to briefly rehearse the speaker handover at least once during our 5th September trial,MAILC9G8PYQ3
pn7,mg127,attends,my only suggestion is to briefly rehearse the speaker handover at least once during our 5th September trial,MAILC9G8PYQ3
pn1,mg128,attends,Thank you for your enthusiastic participation and constructive feedback during our 5th September webinar rehearsal.,MAILNQ9BX47S
pn2,mg128,attends,Thank you for your enthusiastic participation and constructive feedback during our 5th September webinar rehearsal.,MAILNQ9BX47S
pn7,mg128,attends,Thank you for your enthusiastic participation and constructive feedback during our 5th September webinar rehearsal.,MAILNQ9BX47S
pn8,mg128,attends,Thank you for your enthusiastic participation and constructive feedback during our 5th September webinar rehearsal.,MAILNQ9BX47S
pn7,mg129,attends,"on the day, I will join the Zoom webinar room 30 minutes ahead of schedule to confirm A/V, screen sharing, and backup recording.",MAILZXC943FD
pn1,mg129,attends,I am writing to confirm the completion of all Stanford-related checklist items ahead of our upcoming webinar.,MAILZXC943FD
pn8,mg129,attends,I am writing to confirm the completion of all Stanford-related checklist items ahead of our upcoming webinar.,MAILZXC943FD
pn2,mg129,attends,I am writing to confirm the completion of all Stanford-related checklist items ahead of our upcoming webinar.,MAILZXC943FD
pn1,mg130,attends,I look forward to a successful and engaging public session that not only advances our research field but also fosters new networks for cross-institutional NLP and historical data studies.,MAIL46DBNOQ2
pn7,mg130,attends,"Dear Michael, Ananya, and Ramesh,",MAIL46DBNOQ2
pn8,mg130,attends,"Dear Michael, Ananya, and Ramesh,",MAIL46DBNOQ2
pn2,mg130,attends,"Dear Michael, Ananya, and Ramesh,",MAIL46DBNOQ2
pn1,mg131,attends,"Please confirm your availability for a brief sync meeting next week (perhaps 22 or 23 September, pending everyone’s schedules?)",MAILWL3UFZ84
pn2,mg131,attends,"Please confirm your availability for a brief sync meeting next week (perhaps 22 or 23 September, pending everyone’s schedules?)",MAILWL3UFZ84
pn7,mg131,attends,"Please confirm your availability for a brief sync meeting next week (perhaps 22 or 23 September, pending everyone’s schedules?)",MAILWL3UFZ84
pn8,mg131,attends,"Please confirm your availability for a brief sync meeting next week (perhaps 22 or 23 September, pending everyone’s schedules?)",MAILWL3UFZ84
pn2,mg132,attends,"Regarding a sync-up meeting, both 22 and 23 September are currently open in my diary; either date would work, pending others’ schedules.",MAILGB94V1KT
pn1,mg132,attends,"Regarding a sync-up meeting, both 22 and 23 September are currently open in my diary; either date would work, pending others’ schedules.",MAILGB94V1KT
pn7,mg132,attends,"Regarding a sync-up meeting, both 22 and 23 September are currently open in my diary; either date would work, pending others’ schedules.",MAILGB94V1KT
pn7,mg133,attends,"Regarding the sync meeting, 22 September at our regular Zoom link works excellently for me.",MAIL68BNSKW3
pn1,mg133,attends,"Dear Sunita, Ramesh, and Ananya,",MAIL68BNSKW3
pn2,mg133,attends,"Dear Sunita, Ramesh, and Ananya,",MAIL68BNSKW3
pn8,mg133,attends,"Dear Sunita, Ramesh, and Ananya,",MAIL68BNSKW3
pn1,mg135,attends,"Dear Sunita, Michael, and Ananya,",MAIL2XT94GQ1
pn7,mg135,attends,"Dear Sunita, Michael, and Ananya,",MAIL2XT94GQ1
pn8,mg135,attends,"Dear Sunita, Michael, and Ananya,",MAIL2XT94GQ1
pn1,mg136,attends,"The 14:30 IST (10:00 BST / 2:00 PDT) slot on 22 September works well for me, and I will circulate the calendar invite with the Zoom link today to ensure all time zones are captured accurately.",MAILE94JK21Z
pn2,mg136,attends,"Dear Ramesh, Michael, and Ananya,",MAILE94JK21Z
pn7,mg136,attends,"Dear Ramesh, Michael, and Ananya,",MAILE94JK21Z
pn8,mg136,attends,"Dear Ramesh, Michael, and Ananya,",MAILE94JK21Z
pn2,mg137,attends,"Dear Ramesh, Sunita, and Michael,

Thank you for your timely confirmations and preparatory work ahead of today’s meeting. I am writing to reiterate our meeting slot for 14:30 IST (10:00 BST / 2:00 PDT) today via our established Zoom link.",MAILSZ8KQPL2
pn1,mg137,attends,"Dear Ramesh, Sunita, and Michael,

Thank you for your timely confirmations and preparatory work ahead of today’s meeting. I am writing to reiterate our meeting slot for 14:30 IST (10:00 BST / 2:00 PDT) today via our established Zoom link.",MAILSZ8KQPL2
pn7,mg137,attends,"Dear Ramesh, Sunita, and Michael,

Thank you for your timely confirmations and preparatory work ahead of today’s meeting. I am writing to reiterate our meeting slot for 14:30 IST (10:00 BST / 2:00 PDT) today via our established Zoom link.",MAILSZ8KQPL2
pn8,mg137,attends,Thank you for your timely confirmations and preparatory work ahead of today’s meeting. I am writing to reiterate our meeting slot for 14:30 IST (10:00 BST / 2:00 PDT) today via our established Zoom link.,MAILSZ8KQPL2
pn7,mg138,attends,agenda and Google Doc for today’s meeting.,MAILUB4J6X3K
pn1,mg138,attends,agenda and Google Doc for today’s meeting.,MAILUB4J6X3K
pn2,mg138,attends,agenda and Google Doc for today’s meeting.,MAILUB4J6X3K
pn8,mg138,attends,agenda and Google Doc for today’s meeting.,MAILUB4J6X3K
pn7,mg139,attends,prior to our meeting.,MAILUB4J6X3K
pn1,mg139,attends,prior to our meeting.,MAILUB4J6X3K
pn2,mg139,attends,prior to our meeting.,MAILUB4J6X3K
pn8,mg139,attends,prior to our meeting.,MAILUB4J6X3K
pn1,mg140,attends,Thank you all for participating in yesterday’s sync meeting and for your valuable updates and constructive input throughout our discussion.,MAIL5QK72NJS
pn7,mg140,attends,Thank you all for participating in yesterday’s sync meeting and for your valuable updates and constructive input throughout our discussion.,MAIL5QK72NJS
pn8,mg140,attends,Thank you all for participating in yesterday’s sync meeting and for your valuable updates and constructive input throughout our discussion.,MAIL5QK72NJS
pn2,mg140,attends,Thank you all for participating in yesterday’s sync meeting and for your valuable updates and constructive input throughout our discussion.,MAIL5QK72NJS
pn1,mg141,attends,"Please share your availability for 3–5 October, and Michael, let us know if you need any specific data points or feedback as you prepare the comparative matrix.",MAILE42V7BQN
pn2,mg141,attends,"Please share your availability for 3–5 October, and Michael, let us know if you need any specific data points or feedback as you prepare the comparative matrix.",MAILE42V7BQN
pn7,mg141,attends,"Please share your availability for 3–5 October, and Michael, let us know if you need any specific data points or feedback as you prepare the comparative matrix.",MAILE42V7BQN
pn8,mg141,attends,"Perhaps we could schedule a short meeting next week to make a final decision and delineate writing responsibilities? Please share your availability for 3–5 October, and Michael, let us know if you need any specific data points or feedback as you prepare the comparative matrix.",MAILE42V7BQN
pn2,mg142,attends,I am available on both 3 and 5 October between 14:00–17:00 IST,MAIL5LQ1X08B
pn8,mg142,attends,"Please indicate your preferred slot, and I propose we use Google Meet for this session.",MAIL5LQ1X08B
pn7,mg142,attends,"Please indicate your preferred slot, and I propose we use Google Meet for this session.",MAIL5LQ1X08B
pn1,mg142,attends,"Sunita, please let us know if your timeline aligns with the above",MAIL5LQ1X08B
pn1,c14,attends,the possibility of presenting at ACL 2022 is especially compelling,MAILR7Q4W2JZ
pn1,mg143,attends,"I am free both 3 and 5 October between 14:00–17:00 IST, and I concur that Google Meet would be the simplest platform for everyone.",MAILR7Q4W2JZ
pn7,mg143,attends,Please confirm the final slot once Michael and Ananya have checked their calendars.,MAILR7Q4W2JZ
pn8,mg143,attends,Please confirm the final slot once Michael and Ananya have checked their calendars.,MAILR7Q4W2JZ
pn1,mg144,attends,"Since all have indicated availability, let’s confirm our Google Meet for 3 October at 14:30 IST",MAIL892JSQKL
pn2,mg144,attends,"Since all have indicated availability, let’s confirm our Google Meet for 3 October at 14:30 IST",MAIL892JSQKL
pn8,mg144,attends,"Since all have indicated availability, let’s confirm our Google Meet for 3 October at 14:30 IST",MAIL892JSQKL
pn7,mg144,attends,"Since all have indicated availability, let’s confirm our Google Meet for 3 October at 14:30 IST",MAIL892JSQKL
pn7,mg145,attends,"Thank you, Michael, for confirming the meeting slot and for taking the initiative to prepare the submission features matrix with such attention to detail.",MAILV2HN9P1K
pn1,mg145,attends,"Dear Michael, Sunita, and Ramesh,",MAILV2HN9P1K
pn2,mg145,attends,"Dear Michael, Sunita, and Ramesh,",MAILV2HN9P1K
pn8,mg145,attends,"As discussed, I am pleased to confirm my participation at the agreed time. For convenience and to ensure document sharing capabilities, I am including the Google Meet link for our session below:",MAILV2HN9P1K
pn7,mg146,attends,Thank you all for your active engagement during yesterday’s meeting and for the thorough review of the submission features matrix.,MAILK8L0W3XD
pn8,mg146,attends,Thank you all for your active engagement during yesterday’s meeting and for the thorough review of the submission features matrix.,MAILK8L0W3XD
pn2,mg146,attends,Thank you all for your active engagement during yesterday’s meeting and for the thorough review of the submission features matrix.,MAILK8L0W3XD
pn1,mg146,attends,Thank you all for your active engagement during yesterday’s meeting and for the thorough review of the submission features matrix.,MAILK8L0W3XD
pn7,mg147,attends,"The next check-in is scheduled for 10 October, by which time initial manuscript sections and supporting materials will be circulated for review.",MAILK8L0W3XD
pn8,mg147,attends,"The next check-in is scheduled for 10 October, by which time initial manuscript sections and supporting materials will be circulated for review.",MAILK8L0W3XD
pn2,mg147,attends,"The next check-in is scheduled for 10 October, by which time initial manuscript sections and supporting materials will be circulated for review.",MAILK8L0W3XD
pn1,mg147,attends,"The next check-in is scheduled for 10 October, by which time initial manuscript sections and supporting materials will be circulated for review.",MAILK8L0W3XD
pn8,mg148,attends,I look forward to our next check-in on 10 October and to everyone’s feedback on the dual-publishing synthesis soon.,MAIL3U8F7OCR
pn7,mg148,attends,I look forward to our next check-in on 10 October and to everyone’s feedback on the dual-publishing synthesis soon.,MAIL3U8F7OCR
pn1,mg148,attends,I look forward to our next check-in on 10 October and to everyone’s feedback on the dual-publishing synthesis soon.,MAIL3U8F7OCR
pn2,mg148,attends,I look forward to our next check-in on 10 October and to everyone’s feedback on the dual-publishing synthesis soon.,MAIL3U8F7OCR
pn1,mg9,attends,ahead of our 10 October check-in,MAILJ87KC3PQ
pn7,mg9,attends,ahead of our 10 October check-in,MAILJ87KC3PQ
pn8,mg9,attends,ahead of our 10 October check-in,MAILJ87KC3PQ
pn2,mg9,attends,ahead of our 10 October check-in,MAILJ87KC3PQ
pn1,mg149,attends,Looking forward to our 10 October check-in and to everyone’s thoughts on further strengthening our artifact reproducibility case.,MAILEP0QZ7L2
pn2,mg149,attends,Looking forward to our 10 October check-in and to everyone’s thoughts on further strengthening our artifact reproducibility case.,MAILEP0QZ7L2
pn7,mg149,attends,Looking forward to our 10 October check-in and to everyone’s thoughts on further strengthening our artifact reproducibility case.,MAILEP0QZ7L2
pn8,mg149,attends,Looking forward to our 10 October check-in and to everyone’s thoughts on further strengthening our artifact reproducibility case.,MAILEP0QZ7L2
pn7,mg150,attends,"I propose a brief Zoom coordination on 12 October at 17:00 CET (21:30 IST, 13:00 EDT, 10:00 PDT) to address any outstanding questions and update on action items ahead of the target for a full manuscript draft by end-October.",MAIL5YXW3GVT
pn1,mg150,attends,"I propose a brief Zoom coordination on 12 October at 17:00 CET (21:30 IST, 13:00 EDT, 10:00 PDT) to address any outstanding questions and update on action items ahead of the target for a full manuscript draft by end-October.",MAIL5YXW3GVT
pn2,mg150,attends,"I propose a brief Zoom coordination on 12 October at 17:00 CET (21:30 IST, 13:00 EDT, 10:00 PDT) to address any outstanding questions and update on action items ahead of the target for a full manuscript draft by end-October.",MAIL5YXW3GVT
pn8,mg150,attends,"I propose a brief Zoom coordination on 12 October at 17:00 CET (21:30 IST, 13:00 EDT, 10:00 PDT) to address any outstanding questions and update on action items ahead of the target for a full manuscript draft by end-October.",MAIL5YXW3GVT
pn7,mg151,attends,I confirm my availability for the proposed Zoom coordination on 12 October at 17:00 CET,MAILLM21K4TF
pn1,mg151,attends,I confirm my availability for the proposed Zoom coordination on 12 October at 17:00 CET,MAILLM21K4TF
pn2,mg151,attends,I confirm my availability for the proposed Zoom coordination on 12 October at 17:00 CET,MAILLM21K4TF
pn8,mg151,attends,I confirm my availability for the proposed Zoom coordination on 12 October at 17:00 CET,MAILLM21K4TF
pn1,mg152,attends,"Regarding the upcoming Zoom call: The scheduled time (12 October, 17:00 CET/21:30 IST) works for me.",MAILLX9T7VJ3
pn7,mg152,attends,"Regarding the upcoming Zoom call: The scheduled time (12 October, 17:00 CET/21:30 IST) works for me. Michael, do you mind circulating the Zoom link and proposed agenda by tomorrow morning?",MAILLX9T7VJ3
pn2,mg152,attends,"Dear Ananya, Michael, and Ramesh,",MAILLX9T7VJ3
pn8,mg152,attends,"Dear Ananya, Michael, and Ramesh,",MAILLX9T7VJ3
pn1,mg153,attends,"Dear Sunita, Ramesh, and Ananya,

As confirmed, our next coordination meeting will take place on Thursday, 12 October at 17:00 CET (21:30 IST, 13:00 EDT, 10:00 PDT).",MAILE8G5JV72
pn2,mg153,attends,"Dear Sunita, Ramesh, and Ananya,

As confirmed, our next coordination meeting will take place on Thursday, 12 October at 17:00 CET (21:30 IST, 13:00 EDT, 10:00 PDT).",MAILE8G5JV72
pn8,mg153,attends,"Dear Sunita, Ramesh, and Ananya,

As confirmed, our next coordination meeting will take place on Thursday, 12 October at 17:00 CET (21:30 IST, 13:00 EDT, 10:00 PDT).",MAILE8G5JV72
pn7,mg153,attends,"As confirmed, our next coordination meeting will take place on Thursday, 12 October at 17:00 CET (21:30 IST, 13:00 EDT, 10:00 PDT).",MAILE8G5JV72
pn1,mg154,attends,Thank you all for making yesterday’s Zoom coordination so productive. **Attendees:**  - Dr. Michael Bradley (Stanford)  - Dr. Ananya Chatterjee (Oxford)  - Sunita Sen (IACS)  - Prof. Ramesh Bhatia (IACS),MAIL97FQPJ2X
pn7,mg154,attends,Thank you all for making yesterday’s Zoom coordination so productive. **Attendees:**  - Dr. Michael Bradley (Stanford)  - Dr. Ananya Chatterjee (Oxford)  - Sunita Sen (IACS)  - Prof. Ramesh Bhatia (IACS),MAIL97FQPJ2X
pn8,mg154,attends,Thank you all for making yesterday’s Zoom coordination so productive. **Attendees:**  - Dr. Michael Bradley (Stanford)  - Dr. Ananya Chatterjee (Oxford)  - Sunita Sen (IACS)  - Prof. Ramesh Bhatia (IACS),MAIL97FQPJ2X
pn2,mg154,attends,Thank you all for making yesterday’s Zoom coordination so productive. **Attendees:**  - Dr. Michael Bradley (Stanford)  - Dr. Ananya Chatterjee (Oxford)  - Sunita Sen (IACS)  - Prof. Ramesh Bhatia (IACS),MAIL97FQPJ2X
pn7,mg155,attends,"Michael, perhaps you could coordinate a brief 30-minute Zoom session on 19 October to review harmonized compliance language and resolve any lingering points ahead of formal manuscript circulation?",MAILWQ3E1F7V
pn1,mg155,attends,"If this works for all, please share a proposed time and meeting link.",MAILWQ3E1F7V
pn8,mg155,attends,"If this works for all, please share a proposed time and meeting link.",MAILWQ3E1F7V
pn7,mg156,attends,"I am proposing a 30-minute final Zoom review session for Thursday, 19 October, to conduct an integrated read-through of the complete draft.",MAILA5KP7QTB
pn1,mg156,attends,otherwise I look forward to seeing everyone online tomorrow.,MAILA5KP7QTB
pn2,mg156,attends,otherwise I look forward to seeing everyone online tomorrow.,MAILA5KP7QTB
pn8,mg156,attends,otherwise I look forward to seeing everyone online tomorrow.,MAILA5KP7QTB
pn7,mg157,attends,Thank you for participating in yesterday’s final integrated manuscript review via Zoom,MAILYG5U2PDM
pn2,mg157,attends,Thank you for participating in yesterday’s final integrated manuscript review via Zoom,MAILYG5U2PDM
pn8,mg157,attends,Thank you for participating in yesterday’s final integrated manuscript review via Zoom,MAILYG5U2PDM
pn1,mg157,attends,Thank you for participating in yesterday’s final integrated manuscript review via Zoom,MAILYG5U2PDM
pn1,mg158,attends,We look forward to your participation in ACL 2021 and to showcasing your work to the broader computational linguistics community.,MAILG8B2MJK9
pn1,mg159,attends,"Please let me know your availability for a brief Zoom meeting early next week to align on responsibilities (I can suggest 22 January, 16:00 UTC as a tentative slot).",MAILVS849QPL
pn2,mg159,attends,"Please let me know your availability for a brief Zoom meeting early next week to align on responsibilities (I can suggest 22 January, 16:00 UTC as a tentative slot).",MAILVS849QPL
pn7,mg159,attends,"Please let me know your availability for a brief Zoom meeting early next week to align on responsibilities (I can suggest 22 January, 16:00 UTC as a tentative slot).",MAILVS849QPL
pn8,mg159,attends,"Please let me know your availability for a brief Zoom meeting early next week to align on responsibilities (I can suggest 22 January, 16:00 UTC as a tentative slot).",MAILVS849QPL
pn7,c1,attends,our acceptance at ACL is a testament to the strength of our collective effort and rigorous approach.,MAIL93N5XELV
pn1,c1,attends,our acceptance at ACL is a testament to the strength of our collective effort and rigorous approach.,MAIL93N5XELV
pn2,c1,attends,our acceptance at ACL is a testament to the strength of our collective effort and rigorous approach.,MAIL93N5XELV
pn8,c1,attends,our acceptance at ACL is a testament to the strength of our collective effort and rigorous approach.,MAIL93N5XELV
pn7,mg160,attends,The proposed Zoom meeting on 22 January at 16:00 UTC works well for me.,MAIL93N5XELV
pn8,mg161,attends,I am available for the Zoom meeting on 22 January at 16:00 UTC,MAILHY4QLG28
pn1,mg161,attends,before our joint meeting if helpful.,MAILHY4QLG28
pn2,mg161,attends,before our joint meeting if helpful.,MAILHY4QLG28
pn7,mg161,attends,before our joint meeting if helpful.,MAILHY4QLG28
pn2,mg162,attends,I confirm my availability for the Zoom meeting on 22 January at 16:00 UTC.,MAILF2MN5GQ7
pn1,mg162,attends,I confirm my availability for the Zoom meeting on 22 January at 16:00 UTC.,MAILF2MN5GQ7
pn7,mg162,attends,I confirm my availability for the Zoom meeting on 22 January at 16:00 UTC.,MAILF2MN5GQ7
pn8,mg162,attends,I confirm my availability for the Zoom meeting on 22 January at 16:00 UTC.,MAILF2MN5GQ7
pn1,mg163,attends,I want to ensure we make the most of our coordination meeting scheduled for 22 January at 16:00 UTC.,MAILT19GBXE3
pn2,mg164,attends,"Dear Ramesh, Michael, and Ananya,

As discussed, here is the Zoom link for our revision coordination meeting scheduled today, 22 January, at 16:00 UTC:",MAIL7VGD2NHK
pn7,mg164,attends,"Dear Ramesh, Michael, and Ananya,

As discussed, here is the Zoom link for our revision coordination meeting scheduled today, 22 January, at 16:00 UTC:",MAIL7VGD2NHK
pn8,mg164,attends,"Dear Ramesh, Michael, and Ananya,

As discussed, here is the Zoom link for our revision coordination meeting scheduled today, 22 January, at 16:00 UTC:",MAIL7VGD2NHK
pn1,mg164,attends,I will act as notetaker and will circulate detailed minutes post-meeting to ensure clarity on decisions and next steps.,MAIL7VGD2NHK
pn1,mg165,attends,"Attendees:
- Sunita Sen",MAILEQF9GH56
pn2,mg165,attends,"Attendees:
- Prof. Ramesh Bhatia",MAILEQF9GH56
pn7,mg165,attends,"Attendees:
- Dr. Michael Bradley",MAILEQF9GH56
pn8,mg165,attends,"Attendees:
- Dr. Ananya Chatterjee",MAILEQF9GH56
pn1,c1,attends,as we finalize this important section for ACL.,MAILD7CHP416
pn7,c1,attends,as we finalize this important section for ACL.,MAILD7CHP416
pn8,c1,attends,as we finalize this important section for ACL.,MAILD7CHP416
pn2,c1,attends,as we finalize this important section for ACL.,MAILD7CHP416
pn2,mg166,attends,"Should there be a risk of missing the 12 February upload target, I am available for an emergency synchronization call on short notice.",MAILY5U3QJ17
pn1,c10,attends,I look forward to the next stage of the conference and the community’s response to our contribution.,MAILME2NFXQG
pn1,c10,attends,we are grateful for the opportunity to present at ACL 2021,MAILK57YWXQJ
pn1,c10,attends,Congratulations once again on your forthcoming presentation at ACL 2021.,MAILLY43FSTP
pn1,c10,attends,We look forward to your confirmation and to welcoming you at ACL 2021.,MAILQU62SKVL
pn1,mg167,attends,"Ms. Sen will participate in the oral session ""NLP for Historical Data and Digital Heritage,"" as scheduled on 28th January 2019, and will present on-site",MAILA83CFPLM
pn1,c10,attends,"Ms. Sen will participate in the oral session ""NLP for Historical Data and Digital Heritage,"" as scheduled on 28th January 2019, and will present on-site in accordance with the preliminary program.",MAILA83CFPLM
pn1,mg167,attends,"We have updated our records to reflect Ms. Sen as the on-site presenting author for the oral session, ""NLP for Historical Data and Digital Heritage,"" scheduled for 28th January 2019.",MAILTF58BZQH
pn2,c10,attends,We appreciate your collaboration and look forward to welcoming you at ACL 2021.,MAILTF58BZQH
pn1,c10,attends,We appreciate your collaboration and look forward to welcoming you at ACL 2021.,MAILTF58BZQH
pn7,c10,attends,"Dear Prof. Ramesh Bhatia and co-authors, ... We appreciate your collaboration and look forward to welcoming you at ACL 2021.",MAILTF58BZQH
pn8,c10,attends,"Dear Prof. Ramesh Bhatia and co-authors, ... We appreciate your collaboration and look forward to welcoming you at ACL 2021.",MAILTF58BZQH
pn1,c10,attends,I am writing to confirm that I have completed the conference registration via the designated ACL portal,MAILWS8XY0NJ
pn1,c10,attends,"prior to the conference, kindly let us know so we can address these promptly.",MAILWS8XY0NJ
pn1,mg168,attends,"Your oral presentation, ""Provenance-Aware NLP for Historical Texts: Annotation, Compliance, and Synthetic Instance Protocols"" ... is scheduled as follows:

- **Session**: NLP for Historical Data and Digital Heritage
- **Date/Time**: 28th January 2019, 10:30–12:00
- **Venue**: Conference Hall B, Level 2",MAILS91TZF2X
pn1,c10,attends,We look forward to your active participation and an engaging session.,MAILS91TZF2X
pn1,mg169,attends,"I am preparing my slides for the session, ""NLP for Historical Data and Digital Heritage,"" scheduled for 28th January 2019, 10:30–12:00 at Conference Hall B.",MAILP53VHB2T
pn1,c10,attends,Please let me know if any further documentation or details are required in advance of the conference.,MAILP53VHB2T
pn1,c10,attends,your oral presentation at ACL 2021.,MAILK3YQ7PV7
pn1,c10,attends,I look forward to your confirmation and to presenting our work at ACL 2021.,MAILUX48MP20
pn1,c10,attends,We thank you again for your proactive engagement and look forward to your presentation at the upcoming conference.,MAILC49TNRF2
pn1,mg170,attends,"Your presentation is part of the ""NLP for Historical Data and Digital Heritage"" oral session on 28th January 2019, 10:30–12:00, in Conference Hall B.",MAILJ81N4XFR
pn2,mg171,attends,Please indicate your availability for a Zoom meeting between 22 and 27 April.,MAILWQ84POLN
pn1,mg171,attends,Please indicate your availability for a Zoom meeting between 22 and 27 April.,MAILWQ84POLN
pn7,mg171,attends,Please indicate your availability for a Zoom meeting between 22 and 27 April.,MAILWQ84POLN
pn8,mg171,attends,Please indicate your availability for a Zoom meeting between 22 and 27 April.,MAILWQ84POLN
pn1,c10,attends,as we transition to the final stage before our ACL 2021 presentation.,MAILBGN4TZU5
pn2,c10,attends,as we transition to the final stage before our ACL 2021 presentation.,MAILBGN4TZU5
pn7,c10,attends,as we transition to the final stage before our ACL 2021 presentation.,MAILBGN4TZU5
pn8,c10,attends,as we transition to the final stage before our ACL 2021 presentation.,MAILBGN4TZU5
pn1,mg172,attends,"I am generally available for a Zoom session between 22 and 27 April, with a preference for late afternoons IST",MAILBGN4TZU5
pn2,mg172,attends,I will confirm specific slots once Prof. Bhatia shares options.,MAILBGN4TZU5
pn7,mg172,attends,which I hope also accommodates the time zones for the US West Coast and UK,MAILBGN4TZU5
pn8,mg172,attends,which I hope also accommodates the time zones for the US West Coast and UK,MAILBGN4TZU5
pn7,mg173,attends,"For the virtual meeting, late afternoons IST are generally workable for me.",MAILT3K5NVL2
pn2,mg173,attends,I will await Prof. Bhatia’s circulation of possible slots and will indicate my preference accordingly.,MAILT3K5NVL2
pn7,c10,attends,Looking forward to reviewing your slides and collaborating further to ensure an engaging presentation at ACL 2021.,MAILT3K5NVL2
pn1,c10,attends,Looking forward to reviewing your slides and collaborating further to ensure an engaging presentation at ACL 2021.,MAILT3K5NVL2
pn2,c10,attends,Looking forward to reviewing your slides and collaborating further to ensure an engaging presentation at ACL 2021.,MAILT3K5NVL2
pn8,c10,attends,Looking forward to reviewing your slides and collaborating further to ensure an engaging presentation at ACL 2021.,MAILT3K5NVL2
pn1,mg174,attends,"I propose the following time slots for our virtual dry run via Zoom:

- 12th November 2019 (Wednesday), 5:30–7:00 pm IST",MAIL8JN5DLQ2
pn7,mg174,attends,"I propose the following time slots for our virtual dry run via Zoom:

- 12th November 2019 (Wednesday), 5:30–7:00 pm IST",MAIL8JN5DLQ2
pn8,mg174,attends,"I propose the following time slots for our virtual dry run via Zoom:

- 12th November 2019 (Wednesday), 5:30–7:00 pm IST",MAIL8JN5DLQ2
pn1,mg174,attends,"- 13th November 2019 (Thursday), 6:00–7:30 pm IST",MAIL8JN5DLQ2
pn7,mg174,attends,"- 13th November 2019 (Thursday), 6:00–7:30 pm IST",MAIL8JN5DLQ2
pn8,mg174,attends,"- 13th November 2019 (Thursday), 6:00–7:30 pm IST",MAIL8JN5DLQ2
pn1,mg174,attends,"- 15th November 2019 (Saturday), 4:00–5:30 pm IST",MAIL8JN5DLQ2
pn7,mg174,attends,"- 15th November 2019 (Saturday), 4:00–5:30 pm IST",MAIL8JN5DLQ2
pn8,mg174,attends,"- 15th November 2019 (Saturday), 4:00–5:30 pm IST",MAIL8JN5DLQ2
pn1,c10,attends,a productive rehearsal session as we approach the final stages of our ACL 2021 contribution.,MAIL8JN5DLQ2
pn7,c10,attends,a productive rehearsal session as we approach the final stages of our ACL 2021 contribution.,MAIL8JN5DLQ2
pn8,c10,attends,a productive rehearsal session as we approach the final stages of our ACL 2021 contribution.,MAIL8JN5DLQ2
pn2,c10,attends,as we finalize preparations for the ACL 2021 oral session.,MAILVR69CHU8
pn1,c10,attends,as we finalize preparations for the ACL 2021 oral session.,MAILVR69CHU8
pn7,c10,attends,as we finalize preparations for the ACL 2021 oral session.,MAILVR69CHU8
pn8,c10,attends,as we finalize preparations for the ACL 2021 oral session.,MAILVR69CHU8
pn8,mg175,attends,I am pleased to confirm my availability for both the 24 April (5:30–7:00 pm IST) and 25 April (6:00–7:30 pm IST) slots,MAILVR69CHU8
pn2,mg175,attends,Thank you for circulating the proposed time slots for our upcoming dry run,MAILVR69CHU8
pn1,mg175,attends,Thank you for circulating the proposed time slots for our upcoming dry run,MAILVR69CHU8
pn7,mg175,attends,Thank you for circulating the proposed time slots for our upcoming dry run,MAILVR69CHU8
pn1,mg176,attends,"Regarding the dry run, I am available for the session on 24 April (5:30–7:00 pm IST) and look forward to engaging with everyone during that slot.",MAILEF43PLXO
pn2,mg176,attends,"Regarding the dry run, I am available for the session on 24 April (5:30–7:00 pm IST) and look forward to engaging with everyone during that slot.",MAILEF43PLXO
pn7,mg176,attends,"Regarding the dry run, I am available for the session on 24 April (5:30–7:00 pm IST) and look forward to engaging with everyone during that slot.",MAILEF43PLXO
pn8,mg176,attends,"Regarding the dry run, I am available for the session on 24 April (5:30–7:00 pm IST) and look forward to engaging with everyone during that slot.",MAILEF43PLXO
pn1,c10,attends,I am confident that our team’s thorough preparation will ensure a strong showing at ACL 2021.,MAILEF43PLXO
pn2,c10,attends,I am confident that our team’s thorough preparation will ensure a strong showing at ACL 2021.,MAILEF43PLXO
pn7,c10,attends,I am confident that our team’s thorough preparation will ensure a strong showing at ACL 2021.,MAILEF43PLXO
pn8,c10,attends,I am confident that our team’s thorough preparation will ensure a strong showing at ACL 2021.,MAILEF43PLXO
pn1,mg177,attends,Looking ahead to the dry run on 24 April at 5:30 pm IST (using the previously circulated Zoom link),MAILJG8KX9VM
pn2,mg177,attends,Looking ahead to the dry run on 24 April at 5:30 pm IST (using the previously circulated Zoom link),MAILJG8KX9VM
pn8,mg177,attends,Looking ahead to the dry run on 24 April at 5:30 pm IST (using the previously circulated Zoom link),MAILJG8KX9VM
pn7,mg177,attends,Looking ahead to the dry run on 24 April at 5:30 pm IST (using the previously circulated Zoom link),MAILJG8KX9VM
pn1,c1,attends,it will address the diverse backgrounds of the ACL audience effectively.,MAIL6LG2V91X
pn2,c1,attends,it will address the diverse backgrounds of the ACL audience effectively.,MAIL6LG2V91X
pn7,c1,attends,it will address the diverse backgrounds of the ACL audience effectively.,MAIL6LG2V91X
pn8,c1,attends,it will address the diverse backgrounds of the ACL audience effectively.,MAIL6LG2V91X
pn1,mg178,attends,"Ahead of tomorrow’s dry run (24 April, 5:30–7:00 pm IST, link: https://stanford.zoom.us/j/94728615327)",MAILSRK8Z10C
pn7,mg178,attends,"Ahead of tomorrow’s dry run (24 April, 5:30–7:00 pm IST, link: https://stanford.zoom.us/j/94728615327)",MAILSRK8Z10C
pn8,mg178,attends,"Ahead of tomorrow’s dry run (24 April, 5:30–7:00 pm IST, link: https://stanford.zoom.us/j/94728615327)",MAILSRK8Z10C
pn2,mg178,attends,"Ahead of tomorrow’s dry run (24 April, 5:30–7:00 pm IST, link: https://stanford.zoom.us/j/94728615327)",MAILSRK8Z10C
pn1,c1,attends,Wishing everyone the very best for the conference itself.,MAIL4G8V5E2Y
pn7,c1,attends,Wishing everyone the very best for the conference itself.,MAIL4G8V5E2Y
pn8,c1,attends,Wishing everyone the very best for the conference itself.,MAIL4G8V5E2Y
pn1,c10,attends,I look forward to the opportunity to represent us at ACL 2021.,MAILPLU9S0KM
pn1,c10,attends,we are pleased to inform you that your oral presentation submission has been **ACCEPTED** for presentation at ACL 2021.,MAILR6QP7HD4
pn8,mg179,attends,"I am available for a video meeting on any day between 10 and 13 June, preferably in the afternoon IST",MAIL7HS39AFQ
pn1,mg179,attends,"Please let me know which date most suits the rest of the team, and I will block out that slot.",MAIL7HS39AFQ
pn2,mg179,attends,"Please let me know which date most suits the rest of the team, and I will block out that slot.",MAIL7HS39AFQ
pn7,mg179,attends,"Please let me know which date most suits the rest of the team, and I will block out that slot.",MAIL7HS39AFQ
pn1,mg180,attends,"I am available on 11 and 12 June from 3–5 PM IST, which should comfortably accommodate Ananya’s preferred slot as well as Michael’s time zone.",MAILDSM73KXQ
pn2,mg180,attends,"I am available on 11 and 12 June from 3–5 PM IST, which should comfortably accommodate Ananya’s preferred slot as well as Michael’s time zone.",MAILDSM73KXQ
pn7,mg180,attends,which should comfortably accommodate Ananya’s preferred slot as well as Michael’s time zone.,MAILDSM73KXQ
pn8,mg180,attends,which should comfortably accommodate Ananya’s preferred slot as well as Michael’s time zone.,MAILDSM73KXQ
pn1,c1,attends,Congratulations again to all for the acceptance,MAILDSM73KXQ
pn2,c1,attends,Congratulations again to all for the acceptance,MAILDSM73KXQ
pn7,c1,attends,Congratulations again to all for the acceptance,MAILDSM73KXQ
pn8,c1,attends,Congratulations again to all for the acceptance,MAILDSM73KXQ
pn7,mg181,attends,"I can confirm my availability for a group call on 11 June, 3–5 PM IST",MAILE812V3PK
pn1,mg181,attends,let’s lock in this time for our comprehensive review session.,MAILE812V3PK
pn2,mg181,attends,let’s lock in this time for our comprehensive review session.,MAILE812V3PK
pn8,mg181,attends,This slot also preserves alignment with Ananya’s schedule.,MAILE812V3PK
pn2,mg182,attends,"Dear Prof. Bhatia, Michael, and Ananya,

Thank you all for confirming your availability and for the helpful refinements to our agenda. I am pleased that 11 June, 3–5 PM IST, works for everyone—let’s consider this time finalised for our camera-ready review session.",MAIL2AXY9VWR
pn7,mg182,attends,"Dear Prof. Bhatia, Michael, and Ananya,

Thank you all for confirming your availability and for the helpful refinements to our agenda. I am pleased that 11 June, 3–5 PM IST, works for everyone—let’s consider this time finalised for our camera-ready review session.",MAIL2AXY9VWR
pn8,mg182,attends,"Dear Prof. Bhatia, Michael, and Ananya,

Thank you all for confirming your availability and for the helpful refinements to our agenda. I am pleased that 11 June, 3–5 PM IST, works for everyone—let’s consider this time finalised for our camera-ready review session.",MAIL2AXY9VWR
pn1,mg182,attends,"I am pleased that 11 June, 3–5 PM IST, works for everyone—let’s consider this time finalised for our camera-ready review session.",MAIL2AXY9VWR
pn8,mg183,attends,A couple of initial notes ahead of our 11 June meeting to expedite discussion:,MAILJX5T3QPW
pn1,mg183,attends,A couple of initial notes ahead of our 11 June meeting to expedite discussion:,MAILJX5T3QPW
pn2,mg183,attends,A couple of initial notes ahead of our 11 June meeting to expedite discussion:,MAILJX5T3QPW
pn7,mg183,attends,A couple of initial notes ahead of our 11 June meeting to expedite discussion:,MAILJX5T3QPW
pn1,mg184,attends,"Dear Sunita, Ananya, and Michael,

This is a quick reminder regarding our final camera-ready submission review meeting, scheduled for today, 11 June, from 3–5 PM IST.",MAIL4PY6JQB3
pn7,mg184,attends,"Dear Sunita, Ananya, and Michael,

This is a quick reminder regarding our final camera-ready submission review meeting, scheduled for today, 11 June, from 3–5 PM IST.",MAIL4PY6JQB3
pn8,mg184,attends,"Dear Sunita, Ananya, and Michael,

This is a quick reminder regarding our final camera-ready submission review meeting, scheduled for today, 11 June, from 3–5 PM IST.",MAIL4PY6JQB3
pn2,mg184,attends,"This is a quick reminder regarding our final camera-ready submission review meeting, scheduled for today, 11 June, from 3–5 PM IST.",MAIL4PY6JQB3
pn8,mg185,attends,Thank you all for your excellent engagement and constructive feedback during yesterday’s camera-ready review meeting.,MAIL95LX4YTQ
pn7,mg185,attends,Thank you all for your excellent engagement and constructive feedback during yesterday’s camera-ready review meeting.,MAIL95LX4YTQ
pn2,mg185,attends,Thank you all for your excellent engagement and constructive feedback during yesterday’s camera-ready review meeting.,MAIL95LX4YTQ
pn2,mg186,attends,"Should anyone feel a brief wrap-up call is necessary, please indicate availability by tomorrow noon (IST).",MAILEV5P6HJL
pn1,mg186,attends,"Should anyone feel a brief wrap-up call is necessary, please indicate availability by tomorrow noon (IST).",MAILEV5P6HJL
pn7,mg186,attends,"Should anyone feel a brief wrap-up call is necessary, please indicate availability by tomorrow noon (IST).",MAILEV5P6HJL
pn8,mg186,attends,"Should anyone feel a brief wrap-up call is necessary, please indicate availability by tomorrow noon (IST).",MAILEV5P6HJL
pn1,c14,attends,We look forward to your participation in the conference.,MAILEU7QX13A
pn1,c14,attends,we congratulate your team and look forward to welcoming you to ACL 2022!,MAILT5B8WY2C
pn2,c14,attends,we congratulate your team and look forward to welcoming you to ACL 2022!,MAILT5B8WY2C
pn7,c14,attends,we congratulate your team and look forward to welcoming you to ACL 2022!,MAILT5B8WY2C
pn8,c14,attends,we congratulate your team and look forward to welcoming you to ACL 2022!,MAILT5B8WY2C
pn1,mg187,attends,I propose we hold a group rehearsal once the slot is assigned. I’ve tentatively blocked team availability from 17–19 July for a dry run,MAIL4V8XZUP2
pn2,mg187,attends,I propose we hold a group rehearsal once the slot is assigned. I’ve tentatively blocked team availability from 17–19 July for a dry run,MAIL4V8XZUP2
pn7,mg187,attends,I propose we hold a group rehearsal once the slot is assigned. I’ve tentatively blocked team availability from 17–19 July for a dry run,MAIL4V8XZUP2
pn8,mg187,attends,I propose we hold a group rehearsal once the slot is assigned. I’ve tentatively blocked team availability from 17–19 July for a dry run,MAIL4V8XZUP2
pn1,c14,attends,Looking forward to representing our work at ACL together!,MAIL4V8XZUP2
pn2,c14,attends,Looking forward to representing our work at ACL together!,MAIL4V8XZUP2
pn7,c14,attends,Looking forward to representing our work at ACL together!,MAIL4V8XZUP2
pn8,c14,attends,Looking forward to representing our work at ACL together!,MAIL4V8XZUP2
pn1,c14,attends,"delivering a coordinated, impactful presentation at ACL 2022.",MAILGQZ48VLD
pn2,c14,attends,"delivering a coordinated, impactful presentation at ACL 2022.",MAILGQZ48VLD
pn7,c14,attends,"delivering a coordinated, impactful presentation at ACL 2022.",MAILGQZ48VLD
pn8,c14,attends,"delivering a coordinated, impactful presentation at ACL 2022.",MAILGQZ48VLD
pn1,c14,attends,Looking forward to making our presence felt at ACL 2022!,MAILAH8FSWP2
pn2,c14,attends,Looking forward to making our presence felt at ACL 2022!,MAILAH8FSWP2
pn7,c14,attends,Looking forward to making our presence felt at ACL 2022!,MAILAH8FSWP2
pn8,c14,attends,Looking forward to making our presence felt at ACL 2022!,MAILAH8FSWP2
pn8,mg188,attends,"Regarding rehearsal, the 18th of July works for me as well.",MAIL3G7BE6VP
pn1,mg188,attends,"Regarding rehearsal, the 18th of July works for me as well.",MAIL3G7BE6VP
pn2,mg188,attends,"Regarding rehearsal, the 18th of July works for me as well.",MAIL3G7BE6VP
pn7,mg188,attends,"Regarding rehearsal, the 18th of July works for me as well.",MAIL3G7BE6VP
pn1,c1,attends,I’m looking forward to delivering our work together at ACL,MAIL3G7BE6VP
pn2,c1,attends,I’m looking forward to delivering our work together at ACL,MAIL3G7BE6VP
pn7,c1,attends,I’m looking forward to delivering our work together at ACL,MAIL3G7BE6VP
pn8,c1,attends,I’m looking forward to delivering our work together at ACL,MAIL3G7BE6VP
pn2,mg190,attends,could we please confirm 18 July (Thursday) at 2:00 PM BST / 6:30 PM IST / 6:00 AM PDT for our final rehearsal?,MAILEP7ZUKR1
pn7,mg190,attends,could we please confirm 18 July (Thursday) at 2:00 PM BST / 6:30 PM IST / 6:00 AM PDT for our final rehearsal?,MAILEP7ZUKR1
pn8,mg190,attends,could we please confirm 18 July (Thursday) at 2:00 PM BST / 6:30 PM IST / 6:00 AM PDT for our final rehearsal?,MAILEP7ZUKR1
pn1,mg190,attends,could we please confirm 18 July (Thursday) at 2:00 PM BST / 6:30 PM IST / 6:00 AM PDT for our final rehearsal?,MAILEP7ZUKR1
pn7,mg191,attends,I confirm my availability for the rehearsal at 2:00 PM BST / 6:30 PM IST / 6:00 AM PDT on the 18th and appreciate you arranging the Zoom logistics.,MAILEU72D3V1
pn1,mg191,attends,"Dear Sunita, Prof. Bhatia, and Ananya,",MAILEU72D3V1
pn2,mg191,attends,"Dear Sunita, Prof. Bhatia, and Ananya,",MAILEU72D3V1
pn8,mg191,attends,"Dear Sunita, Prof. Bhatia, and Ananya,",MAILEU72D3V1
pn1,c1,attends,as we finalize our preparations for the upcoming ACL presentation.,MAILV6YZJ359
pn7,c1,attends,as we finalize our preparations for the upcoming ACL presentation.,MAILV6YZJ359
pn8,c1,attends,as we finalize our preparations for the upcoming ACL presentation.,MAILV6YZJ359
pn2,mg192,attends,I look forward to seeing you all (virtually) at the rehearsal on the 18th.,MAILV6YZJ359
pn1,mg192,attends,I look forward to seeing you all (virtually) at the rehearsal on the 18th.,MAILV6YZJ359
pn7,mg192,attends,I look forward to seeing you all (virtually) at the rehearsal on the 18th.,MAILV6YZJ359
pn8,mg192,attends,I look forward to seeing you all (virtually) at the rehearsal on the 18th.,MAILV6YZJ359
pn1,mg193,attends,Action Items and Agenda for our 18 July Rehearsal:,MAILFP2H8UZS
pn2,mg193,attends,Action Items and Agenda for our 18 July Rehearsal:,MAILFP2H8UZS
pn7,mg193,attends,Action Items and Agenda for our 18 July Rehearsal:,MAILFP2H8UZS
pn8,mg193,attends,Action Items and Agenda for our 18 July Rehearsal:,MAILFP2H8UZS
pn1,mg194,attends,"Michael, I suggest we connect at 4:30 PM IST (8:00 AM PDT / 12:00 PM BST) on 17 July for a brief 20-minute call to ensure all animations and transitions run smoothly.",MAILFP2H8UZS
pn7,mg194,attends,"Michael, I suggest we connect at 4:30 PM IST (8:00 AM PDT / 12:00 PM BST) on 17 July for a brief 20-minute call to ensure all animations and transitions run smoothly.",MAILFP2H8UZS
pn7,mg195,attends,I confirm my availability for the pre-rehearsal transitions check at 4:30 PM IST / 8:00 AM PDT / 12:00 PM BST on 17 July,MAIL9MD3K2SW
pn1,c14,attends,Looking forward to our full dry run and confident the team is in excellent shape for ACL 2022.,MAIL9MD3K2SW
pn2,c14,attends,Looking forward to our full dry run and confident the team is in excellent shape for ACL 2022.,MAIL9MD3K2SW
pn7,c14,attends,Looking forward to our full dry run and confident the team is in excellent shape for ACL 2022.,MAIL9MD3K2SW
pn8,c14,attends,Looking forward to our full dry run and confident the team is in excellent shape for ACL 2022.,MAIL9MD3K2SW
pn1,mg196,attends,"Thank you all for joining the rehearsal today, and for your dedicated preparation and collaborative spirit throughout this process.",MAILFR1B2VQ8
pn7,mg196,attends,"Thank you all for joining the rehearsal today, and for your dedicated preparation and collaborative spirit throughout this process.",MAILFR1B2VQ8
pn8,mg196,attends,"Thank you all for joining the rehearsal today, and for your dedicated preparation and collaborative spirit throughout this process.",MAILFR1B2VQ8
pn2,mg196,attends,Michael and I contributed insights on potential computational and technical queries.,MAILFR1B2VQ8
pn1,mg197,attends,confirm your readiness for the conference session on 25 July.,MAILFR1B2VQ8
pn7,mg197,attends,confirm your readiness for the conference session on 25 July.,MAILFR1B2VQ8
pn8,mg197,attends,confirm your readiness for the conference session on 25 July.,MAILFR1B2VQ8
pn2,mg197,attends,confirm your readiness for the conference session on 25 July.,MAILFR1B2VQ8
pn1,c14,attends,Looking forward to our presentation on the 25th and to representing our interdisciplinary collaboration at ACL 2022.,MAILE82NVM5K
pn2,c14,attends,Looking forward to our presentation on the 25th and to representing our interdisciplinary collaboration at ACL 2022.,MAILE82NVM5K
pn7,c14,attends,Looking forward to our presentation on the 25th and to representing our interdisciplinary collaboration at ACL 2022.,MAILE82NVM5K
pn8,c14,attends,Looking forward to our presentation on the 25th and to representing our interdisciplinary collaboration at ACL 2022.,MAILE82NVM5K
pn1,c14,attends,Thank you all for your prompt acknowledgments and steadfast collaboration as we approach the final stretch before our ACL 2022 presentation.,MAILU3DH46ZY
pn2,c14,attends,Thank you all for your prompt acknowledgments and steadfast collaboration as we approach the final stretch before our ACL 2022 presentation.,MAILU3DH46ZY
pn7,c14,attends,Thank you all for your prompt acknowledgments and steadfast collaboration as we approach the final stretch before our ACL 2022 presentation.,MAILU3DH46ZY
pn8,c14,attends,Thank you all for your prompt acknowledgments and steadfast collaboration as we approach the final stretch before our ACL 2022 presentation.,MAILU3DH46ZY
pn1,mg198,attends,"I am confident that, together, we are ready to deliver a high-quality, engaging presentation to the ACL audience on 25 July.",MAILU3DH46ZY
pn2,mg198,attends,"I am confident that, together, we are ready to deliver a high-quality, engaging presentation to the ACL audience on 25 July.",MAILU3DH46ZY
pn7,mg198,attends,"I am confident that, together, we are ready to deliver a high-quality, engaging presentation to the ACL audience on 25 July.",MAILU3DH46ZY
pn8,mg198,attends,"I am confident that, together, we are ready to deliver a high-quality, engaging presentation to the ACL audience on 25 July.",MAILU3DH46ZY
pn1,c14,attends,"I am writing to confirm that the final slide deck for our ACL 2022 presentation, with the requested updates to citation formatting, has been uploaded to our shared Google Drive folder",MAILN8ZH72FS
pn2,c14,attends,Looking forward to presenting together on 25 July and wishing us all the best in the final countdown!,MAILN8ZH72FS
pn7,c14,attends,Looking forward to presenting together on 25 July and wishing us all the best in the final countdown!,MAILN8ZH72FS
pn8,c14,attends,Looking forward to presenting together on 25 July and wishing us all the best in the final countdown!,MAILN8ZH72FS
pn1,mg199,attends,A few logistical notes for our scheduled session on 25 July:,MAIL2QGF57AM
pn7,mg199,attends,A few logistical notes for our scheduled session on 25 July:,MAIL2QGF57AM
pn8,mg199,attends,A few logistical notes for our scheduled session on 25 July:,MAIL2QGF57AM
pn1,c1,attends,"The deck, when paired with Ananya’s finalized Q&A handout, offers a coherent and well-supported narrative that should resonate with the ACL audience.",MAIL2QGF57AM
pn7,c1,attends,"The deck, when paired with Ananya’s finalized Q&A handout, offers a coherent and well-supported narrative that should resonate with the ACL audience.",MAIL2QGF57AM
pn8,c1,attends,"The deck, when paired with Ananya’s finalized Q&A handout, offers a coherent and well-supported narrative that should resonate with the ACL audience.",MAIL2QGF57AM
pn1,mg201,attends,As we approach our scheduled presentation on 25 July,MAILP57QXJKL
pn2,mg201,attends,Checklist for 25 July ACL 2022 Session,MAILP57QXJKL
pn7,mg201,attends,Checklist for 25 July ACL 2022 Session,MAILP57QXJKL
pn8,mg201,attends,Checklist for 25 July ACL 2022 Session,MAILP57QXJKL
pn8,mg202,attends,"I confirm my availability and will log in well in advance as planned (1:00 PM BST), with both primary and backup Zoom links ready.",MAILES4BKP83
pn2,c1,attends,"Prof. Bhatia, I look forward to your introduction cue ahead of Sunita’s opening slides.",MAILES4BKP83
pn1,c1,attends,"Sunita, your coordination with the session chair and readiness as the lead presenter ensures a smooth launch.",MAILES4BKP83
pn7,mg202,attends,"Michael, thank you again for setting up the backup Zoom environment—your technical stewardship has been invaluable",MAILES4BKP83
pn1,mg202,attends,"Sunita, your coordination with the session chair and readiness as the lead presenter ensures a smooth launch.",MAILES4BKP83
pn2,mg202,attends,"Prof. Bhatia, I look forward to your introduction cue ahead of Sunita’s opening slides.",MAILES4BKP83
pn7,c1,attends,Wishing everyone a successful and engaging session tomorrow! I’m proud of our coordinated effort as a team and look forward to presenting our research to the wider ACL community.,MAILES4BKP83
pn8,c1,attends,I’m proud of our coordinated effort as a team and look forward to presenting our research to the wider ACL community.,MAILES4BKP83
pn1,c14,attends,the success of our ACL 2022 presentation earlier today.,MAILF95BM8TZ
pn7,c14,attends,the success of our ACL 2022 presentation earlier today.,MAILF95BM8TZ
pn8,c14,attends,the success of our ACL 2022 presentation earlier today.,MAILF95BM8TZ
pn2,c14,attends,the success of our ACL 2022 presentation earlier today.,MAILF95BM8TZ
pn1,mg203,attends,"Please share your availability for a 30-minute Zoom slot, ideally before 2 August.",MAILF95BM8TZ
pn7,mg203,attends,"Please share your availability for a 30-minute Zoom slot, ideally before 2 August.",MAILF95BM8TZ
pn8,mg203,attends,"Please share your availability for a 30-minute Zoom slot, ideally before 2 August.",MAILF95BM8TZ
pn2,c14,attends,following our successful ACL 2022 presentation,MAILJ39KDZ1F
pn1,c14,attends,following our successful ACL 2022 presentation,MAILJ39KDZ1F
pn8,c14,attends,following our successful ACL 2022 presentation,MAILJ39KDZ1F
pn7,c14,attends,following our successful ACL 2022 presentation,MAILJ39KDZ1F
pn7,mg204,attends,"To coordinate a timely debrief and planning session, I propose the following time slots for a 30-minute Zoom catch-up",MAILJ39KDZ1F
pn2,mg204,attends,"To coordinate a timely debrief and planning session, I propose the following time slots for a 30-minute Zoom catch-up",MAILJ39KDZ1F
pn1,mg204,attends,"To coordinate a timely debrief and planning session, I propose the following time slots for a 30-minute Zoom catch-up",MAILJ39KDZ1F
pn8,mg204,attends,"To coordinate a timely debrief and planning session, I propose the following time slots for a 30-minute Zoom catch-up",MAILJ39KDZ1F
pn7,mg204,attends,"Wednesday, 31 July: 6:00 PM IST / 1:30 PM BST / 5:30 AM PDT",MAILJ39KDZ1F
pn2,mg204,attends,"Wednesday, 31 July: 6:00 PM IST / 1:30 PM BST / 5:30 AM PDT",MAILJ39KDZ1F
pn1,mg204,attends,"Wednesday, 31 July: 6:00 PM IST / 1:30 PM BST / 5:30 AM PDT",MAILJ39KDZ1F
pn8,mg204,attends,"Wednesday, 31 July: 6:00 PM IST / 1:30 PM BST / 5:30 AM PDT",MAILJ39KDZ1F
pn7,mg204,attends,"Thursday, 1 August: 3:00 PM IST / 10:30 AM BST / 2:30 AM PDT",MAILJ39KDZ1F
pn2,mg204,attends,"Thursday, 1 August: 3:00 PM IST / 10:30 AM BST / 2:30 AM PDT",MAILJ39KDZ1F
pn1,mg204,attends,"Thursday, 1 August: 3:00 PM IST / 10:30 AM BST / 2:30 AM PDT",MAILJ39KDZ1F
pn8,mg204,attends,"Thursday, 1 August: 3:00 PM IST / 10:30 AM BST / 2:30 AM PDT",MAILJ39KDZ1F
pn7,mg205,attends,"Dear Michael, Prof. Bhatia, and Ananya,",MAIL1X7BKDZ3
pn2,mg205,attends,"Dear Michael, Prof. Bhatia, and Ananya,",MAIL1X7BKDZ3
pn8,mg205,attends,"Dear Michael, Prof. Bhatia, and Ananya,",MAIL1X7BKDZ3
pn1,mg205,attends,Please let me know what the rest of the team prefers.,MAIL1X7BKDZ3
pn1,c18,attends,for already compiling feedback from our ACL session,MAIL3F7NKLQ2
pn8,mg206,attends,"I’m available for the Tuesday, 30 July slot at 4:00 PM IST",MAIL3F7NKLQ2
pn1,mg206,attends,"Dear Sunita, Michael, and Prof. Bhatia,",MAIL3F7NKLQ2
pn7,mg206,attends,"Dear Sunita, Michael, and Prof. Bhatia,",MAIL3F7NKLQ2
pn2,mg206,attends,"Dear Sunita, Michael, and Prof. Bhatia,",MAIL3F7NKLQ2
pn7,mg207,attends,"Dear Michael, Sunita, and Ananya,

Thank you all for your prompt feedback and willingness to coordinate swiftly for our debrief and planning session. I am pleased to confirm that Tuesday, 30 July at 4:00 PM IST ... works for me as well, so let’s move forward with that slot.",MAILD2V87PQM
pn1,mg207,attends,"Dear Michael, Sunita, and Ananya,

Thank you all for your prompt feedback and willingness to coordinate swiftly for our debrief and planning session. I am pleased to confirm that Tuesday, 30 July at 4:00 PM IST ... works for me as well, so let’s move forward with that slot.",MAILD2V87PQM
pn8,mg207,attends,"Dear Michael, Sunita, and Ananya,

Thank you all for your prompt feedback and willingness to coordinate swiftly for our debrief and planning session. I am pleased to confirm that Tuesday, 30 July at 4:00 PM IST ... works for me as well, so let’s move forward with that slot.",MAILD2V87PQM
pn2,mg207,attends,"Thank you all for your prompt feedback and willingness to coordinate swiftly for our debrief and planning session. I am pleased to confirm that Tuesday, 30 July at 4:00 PM IST ... works for me as well, so let’s move forward with that slot.",MAILD2V87PQM
pn1,mg208,attends,"Dear Sunita, Prof. Bhatia, and Ananya,

Thank you all for confirming your availability for the debrief and follow-up meeting. I’ve scheduled our Zoom session for Tuesday, 30 July, at 4:00 PM IST...",MAIL7K29XBTL
pn2,mg208,attends,"Dear Sunita, Prof. Bhatia, and Ananya,

Thank you all for confirming your availability for the debrief and follow-up meeting. I’ve scheduled our Zoom session for Tuesday, 30 July, at 4:00 PM IST...",MAIL7K29XBTL
pn8,mg208,attends,"Dear Sunita, Prof. Bhatia, and Ananya,

Thank you all for confirming your availability for the debrief and follow-up meeting. I’ve scheduled our Zoom session for Tuesday, 30 July, at 4:00 PM IST...",MAIL7K29XBTL
pn7,mg208,attends,"I’ve scheduled our Zoom session for Tuesday, 30 July, at 4:00 PM IST (11:30 AM BST / 3:30 AM PDT) as agreed by everyone.",MAIL7K29XBTL
pn7,mg209,attends,Thank you all for a focused and collaborative debrief meeting yesterday.,MAILP4A8B9WJ
pn2,mg209,attends,Thank you all for a focused and collaborative debrief meeting yesterday.,MAILP4A8B9WJ
pn8,mg209,attends,Thank you all for a focused and collaborative debrief meeting yesterday.,MAILP4A8B9WJ
pn1,mg209,attends,Thank you all for a focused and collaborative debrief meeting yesterday.,MAILP4A8B9WJ
pn7,mg210,attends,I suggest we schedule a brief sync in a couple of weeks to check progress and coordinate on integration before the first complete draft.,MAILE1R92QMB
pn1,mg210,attends,I suggest we schedule a brief sync in a couple of weeks to check progress and coordinate on integration before the first complete draft.,MAILE1R92QMB
pn2,mg210,attends,I suggest we schedule a brief sync in a couple of weeks to check progress and coordinate on integration before the first complete draft.,MAILE1R92QMB
pn8,mg210,attends,I suggest we schedule a brief sync in a couple of weeks to check progress and coordinate on integration before the first complete draft.,MAILE1R92QMB
pn8,c1,attends,preliminary remarks from the session chair (courtesy of Ananya’s initial outreach),MAILX8FAQ57P
pn8,c1,attends,collective insights received from the ACL attendees,MAIL4DZ7R2S9
pn14,c1,attends,I have now heard back from our ACL session chair (Dr. Elena Markov),MAIL4DZ7R2S9
pn7,mg211,attends,"Michael, if you could circulate your availability for a 20-30 min check-in, we can align schedules accordingly.",MAILUTQ92YXM
pn1,mg211,attends,Let’s aim to review all materials and finalize integration plans during a short call mid-next week.,MAILUTQ92YXM
pn2,mg211,attends,"Dear Michael, Prof. Bhatia, and Ananya, ... Let’s aim to review all materials and finalize integration plans during a short call mid-next week.",MAILUTQ92YXM
pn8,mg211,attends,"Dear Michael, Prof. Bhatia, and Ananya, ... Let’s aim to review all materials and finalize integration plans during a short call mid-next week.",MAILUTQ92YXM
pn8,mg212,attends,I propose we meet on 15 August at 2:30pm BST / 7pm IST / 6:30am PDT (Stanford).,MAILFT3W8XZ7
pn1,mg212,attends,I propose we meet on 15 August at 2:30pm BST / 7pm IST / 6:30am PDT (Stanford).,MAILFT3W8XZ7
pn2,mg212,attends,I propose we meet on 15 August at 2:30pm BST / 7pm IST / 6:30am PDT (Stanford).,MAILFT3W8XZ7
pn7,mg212,attends,I propose we meet on 15 August at 2:30pm BST / 7pm IST / 6:30am PDT (Stanford).,MAILFT3W8XZ7
pn1,mg213,attends,"Thank you all for confirming your availability for today’s check-in ... Before our meeting at 7pm IST (2:30pm BST, 6:30am PDT)",MAILZ72Y1FHS
pn7,mg213,attends,"Thank you all for confirming your availability for today’s check-in ... Before our meeting at 7pm IST (2:30pm BST, 6:30am PDT)",MAILZ72Y1FHS
pn8,mg213,attends,"Thank you all for confirming your availability for today’s check-in ... Before our meeting at 7pm IST (2:30pm BST, 6:30am PDT)",MAILZ72Y1FHS
pn2,mg213,attends,Looking forward to seeing everyone shortly and to synthesizing these last pieces for a robust submission package.,MAILZ72Y1FHS
pn1,mg214,attends,Thank you for the engaging and productive discussion during yesterday’s Zoom call.,MAIL12X9MJ8L
pn2,mg214,attends,Thank you for the engaging and productive discussion during yesterday’s Zoom call.,MAIL12X9MJ8L
pn7,mg214,attends,Thank you for the engaging and productive discussion during yesterday’s Zoom call.,MAIL12X9MJ8L
pn8,mg214,attends,Thank you for the engaging and productive discussion during yesterday’s Zoom call.,MAIL12X9MJ8L
pn1,mg215,attends,please reply to this thread by 10:00 BST (14:30 IST) tomorrow.,MAILE8V2RZQS
pn2,mg215,attends,please reply to this thread by 10:00 BST (14:30 IST) tomorrow.,MAILE8V2RZQS
pn8,mg215,attends,please reply to this thread by 10:00 BST (14:30 IST) tomorrow.,MAILE8V2RZQS
pn1,mg216,attends,"I suggest we meet on Thursday, 12 September, at 15:30 IST (11:00 BST, 03:00 PDT) for a brief discussion—please let me know if this timing is suitable.",MAILKL98XWER
pn8,mg216,attends,"Dear Ananya, Prof. Bhatia, and Michael, I suggest we meet on Thursday, 12 September, at 15:30 IST (11:00 BST, 03:00 PDT) for a brief discussion—please let me know if this timing is suitable.",MAILKL98XWER
pn2,mg216,attends,"Dear Ananya, Prof. Bhatia, and Michael, I suggest we meet on Thursday, 12 September, at 15:30 IST (11:00 BST, 03:00 PDT) for a brief discussion—please let me know if this timing is suitable.",MAILKL98XWER
pn7,mg216,attends,"Dear Ananya, Prof. Bhatia, and Michael, I suggest we meet on Thursday, 12 September, at 15:30 IST (11:00 BST, 03:00 PDT) for a brief discussion—please let me know if this timing is suitable.",MAILKL98XWER
pn1,mg217,attends,"Thank you, Sunita, for organizing Thursday’s Google Meet...",MAILPW4N2X7Q
pn8,mg217,attends,"Dear Sunita, Ananya, and Prof. Bhatia,",MAILPW4N2X7Q
pn2,mg217,attends,"Dear Sunita, Ananya, and Prof. Bhatia,",MAILPW4N2X7Q
pn7,mg217,attends,Looking forward to our meeting and the next steps for both journal communications and stakeholder outreach.,MAILPW4N2X7Q
pn1,mg218,attends,"Attendees: Sunita Sen, Dr. Michael Bradley, Prof. Ramesh Bhatia, Dr. Ananya Chatterjee",MAILT47G2YKS
pn7,mg218,attends,"Attendees: Sunita Sen, Dr. Michael Bradley, Prof. Ramesh Bhatia, Dr. Ananya Chatterjee",MAILT47G2YKS
pn2,mg218,attends,"Attendees: Sunita Sen, Dr. Michael Bradley, Prof. Ramesh Bhatia, Dr. Ananya Chatterjee",MAILT47G2YKS
pn8,mg218,attends,"Attendees: Sunita Sen, Dr. Michael Bradley, Prof. Ramesh Bhatia, Dr. Ananya Chatterjee",MAILT47G2YKS
pn2,mg219,attends,"In anticipation of our biweekly check-in, I propose we tentatively set our next internal call for Thursday, 26 September, at the same time slot as our previous session (15:30 IST / 11:00 BST).",MAILAU81KTPX
pn1,mg219,attends,"In anticipation of our biweekly check-in, I propose we tentatively set our next internal call for Thursday, 26 September, at the same time slot as our previous session (15:30 IST / 11:00 BST).",MAILAU81KTPX
pn7,mg219,attends,"In anticipation of our biweekly check-in, I propose we tentatively set our next internal call for Thursday, 26 September, at the same time slot as our previous session (15:30 IST / 11:00 BST).",MAILAU81KTPX
pn8,mg219,attends,"In anticipation of our biweekly check-in, I propose we tentatively set our next internal call for Thursday, 26 September, at the same time slot as our previous session (15:30 IST / 11:00 BST).",MAILAU81KTPX
pn1,mg220,attends,please confirm if the 26 September internal call remains suitable for everyone,MAILE54MSZ19
pn7,mg220,attends,please confirm if the 26 September internal call remains suitable for everyone,MAILE54MSZ19
pn8,mg220,attends,please confirm if the 26 September internal call remains suitable for everyone,MAILE54MSZ19
pn2,mg220,attends,please confirm if the 26 September internal call remains suitable for everyone,MAILE54MSZ19
pn7,mg221,attends,"Regarding the proposed internal call on 26 September: the timing works for me, and I look forward to our synthesis review and planning for external dissemination.",MAILL28CX1FD
pn8,mg222,attends,For our 26 September call (15:30 IST / 11:00 BST),MAILQ52C8NML
pn1,mg222,attends,For our 26 September call (15:30 IST / 11:00 BST),MAILQ52C8NML
pn7,mg222,attends,For our 26 September call (15:30 IST / 11:00 BST),MAILQ52C8NML
pn2,mg222,attends,For our 26 September call (15:30 IST / 11:00 BST),MAILQ52C8NML
pn8,mg223,attends,"Our internal call remains confirmed for Thursday, 26 September at 15:30 IST / 11:00 BST.",MAILY5JK29XM
pn1,mg223,attends,"Our internal call remains confirmed for Thursday, 26 September at 15:30 IST / 11:00 BST.",MAILY5JK29XM
pn7,mg223,attends,"Our internal call remains confirmed for Thursday, 26 September at 15:30 IST / 11:00 BST.",MAILY5JK29XM
pn2,mg223,attends,"Our internal call remains confirmed for Thursday, 26 September at 15:30 IST / 11:00 BST.",MAILY5JK29XM
pn1,mg224,attends,"Attendees: Sunita Sen, Dr. Ananya Chatterjee, Dr. Michael Bradley, Prof. Ramesh Bhatia",MAIL4XM2QNTB
pn8,mg224,attends,"Attendees: Sunita Sen, Dr. Ananya Chatterjee, Dr. Michael Bradley, Prof. Ramesh Bhatia",MAIL4XM2QNTB
pn7,mg224,attends,"Attendees: Sunita Sen, Dr. Ananya Chatterjee, Dr. Michael Bradley, Prof. Ramesh Bhatia",MAIL4XM2QNTB
pn2,mg224,attends,"Attendees: Sunita Sen, Dr. Ananya Chatterjee, Dr. Michael Bradley, Prof. Ramesh Bhatia",MAIL4XM2QNTB
pn2,mg225,attends,"Regarding the proposed progress review call for the week of 14 October, I am generally available on 15, 16, and 17 October between 15:00-17:00 IST (10:30-12:30 BST / 02:30-04:30 PDT).",MAIL1N8ZJ3KV
pn1,mg225,attends,"Please advise if these windows suit everyone, or suggest alternates.",MAIL1N8ZJ3KV
pn8,mg225,attends,"Please advise if these windows suit everyone, or suggest alternates.",MAIL1N8ZJ3KV
pn7,mg225,attends,"Please advise if these windows suit everyone, or suggest alternates.",MAIL1N8ZJ3KV
pn1,mg226,attends,"Michael and Sunita, please confirm if the suggested slot suits your respective time zones.",MAILJD3X7P2L
pn7,mg226,attends,"Michael and Sunita, please confirm if the suggested slot suits your respective time zones.",MAILJD3X7P2L
pn2,mg226,attends,Thank you all for the constructive input and scheduling proposals for our forthcoming progress review.,MAILJD3X7P2L
pn8,mg226,attends,Thank you all for the constructive input and scheduling proposals for our forthcoming progress review.,MAILJD3X7P2L
pn8,mg227,attends,I would like to confirm my general availability on 15 and 16 October between 10:30–12:30 BST,MAILJD3X7P2L
pn1,mg227,attends,which should align well with the windows noted by Prof. Bhatia.,MAILJD3X7P2L
pn7,mg227,attends,which should align well with the windows noted by Prof. Bhatia.,MAILJD3X7P2L
pn2,mg227,attends,which should align well with the windows noted by Prof. Bhatia.,MAILJD3X7P2L
pn8,mg228,attends,"Dear Ananya, Michael, and Prof. Bhatia,

Thank you all for aligning your schedules ... I confirm that 16 October at 15:30 IST (11:00 BST / 03:00 PDT) works well for me",MAILM3WJ7S8D
pn7,mg228,attends,"Dear Ananya, Michael, and Prof. Bhatia,

Thank you all for aligning your schedules ... I confirm that 16 October at 15:30 IST (11:00 BST / 03:00 PDT) works well for me",MAILM3WJ7S8D
pn2,mg228,attends,"Dear Ananya, Michael, and Prof. Bhatia,

Thank you all for aligning your schedules ... I confirm that 16 October at 15:30 IST (11:00 BST / 03:00 PDT) works well for me",MAILM3WJ7S8D
pn1,mg228,attends,I confirm that 16 October at 15:30 IST (11:00 BST / 03:00 PDT) works well for me,MAILM3WJ7S8D
pn8,mg229,attends,"Dear Ananya, Sunita, and Prof. Bhatia,",MAILW9J4S1QN
pn1,mg229,attends,"Dear Ananya, Sunita, and Prof. Bhatia,",MAILW9J4S1QN
pn2,mg229,attends,"Dear Ananya, Sunita, and Prof. Bhatia,",MAILW9J4S1QN
pn7,mg229,attends,I am pleased that 16 October at 15:30 IST / 11:00 BST / 03:00 PDT is now fixed for our next review call. I will be present and available,MAILW9J4S1QN
pn1,mg230,attends,"Dear Sunita, Michael, and Prof. Bhatia,

Thank you again to everyone for confirming your availability and for the thorough preparations in advance of our next coordination call.",MAILH8N2S0VW
pn7,mg230,attends,"Dear Sunita, Michael, and Prof. Bhatia,

Thank you again to everyone for confirming your availability and for the thorough preparations in advance of our next coordination call.",MAILH8N2S0VW
pn2,mg230,attends,"Dear Sunita, Michael, and Prof. Bhatia,

Thank you again to everyone for confirming your availability and for the thorough preparations in advance of our next coordination call.",MAILH8N2S0VW
pn8,mg230,attends,"Should any updates from JOCCH or our respective press offices arise before the call, I will distribute them immediately to allow for real-time adjustment to our agenda.",MAILH8N2S0VW
pn8,mg231,attends,"Ananya, thank you for coordinating the Google Meet logistics and Oxford compliance;",MAILJK29BX4L
pn1,mg231,attends,"Should any communications from JOCCH arise ahead of the 16 October meeting, I will alert the group immediately.",MAILJK29BX4L
pn7,mg231,attends,"Should any communications from JOCCH arise ahead of the 16 October meeting, I will alert the group immediately.",MAILJK29BX4L
pn2,mg231,attends,"Should any communications from JOCCH arise ahead of the 16 October meeting, I will alert the group immediately.",MAILJK29BX4L
pn2,mg232,attends,"Participants: Prof. Ramesh Bhatia (chair), Dr. Ananya Chatterjee, Dr. Michael Bradley, Ms. Sunita Sen",MAILE0B2F6KD
pn8,mg232,attends,"Participants: Prof. Ramesh Bhatia (chair), Dr. Ananya Chatterjee, Dr. Michael Bradley, Ms. Sunita Sen",MAILE0B2F6KD
pn7,mg232,attends,"Participants: Prof. Ramesh Bhatia (chair), Dr. Ananya Chatterjee, Dr. Michael Bradley, Ms. Sunita Sen",MAILE0B2F6KD
pn1,mg232,attends,"Participants: Prof. Ramesh Bhatia (chair), Dr. Ananya Chatterjee, Dr. Michael Bradley, Ms. Sunita Sen",MAILE0B2F6KD
pn2,c19,attends,Prospects for Joint JCDL 2022 Submission,MAILE0B2F6KD
pn8,c19,attends,Prospects for Joint JCDL 2022 Submission,MAILE0B2F6KD
pn7,c19,attends,Prospects for Joint JCDL 2022 Submission,MAILE0B2F6KD
pn1,c19,attends,Prospects for Joint JCDL 2022 Submission,MAILE0B2F6KD
pn7,c19,attends,"Finally, as we turn our focus increasingly to planning for JCDL 2022, these enriched scenarios may serve as a living resource for our future submissions and outreach preparations.",MAILA8M5Y1ZT
pn2,c19,attends,"Finally, as we turn our focus increasingly to planning for JCDL 2022, these enriched scenarios may serve as a living resource for our future submissions and outreach preparations.",MAILA8M5Y1ZT
pn1,c19,attends,"Finally, as we turn our focus increasingly to planning for JCDL 2022, these enriched scenarios may serve as a living resource for our future submissions and outreach preparations.",MAILA8M5Y1ZT
pn8,c19,attends,"Finally, as we turn our focus increasingly to planning for JCDL 2022, these enriched scenarios may serve as a living resource for our future submissions and outreach preparations.",MAILA8M5Y1ZT
pn1,c19,attends,"Initial feedback suggests that our explicit cross-references to Stanford’s and Oxford’s procedures have been helpful in contextualizing expected information flows for joint projects, particularly ahead of JCDL 2022.",MAILX3S2V5NB
pn8,c19,attends,"Initial feedback suggests that our explicit cross-references to Stanford’s and Oxford’s procedures have been helpful in contextualizing expected information flows for joint projects, particularly ahead of JCDL 2022.",MAILX3S2V5NB
pn2,c19,attends,"Initial feedback suggests that our explicit cross-references to Stanford’s and Oxford’s procedures have been helpful in contextualizing expected information flows for joint projects, particularly ahead of JCDL 2022.",MAILX3S2V5NB
pn7,c19,attends,"Initial feedback suggests that our explicit cross-references to Stanford’s and Oxford’s procedures have been helpful in contextualizing expected information flows for joint projects, particularly ahead of JCDL 2022.",MAILX3S2V5NB
pn1,mg233,attends,"To facilitate collaboration, shall we convene a focused virtual meeting later this month?",MAILE7U5K0TY
pn2,mg233,attends,"To facilitate collaboration, shall we convene a focused virtual meeting later this month?",MAILE7U5K0TY
pn8,mg233,attends,"To facilitate collaboration, shall we convene a focused virtual meeting later this month?",MAILE7U5K0TY
pn7,mg233,attends,"To facilitate collaboration, shall we convene a focused virtual meeting later this month?",MAILE7U5K0TY
pn7,mg234,attends,"Regarding the meeting, the proposed slot of Friday, 15 November at 15:00 IST (09:30 BST / 01:30 PST) is suitable for me, albeit a bit early here at Stanford.",MAILP2V9K7ZW
pn2,mg234,attends,"Dear Prof. Bhatia, Sunita, and Ananya,",MAILP2V9K7ZW
pn1,mg234,attends,"Dear Prof. Bhatia, Sunita, and Ananya,",MAILP2V9K7ZW
pn8,mg234,attends,"Dear Prof. Bhatia, Sunita, and Ananya,",MAILP2V9K7ZW
pn8,mg235,attends,Regarding the proposed meeting: the originally suggested time on 15 November (15:00 IST / 09:30 BST / 01:30 PST) is perfectly workable for me.,MAILS6B5H8TJ
pn8,mg236,attends,"However, I am happy to shift the meeting by 30 minutes later to 15:30 IST if that would be more comfortable for Michael and others.",MAILS6B5H8TJ
pn7,mg235,attends,"However, I am happy to shift the meeting by 30 minutes later to 15:30 IST if that would be more comfortable for Michael and others.",MAILS6B5H8TJ
pn7,mg236,attends,"However, I am happy to shift the meeting by 30 minutes later to 15:30 IST if that would be more comfortable for Michael and others.",MAILS6B5H8TJ
pn1,mg235,attends,"Dear Michael, Prof. Bhatia, and Sunita,",MAILS6B5H8TJ
pn2,mg235,attends,"Dear Michael, Prof. Bhatia, and Sunita,",MAILS6B5H8TJ
pn1,mg237,attends,"Given Michael’s preference and Ananya’s flexibility, let us finalize 15 November at 15:30 IST / 10:00 BST / 02:00 PST.",MAILF8L2W5XQ
pn7,mg237,attends,"Given Michael’s preference and Ananya’s flexibility, let us finalize 15 November at 15:30 IST / 10:00 BST / 02:00 PST.",MAILF8L2W5XQ
pn8,mg237,attends,"Given Michael’s preference and Ananya’s flexibility, let us finalize 15 November at 15:30 IST / 10:00 BST / 02:00 PST.",MAILF8L2W5XQ
pn2,mg237,attends,"Dear Ananya, Michael, and Prof. Bhatia,",MAILF8L2W5XQ
pn1,mg238,attends,"Dear Sunita, Ananya, and Michael,

Thank you all for your prompt coordination ... our meeting will proceed on Friday, 15 November at 15:30 IST / 10:00 BST / 02:00 PST.",MAILD5T4Q9ER
pn8,mg238,attends,"Dear Sunita, Ananya, and Michael,

Thank you all for your prompt coordination ... our meeting will proceed on Friday, 15 November at 15:30 IST / 10:00 BST / 02:00 PST.",MAILD5T4Q9ER
pn7,mg238,attends,"Dear Sunita, Ananya, and Michael,

Thank you all for your prompt coordination ... our meeting will proceed on Friday, 15 November at 15:30 IST / 10:00 BST / 02:00 PST.",MAILD5T4Q9ER
pn2,mg238,attends,"To formalize our arrangements, I am writing to confirm that our meeting will proceed on Friday, 15 November at 15:30 IST / 10:00 BST / 02:00 PST.",MAILD5T4Q9ER
pn2,mg239,attends,"Dear Prof. Bhatia, Ananya, and Michael,

I hope this message finds you all well. In line with our recent discussions, I am pleased to share the Google Meet link for our FAQ annex working session, scheduled for Friday, 15 November at 15:30 IST / 10:00 BST / 02:00 PST.",MAILE3V7W2ZA
pn8,mg239,attends,"Dear Prof. Bhatia, Ananya, and Michael,

I hope this message finds you all well. In line with our recent discussions, I am pleased to share the Google Meet link for our FAQ annex working session, scheduled for Friday, 15 November at 15:30 IST / 10:00 BST / 02:00 PST.",MAILE3V7W2ZA
pn7,mg239,attends,"Dear Prof. Bhatia, Ananya, and Michael,

I hope this message finds you all well. In line with our recent discussions, I am pleased to share the Google Meet link for our FAQ annex working session, scheduled for Friday, 15 November at 15:30 IST / 10:00 BST / 02:00 PST.",MAILE3V7W2ZA
pn1,mg239,attends,"Looking forward to a constructive and detailed discussion on Friday, and please don’t hesitate to circulate any additional agenda topics or materials in advance.",MAILE3V7W2ZA
pn7,mg240,attends,Looking forward to synthesizing our ideas during the meeting on 15 November.,MAILP3S8Q1DM
pn1,mg240,attends,Looking forward to synthesizing our ideas during the meeting on 15 November.,MAILP3S8Q1DM
pn8,mg240,attends,Looking forward to synthesizing our ideas during the meeting on 15 November.,MAILP3S8Q1DM
pn2,mg240,attends,Looking forward to synthesizing our ideas during the meeting on 15 November.,MAILP3S8Q1DM
pn1,c19,attends,this annex will undoubtedly strengthen our external engagement for JCDL 2022 and beyond.,MAILF4N1C2QB
pn7,c19,attends,this annex will undoubtedly strengthen our external engagement for JCDL 2022 and beyond.,MAILF4N1C2QB
pn2,c19,attends,this annex will undoubtedly strengthen our external engagement for JCDL 2022 and beyond.,MAILF4N1C2QB
pn8,c19,attends,this annex will undoubtedly strengthen our external engagement for JCDL 2022 and beyond.,MAILF4N1C2QB
pn1,mg241,attends,Please indicate your availability for preferred time slots on 25 or 26 November.,MAILE7K9TU3B
pn8,mg241,attends,Please indicate your availability for preferred time slots on 25 or 26 November.,MAILE7K9TU3B
pn7,mg241,attends,Please indicate your availability for preferred time slots on 25 or 26 November.,MAILE7K9TU3B
pn2,mg241,attends,"Assuming other participants are aligned, I support Sunita’s proposal for a final 30-minute check-in to approve and submit the FAQ annex within our November target. Please indicate your availability for preferred time slots on 25 or 26 November.",MAILE7K9TU3B
pn8,mg242,attends,"For our final check-in, I am available on both 25 and 26 November, preferably between 14:00–16:00 GMT (which should accommodate IST and PST participants).",MAILF8P4R2CW
pn1,mg242,attends,"For our final check-in, I am available on both 25 and 26 November, preferably between 14:00–16:00 GMT (which should accommodate IST and PST participants).",MAILF8P4R2CW
pn2,mg242,attends,"For our final check-in, I am available on both 25 and 26 November, preferably between 14:00–16:00 GMT (which should accommodate IST and PST participants).",MAILF8P4R2CW
pn7,mg242,attends,"For our final check-in, I am available on both 25 and 26 November, preferably between 14:00–16:00 GMT (which should accommodate IST and PST participants).",MAILF8P4R2CW
pn7,mg243,attends,"If convenient for all, 25 November at 14:30 GMT (20:00 IST / 06:30 PST) would work well for me; please confirm if this is suitable for others.",MAILX1D9E7ZP
pn1,mg244,attends,"On scheduling, the proposed slot of 25 November at 14:30 GMT (20:00 IST / 06:30 PST) works very well for me.",MAILH3G7V2YD
pn8,mg244,attends,"On scheduling, the proposed slot of 25 November at 14:30 GMT (20:00 IST / 06:30 PST)",MAILH3G7V2YD
pn7,mg244,attends,"On scheduling, the proposed slot of 25 November at 14:30 GMT (20:00 IST / 06:30 PST)",MAILH3G7V2YD
pn2,mg244,attends,"On scheduling, the proposed slot of 25 November at 14:30 GMT (20:00 IST / 06:30 PST)",MAILH3G7V2YD
pn2,mg245,attends,our check-in on 25 November (14:30 GMT).,MAILE5W9Q4JT
pn1,mg245,attends,our check-in on 25 November (14:30 GMT).,MAILE5W9Q4JT
pn8,mg245,attends,our check-in on 25 November (14:30 GMT).,MAILE5W9Q4JT
pn7,mg245,attends,our check-in on 25 November (14:30 GMT).,MAILE5W9Q4JT
pn7,c19,attends,jointly submitting to JCDL 2022.,MAILE5W9Q4JT
pn1,c19,attends,jointly submitting to JCDL 2022.,MAILE5W9Q4JT
pn8,c19,attends,jointly submitting to JCDL 2022.,MAILE5W9Q4JT
pn2,c19,attends,jointly submitting to JCDL 2022.,MAILE5W9Q4JT
pn1,mg246,attends,"Thank you all for your careful reviews and thoughtful input on the latest iteration of the FAQ annex, as well as for confirming your availability for our final check-in at 14:30 GMT today.",MAILL7F8J2QP
pn2,mg246,attends,"Thank you all for your careful reviews and thoughtful input on the latest iteration of the FAQ annex, as well as for confirming your availability for our final check-in at 14:30 GMT today.",MAILL7F8J2QP
pn7,mg246,attends,"Thank you all for your careful reviews and thoughtful input on the latest iteration of the FAQ annex, as well as for confirming your availability for our final check-in at 14:30 GMT today.",MAILL7F8J2QP
pn8,mg246,attends,"As we gather for our meeting, I wanted to outline the key agenda items to ensure an efficient and conclusive session:",MAILL7F8J2QP
pn8,mg247,attends,"Attendance:** Ananya Chatterjee, Ramesh Bhatia, Michael Bradley, Sunita Sen",MAILK4N2V7EF
pn2,mg247,attends,"Attendance:** Ananya Chatterjee, Ramesh Bhatia, Michael Bradley, Sunita Sen",MAILK4N2V7EF
pn7,mg247,attends,"Attendance:** Ananya Chatterjee, Ramesh Bhatia, Michael Bradley, Sunita Sen",MAILK4N2V7EF
pn1,mg247,attends,"Attendance:** Ananya Chatterjee, Ramesh Bhatia, Michael Bradley, Sunita Sen",MAILK4N2V7EF
pn1,c19,attends,I look forward to seeing our work featured at JCDL 2022,MAILU5Q8D2VS
pn2,c19,attends,I look forward to seeing our work featured at JCDL 2022,MAILU5Q8D2VS
pn7,c19,attends,I look forward to seeing our work featured at JCDL 2022,MAILU5Q8D2VS
pn8,c19,attends,I look forward to seeing our work featured at JCDL 2022,MAILU5Q8D2VS
pn1,c19,attends,We look forward to your participation and presentation at JCDL 2022.,MAILG3S9D4XB
pn1,mg248,attends,"We look forward to your participation and presentation at JCDL 2022.

Best regards,

JCDL 2022 Organizing Committee  
Email: submissions@jcdl2022.org  
Website: https://jcdl2022.org",MAILG3S9D4XB
pn1,c19,attends,Congratulations again on our successful JCDL 2022 acceptance!,MAILE8W5Z6QF
pn2,c19,attends,Congratulations again on our successful JCDL 2022 acceptance!,MAILE8W5Z6QF
pn8,c19,attends,Congratulations again on our successful JCDL 2022 acceptance!,MAILE8W5Z6QF
pn7,c19,attends,Congratulations again on our successful JCDL 2022 acceptance!,MAILE8W5Z6QF
pn7,c19,attends,I am looking forward to seeing the announcement go live and to our session at JCDL 2022.,MAILT7H9K4ML
pn8,c19,attends,I am looking forward to seeing the announcement go live and to our session at JCDL 2022.,MAILT7H9K4ML
pn1,c19,attends,I am looking forward to seeing the announcement go live and to our session at JCDL 2022.,MAILT7H9K4ML
pn2,c19,attends,I am looking forward to seeing the announcement go live and to our session at JCDL 2022.,MAILT7H9K4ML
pn2,mg249,attends,I propose we reconvene for a brief video meeting (perhaps a 20-minute slot) to adjudicate and harmonize changes,MAILR8Q4Z1VM
pn8,mg249,attends,I propose we reconvene for a brief video meeting (perhaps a 20-minute slot) to adjudicate and harmonize changes,MAILR8Q4Z1VM
pn1,mg249,attends,I propose we reconvene for a brief video meeting (perhaps a 20-minute slot) to adjudicate and harmonize changes,MAILR8Q4Z1VM
pn7,mg249,attends,I propose we reconvene for a brief video meeting (perhaps a 20-minute slot) to adjudicate and harmonize changes,MAILR8Q4Z1VM
pn7,mg250,attends,"Pending Oxford’s sign-off, I recommend a brief Google Meet/Zoom (20 minutes) to harmonize any residual details and fix a synchronized release date, as discussed.",MAILL7P3V2SB
pn1,mg250,attends,"- @All: Pending Oxford’s sign-off, I recommend a brief Google Meet/Zoom (20 minutes) to harmonize any residual details and fix a synchronized release date, as discussed.",MAILL7P3V2SB
pn2,mg250,attends,"- @All: Pending Oxford’s sign-off, I recommend a brief Google Meet/Zoom (20 minutes) to harmonize any residual details and fix a synchronized release date, as discussed.",MAILL7P3V2SB
pn8,mg250,attends,"- @All: Pending Oxford’s sign-off, I recommend a brief Google Meet/Zoom (20 minutes) to harmonize any residual details and fix a synchronized release date, as discussed.",MAILL7P3V2SB
pn8,mg251,attends,"Let’s schedule a brief (max. 20-minute) Google Meet or Zoom call tomorrow to finalize the announcement date, ensuring seamless coordination across international time zones and media teams.",MAILZ3K7Q1BW
pn1,mg251,attends,"Let’s schedule a brief (max. 20-minute) Google Meet or Zoom call tomorrow to finalize the announcement date, ensuring seamless coordination across international time zones and media teams.",MAILZ3K7Q1BW
pn2,mg251,attends,"Let’s schedule a brief (max. 20-minute) Google Meet or Zoom call tomorrow to finalize the announcement date, ensuring seamless coordination across international time zones and media teams.",MAILZ3K7Q1BW
pn7,mg251,attends,"Let’s schedule a brief (max. 20-minute) Google Meet or Zoom call tomorrow to finalize the announcement date, ensuring seamless coordination across international time zones and media teams.",MAILZ3K7Q1BW
pn2,mg252,attends,I have completed the Doodle poll with my availability for the suggested Google Meet and hope we can identify a 20-minute slot that works for everyone tomorrow.,MAILP2N8H5TR
pn8,mg252,attends,I have completed the Doodle poll with my availability for the suggested Google Meet and hope we can identify a 20-minute slot that works for everyone tomorrow.,MAILP2N8H5TR
pn1,mg252,attends,I have completed the Doodle poll with my availability for the suggested Google Meet and hope we can identify a 20-minute slot that works for everyone tomorrow.,MAILP2N8H5TR
pn7,mg252,attends,I have completed the Doodle poll with my availability for the suggested Google Meet and hope we can identify a 20-minute slot that works for everyone tomorrow.,MAILP2N8H5TR
pn2,c19,attends,let’s ensure our JCDL 2022 announcement achieves the reach and impact our research deserves.,MAILP2N8H5TR
pn8,c19,attends,let’s ensure our JCDL 2022 announcement achieves the reach and impact our research deserves.,MAILP2N8H5TR
pn1,c19,attends,let’s ensure our JCDL 2022 announcement achieves the reach and impact our research deserves.,MAILP2N8H5TR
pn7,c19,attends,let’s ensure our JCDL 2022 announcement achieves the reach and impact our research deserves.,MAILP2N8H5TR
pn8,mg253,attends,"Dear Ananya, Ramesh, and Michael,

Thank you all for your swift responses to the Doodle poll. Based on everyone’s indicated availability, the optimal slot appears to be tomorrow, 16th August 2020, at 16:00 CET / 20:30 IST / 08:00 PT. Please find the Zoom meeting details for our final call below:",MAILW1F6Z9EV
pn2,mg253,attends,"Dear Ananya, Ramesh, and Michael,

Thank you all for your swift responses to the Doodle poll. Based on everyone’s indicated availability, the optimal slot appears to be tomorrow, 16th August 2020, at 16:00 CET / 20:30 IST / 08:00 PT. Please find the Zoom meeting details for our final call below:",MAILW1F6Z9EV
pn7,mg253,attends,"Dear Ananya, Ramesh, and Michael,

Thank you all for your swift responses to the Doodle poll. Based on everyone’s indicated availability, the optimal slot appears to be tomorrow, 16th August 2020, at 16:00 CET / 20:30 IST / 08:00 PT. Please find the Zoom meeting details for our final call below:",MAILW1F6Z9EV
pn1,mg253,attends,I have drafted a brief logistical checklist for each institutional media office—will circulate it during the call to ensure all practicalities are covered.,MAILW1F6Z9EV
pn1,c19,attends,"Looking forward to our final synchronizing session and, most importantly, to our long-awaited JCDL 2022 media launch!",MAILW1F6Z9EV
pn8,c19,attends,"Looking forward to our final synchronizing session and, most importantly, to our long-awaited JCDL 2022 media launch!",MAILW1F6Z9EV
pn2,c19,attends,"Looking forward to our final synchronizing session and, most importantly, to our long-awaited JCDL 2022 media launch!",MAILW1F6Z9EV
pn7,c19,attends,"Looking forward to our final synchronizing session and, most importantly, to our long-awaited JCDL 2022 media launch!",MAILW1F6Z9EV
pn1,mg254,attends,"**Attendees:**  
- Sunita Sen (IACS)",MAILU5B3Q2HN
pn2,mg254,attends,"**Attendees:**  
- Prof. Ramesh Bhatia (IACS)",MAILU5B3Q2HN
pn8,mg254,attends,"**Attendees:**  
- Dr. Ananya Chatterjee (Oxford)",MAILU5B3Q2HN
pn7,mg254,attends,"**Attendees:**  
- Dr. Michael Bradley (Stanford)",MAILU5B3Q2HN
pn9,mg255,attends,"let us know if the JCDL organizing committee requires any further information or coordination from our side regarding the program, media requests, or related conference communications.",MAILH8L4Y7VB
pn8,mg255,attends,"let us know if the JCDL organizing committee requires any further information or coordination from our side regarding the program, media requests, or related conference communications.",MAILH8L4Y7VB
pn9,c19,attends,"Please confirm receipt of this email and let us know if the JCDL organizing committee requires any further information or coordination from our side regarding the program, media requests, or related conference communications.",MAILH8L4Y7VB
pn8,c19,attends,We look forward to highlighting your work further during the JCDL 2022 program and facilitating cross-disciplinary dialogue around your impactful findings.,MAILY2L7X9QD
pn1,c19,attends,We look forward to highlighting your work further during the JCDL 2022 program and facilitating cross-disciplinary dialogue around your impactful findings.,MAILY2L7X9QD
pn2,c19,attends,We look forward to highlighting your work further during the JCDL 2022 program and facilitating cross-disciplinary dialogue around your impactful findings.,MAILY2L7X9QD
pn7,c19,attends,We look forward to highlighting your work further during the JCDL 2022 program and facilitating cross-disciplinary dialogue around your impactful findings.,MAILY2L7X9QD
pn8,c19,attends,I am pleased to report that IACS has already started receiving positive feedback ... following the JCDL 2022 announcement.,MAILA9J3T7LU
pn2,c19,attends,I am pleased to report that IACS has already started receiving positive feedback ... following the JCDL 2022 announcement.,MAILA9J3T7LU
pn7,c19,attends,I am pleased to report that IACS has already started receiving positive feedback ... following the JCDL 2022 announcement.,MAILA9J3T7LU
pn1,c19,attends,as we prepare for the JCDL 2022 conference program,MAILA9J3T7LU
pn8,c19,attends,as we prepare for the JCDL 2022 conference program,MAILA9J3T7LU
pn2,c19,attends,as we prepare for the JCDL 2022 conference program,MAILA9J3T7LU
pn7,c19,attends,as we prepare for the JCDL 2022 conference program,MAILA9J3T7LU
pn7,c19,attends,our JCDL 2022 announcement,MAILQ8M2VLXJ
pn8,c19,attends,"Thank you, Ananya, for sharing the draft quotes and for providing us all with a clear pathway to contribute to the upcoming JCDL 2022 program newsletter.",MAILF8H4SK5B
pn1,c19,attends,"Thank you, Ananya, for sharing the draft quotes and for providing us all with a clear pathway to contribute to the upcoming JCDL 2022 program newsletter.",MAILF8H4SK5B
pn7,c19,attends,"Thank you, Ananya, for sharing the draft quotes and for providing us all with a clear pathway to contribute to the upcoming JCDL 2022 program newsletter.",MAILF8H4SK5B
pn2,c19,attends,I am pleased to submit the following summary points from IACS for potential inclusion in the bulletin:,MAILF8H4SK5B
pn1,c19,attends,We look forward to the publication launch and increased engagement with your project during JCDL 2022.,MAILW5D8X3NC
pn7,c19,attends,We look forward to the publication launch and increased engagement with your project during JCDL 2022.,MAILW5D8X3NC
pn8,c19,attends,We look forward to the publication launch and increased engagement with your project during JCDL 2022.,MAILW5D8X3NC
pn2,c19,attends,We look forward to the publication launch and increased engagement with your project during JCDL 2022.,MAILW5D8X3NC
pn1,c19,attends,in the lead-up to the conference mainstage sessions.,MAILM2K4Q5WN
pn8,c19,attends,in the lead-up to the conference mainstage sessions.,MAILM2K4Q5WN
pn7,c19,attends,in the lead-up to the conference mainstage sessions.,MAILM2K4Q5WN
pn2,c19,attends,in the lead-up to the conference mainstage sessions.,MAILM2K4Q5WN
pn1,mg257,attends,"Could you each indicate your availability for a call on either Monday, 31 March (morning or afternoon GMT)",MAILE4J8SZMY
pn8,mg257,attends,"Could you each indicate your availability for a call on either Monday, 31 March (morning or afternoon GMT)",MAILE4J8SZMY
pn7,mg257,attends,"Could you each indicate your availability for a call on either Monday, 31 March (morning or afternoon GMT)",MAILE4J8SZMY
pn2,mg257,attends,"Could you each indicate your availability for a call on either Monday, 31 March (morning or afternoon GMT)",MAILE4J8SZMY
pn1,mg257,attends,"or Tuesday, 1 April? I can set up a Zoom room once I have your preferences.",MAILE4J8SZMY
pn8,mg257,attends,"or Tuesday, 1 April? I can set up a Zoom room once I have your preferences.",MAILE4J8SZMY
pn7,mg257,attends,"or Tuesday, 1 April? I can set up a Zoom room once I have your preferences.",MAILE4J8SZMY
pn2,mg257,attends,"or Tuesday, 1 April? I can set up a Zoom room once I have your preferences.",MAILE4J8SZMY
pn7,mg258,attends,"In terms of call scheduling, both proposed timeframes—Monday, 31 March (late morning GMT) or Tuesday, 1 April (afternoon GMT)—work well for me.",MAILB9Q3DZK2
pn1,mg258,attends,"If the rest of the team has a preference, I’m flexible and can adjust accordingly.",MAILB9Q3DZK2
pn8,mg258,attends,"If the rest of the team has a preference, I’m flexible and can adjust accordingly.",MAILB9Q3DZK2
pn2,mg258,attends,"If the rest of the team has a preference, I’m flexible and can adjust accordingly.",MAILB9Q3DZK2
pn1,mg259,attends,"I propose we meet today—Monday, 31 March—at 11:30 GMT.",MAILN8L2DKPS
pn7,mg259,attends,"I propose we meet today—Monday, 31 March—at 11:30 GMT.",MAILN8L2DKPS
pn2,mg259,attends,"I propose we meet today—Monday, 31 March—at 11:30 GMT.",MAILN8L2DKPS
pn8,mg259,attends,"I propose we meet today—Monday, 31 March—at 11:30 GMT.",MAILN8L2DKPS
pn8,mg260,attends,"Dear Ananya, Michael, and Ramesh,",MAILT5R2LCQ7
pn7,mg260,attends,"Dear Ananya, Michael, and Ramesh,",MAILT5R2LCQ7
pn2,mg260,attends,"Dear Ananya, Michael, and Ramesh,",MAILT5R2LCQ7
pn1,mg260,attends,"I am pleased to confirm that the 11:30 GMT slot works for both myself and Ramesh, so we are set for today’s call.",MAILT5R2LCQ7
pn2,mg261,attends,"Ahead of our meeting, I wish to contribute a few brief departmental updates",MAILV3T5MZ82
pn1,mg261,attends,"Ahead of our meeting, I wish to contribute a few brief departmental updates",MAILV3T5MZ82
pn8,mg261,attends,"Ahead of our meeting, I wish to contribute a few brief departmental updates",MAILV3T5MZ82
pn2,c4,attends,The press office at IACS is planning an official release tied to the JCDL session.,MAILV3T5MZ82
pn7,c19,attends,Thank you all for your active engagement during our strategy session earlier today regarding our forthcoming JCDL 2022 live project spotlight and associated communications work.,MAILSJ74QRXP
pn1,c19,attends,Thank you all for your active engagement during our strategy session earlier today regarding our forthcoming JCDL 2022 live project spotlight and associated communications work.,MAILSJ74QRXP
pn2,c19,attends,Thank you all for your active engagement during our strategy session earlier today regarding our forthcoming JCDL 2022 live project spotlight and associated communications work.,MAILSJ74QRXP
pn8,c19,attends,Thank you all for your active engagement during our strategy session earlier today regarding our forthcoming JCDL 2022 live project spotlight and associated communications work.,MAILSJ74QRXP
pn7,c19,attends,our collective efforts showcased on the JCDL stage.,MAIL8XPLT3QW
pn8,c19,attends,our collective efforts showcased on the JCDL stage.,MAIL8XPLT3QW
pn1,c19,attends,our collective efforts showcased on the JCDL stage.,MAIL8XPLT3QW
pn2,c19,attends,our collective efforts showcased on the JCDL stage.,MAIL8XPLT3QW
pn1,mg262,attends,I agree it would be beneficial for us to schedule a 30–40 minute Zoom run-through after all materials are consolidated—possibly between 7–10 April?,MAILF2DJ08UV
pn2,mg262,attends,This timing should allow Ramesh and me to finalize the updated NDAI feedback and for Ananya and Michael to incorporate late-stage press or outreach developments.,MAILF2DJ08UV
pn7,mg262,attends,This timing should allow Ramesh and me to finalize the updated NDAI feedback and for Ananya and Michael to incorporate late-stage press or outreach developments.,MAILF2DJ08UV
pn8,mg262,attends,This timing should allow Ramesh and me to finalize the updated NDAI feedback and for Ananya and Michael to incorporate late-stage press or outreach developments.,MAILF2DJ08UV
pn2,mg263,attends,I am available for a Zoom run-through on either 8 April (Monday) or 9 April (Tuesday) between 10:00–12:00 GMT,MAILP39TRV1Q
pn1,mg263,attends,Please let me know if those times are compatible with your schedules,MAILP39TRV1Q
pn7,mg263,attends,Please let me know if those times are compatible with your schedules—especially mindful of Ananya’s and Michael’s respective time zone differences.,MAILP39TRV1Q
pn8,mg263,attends,Please let me know if those times are compatible with your schedules—especially mindful of Ananya’s and Michael’s respective time zone differences.,MAILP39TRV1Q
pn1,c19,attends,"Looking forward to our collaborative run-through and, subsequently, a seamless and impactful presence at JCDL.",MAILP39TRV1Q
pn7,c19,attends,"Looking forward to our collaborative run-through and, subsequently, a seamless and impactful presence at JCDL.",MAILP39TRV1Q
pn8,c19,attends,"Looking forward to our collaborative run-through and, subsequently, a seamless and impactful presence at JCDL.",MAILP39TRV1Q
pn2,c19,attends,"Looking forward to our collaborative run-through and, subsequently, a seamless and impactful presence at JCDL.",MAILP39TRV1Q
pn8,c4,attends,as we head toward the final stages of our JCDL live project spotlight preparations.,MAIL7FLQTD34
pn2,c4,attends,as we head toward the final stages of our JCDL live project spotlight preparations.,MAIL7FLQTD34
pn1,c4,attends,as we head toward the final stages of our JCDL live project spotlight preparations.,MAIL7FLQTD34
pn7,c4,attends,as we head toward the final stages of our JCDL live project spotlight preparations.,MAIL7FLQTD34
pn2,mg264,attends,I am available for a 30–40 minute session on 8 April between 10:00–12:00 GMT.,MAIL7FLQTD34
pn1,mg264,attends,"Sunita, does this slot suit you as well?",MAIL7FLQTD34
pn7,mg264,attends,"Michael, could you please confirm your preference within this window",MAIL7FLQTD34
pn8,mg264,attends,I am available for a 30–40 minute session on 8 April between 10:00–12:00 GMT.,MAIL7FLQTD34
pn7,mg265,attends,"Regarding the rehearsal, I am available on 8 April between 10:00–12:00 GMT as suggested by Ramesh and Ananya",MAIL5DKP3ZYA
pn1,mg265,attends,"Sunita, can you please confirm your availability for this slot?",MAIL5DKP3ZYA
pn2,mg265,attends,"Regarding the rehearsal, I am available on 8 April between 10:00–12:00 GMT as suggested by Ramesh and Ananya",MAIL5DKP3ZYA
pn8,mg265,attends,"Regarding the rehearsal, I am available on 8 April between 10:00–12:00 GMT as suggested by Ramesh and Ananya",MAIL5DKP3ZYA
pn7,c4,attends,"I am confident that, with this strong collaborative preparation, our JCDL session will deliver both technical depth and real-world engagement.",MAIL5DKP3ZYA
pn1,c4,attends,"I am confident that, with this strong collaborative preparation, our JCDL session will deliver both technical depth and real-world engagement.",MAIL5DKP3ZYA
pn2,c4,attends,"I am confident that, with this strong collaborative preparation, our JCDL session will deliver both technical depth and real-world engagement.",MAIL5DKP3ZYA
pn8,c4,attends,"I am confident that, with this strong collaborative preparation, our JCDL session will deliver both technical depth and real-world engagement.",MAIL5DKP3ZYA
pn1,mg192,attends,"I am pleased to confirm my availability on 8 April between 10:00–12:00 GMT for the rehearsal, so we now have a full quorum for the preferred slot.",MAILK8RZ3YX0
pn7,mg192,attends,so we now have a full quorum for the preferred slot.,MAILK8RZ3YX0
pn8,mg192,attends,so we now have a full quorum for the preferred slot.,MAILK8RZ3YX0
pn2,mg192,attends,so we now have a full quorum for the preferred slot.,MAILK8RZ3YX0
pn1,c19,attends,we will deliver a compelling and cohesive spotlight session at JCDL 2022.,MAILK8RZ3YX0
pn7,c19,attends,we will deliver a compelling and cohesive spotlight session at JCDL 2022.,MAILK8RZ3YX0
pn8,c19,attends,we will deliver a compelling and cohesive spotlight session at JCDL 2022.,MAILK8RZ3YX0
pn2,c19,attends,we will deliver a compelling and cohesive spotlight session at JCDL 2022.,MAILK8RZ3YX0
pn1,mg266,attends,our internal rehearsal will be held tomorrow (6th September 2020) from 10:00 to approximately 10:45 GMT. Please find the Zoom invitation below:,MAILE1Z5X8BV
pn7,mg266,attends,our internal rehearsal will be held tomorrow (6th September 2020) from 10:00 to approximately 10:45 GMT. Please find the Zoom invitation below:,MAILE1Z5X8BV
pn2,mg266,attends,our internal rehearsal will be held tomorrow (6th September 2020) from 10:00 to approximately 10:45 GMT. Please find the Zoom invitation below:,MAILE1Z5X8BV
pn8,mg266,attends,our internal rehearsal will be held tomorrow (6th September 2020) from 10:00 to approximately 10:45 GMT. Please find the Zoom invitation below:,MAILE1Z5X8BV
pn2,c19,attends,I look forward to our presentation at JCDL and to celebrating the culmination of our efforts.,MAILJ4MDXK72
pn8,c19,attends,I look forward to our presentation at JCDL and to celebrating the culmination of our efforts.,MAILJ4MDXK72
pn1,c19,attends,I look forward to our presentation at JCDL and to celebrating the culmination of our efforts.,MAILJ4MDXK72
pn7,c19,attends,I look forward to our presentation at JCDL and to celebrating the culmination of our efforts.,MAILJ4MDXK72
pn1,c4,attends,Looking forward to your feedback and to a successful JCDL session.,MAIL3TLVZRKY
pn2,c4,attends,Looking forward to your feedback and to a successful JCDL session.,MAIL3TLVZRKY
pn8,c4,attends,Looking forward to your feedback and to a successful JCDL session.,MAIL3TLVZRKY
pn7,c4,attends,Looking forward to your feedback and to a successful JCDL session.,MAIL3TLVZRKY
pn1,c4,attends,I look forward to seeing our collective work showcased at JCDL.,MAILVQ9P7L2B
pn2,c4,attends,I look forward to seeing our collective work showcased at JCDL.,MAILVQ9P7L2B
pn8,c4,attends,I look forward to seeing our collective work showcased at JCDL.,MAILVQ9P7L2B
pn7,c4,attends,I look forward to seeing our collective work showcased at JCDL.,MAILVQ9P7L2B
pn7,c19,attends,"Looking forward to your confirmations, and to a successful JCDL 2022 presentation.",MAIL2XMN74VC
pn1,c19,attends,"Looking forward to your confirmations, and to a successful JCDL 2022 presentation.",MAIL2XMN74VC
pn2,c19,attends,"Looking forward to your confirmations, and to a successful JCDL 2022 presentation.",MAIL2XMN74VC
pn8,c19,attends,"Looking forward to your confirmations, and to a successful JCDL 2022 presentation.",MAIL2XMN74VC
pn2,c19,attends,"Looking forward to a strong showing at JCDL 2022, and to the further dissemination of our research through these combined outreach efforts.",MAIL71QFVX32
pn8,c19,attends,"Looking forward to a strong showing at JCDL 2022, and to the further dissemination of our research through these combined outreach efforts.",MAIL71QFVX32
pn7,c19,attends,"Looking forward to a strong showing at JCDL 2022, and to the further dissemination of our research through these combined outreach efforts.",MAIL71QFVX32
pn1,c19,attends,"Looking forward to a strong showing at JCDL 2022, and to the further dissemination of our research through these combined outreach efforts.",MAIL71QFVX32
pn7,mg267,attends,"Please let me know your availability for a short coordination call early next week (perhaps 15 or 16 April), so that we can streamline these preparations together.",MAILK3BX2HQN
pn8,mg267,attends,"Please let me know your availability for a short coordination call early next week (perhaps 15 or 16 April), so that we can streamline these preparations together.",MAILK3BX2HQN
pn2,mg267,attends,"Please let me know your availability for a short coordination call early next week (perhaps 15 or 16 April), so that we can streamline these preparations together.",MAILK3BX2HQN
pn1,mg267,attends,"Please let me know your availability for a short coordination call early next week (perhaps 15 or 16 April), so that we can streamline these preparations together.",MAILK3BX2HQN
pn2,mg41,attends,"As for a coordination call, both 15 and 16 April work on my end (any time between 10:00–17:00 IST is suitable).",MAILV8EZ1KLS
pn7,mg41,attends,"As for a coordination call, both 15 and 16 April work on my end (any time between 10:00–17:00 IST is suitable). Please let me know what aligns best for everyone.",MAILV8EZ1KLS
pn8,mg41,attends,"As for a coordination call, both 15 and 16 April work on my end (any time between 10:00–17:00 IST is suitable). Please let me know what aligns best for everyone.",MAILV8EZ1KLS
pn1,mg41,attends,"As for a coordination call, both 15 and 16 April work on my end (any time between 10:00–17:00 IST is suitable). Please let me know what aligns best for everyone.",MAILV8EZ1KLS
pn1,mg268,attends,"Regarding the coordination call, both 15 and 16 April are workable for me if we can schedule between 11:00–13:00 IST",MAILUY97M5RT
pn7,mg268,attends,Please let me know if one of these slots accommodates everyone.,MAILUY97M5RT
pn2,mg268,attends,Please let me know if one of these slots accommodates everyone.,MAILUY97M5RT
pn8,mg268,attends,Please let me know if one of these slots accommodates everyone.,MAILUY97M5RT
pn8,mg269,attends,I propose we schedule for 11:30 IST on 15 April (07:00 BST / 23:00 PDT 14 April) to accommodate all time zones efficiently.,MAILA2J3XLMQ
pn7,mg269,attends,I propose we schedule for 11:30 IST on 15 April (07:00 BST / 23:00 PDT 14 April) to accommodate all time zones efficiently.,MAILA2J3XLMQ
pn2,mg269,attends,I propose we schedule for 11:30 IST on 15 April (07:00 BST / 23:00 PDT 14 April) to accommodate all time zones efficiently.,MAILA2J3XLMQ
pn1,mg269,attends,I propose we schedule for 11:30 IST on 15 April (07:00 BST / 23:00 PDT 14 April) to accommodate all time zones efficiently.,MAILA2J3XLMQ
pn7,mg270,attends,"As agreed, our coordination call is set for 11:30 IST / 07:00 BST / 23:00 PDT (14 April for me) today, 15 April.",MAILR4K21HJ8
pn8,mg270,attends,"Dear Ananya, Ramesh, and Sunita,

As agreed, our coordination call is set for 11:30 IST / 07:00 BST / 23:00 PDT (14 April for me) today, 15 April.",MAILR4K21HJ8
pn2,mg270,attends,"Dear Ananya, Ramesh, and Sunita,

As agreed, our coordination call is set for 11:30 IST / 07:00 BST / 23:00 PDT (14 April for me) today, 15 April.",MAILR4K21HJ8
pn1,mg270,attends,"Dear Ananya, Ramesh, and Sunita,

As agreed, our coordination call is set for 11:30 IST / 07:00 BST / 23:00 PDT (14 April for me) today, 15 April.",MAILR4K21HJ8
pn7,c19,attends,our presentation files and related assets for the JCDL 2022 spotlight session.,MAILUB0HQCXZ
pn8,c19,attends,our presentation files and related assets for the JCDL 2022 spotlight session.,MAILUB0HQCXZ
pn2,c19,attends,our presentation files and related assets for the JCDL 2022 spotlight session.,MAILUB0HQCXZ
pn1,c19,attends,this shared folder should provide both security and convenience for our materials right up to our JCDL presentation.,MAILUB0HQCXZ
pn1,mg271,attends,Looking forward to our coordination call at 11:30 IST and to collectively reviewing the session summary and asset checklist.,MAILUB0HQCXZ
pn7,mg271,attends,Looking forward to our coordination call at 11:30 IST and to collectively reviewing the session summary and asset checklist.,MAILUB0HQCXZ
pn8,mg271,attends,Looking forward to our coordination call at 11:30 IST and to collectively reviewing the session summary and asset checklist.,MAILUB0HQCXZ
pn2,mg271,attends,Looking forward to our coordination call at 11:30 IST and to collectively reviewing the session summary and asset checklist.,MAILUB0HQCXZ
pn20,c19,attends,"I have received a prompt reply from the conference’s technical liaison, Dr. Gabriel Lee, who confirmed that the 2022 spotlight sessions will indeed utilize Zoom as the primary platform.",MAILF728GQW1
pn1,c19,attends,"our pre-recorded spotlight presentation, prepared in line with the JCDL 2022 technical guidelines and the committee’s recent recommendations.",MAILEJ8TN234
pn2,c19,attends,"our pre-recorded spotlight presentation, prepared in line with the JCDL 2022 technical guidelines and the committee’s recent recommendations.",MAILEJ8TN234
pn7,c19,attends,"our pre-recorded spotlight presentation, prepared in line with the JCDL 2022 technical guidelines and the committee’s recent recommendations.",MAILEJ8TN234
pn8,c19,attends,"our pre-recorded spotlight presentation, prepared in line with the JCDL 2022 technical guidelines and the committee’s recent recommendations.",MAILEJ8TN234
pn1,c19,attends,I believe our materials will set a model example for accessibility at JCDL 2022.,MAIL73NFOVZD
pn2,c19,attends,I believe our materials will set a model example for accessibility at JCDL 2022.,MAIL73NFOVZD
pn7,c19,attends,I believe our materials will set a model example for accessibility at JCDL 2022.,MAIL73NFOVZD
pn8,c19,attends,I believe our materials will set a model example for accessibility at JCDL 2022.,MAIL73NFOVZD
pn1,c4,attends,commitment to presenting our work at the highest possible level.,MAILGY82WLPQ
pn8,c4,attends,commitment to presenting our work at the highest possible level.,MAILGY82WLPQ
pn2,c4,attends,commitment to presenting our work at the highest possible level.,MAILGY82WLPQ
pn7,c4,attends,commitment to presenting our work at the highest possible level.,MAILGY82WLPQ
pn1,c19,attends,Looking forward to our next steps together and to a vibrant JCDL 2022!,MAILPG2483SL
pn7,c19,attends,Looking forward to our next steps together and to a vibrant JCDL 2022!,MAILPG2483SL
pn8,c19,attends,Looking forward to our next steps together and to a vibrant JCDL 2022!,MAILPG2483SL
pn2,c19,attends,Looking forward to our next steps together and to a vibrant JCDL 2022!,MAILPG2483SL
pn7,mg272,attends,Should we schedule a brief team call post-acceptance notification (early June) to plan our JCDL attendance,MAIL6SKZ4RXV
pn1,c4,attends,following the JCDL submission.,MAILPTM68YZX
pn7,c4,attends,following the JCDL submission.,MAILPTM68YZX
pn8,c4,attends,following the JCDL submission.,MAILPTM68YZX
pn2,c4,attends,following the JCDL submission.,MAILPTM68YZX
pn1,mg273,attends,"Once JCDL notification is out, I propose aiming for the week of 9–13 June for our all-hands sync.",MAIL7BGDH5ZX
pn2,mg273,attends,"Once JCDL notification is out, I propose aiming for the week of 9–13 June for our all-hands sync.",MAIL7BGDH5ZX
pn7,mg273,attends,"Once JCDL notification is out, I propose aiming for the week of 9–13 June for our all-hands sync.",MAIL7BGDH5ZX
pn8,mg273,attends,"Once JCDL notification is out, I propose aiming for the week of 9–13 June for our all-hands sync.",MAIL7BGDH5ZX
pn7,mg274,attends,The proposed week of 9–13 June works well for me. I can confirm my availability for 10–12 June during PST mornings.,MAILXM2F7J8Q
pn8,mg274,attends,Please confirm if this timeline works for everyone,MAILXM2F7J8Q
pn2,mg274,attends,Please confirm if this timeline works for everyone,MAILXM2F7J8Q
pn1,mg274,attends,Please confirm if this timeline works for everyone,MAILXM2F7J8Q
pn1,mg275,attends,I am fully flexible for a team call between 10–13 June (IST evenings).,MAILJ8NF54T0
pn7,mg275,attends,I am fully flexible for a team call between 10–13 June (IST evenings).,MAILJ8NF54T0
pn8,mg275,attends,I am fully flexible for a team call between 10–13 June (IST evenings).,MAILJ8NF54T0
pn2,mg275,attends,I am fully flexible for a team call between 10–13 June (IST evenings).,MAILJ8NF54T0
pn2,mg276,attends,"Finally, could we schedule a brief check-in (15–20 minutes) during the week of 6–9 May, purely to ensure alignment and address any process bottlenecks?",MAILUK2GF1S7
pn1,mg276,attends,"Finally, could we schedule a brief check-in (15–20 minutes) during the week of 6–9 May, purely to ensure alignment and address any process bottlenecks?",MAILUK2GF1S7
pn7,mg276,attends,"Finally, could we schedule a brief check-in (15–20 minutes) during the week of 6–9 May, purely to ensure alignment and address any process bottlenecks?",MAILUK2GF1S7
pn8,mg276,attends,"Finally, could we schedule a brief check-in (15–20 minutes) during the week of 6–9 May, purely to ensure alignment and address any process bottlenecks?",MAILUK2GF1S7
pn8,mg277,attends,"I am available for a brief check-in on either 7 or 8 May, preferably 12:00 noon BST",MAIL7LXWQY93
pn2,mg277,attends,Please let me know if those slots work for the rest of you.,MAIL7LXWQY93
pn1,mg277,attends,Please let me know if those slots work for the rest of you.,MAIL7LXWQY93
pn7,mg277,attends,Please let me know if those slots work for the rest of you.,MAIL7LXWQY93
pn7,mg278,attends,I’m pleased to confirm that 7 May at 12:00 noon BST / 4:30pm IST / 7:00am PST works well for me for a brief team check-in.,MAILF52JLK87
pn8,mg278,attends,"Dear Ananya, Sunita, and Ramesh,",MAILF52JLK87
pn1,mg278,attends,"Dear Ananya, Sunita, and Ramesh,",MAILF52JLK87
pn2,mg278,attends,"Dear Ananya, Sunita, and Ramesh,",MAILF52JLK87
pn7,mg9,attends,"Dear Michael, Ananya, and Ramesh,

Thank you for confirming the meeting slot and for circulating the Google Meet invite. I am looking forward to our check-in on 7 May at 12:00 noon BST / 4:30pm IST / 7:00am PST.",MAIL81QKJ23X
pn8,mg9,attends,"Dear Michael, Ananya, and Ramesh,

Thank you for confirming the meeting slot and for circulating the Google Meet invite. I am looking forward to our check-in on 7 May at 12:00 noon BST / 4:30pm IST / 7:00am PST.",MAIL81QKJ23X
pn2,mg9,attends,"Dear Michael, Ananya, and Ramesh,

Thank you for confirming the meeting slot and for circulating the Google Meet invite. I am looking forward to our check-in on 7 May at 12:00 noon BST / 4:30pm IST / 7:00am PST.",MAIL81QKJ23X
pn1,mg9,attends,Thank you for confirming the meeting slot and for circulating the Google Meet invite. I am looking forward to our check-in on 7 May at 12:00 noon BST / 4:30pm IST / 7:00am PST.,MAIL81QKJ23X
pn7,mg279,attends,Thank you for your prompt attendance and engagement in today’s check-in meeting.,MAILX5GM3C82
pn1,mg279,attends,Thank you for your prompt attendance and engagement in today’s check-in meeting.,MAILX5GM3C82
pn8,mg279,attends,Thank you for your prompt attendance and engagement in today’s check-in meeting.,MAILX5GM3C82
pn2,mg279,attends,Thank you for your prompt attendance and engagement in today’s check-in meeting.,MAILX5GM3C82
pn1,mg280,attends,"Dear Sunita, Ramesh, and Ananya,",MAILV4JPK093
pn2,mg280,attends,"Dear Sunita, Ramesh, and Ananya,",MAILV4JPK093
pn8,mg280,attends,"Dear Sunita, Ramesh, and Ananya,",MAILV4JPK093
pn7,mg280,attends,Thank you again for your efforts towards making this a high-impact and inclusive event. I look forward to the finalized agenda and am ready to assist with promotional and technical logistics as needed.,MAILV4JPK093
pn7,mg281,attends,The session is now tentatively scheduled for 4:00pm BST / 8:30pm IST / 8:00am PDT (pending final confirmation with institutional calendars).,MAILF382BJ9Q
pn8,mg281,attends,The session is now tentatively scheduled for 4:00pm BST / 8:30pm IST / 8:00am PDT (pending final confirmation with institutional calendars).,MAILF382BJ9Q
pn1,mg281,attends,The session is now tentatively scheduled for 4:00pm BST / 8:30pm IST / 8:00am PDT (pending final confirmation with institutional calendars).,MAILF382BJ9Q
pn2,mg281,attends,The session is now tentatively scheduled for 4:00pm BST / 8:30pm IST / 8:00am PDT (pending final confirmation with institutional calendars).,MAILF382BJ9Q
pn7,mg282,attends,"Additionally, I am available to join the internal run-through on 19 May, particularly to help test the live captioning and screen sharing on Zoom.",MAIL29VQHP4S
pn7,mg283,attends,"Michael, thank you for confirming your participation in the demo run-through scheduled for 19 May.",MAILX3C94QBJ
pn8,mg284,attends,I am excited for our internal run-through on 19 May and will be present to help test survey distribution and breakout flows.,MAIL8H5JW4KS
pn2,mg284,attends,I am excited for our internal run-through on 19 May and will be present to help test survey distribution and breakout flows.,MAIL8H5JW4KS
pn7,mg284,attends,I am excited for our internal run-through on 19 May and will be present to help test survey distribution and breakout flows.,MAIL8H5JW4KS
pn1,mg284,attends,I am excited for our internal run-through on 19 May and will be present to help test survey distribution and breakout flows.,MAIL8H5JW4KS
pn1,mg285,attends,reconvene after the internal demo run-through on 19 May to review initial outreach impacts and address any logistical concerns.,MAILW9H8T5YU
pn7,mg285,attends,reconvene after the internal demo run-through on 19 May to review initial outreach impacts and address any logistical concerns.,MAILW9H8T5YU
pn8,mg285,attends,reconvene after the internal demo run-through on 19 May to review initial outreach impacts and address any logistical concerns.,MAILW9H8T5YU
pn2,mg285,attends,reconvene after the internal demo run-through on 19 May to review initial outreach impacts and address any logistical concerns.,MAILW9H8T5YU
pn1,mg286,attends,our internal pre-event demo run-through scheduled for today.,MAIL5DN8G2KL
pn8,mg286,attends,our internal pre-event demo run-through scheduled for today.,MAIL5DN8G2KL
pn2,mg286,attends,our internal pre-event demo run-through scheduled for today.,MAIL5DN8G2KL
pn7,mg286,attends,our internal pre-event demo run-through scheduled for today.,MAIL5DN8G2KL
pn8,mg287,attends,"I propose we convene a brief check-in call on 24 May, at 16:00 BST / 20:30 IST / 8:00 PDT, to finalize outstanding items and rehearse the contingency communications protocol together.",MAIL6J5HV9QT
pn1,mg287,attends,"I propose we convene a brief check-in call on 24 May, at 16:00 BST / 20:30 IST / 8:00 PDT, to finalize outstanding items and rehearse the contingency communications protocol together.",MAIL6J5HV9QT
pn2,mg287,attends,"I propose we convene a brief check-in call on 24 May, at 16:00 BST / 20:30 IST / 8:00 PDT, to finalize outstanding items and rehearse the contingency communications protocol together.",MAIL6J5HV9QT
pn7,mg287,attends,"I propose we convene a brief check-in call on 24 May, at 16:00 BST / 20:30 IST / 8:00 PDT, to finalize outstanding items and rehearse the contingency communications protocol together.",MAIL6J5HV9QT
pn7,mg288,attends,I am pleased to confirm my availability for the suggested slot on 24 May at 16:00 BST / 20:30 IST / 8:00 PDT.,MAILE2PH9KLX
pn8,mg288,attends,"Thank you, Ananya, for validating the accessibility of the supplemental NER guide and for proposing a timely check-in call.",MAILE2PH9KLX
pn8,mg289,attends,Thank you all for joining today’s check-in call ... **Attendees:**  - Dr. Ananya Chatterjee (University of Oxford),MAILF7PJ6ZYW
pn7,mg289,attends,Thank you all for joining today’s check-in call ... **Attendees:**  - Dr. Michael Bradley (Stanford University),MAILF7PJ6ZYW
pn1,mg289,attends,"Thank you all for joining today’s check-in call ... **Attendees:**  - Sunita Sen (IACS, India)",MAILF7PJ6ZYW
pn2,mg289,attends,"Thank you all for joining today’s check-in call ... **Attendees:**  - Prof. Ramesh Bhatia (IACS, India)",MAILF7PJ6ZYW
pn8,mg290,attends,I will proceed with sending the official pre-event communication to all registered participants on 26 May at 09:00 BST / 13:30 IST / 1:00 PDT.,MAIL8V3QZ1LD
pn2,mg290,attends,"Ramesh and Sunita, once the real send is complete, could you kindly monitor incoming queries and confirm receipt by key institutional contacts?",MAIL8V3QZ1LD
pn1,mg290,attends,"Ramesh and Sunita, once the real send is complete, could you kindly monitor incoming queries and confirm receipt by key institutional contacts?",MAIL8V3QZ1LD
pn7,mg290,attends,"Using both UK (Oxford) and US (Stanford, via Michael’s test account) networks, I distributed the finalized participant welcome, access instructions, and FAQ template to a set of designated test emails.",MAIL8V3QZ1LD
pn1,mg291,attends,I am confident that our collective preparations position us optimally for the live session.,MAILP9FQS43B
pn2,mg291,attends,I am confident that our collective preparations position us optimally for the live session.,MAILP9FQS43B
pn7,mg291,attends,I am confident that our collective preparations position us optimally for the live session.,MAILP9FQS43B
pn8,mg291,attends,I am confident that our collective preparations position us optimally for the live session.,MAILP9FQS43B
pn7,mg292,attends,"If agreeable, could we schedule a brief virtual huddle at 18:00 BST / 22:30 IST / 10:00 PDT on 28 May (tomorrow)?",MAILQ8JK37AP
pn1,mg292,attends,"If agreeable, could we schedule a brief virtual huddle at 18:00 BST / 22:30 IST / 10:00 PDT on 28 May (tomorrow)?",MAILQ8JK37AP
pn2,mg292,attends,"If agreeable, could we schedule a brief virtual huddle at 18:00 BST / 22:30 IST / 10:00 PDT on 28 May (tomorrow)?",MAILQ8JK37AP
pn8,mg292,attends,"If agreeable, could we schedule a brief virtual huddle at 18:00 BST / 22:30 IST / 10:00 PDT on 28 May (tomorrow)?",MAILQ8JK37AP
pn2,mg293,attends,I confirm my availability for the proposed virtual huddle at 18:00 BST / 22:30 IST / 10:00 PDT on 28 May.,MAILPW8X45HT
pn1,mg293,attends,"Sunita and Ananya, please let us know if this slot works for you as well.",MAILPW8X45HT
pn8,mg293,attends,"Sunita and Ananya, please let us know if this slot works for you as well.",MAILPW8X45HT
pn1,mg294,attends,I confirm that the proposed meeting time today—18:00 BST / 22:30 IST / 10:00 PDT—works perfectly for me.,MAILR3ZQ9WLU
pn2,mg294,attends,"Dear Ramesh, Michael, and Ananya,",MAILR3ZQ9WLU
pn7,mg294,attends,"Dear Ramesh, Michael, and Ananya,",MAILR3ZQ9WLU
pn8,mg294,attends,"Dear Ramesh, Michael, and Ananya,",MAILR3ZQ9WLU
pn1,mg295,attends,Thank you all for your engagement and thoughtful input during yesterday’s coordination call. I am pleased to summarize the outcomes of our final pre-workshop huddle,MAILV2ZD1UPR
pn2,mg295,attends,Thank you all for your engagement and thoughtful input during yesterday’s coordination call. I am pleased to summarize the outcomes of our final pre-workshop huddle,MAILV2ZD1UPR
pn7,mg295,attends,Thank you all for your engagement and thoughtful input during yesterday’s coordination call. I am pleased to summarize the outcomes of our final pre-workshop huddle,MAILV2ZD1UPR
pn8,mg295,attends,Thank you all for your engagement and thoughtful input during yesterday’s coordination call. I am pleased to summarize the outcomes of our final pre-workshop huddle,MAILV2ZD1UPR
pn2,mg296,attends,"Could we reconvene on Zoom at either 17:00 BST / 21:30 IST / 09:00 PDT tomorrow (1 June) or, if that proves difficult, at your nearest convenience? I have set up a provisional meeting link: https://iacs-in.zoom.us/j/89374269201?pwd=debrief2022",MAILH7R2C4U5
pn1,mg296,attends,"Could we reconvene on Zoom at either 17:00 BST / 21:30 IST / 09:00 PDT tomorrow (1 June) or, if that proves difficult, at your nearest convenience? I have set up a provisional meeting link: https://iacs-in.zoom.us/j/89374269201?pwd=debrief2022",MAILH7R2C4U5
pn7,mg296,attends,"Could we reconvene on Zoom at either 17:00 BST / 21:30 IST / 09:00 PDT tomorrow (1 June) or, if that proves difficult, at your nearest convenience? I have set up a provisional meeting link: https://iacs-in.zoom.us/j/89374269201?pwd=debrief2022",MAILH7R2C4U5
pn8,mg296,attends,"Could we reconvene on Zoom at either 17:00 BST / 21:30 IST / 09:00 PDT tomorrow (1 June) or, if that proves difficult, at your nearest convenience? I have set up a provisional meeting link: https://iacs-in.zoom.us/j/89374269201?pwd=debrief2022",MAILH7R2C4U5
pn2,mg297,attends,"Dear Ramesh, Sunita, and Michael,",MAILNQQYZX18
pn1,mg297,attends,"Dear Ramesh, Sunita, and Michael,",MAILNQQYZX18
pn7,mg297,attends,"Dear Ramesh, Sunita, and Michael,",MAILNQQYZX18
pn8,mg297,attends,"I confirm my availability for the suggested debrief session at 17:00 BST / 21:30 IST / 09:00 PDT today, 1 June, via the provided Zoom link.",MAILNQQYZX18
pn7,mg298,attends,I have blocked my calendar for the 17:00 BST / 21:30 IST / 09:00 PDT Zoom session and am looking forward to a comprehensive review together.,MAILE6TX4Q1R
pn8,mg298,attends,"Thank you, Ananya, for synthesizing the initial analytics and outlining our discussion framework for the debrief later today.",MAILE6TX4Q1R
pn2,mg298,attends,"Dear Ananya, Ramesh, and Sunita,",MAILE6TX4Q1R
pn1,mg298,attends,"Dear Ananya, Ramesh, and Sunita,",MAILE6TX4Q1R
pn8,mg299,attends,"before our 10 June check-in, so we can make an informed decision without rushing.",MAILZR8ML7J2
pn2,mg299,attends,"before our 10 June check-in, so we can make an informed decision without rushing.",MAILZR8ML7J2
pn1,mg299,attends,"before our 10 June check-in, so we can make an informed decision without rushing.",MAILZR8ML7J2
pn7,mg299,attends,"before our 10 June check-in, so we can make an informed decision without rushing.",MAILZR8ML7J2
pn8,mg299,attends,I am available for a brief sync call any afternoon (BST/IST) the week of 10 June and am happy to coordinate the agenda and notes.,MAILZR8ML7J2
pn7,mg301,attends,I am available for a sync call any evening IST / afternoon BST (which matches late morning PDT) during the week of 10 June.,MAIL9N2HEX0T
pn8,mg301,attends,Please let me know your preferred day so I can schedule and circulate a Zoom link along with a draft agenda.,MAIL9N2HEX0T
pn2,mg301,attends,Please let me know your preferred day so I can schedule and circulate a Zoom link along with a draft agenda.,MAIL9N2HEX0T
pn1,mg301,attends,Please let me know your preferred day so I can schedule and circulate a Zoom link along with a draft agenda.,MAIL9N2HEX0T
pn8,mg302,attends,"I am available for a sync call on 10 June any time after 20:00 IST (15:30 BST, 07:30 PDT).",MAILE41CX7KG
pn1,mg302,attends,"I am available for a sync call on 10 June any time after 20:00 IST (15:30 BST, 07:30 PDT).",MAILE41CX7KG
pn7,mg302,attends,"Please confirm if this suits everyone, or let’s propose alternative times if needed.",MAILE41CX7KG
pn2,mg302,attends,"Please confirm if this suits everyone, or let’s propose alternative times if needed.",MAILE41CX7KG
pn2,mg303,attends,"With respect to the 10 June sync call, the proposed time of 20:00 IST / 15:30 BST / 07:30 PDT works well for me.",MAILTW19SD3L
pn2,mg304,attends,I propose the following draft agenda for our sync call on 10 June (20:00 IST / 15:30 BST / 07:30 PDT),MAIL5A8QNCXL
pn1,mg304,attends,I propose the following draft agenda for our sync call on 10 June (20:00 IST / 15:30 BST / 07:30 PDT),MAIL5A8QNCXL
pn7,mg304,attends,I propose the following draft agenda for our sync call on 10 June (20:00 IST / 15:30 BST / 07:30 PDT),MAIL5A8QNCXL
pn8,mg304,attends,"Ahead of the 8 June deadline for final agenda items, I propose the following draft agenda for our sync call on 10 June",MAIL5A8QNCXL
pn8,mg305,attends,such a comprehensive and well-structured draft agenda for our upcoming 10 June sync call.,MAILQ7KLV49B
pn1,mg305,attends,such a comprehensive and well-structured draft agenda for our upcoming 10 June sync call.,MAILQ7KLV49B
pn2,mg305,attends,such a comprehensive and well-structured draft agenda for our upcoming 10 June sync call.,MAILQ7KLV49B
pn7,mg305,attends,such a comprehensive and well-structured draft agenda for our upcoming 10 June sync call.,MAILQ7KLV49B
pn7,mg306,attends,"Thank you, Michael, for your constructive feedback and thoughtful suggestions for our 10 June sync call agenda.",MAILE35NQ78J
pn8,mg306,attends,"Dear Michael, Ananya, and Ramesh,",MAILE35NQ78J
pn2,mg306,attends,"Dear Michael, Ananya, and Ramesh,",MAILE35NQ78J
pn1,mg306,attends,See you all at the call!,MAILE35NQ78J
pn7,mg307,attends,"For our call scheduled later today (20:00 IST / 15:30 BST / 07:30 PDT), please find attached the finalized agenda (now including Michael’s and Sunita’s additions...",MAILB60XNYAP
pn1,mg307,attends,"For our call scheduled later today (20:00 IST / 15:30 BST / 07:30 PDT), please find attached the finalized agenda (now including Michael’s and Sunita’s additions...",MAILB60XNYAP
pn8,mg307,attends,"For our call scheduled later today (20:00 IST / 15:30 BST / 07:30 PDT), please find attached the finalized agenda...",MAILB60XNYAP
pn2,mg307,attends,See you all on Zoom shortly.,MAILB60XNYAP
pn7,c14,attends,I am happy to share recent resources from the ACL 2022 Diversity & Inclusion initiative.,MAILV35AJ6FZ
pn1,mg308,attends,"To ensure alignment and address any last-minute queries, I propose a short internal Zoom walkthrough on 24 June at 17:00 IST (09:30 UTC, 02:30 PDT, 10:30 BST).",MAILTLQWDS18
pn2,mg308,attends,"To ensure alignment and address any last-minute queries, I propose a short internal Zoom walkthrough on 24 June at 17:00 IST (09:30 UTC, 02:30 PDT, 10:30 BST).",MAILTLQWDS18
pn7,mg308,attends,"To ensure alignment and address any last-minute queries, I propose a short internal Zoom walkthrough on 24 June at 17:00 IST (09:30 UTC, 02:30 PDT, 10:30 BST).",MAILTLQWDS18
pn8,mg308,attends,"To ensure alignment and address any last-minute queries, I propose a short internal Zoom walkthrough on 24 June at 17:00 IST (09:30 UTC, 02:30 PDT, 10:30 BST).",MAILTLQWDS18
pn1,mg309,attends,Regarding the Zoom walkthrough on 24 June at 17:00 IST: I am available at the proposed time and look forward to the session.,MAILK9JD32LM
pn8,mg309,attends,Regarding the Zoom walkthrough on 24 June at 17:00 IST: I am available at the proposed time and look forward to the session.,MAILK9JD32LM
pn7,mg309,attends,Regarding the Zoom walkthrough on 24 June at 17:00 IST: I am available at the proposed time and look forward to the session.,MAILK9JD32LM
pn2,mg309,attends,Regarding the Zoom walkthrough on 24 June at 17:00 IST: I am available at the proposed time and look forward to the session.,MAILK9JD32LM
pn1,mg310,attends,"Would everyone be available for a short coordination call next Thursday at 16:00 IST (09:30 BST, 01:30 PDT)?",MAIL5PGJQ2CL
pn7,mg310,attends,"Would everyone be available for a short coordination call next Thursday at 16:00 IST (09:30 BST, 01:30 PDT)?",MAIL5PGJQ2CL
pn8,mg310,attends,"Would everyone be available for a short coordination call next Thursday at 16:00 IST (09:30 BST, 01:30 PDT)?",MAIL5PGJQ2CL
pn2,mg310,attends,"Would everyone be available for a short coordination call next Thursday at 16:00 IST (09:30 BST, 01:30 PDT)?",MAIL5PGJQ2CL
pn8,mg311,attends,"Regarding the proposed coordination call, Thursday at 16:00 IST (09:30 BST, 01:30 PDT) works for me.",MAIL44GJP7SA
pn7,mg311,attends,"Please, Michael and Ramesh, confirm your availability for this slot.",MAIL44GJP7SA
pn2,mg311,attends,"Please, Michael and Ramesh, confirm your availability for this slot.",MAIL44GJP7SA
pn8,mg311,attends,"Sunita, please go ahead and send around the Google Meet invitation once we have everyone’s confirmation.",MAIL44GJP7SA
pn1,mg311,attends,"Sunita, please go ahead and send around the Google Meet invitation once we have everyone’s confirmation.",MAIL44GJP7SA
pn2,mg311,attends,"Sunita, please go ahead and send around the Google Meet invitation once we have everyone’s confirmation.",MAIL44GJP7SA
pn7,mg311,attends,"Sunita, please go ahead and send around the Google Meet invitation once we have everyone’s confirmation.",MAIL44GJP7SA
pn8,mg312,attends,"Dear Ananya, Ramesh, and Michael,

Thank you all for your timely confirmations and thoughtful feedback regarding both the drafted reviewer response points and our coordination meeting. As proposed and agreed, our preparatory call is now scheduled for Thursday at 16:00 IST (09:30 BST, 01:30 PDT).",MAILVK9RFT38
pn2,mg312,attends,"Dear Ananya, Ramesh, and Michael,

Thank you all for your timely confirmations and thoughtful feedback regarding both the drafted reviewer response points and our coordination meeting. As proposed and agreed, our preparatory call is now scheduled for Thursday at 16:00 IST (09:30 BST, 01:30 PDT).",MAILVK9RFT38
pn7,mg312,attends,"Dear Ananya, Ramesh, and Michael,

Thank you all for your timely confirmations and thoughtful feedback regarding both the drafted reviewer response points and our coordination meeting. As proposed and agreed, our preparatory call is now scheduled for Thursday at 16:00 IST (09:30 BST, 01:30 PDT).",MAILVK9RFT38
pn1,mg312,attends,Looking forward to our collaborative session and finalizing robust preparation ahead of the peer review phase.,MAILVK9RFT38
pn1,mg313,attends,"**Attendees:** Sunita Sen, Dr. Michael Bradley, Dr. Ananya Chatterjee, Prof. Ramesh Bhatia",MAILAXZ4U78N
pn7,mg313,attends,"**Attendees:** Sunita Sen, Dr. Michael Bradley, Dr. Ananya Chatterjee, Prof. Ramesh Bhatia",MAILAXZ4U78N
pn8,mg313,attends,"**Attendees:** Sunita Sen, Dr. Michael Bradley, Dr. Ananya Chatterjee, Prof. Ramesh Bhatia",MAILAXZ4U78N
pn2,mg313,attends,"**Attendees:** Sunita Sen, Dr. Michael Bradley, Dr. Ananya Chatterjee, Prof. Ramesh Bhatia",MAILAXZ4U78N
pn7,mg314,attends,"I am available for a discussion the week of August 12th, except for the 14th.",MAIL0Z58QPLH
pn2,mg314,attends,"Please let us know your preferences, and if convenient, maybe we can integrate a short session addressing both grant and conference outreach.",MAIL0Z58QPLH
pn1,mg314,attends,"Please let us know your preferences, and if convenient, maybe we can integrate a short session addressing both grant and conference outreach.",MAIL0Z58QPLH
pn8,mg314,attends,"Please let us know your preferences, and if convenient, maybe we can integrate a short session addressing both grant and conference outreach.",MAIL0Z58QPLH
pn8,mg315,attends,"Regarding our collaborative session, the week of August 12th works well for me",MAILQ2X7SYDJ
pn8,mg315,attends,with August 13th or 15th preferred as I have existing commitments on the 14th.,MAILQ2X7SYDJ
pn1,mg316,attends,"Regarding the collaborative session, I am available both on the 13th and 15th of August (IST afternoons/evenings preferred, if possible).",MAIL95VBQFEL
pn8,mg316,attends,"Regarding the collaborative session, I am available both on the 13th and 15th of August (IST afternoons/evenings preferred, if possible). Ananya, a Doodle poll would be helpful to confirm the optimal slot.",MAIL95VBQFEL
pn7,mg316,attends,Looking forward to everyone’s thoughts on the above and to engaging in another productive team session soon.,MAIL95VBQFEL
pn2,mg316,attends,Looking forward to everyone’s thoughts on the above and to engaging in another productive team session soon.,MAIL95VBQFEL
pn2,mg317,attends,"Regarding our collaborative session, both August 13th and 15th are feasible for me, with a slight preference for the 13th (afternoon IST/late morning BST/early morning PDT).",MAILA3VQZ2HK
pn2,mg317,attends,"Regarding our collaborative session, both August 13th and 15th are feasible for me",MAILA3VQZ2HK
pn8,mg319,attends,"To finalize our collaborative session, I have created a Doodle poll to accommodate all our time zones for August 13th and 15th as discussed.",MAIL2CPJ4LQS
pn7,mg319,attends,"To finalize our collaborative session, I have created a Doodle poll to accommodate all our time zones for August 13th and 15th as discussed.",MAIL2CPJ4LQS
pn2,mg319,attends,"To finalize our collaborative session, I have created a Doodle poll to accommodate all our time zones for August 13th and 15th as discussed.",MAIL2CPJ4LQS
pn1,mg319,attends,"To finalize our collaborative session, I have created a Doodle poll to accommodate all our time zones for August 13th and 15th as discussed.",MAIL2CPJ4LQS
pn1,mg320,attends,with a slight preference for the August 13th afternoon IST window.,MAILQ9TX48NP
pn8,mg320,attends,so Ananya can confirm our meeting time and circulate the agenda.,MAILQ9TX48NP
pn7,mg320,attends,"Looking forward to seeing the group’s final Doodle poll responses by end of day, so Ananya can confirm our meeting time and circulate the agenda.",MAILQ9TX48NP
pn2,mg320,attends,"Looking forward to seeing the group’s final Doodle poll responses by end of day, so Ananya can confirm our meeting time and circulate the agenda.",MAILQ9TX48NP
pn1,mg321,attends,"Per the Doodle poll results, it appears Wednesday, August 13th, 3:30pm IST/11:00am BST/3:00am PDT works best for all.",MAILT4Y9MBP8
pn2,mg321,attends,"Per the Doodle poll results, it appears Wednesday, August 13th, 3:30pm IST/11:00am BST/3:00am PDT works best for all.",MAILT4Y9MBP8
pn7,mg321,attends,"Per the Doodle poll results, it appears Wednesday, August 13th, 3:30pm IST/11:00am BST/3:00am PDT works best for all.",MAILT4Y9MBP8
pn8,mg321,attends,"Per the Doodle poll results, it appears Wednesday, August 13th, 3:30pm IST/11:00am BST/3:00am PDT works best for all.",MAILT4Y9MBP8
pn7,mg322,attends,"Dear Michael, Ramesh, and Sunita,

Per the finalized schedule, our collaborative session will be held on Wednesday, August 13th, at 3:30pm IST / 11:00am BST / 3:00am PDT.",MAILHY36TQ91
pn2,mg322,attends,"Dear Michael, Ramesh, and Sunita,

Per the finalized schedule, our collaborative session will be held on Wednesday, August 13th, at 3:30pm IST / 11:00am BST / 3:00am PDT.",MAILHY36TQ91
pn1,mg322,attends,"Dear Michael, Ramesh, and Sunita,

Per the finalized schedule, our collaborative session will be held on Wednesday, August 13th, at 3:30pm IST / 11:00am BST / 3:00am PDT.",MAILHY36TQ91
pn8,mg322,attends,"Per the finalized schedule, our collaborative session will be held on Wednesday, August 13th, at 3:30pm IST / 11:00am BST / 3:00am PDT.",MAILHY36TQ91
pn8,mg323,attends,"Dear Ananya, Ramesh, and Sunita,

Thank you all for your excellent participation in yesterday’s session.",MAIL6QTU93ND
pn2,mg323,attends,"Dear Ananya, Ramesh, and Sunita,

Thank you all for your excellent participation in yesterday’s session.",MAIL6QTU93ND
pn1,mg323,attends,"Dear Ananya, Ramesh, and Sunita,

Thank you all for your excellent participation in yesterday’s session.",MAIL6QTU93ND
pn7,mg323,attends,Thank you all for your excellent participation in yesterday’s session.,MAIL6QTU93ND
pn2,mg324,attends,I suggest a brief (10–15 min) group check-in via Google Meet on August 19th,MAIL8AP9CTYS
pn7,mg324,attends,I suggest a brief (10–15 min) group check-in via Google Meet on August 19th,MAIL8AP9CTYS
pn8,mg324,attends,I suggest a brief (10–15 min) group check-in via Google Meet on August 19th,MAIL8AP9CTYS
pn1,mg324,attends,I suggest a brief (10–15 min) group check-in via Google Meet on August 19th,MAIL8AP9CTYS
pn1,mg325,attends,I am available for a short Google Meet on August 19th between 3:00pm–5:00pm IST.,MAILYZ6R3JKQ
pn2,mg325,attends,Please confirm if this window works for everyone,MAILYZ6R3JKQ
pn7,mg325,attends,Please confirm if this window works for everyone,MAILYZ6R3JKQ
pn8,mg325,attends,Please confirm if this window works for everyone,MAILYZ6R3JKQ
pn8,c28,attends,"I look forward to the next steps, including reviewing feedback and, optimistically, preparing the camera-ready version for JCDL 2023.",MAILW8952NCM
pn1,c28,attends,"I look forward to the next steps, including reviewing feedback and, optimistically, preparing the camera-ready version for JCDL 2023.",MAILW8952NCM
pn2,c28,attends,"I look forward to the next steps, including reviewing feedback and, optimistically, preparing the camera-ready version for JCDL 2023.",MAILW8952NCM
pn7,c28,attends,"I look forward to the next steps, including reviewing feedback and, optimistically, preparing the camera-ready version for JCDL 2023.",MAILW8952NCM
pn8,c28,attends,Notification of acceptance or requests for minor revision will be sent to the corresponding author (Dr. Ananya Chatterjee) by 10th March 2021.,MAILY378GHT9
pn8,c28,attends,we look forward to your contribution to JCDL 2023.,MAIL7G5S23LV
pn1,mg326,attends,I propose we schedule a brief Zoom meeting in early December for a final screen-share review before submission—kindly indicate your available slots.,MAILSB28Y9L4
pn2,mg326,attends,I propose we schedule a brief Zoom meeting in early December for a final screen-share review before submission—kindly indicate your available slots.,MAILSB28Y9L4
pn7,mg326,attends,I propose we schedule a brief Zoom meeting in early December for a final screen-share review before submission—kindly indicate your available slots.,MAILSB28Y9L4
pn8,mg326,attends,I propose we schedule a brief Zoom meeting in early December for a final screen-share review before submission—kindly indicate your available slots.,MAILSB28Y9L4
pn7,mg327,attends,a Zoom meeting—afternoons between 2–6 December (GMT) work for me as well.,MAIL6TXUY5ZA
pn1,mg327,attends,"Ananya, I echo Sunita’s proposal regarding a Zoom meeting—afternoons between 2–6 December (GMT) work for me as well.",MAIL6TXUY5ZA
pn8,mg327,attends,"Ananya, I echo Sunita’s proposal regarding a Zoom meeting—afternoons between 2–6 December (GMT) work for me as well.",MAIL6TXUY5ZA
pn2,mg327,attends,"Thank you all for your dedication, and Ananya, I echo Sunita’s proposal regarding a Zoom meeting—afternoons between 2–6 December (GMT) work for me as well.",MAIL6TXUY5ZA
pn2,mg328,attends,"Regarding the proposed Zoom meeting, I am available on 4 and 5 December, preferably after 14:00 GMT.",MAILA9N73SXY
pn8,mg328,attends,"Regarding the proposed Zoom meeting, I am available on 4 and 5 December, preferably after 14:00 GMT.",MAILA9N73SXY
pn7,mg328,attends,"Regarding the proposed Zoom meeting, I am available on 4 and 5 December, preferably after 14:00 GMT.",MAILA9N73SXY
pn1,mg328,attends,"Regarding the proposed Zoom meeting, I am available on 4 and 5 December, preferably after 14:00 GMT.",MAILA9N73SXY
pn1,c28,attends,Looking forward to working through this last stage together and to presenting our collective work at JCDL 2023.,MAILA9N73SXY
pn2,c28,attends,Looking forward to working through this last stage together and to presenting our collective work at JCDL 2023.,MAILA9N73SXY
pn7,c28,attends,Looking forward to working through this last stage together and to presenting our collective work at JCDL 2023.,MAILA9N73SXY
pn8,c28,attends,Looking forward to working through this last stage together and to presenting our collective work at JCDL 2023.,MAILA9N73SXY
pn1,mg329,attends,"since both 4 and 5 December after 14:00 GMT seem suitable for everyone, I have created a Doodle poll to confirm exact preferences",MAILGH25J3X1
pn2,mg329,attends,"since both 4 and 5 December after 14:00 GMT seem suitable for everyone, I have created a Doodle poll to confirm exact preferences",MAILGH25J3X1
pn7,mg329,attends,"since both 4 and 5 December after 14:00 GMT seem suitable for everyone, I have created a Doodle poll to confirm exact preferences",MAILGH25J3X1
pn8,mg329,attends,"Once our slot is confirmed, I will circulate a Zoom calendar invite with a secure link.",MAILGH25J3X1
pn8,mg330,attends,"5. Our live Zoom review meeting is now scheduled for 4 December at 14:30 GMT, based on Doodle poll results.",MAILXK27Z50S
pn1,mg330,attends,"5. Our live Zoom review meeting is now scheduled for 4 December at 14:30 GMT, based on Doodle poll results.",MAILXK27Z50S
pn2,mg330,attends,"5. Our live Zoom review meeting is now scheduled for 4 December at 14:30 GMT, based on Doodle poll results.",MAILXK27Z50S
pn7,mg330,attends,"5. Our live Zoom review meeting is now scheduled for 4 December at 14:30 GMT, based on Doodle poll results.",MAILXK27Z50S
pn2,mg331,attends,I look forward to our live Zoom review on 4 December.,MAIL2DRFJPQ8
pn8,mg331,attends,I look forward to our live Zoom review on 4 December.,MAIL2DRFJPQ8
pn1,mg331,attends,I look forward to our live Zoom review on 4 December.,MAIL2DRFJPQ8
pn7,mg331,attends,I look forward to our live Zoom review on 4 December.,MAIL2DRFJPQ8
pn1,mg332,attends,"As for the upcoming Zoom review on 4 December: besides the submission checklist and portal demo, do we want to briefly run through the compliance metadata fields as a team?",MAILPQM8YRF2
pn2,mg332,attends,"As for the upcoming Zoom review on 4 December: besides the submission checklist and portal demo, do we want to briefly run through the compliance metadata fields as a team?",MAILPQM8YRF2
pn8,mg332,attends,"As for the upcoming Zoom review on 4 December: besides the submission checklist and portal demo, do we want to briefly run through the compliance metadata fields as a team?",MAILPQM8YRF2
pn7,mg332,attends,"As for the upcoming Zoom review on 4 December: besides the submission checklist and portal demo, do we want to briefly run through the compliance metadata fields as a team?",MAILPQM8YRF2
pn8,c28,attends,the JCDL 2023 portal accepts vector (PDF) and high-res raster (PNG) files for supplementary content,MAILPQM8YRF2
pn1,c28,attends,the JCDL 2023 portal accepts vector (PDF) and high-res raster (PNG) files for supplementary content,MAILPQM8YRF2
pn2,c28,attends,the JCDL 2023 portal accepts vector (PDF) and high-res raster (PNG) files for supplementary content,MAILPQM8YRF2
pn7,c28,attends,the JCDL 2023 portal accepts vector (PDF) and high-res raster (PNG) files for supplementary content,MAILPQM8YRF2
pn7,mg333,attends,I look forward to our 4 December meeting for a comprehensive submission review.,MAILX7K21VLQ
pn1,mg333,attends,I look forward to our 4 December meeting for a comprehensive submission review.,MAILX7K21VLQ
pn2,mg333,attends,I look forward to our 4 December meeting for a comprehensive submission review.,MAILX7K21VLQ
pn8,mg333,attends,I look forward to our 4 December meeting for a comprehensive submission review.,MAILX7K21VLQ
pn1,mg335,attends,"Ahead of our Zoom session tomorrow (4 December, 14:30 GMT)",MAILE8F2W7CZ
pn8,mg335,attends,"Ahead of our Zoom session tomorrow (4 December, 14:30 GMT)",MAILE8F2W7CZ
pn2,mg335,attends,"Ahead of our Zoom session tomorrow (4 December, 14:30 GMT)",MAILE8F2W7CZ
pn7,mg335,attends,"Ahead of our Zoom session tomorrow (4 December, 14:30 GMT)",MAILE8F2W7CZ
pn8,mg335,attends,"Ananya, thank you in advance for facilitating the meeting and for sharing the Zoom link in your upcoming calendar invitation.",MAILE8F2W7CZ
pn1,mg336,attends,"Dear Sunita, Ramesh, and Michael,

Many thanks, Sunita, for sharing a well-structured agenda and for everyone’s flexibility in accommodating this key meeting. I am pleased to confirm our JCDL 2023 submission review and coordination meeting for today, 4 December, at 14:30 GMT as scheduled.",MAILPTN834V5
pn2,mg336,attends,"Dear Sunita, Ramesh, and Michael,

Many thanks, Sunita, for sharing a well-structured agenda and for everyone’s flexibility in accommodating this key meeting. I am pleased to confirm our JCDL 2023 submission review and coordination meeting for today, 4 December, at 14:30 GMT as scheduled.",MAILPTN834V5
pn7,mg336,attends,"Dear Sunita, Ramesh, and Michael,

Many thanks, Sunita, for sharing a well-structured agenda and for everyone’s flexibility in accommodating this key meeting. I am pleased to confirm our JCDL 2023 submission review and coordination meeting for today, 4 December, at 14:30 GMT as scheduled.",MAILPTN834V5
pn8,mg336,attends,"I am pleased to confirm our JCDL 2023 submission review and coordination meeting for today, 4 December, at 14:30 GMT as scheduled.",MAILPTN834V5
pn8,mg337,attends,"Thank you all for your engaged participation in yesterday’s Zoom meeting. ... Attendance:  All team members present: Ananya, Sunita, Michael, and myself.",MAILR5W8Q2LP
pn1,mg337,attends,"Thank you all for your engaged participation in yesterday’s Zoom meeting. ... Attendance:  All team members present: Ananya, Sunita, Michael, and myself.",MAILR5W8Q2LP
pn7,mg337,attends,"Thank you all for your engaged participation in yesterday’s Zoom meeting. ... Attendance:  All team members present: Ananya, Sunita, Michael, and myself.",MAILR5W8Q2LP
pn2,mg337,attends,"Thank you all for your engaged participation in yesterday’s Zoom meeting. ... Attendance:  All team members present: Ananya, Sunita, Michael, and myself.",MAILR5W8Q2LP
pn8,mg338,attends,"I suggest scheduling a team meeting (week of 4 March) to synchronize on progress, share feedback, and confirm all revision points have been comprehensively addressed.",MAIL4V7C3BH2
pn1,mg338,attends,"I suggest scheduling a team meeting (week of 4 March) to synchronize on progress, share feedback, and confirm all revision points have been comprehensively addressed.",MAIL4V7C3BH2
pn2,mg338,attends,"I suggest scheduling a team meeting (week of 4 March) to synchronize on progress, share feedback, and confirm all revision points have been comprehensively addressed.",MAIL4V7C3BH2
pn7,mg338,attends,"I suggest scheduling a team meeting (week of 4 March) to synchronize on progress, share feedback, and confirm all revision points have been comprehensively addressed.",MAIL4V7C3BH2
pn1,mg339,attends,"Additionally, I am available for a team meeting in the week of 4 March and support the idea of using a Doodle poll to lock down a suitable time for all.",MAILML6S7A9K
pn1,c28,attends,Congratulations once again to everyone—looking forward to the successful completion of these revisions and to our presentation at JCDL 2023.,MAILML6S7A9K
pn2,c28,attends,Congratulations once again to everyone—looking forward to the successful completion of these revisions and to our presentation at JCDL 2023.,MAILML6S7A9K
pn7,c28,attends,Congratulations once again to everyone—looking forward to the successful completion of these revisions and to our presentation at JCDL 2023.,MAILML6S7A9K
pn8,c28,attends,Congratulations once again to everyone—looking forward to the successful completion of these revisions and to our presentation at JCDL 2023.,MAILML6S7A9K
pn7,mg340,attends,"Regarding the forthcoming internal review meeting, I agree that a Doodle poll is the most efficient way to coordinate across time zones.",MAILW5Q9JMB7
pn1,mg340,attends,"Regarding the forthcoming internal review meeting, I agree that a Doodle poll is the most efficient way to coordinate across time zones.",MAILW5Q9JMB7
pn8,mg340,attends,"Regarding the forthcoming internal review meeting, I agree that a Doodle poll is the most efficient way to coordinate across time zones.",MAILW5Q9JMB7
pn2,mg340,attends,"Regarding the forthcoming internal review meeting, I agree that a Doodle poll is the most efficient way to coordinate across time zones.",MAILW5Q9JMB7
pn8,mg341,attends,"let’s synchronize for a focused internal review meeting during the week of 4 March, as previously discussed.",MAIL8KD1WZ36
pn1,mg341,attends,"let’s synchronize for a focused internal review meeting during the week of 4 March, as previously discussed.",MAIL8KD1WZ36
pn2,mg341,attends,"let’s synchronize for a focused internal review meeting during the week of 4 March, as previously discussed.",MAIL8KD1WZ36
pn7,mg341,attends,"let’s synchronize for a focused internal review meeting during the week of 4 March, as previously discussed.",MAIL8KD1WZ36
pn8,mg342,attends,"Ananya, I appreciate your coordination efforts and the clarity of the Doodle poll for the March meeting. I have registered my slot preferences and am available on 4, 5, and 8 March as indicated.",MAIL76DW9PQE
pn2,mg342,attends,"I have registered my slot preferences and am available on 4, 5, and 8 March as indicated.",MAIL76DW9PQE
pn2,mg343,attends,agenda for our upcoming internal review meeting,MAILE5W3N2F7
pn8,mg343,attends,agenda for our upcoming internal review meeting,MAILE5W3N2F7
pn7,mg343,attends,agenda for our upcoming internal review meeting,MAILE5W3N2F7
pn1,mg343,attends,agenda for our upcoming internal review meeting,MAILE5W3N2F7
pn1,mg344,attends,I am pleased to confirm our internal review meeting for 18th June 2021 at 16:30 IST / 11:00 GMT / 03:00 PST.,MAILE9U2V5XR
pn2,mg344,attends,I am pleased to confirm our internal review meeting for 18th June 2021 at 16:30 IST / 11:00 GMT / 03:00 PST.,MAILE9U2V5XR
pn7,mg344,attends,I am pleased to confirm our internal review meeting for 18th June 2021 at 16:30 IST / 11:00 GMT / 03:00 PST.,MAILE9U2V5XR
pn8,mg344,attends,Looking forward to seeing you all at our meeting and to a successful final submission for JCDL 2023.,MAILE9U2V5XR
pn1,c28,attends,Looking forward to seeing you all at our meeting and to a successful final submission for JCDL 2023.,MAILE9U2V5XR
pn2,c28,attends,Looking forward to seeing you all at our meeting and to a successful final submission for JCDL 2023.,MAILE9U2V5XR
pn7,c28,attends,Looking forward to seeing you all at our meeting and to a successful final submission for JCDL 2023.,MAILE9U2V5XR
pn8,c28,attends,Looking forward to seeing you all at our meeting and to a successful final submission for JCDL 2023.,MAILE9U2V5XR
pn1,mg343,attends,"**Attendees:** Sunita Sen, Prof. Ramesh Bhatia, Dr. Ananya Chatterjee, Dr. Michael Bradley",MAIL8NWZ52QF
pn2,mg343,attends,"**Attendees:** Sunita Sen, Prof. Ramesh Bhatia, Dr. Ananya Chatterjee, Dr. Michael Bradley",MAIL8NWZ52QF
pn8,mg343,attends,"**Attendees:** Sunita Sen, Prof. Ramesh Bhatia, Dr. Ananya Chatterjee, Dr. Michael Bradley",MAIL8NWZ52QF
pn7,mg343,attends,"**Attendees:** Sunita Sen, Prof. Ramesh Bhatia, Dr. Ananya Chatterjee, Dr. Michael Bradley",MAIL8NWZ52QF
pn1,c28,attends,"Looking forward to our official submission and, hopefully, a well-deserved acceptance at JCDL 2023!",MAIL8NWZ52QF
pn2,c28,attends,"Looking forward to our official submission and, hopefully, a well-deserved acceptance at JCDL 2023!",MAIL8NWZ52QF
pn8,c28,attends,"Looking forward to our official submission and, hopefully, a well-deserved acceptance at JCDL 2023!",MAIL8NWZ52QF
pn7,c28,attends,"Looking forward to our official submission and, hopefully, a well-deserved acceptance at JCDL 2023!",MAIL8NWZ52QF
pn1,c28,attends,Please ensure your individual conference registration status is up to date,MAIL7TJ8V6PY
pn2,c28,attends,Please ensure your individual conference registration status is up to date,MAIL7TJ8V6PY
pn7,c28,attends,Please ensure your individual conference registration status is up to date,MAIL7TJ8V6PY
pn8,c28,attends,Please ensure your individual conference registration status is up to date,MAIL7TJ8V6PY
pn1,c28,attends,I look forward to our participation at JCDL 2023,MAIL5A4LJ7WM
pn2,c28,attends,I look forward to our participation at JCDL 2023,MAIL5A4LJ7WM
pn7,c28,attends,I look forward to our participation at JCDL 2023,MAIL5A4LJ7WM
pn8,c28,attends,I look forward to our participation at JCDL 2023,MAIL5A4LJ7WM
pn7,c29,attends,and we look forward to your participation at JCDL 2023.,MAIL9V4PKLWB
pn1,c29,attends,and we look forward to your participation at JCDL 2023.,MAIL9V4PKLWB
pn2,c29,attends,and we look forward to your participation at JCDL 2023.,MAIL9V4PKLWB
pn8,c29,attends,and we look forward to your participation at JCDL 2023.,MAIL9V4PKLWB
pn1,c28,attends,"Please log in to the JCDL 2023 submission portal and double-check that your name, affiliation, and email address are correctly inputted as per the guidelines.",MAIL6PLJ3XNV
pn8,c28,attends,"Please log in to the JCDL 2023 submission portal and double-check that your name, affiliation, and email address are correctly inputted as per the guidelines.",MAIL6PLJ3XNV
pn7,c28,attends,"Please log in to the JCDL 2023 submission portal and double-check that your name, affiliation, and email address are correctly inputted as per the guidelines.",MAIL6PLJ3XNV
pn1,c28,attends,"Thank you, Ramesh, for your timely reminder and for clearly outlining the remaining administrative steps regarding our JCDL 2023 submission.",MAILQ63YAZXR
pn8,c28,attends,I reviewed my author metadata on the JCDL 2023 portal,MAILNM23ZBVP
pn1,c28,attends,"With both Sunita and I having confirmed our administrative readiness, I request Michael to reply with his status, and Ramesh to confirm for himself if not already completed. Once we are all set, we can confidently report back to the Proceedings Committee and begin focusing on our dissemination strategy for the conference.",MAILNM23ZBVP
pn2,c28,attends,"With both Sunita and I having confirmed our administrative readiness, I request Michael to reply with his status, and Ramesh to confirm for himself if not already completed.",MAILNM23ZBVP
pn7,c28,attends,"With both Sunita and I having confirmed our administrative readiness, I request Michael to reply with his status",MAILNM23ZBVP
pn7,mg345,attends,I propose we set up an initial (brief) virtual check-in next week to outline our talk structure and discuss roles for the Q&A segment,MAILYL8F5QND
pn1,mg345,attends,I propose we set up an initial (brief) virtual check-in next week to outline our talk structure and discuss roles for the Q&A segment—please reply with your preferred time slots.,MAILYL8F5QND
pn2,mg345,attends,I propose we set up an initial (brief) virtual check-in next week to outline our talk structure and discuss roles for the Q&A segment—please reply with your preferred time slots.,MAILYL8F5QND
pn8,mg345,attends,I propose we set up an initial (brief) virtual check-in next week to outline our talk structure and discuss roles for the Q&A segment—please reply with your preferred time slots.,MAILYL8F5QND
pn2,c28,attends,- Completed conference registration via the ACM portal.,MAILR7B6SWFQ
pn2,c28,attends,We look forward to your participation in London and to the contributions your work will make to the community.,MAILA23XVS9P
pn1,c28,attends,We look forward to your participation in London and to the contributions your work will make to the community.,MAILA23XVS9P
pn1,mg346,attends,Could we schedule a virtual meeting (Zoom or Google Meet) during the week of 1–5 April to kick off the preparation and agree on the timeline for draft review?,MAILH42K8XNP
pn2,mg346,attends,Could we schedule a virtual meeting (Zoom or Google Meet) during the week of 1–5 April to kick off the preparation and agree on the timeline for draft review?,MAILH42K8XNP
pn7,mg346,attends,Could we schedule a virtual meeting (Zoom or Google Meet) during the week of 1–5 April to kick off the preparation and agree on the timeline for draft review?,MAILH42K8XNP
pn8,mg346,attends,Could we schedule a virtual meeting (Zoom or Google Meet) during the week of 1–5 April to kick off the preparation and agree on the timeline for draft review?,MAILH42K8XNP
pn1,c28,attends,recent administrative process for JCDL 2023,MAILH42K8XNP
pn2,c28,attends,recent administrative process for JCDL 2023,MAILH42K8XNP
pn7,c28,attends,recent administrative process for JCDL 2023,MAILH42K8XNP
pn8,c28,attends,recent administrative process for JCDL 2023,MAILH42K8XNP
pn1,c28,attends,"Thank you, Sunita, for outlining an excellent plan for our JCDL 2023 presentation preparation.",MAIL98JSK54W
pn2,c28,attends,"Thank you, Sunita, for outlining an excellent plan for our JCDL 2023 presentation preparation.",MAIL98JSK54W
pn8,c28,attends,"Thank you, Sunita, for outlining an excellent plan for our JCDL 2023 presentation preparation.",MAIL98JSK54W
pn7,c28,attends,"Thank you, Sunita, for outlining an excellent plan for our JCDL 2023 presentation preparation.",MAIL98JSK54W
pn7,mg36,attends,"I am available for a coordination meeting any day between 2–4 April, preferably between 16:00–18:00 BST / 08:00–10:00 PDT / 20:30–22:30 IST.",MAIL98JSK54W
pn1,mg36,attends,"Please confirm if these windows work, or suggest alternatives.",MAIL98JSK54W
pn2,mg36,attends,"Please confirm if these windows work, or suggest alternatives.",MAIL98JSK54W
pn8,mg36,attends,"Please confirm if these windows work, or suggest alternatives.",MAIL98JSK54W
pn7,mg347,attends,"I am available for a virtual coordination meeting on 3 April between 20:30–22:00 IST ... Michael, please proceed to create the Zoom invite; Sunita and Ananya, kindly confirm your availability or propose adjustments if needed.",MAILP8FW6BZH
pn1,mg347,attends,"I am available for a virtual coordination meeting on 3 April ... Sunita and Ananya, kindly confirm your availability or propose adjustments if needed.",MAILP8FW6BZH
pn8,mg347,attends,"I am available for a virtual coordination meeting on 3 April ... Sunita and Ananya, kindly confirm your availability or propose adjustments if needed.",MAILP8FW6BZH
pn2,mg347,attends,"I am available for a virtual coordination meeting on 3 April between 20:30–22:00 IST (16:00–17:30 BST / 08:00–09:30 PDT), which seems to fall within the suggested timeframes for everyone.",MAILP8FW6BZH
pn7,c28,attends,Looking forward to everyone’s input and seeing this collaboration come to fruition at JCDL 2023.,MAILP8FW6BZH
pn1,c28,attends,Looking forward to everyone’s input and seeing this collaboration come to fruition at JCDL 2023.,MAILP8FW6BZH
pn8,c28,attends,Looking forward to everyone’s input and seeing this collaboration come to fruition at JCDL 2023.,MAILP8FW6BZH
pn2,c28,attends,Looking forward to everyone’s input and seeing this collaboration come to fruition at JCDL 2023.,MAILP8FW6BZH
pn8,mg348,attends,I am delighted to confirm my availability for the proposed virtual meeting on 3 April between 20:30–22:00 IST (16:00–17:30 BST / 08:00–09:30 PDT).,MAILE7BP4F9A
pn7,mg348,attends,Please confirm once the meeting invite is circulated and let me know if anyone would like to coordinate further on draft outlines before the call.,MAILE7BP4F9A
pn1,mg348,attends,Please confirm once the meeting invite is circulated and let me know if anyone would like to coordinate further on draft outlines before the call.,MAILE7BP4F9A
pn2,mg348,attends,Please confirm once the meeting invite is circulated and let me know if anyone would like to coordinate further on draft outlines before the call.,MAILE7BP4F9A
pn1,mg349,attends,"Dear Sunita, Ramesh, and Ananya,

Thank you all for your enthusiastic responses and confirmations of availability for our coordination meeting. I am pleased to confirm the meeting is now scheduled as follows:",MAIL3NR7YBQA
pn2,mg349,attends,"Dear Sunita, Ramesh, and Ananya,

Thank you all for your enthusiastic responses and confirmations of availability for our coordination meeting. I am pleased to confirm the meeting is now scheduled as follows:",MAIL3NR7YBQA
pn8,mg349,attends,"Dear Sunita, Ramesh, and Ananya,

Thank you all for your enthusiastic responses and confirmations of availability for our coordination meeting. I am pleased to confirm the meeting is now scheduled as follows:",MAIL3NR7YBQA
pn7,mg349,attends,Please check your calendar invites for direct access and let me know if you have any trouble with the link or agenda.,MAIL3NR7YBQA
pn1,c28,attends,Looking forward to a productive conversation and propelling our preparations for JCDL 2023.,MAIL3NR7YBQA
pn2,c28,attends,Looking forward to a productive conversation and propelling our preparations for JCDL 2023.,MAIL3NR7YBQA
pn7,c28,attends,Looking forward to a productive conversation and propelling our preparations for JCDL 2023.,MAIL3NR7YBQA
pn8,c28,attends,Looking forward to a productive conversation and propelling our preparations for JCDL 2023.,MAIL3NR7YBQA
pn7,mg350,attends,Thank you all for attending our Zoom coordination meeting yesterday,MAIL9P5JN3XA
pn2,mg350,attends,Thank you all for attending our Zoom coordination meeting yesterday,MAIL9P5JN3XA
pn8,mg350,attends,Thank you all for attending our Zoom coordination meeting yesterday,MAIL9P5JN3XA
pn1,mg350,attends,Thank you all for attending our Zoom coordination meeting yesterday,MAIL9P5JN3XA
pn7,c28,attends,as we move steadily toward our JCDL 2023 presentation and session assignment.,MAIL9P5JN3XA
pn2,c28,attends,as we move steadily toward our JCDL 2023 presentation and session assignment.,MAIL9P5JN3XA
pn8,c28,attends,as we move steadily toward our JCDL 2023 presentation and session assignment.,MAIL9P5JN3XA
pn1,c28,attends,as we move steadily toward our JCDL 2023 presentation and session assignment.,MAIL9P5JN3XA
pn1,c28,attends,our progress towards a cohesive and impactful presentation for JCDL 2023.,MAILM7RW82KT
pn2,c28,attends,our progress towards a cohesive and impactful presentation for JCDL 2023.,MAILM7RW82KT
pn7,c28,attends,our progress towards a cohesive and impactful presentation for JCDL 2023.,MAILM7RW82KT
pn8,c28,attends,our progress towards a cohesive and impactful presentation for JCDL 2023.,MAILM7RW82KT
pn8,mg351,attends,I have submitted my availability for 10 April and am flexible to adjust if a consensus emerges around another time.,MAILM7RW82KT
pn2,c28,attends,I have looked over the design and find it well aligned with the JCDL 2023 branding,MAILRU72Y3XA
pn8,c28,attends,I have looked over the design and find it well aligned with the JCDL 2023 branding,MAILRU72Y3XA
pn1,c28,attends,I have looked over the design and find it well aligned with the JCDL 2023 branding,MAILRU72Y3XA
pn7,c28,attends,I have looked over the design and find it well aligned with the JCDL 2023 branding,MAILRU72Y3XA
pn8,c28,attends,The slide template Ananya provided is not only visually appealing but also effectively captures the branding direction set by JCDL this year.,MAIL7APXD51V
pn2,c28,attends,Looking forward to seeing our drafts converge and to a productive rehearsal that will help us deliver a compelling session at JCDL 2023.,MAIL7APXD51V
pn1,c28,attends,Looking forward to seeing our drafts converge and to a productive rehearsal that will help us deliver a compelling session at JCDL 2023.,MAIL7APXD51V
pn7,c28,attends,Looking forward to seeing our drafts converge and to a productive rehearsal that will help us deliver a compelling session at JCDL 2023.,MAIL7APXD51V
pn1,c28,attends,I look forward to a polished rehearsal and our upcoming contribution to JCDL 2023!,MAILU3JK9YQ2
pn7,c28,attends,I look forward to a polished rehearsal and our upcoming contribution to JCDL 2023!,MAILU3JK9YQ2
pn2,c28,attends,I look forward to a polished rehearsal and our upcoming contribution to JCDL 2023!,MAILU3JK9YQ2
pn8,c28,attends,I look forward to a polished rehearsal and our upcoming contribution to JCDL 2023!,MAILU3JK9YQ2
pn8,c28,attends,"looking forward to our joint rehearsal and, soon, to presenting at JCDL 2023 alongside such a dedicated team.",MAIL4BJ6WD92
pn1,c28,attends,"looking forward to our joint rehearsal and, soon, to presenting at JCDL 2023 alongside such a dedicated team.",MAIL4BJ6WD92
pn7,c28,attends,"looking forward to our joint rehearsal and, soon, to presenting at JCDL 2023 alongside such a dedicated team.",MAIL4BJ6WD92
pn2,c28,attends,"looking forward to our joint rehearsal and, soon, to presenting at JCDL 2023 alongside such a dedicated team.",MAIL4BJ6WD92
pn8,mg352,attends,Thank you all for the thoughtful reviews and your continuous commitment to quality as we prepare for our JCDL 2023 rehearsal.,MAILCMJ9P1BX
pn1,mg352,attends,Thank you all for the thoughtful reviews and your continuous commitment to quality as we prepare for our JCDL 2023 rehearsal.,MAILCMJ9P1BX
pn7,mg352,attends,Thank you all for the thoughtful reviews and your continuous commitment to quality as we prepare for our JCDL 2023 rehearsal.,MAILCMJ9P1BX
pn2,mg352,attends,Looking forward to delivering a seamless and engaging rehearsal with this team.,MAILCMJ9P1BX
pn2,c28,attends,for the day of the conference.,MAILJM84VK1Q
pn7,c28,attends,for the day of the conference.,MAILJM84VK1Q
pn8,c28,attends,I am confident that our joint contribution will be well received at JCDL 2023.,MAILJM84VK1Q
pn1,c28,attends,I am confident that our joint contribution will be well received at JCDL 2023.,MAILJM84VK1Q
pn8,c28,attends,both are superbly organized and strike just the right balance between technical depth and clarity for the expected JCDL audience.,MAILR4TB9SCM
pn1,c28,attends,both are superbly organized and strike just the right balance between technical depth and clarity for the expected JCDL audience.,MAILR4TB9SCM
pn2,c28,attends,both are superbly organized and strike just the right balance between technical depth and clarity for the expected JCDL audience.,MAILR4TB9SCM
pn7,c28,attends,both are superbly organized and strike just the right balance between technical depth and clarity for the expected JCDL audience.,MAILR4TB9SCM
pn8,c28,attends,Looking forward to moving this across the finish line and representing our collective efforts at JCDL 2023.,MAILF5Q3ZK8J
pn7,c28,attends,Looking forward to moving this across the finish line and representing our collective efforts at JCDL 2023.,MAILF5Q3ZK8J
pn1,c28,attends,Looking forward to moving this across the finish line and representing our collective efforts at JCDL 2023.,MAILF5Q3ZK8J
pn2,c28,attends,Looking forward to moving this across the finish line and representing our collective efforts at JCDL 2023.,MAILF5Q3ZK8J
pn8,c29,attends,"We thank you for your participation, and we look forward to your session at JCDL 2023.",MAILT9G7B2QW
pn1,c29,attends,"We thank you for your participation, and we look forward to your session at JCDL 2023.",MAILT9G7B2QW
pn2,c29,attends,"We thank you for your participation, and we look forward to your session at JCDL 2023.",MAILT9G7B2QW
pn7,c29,attends,"We thank you for your participation, and we look forward to your session at JCDL 2023.",MAILT9G7B2QW
pn2,c28,attends,as we prepare for our JCDL 2023 session.,MAILA3G1XQ5W
pn7,c28,attends,as we prepare for our JCDL 2023 session.,MAILA3G1XQ5W
pn8,c28,attends,as we prepare for our JCDL 2023 session.,MAILA3G1XQ5W
pn1,c28,attends,as we prepare for our JCDL 2023 session.,MAILA3G1XQ5W
pn1,mg353,attends,"My preferred dates would be the afternoons of 18 April or 20 April (IST), but I am willing to adjust depending on what best suits everyone.",MAIL95QLTX1E
pn2,mg353,attends,"Regarding availability, I am flexible for the suggested rehearsal slots between 17–21 April.",MAIL95QLTX1E
pn8,mg353,attends,"Regarding availability, I am flexible for the suggested rehearsal slots between 17–21 April.",MAIL95QLTX1E
pn7,mg353,attends,"Regarding availability, I am flexible for the suggested rehearsal slots between 17–21 April.",MAIL95QLTX1E
pn1,c28,attends,I look forward to your availability confirmations—and to collaboratively refining our session for a memorable JCDL 2023 presentation.,MAIL95QLTX1E
pn2,c28,attends,I look forward to your availability confirmations—and to collaboratively refining our session for a memorable JCDL 2023 presentation.,MAIL95QLTX1E
pn8,c28,attends,I look forward to your availability confirmations—and to collaboratively refining our session for a memorable JCDL 2023 presentation.,MAIL95QLTX1E
pn7,c28,attends,I look forward to your availability confirmations—and to collaboratively refining our session for a memorable JCDL 2023 presentation.,MAIL95QLTX1E
pn7,c28,attends,having supported and attended a number of panels at previous JCDLs and ACL,MAIL7KZ5W4NR
pn1,c28,attends,as we prepare for our upcoming JCDL 2023 session.,MAIL7KZ5W4NR
pn2,c28,attends,as we prepare for our upcoming JCDL 2023 session.,MAIL7KZ5W4NR
pn8,c28,attends,as we prepare for our upcoming JCDL 2023 session.,MAIL7KZ5W4NR
pn1,mg354,attends,Looking forward to seeing you all during the rehearsal and continuing our preparations for a successful JCDL 2023 session.,MAILQ2SJ6APZ
pn2,mg354,attends,Looking forward to seeing you all during the rehearsal and continuing our preparations for a successful JCDL 2023 session.,MAILQ2SJ6APZ
pn7,mg354,attends,Looking forward to seeing you all during the rehearsal and continuing our preparations for a successful JCDL 2023 session.,MAILQ2SJ6APZ
pn8,mg354,attends,Looking forward to seeing you all during the rehearsal and continuing our preparations for a successful JCDL 2023 session.,MAILQ2SJ6APZ
pn8,mg355,attends,"Based on everyone’s confirmed availability, I am pleased to share the finalized details for our rehearsal:",MAILE8QWS31R
pn7,mg355,attends,"Based on everyone’s confirmed availability, I am pleased to share the finalized details for our rehearsal:",MAILE8QWS31R
pn2,mg355,attends,"Based on everyone’s confirmed availability, I am pleased to share the finalized details for our rehearsal:",MAILE8QWS31R
pn1,mg355,attends,Looking forward to a focused and productive rehearsal together.,MAILE8QWS31R
pn1,mg356,attends,"Dear Sunita, Ananya, and Michael,

Thank you, Sunita, for your careful coordination and for sending out the Zoom invitation and structured agenda for our rehearsal session later today.",MAILP8J4TCYV
pn8,mg356,attends,"Dear Sunita, Ananya, and Michael,",MAILP8J4TCYV
pn7,mg356,attends,"Dear Sunita, Ananya, and Michael,",MAILP8J4TCYV
pn2,mg356,attends,Looking forward to seeing everyone at 6:30 PM IST for our rehearsal.,MAILP8J4TCYV
pn2,c28,attends,I am confident that this rehearsal will sharpen our delivery and refine our collaborative approach for the JCDL 2023 session.,MAILP8J4TCYV
pn1,c28,attends,let’s make our JCDL 2023 session as impactful as our collaborative journey so far.,MAILP8J4TCYV
pn8,c28,attends,let’s make our JCDL 2023 session as impactful as our collaborative journey so far.,MAILP8J4TCYV
pn7,c28,attends,let’s make our JCDL 2023 session as impactful as our collaborative journey so far.,MAILP8J4TCYV
pn2,c4,attends,"Ramesh, your “Presenter Instructions” checklist is comprehensive and well-adapted to JCDL’s latest guidelines",MAIL3HJLQ56N
pn7,c4,attends,"Ramesh, your “Presenter Instructions” checklist is comprehensive and well-adapted to JCDL’s latest guidelines",MAIL3HJLQ56N
pn1,c4,attends,"Ramesh, your “Presenter Instructions” checklist is comprehensive and well-adapted to JCDL’s latest guidelines",MAIL3HJLQ56N
pn8,c4,attends,"Ramesh, your “Presenter Instructions” checklist is comprehensive and well-adapted to JCDL’s latest guidelines",MAIL3HJLQ56N
pn7,c1,attends,a concise Q&A tip-sheet based on best practices from past JCDL and ACL sessions,MAIL3HJLQ56N
pn7,c28,attends,as we synchronized our approaches for the upcoming JCDL 2023 presentation.,MAILTS25X8NH
pn1,c28,attends,as we synchronized our approaches for the upcoming JCDL 2023 presentation.,MAILTS25X8NH
pn2,c28,attends,as we synchronized our approaches for the upcoming JCDL 2023 presentation.,MAILTS25X8NH
pn8,c28,attends,as we synchronized our approaches for the upcoming JCDL 2023 presentation.,MAILTS25X8NH
pn7,mg357,attends,Thank you all for the productive rehearsal yesterday.,MAILTS25X8NH
pn1,mg357,attends,Thank you all for the productive rehearsal yesterday.,MAILTS25X8NH
pn2,mg357,attends,Thank you all for the productive rehearsal yesterday.,MAILTS25X8NH
pn8,mg357,attends,Thank you all for the productive rehearsal yesterday.,MAILTS25X8NH
pn1,c28,attends,Looking forward to our final preparations and a successful JCDL 2023 presentation.,MAILV97TLKJX
pn8,c28,attends,Looking forward to our final preparations and a successful JCDL 2023 presentation.,MAILV97TLKJX
pn7,c28,attends,Looking forward to our final preparations and a successful JCDL 2023 presentation.,MAILV97TLKJX
pn2,c28,attends,Looking forward to our final preparations and a successful JCDL 2023 presentation.,MAILV97TLKJX
pn7,c28,attends,"Ahead of our JCDL 2023 presentation, I’d like to offer a consolidated technical checklist",MAILW8JGZP21
pn2,c28,attends,"Ahead of our JCDL 2023 presentation, I’d like to offer a consolidated technical checklist",MAILW8JGZP21
pn1,c28,attends,"Ahead of our JCDL 2023 presentation, I’d like to offer a consolidated technical checklist",MAILW8JGZP21
pn8,c28,attends,"Ahead of our JCDL 2023 presentation, I’d like to offer a consolidated technical checklist",MAILW8JGZP21
pn7,mg358,attends,"Ahead of our JCDL 2023 presentation, I’d like to offer a consolidated technical checklist to ensure our last preparations go smoothly",MAILW8JGZP21
pn2,mg358,attends,"Ahead of our JCDL 2023 presentation, I’d like to offer a consolidated technical checklist to ensure our last preparations go smoothly",MAILW8JGZP21
pn1,mg358,attends,"Ahead of our JCDL 2023 presentation, I’d like to offer a consolidated technical checklist to ensure our last preparations go smoothly",MAILW8JGZP21
pn8,mg358,attends,"Ahead of our JCDL 2023 presentation, I’d like to offer a consolidated technical checklist to ensure our last preparations go smoothly",MAILW8JGZP21
pn7,c28,attends,As we enter the final countdown to our JCDL 2023 presentation,MAILZB48MSDG
pn1,c28,attends,As we enter the final countdown to our JCDL 2023 presentation,MAILZB48MSDG
pn2,c28,attends,As we enter the final countdown to our JCDL 2023 presentation,MAILZB48MSDG
pn8,c28,attends,As we enter the final countdown to our JCDL 2023 presentation,MAILZB48MSDG
pn7,mg359,attends,looking forward to ‘seeing’ you all online tomorrow for our live session,MAILZB48MSDG
pn1,mg359,attends,looking forward to ‘seeing’ you all online tomorrow for our live session,MAILZB48MSDG
pn2,mg359,attends,looking forward to ‘seeing’ you all online tomorrow for our live session,MAILZB48MSDG
pn8,mg359,attends,looking forward to ‘seeing’ you all online tomorrow for our live session,MAILZB48MSDG
pn8,c28,attends,during our JCDL 2023 session earlier today.,MAIL1KB2GQM7
pn7,c28,attends,during our JCDL 2023 session earlier today.,MAIL1KB2GQM7
pn2,c28,attends,during our JCDL 2023 session earlier today.,MAIL1KB2GQM7
pn1,c28,attends,during our JCDL 2023 session earlier today.,MAIL1KB2GQM7
pn1,mg360,attends,"I propose a debrief call later this week (tentatively Friday, 28 April, 5:00 PM IST / 12:30 PM BST / 4:30 AM PDT) to review audience feedback, discuss possible follow-up opportunities, and finalize the next journal submission plan.",MAIL1KB2GQM7
pn8,mg360,attends,"I propose a debrief call later this week (tentatively Friday, 28 April, 5:00 PM IST / 12:30 PM BST / 4:30 AM PDT) to review audience feedback, discuss possible follow-up opportunities, and finalize the next journal submission plan.",MAIL1KB2GQM7
pn7,mg360,attends,"I propose a debrief call later this week (tentatively Friday, 28 April, 5:00 PM IST / 12:30 PM BST / 4:30 AM PDT) to review audience feedback, discuss possible follow-up opportunities, and finalize the next journal submission plan.",MAIL1KB2GQM7
pn2,mg360,attends,"I propose a debrief call later this week (tentatively Friday, 28 April, 5:00 PM IST / 12:30 PM BST / 4:30 AM PDT) to review audience feedback, discuss possible follow-up opportunities, and finalize the next journal submission plan.",MAIL1KB2GQM7
pn1,mg361,attends,"Dear Sunita, Ananya, and Michael,

Thank you, Sunita, for your thoughtful reflections and initiative in organizing the upcoming debrief. I have reviewed your proposed agenda for our debrief call on Friday, 28 April (5:00 PM IST / 12:30 PM BST / 4:30 AM PDT)",MAILRQ53LPZD
pn8,mg361,attends,"Dear Sunita, Ananya, and Michael,

Thank you, Sunita, for your thoughtful reflections and initiative in organizing the upcoming debrief. I have reviewed your proposed agenda for our debrief call on Friday, 28 April (5:00 PM IST / 12:30 PM BST / 4:30 AM PDT)",MAILRQ53LPZD
pn7,mg361,attends,"Dear Sunita, Ananya, and Michael,

Thank you, Sunita, for your thoughtful reflections and initiative in organizing the upcoming debrief. I have reviewed your proposed agenda for our debrief call on Friday, 28 April (5:00 PM IST / 12:30 PM BST / 4:30 AM PDT)",MAILRQ53LPZD
pn2,mg361,attends,"To ensure we have a focused and productive discussion, I suggest the following structure for our meeting:",MAILRQ53LPZD
pn1,mg362,attends,"Dear Sunita, Ramesh, and Michael,

... our debrief call scheduled for Friday, 28 April at 5:00 PM IST / 12:30 PM BST / 4:30 AM PDT.",MAIL3NLVGRM2
pn2,mg362,attends,"Dear Sunita, Ramesh, and Michael,

... our debrief call scheduled for Friday, 28 April at 5:00 PM IST / 12:30 PM BST / 4:30 AM PDT.",MAIL3NLVGRM2
pn7,mg362,attends,"Dear Sunita, Ramesh, and Michael,

... our debrief call scheduled for Friday, 28 April at 5:00 PM IST / 12:30 PM BST / 4:30 AM PDT.",MAIL3NLVGRM2
pn8,mg362,attends,Please find below the Zoom link for our meeting. I have also sent a calendar invitation to each of you with this information and the agenda attached.,MAIL3NLVGRM2
pn1,c28,attends,individual feedback received from attendees at JCDL 2023.,MAIL9DKQPZ1T
pn8,c28,attends,individual feedback received from attendees at JCDL 2023.,MAIL9DKQPZ1T
pn2,c28,attends,individual feedback received from attendees at JCDL 2023.,MAIL9DKQPZ1T
pn7,c28,attends,individual feedback received from attendees at JCDL 2023.,MAIL9DKQPZ1T
pn7,mg363,attends,for us to consider during our debrief later today.,MAIL7KJQ1LZV
pn1,mg363,attends,for us to consider during our debrief later today.,MAIL7KJQ1LZV
pn8,mg363,attends,for us to consider during our debrief later today.,MAIL7KJQ1LZV
pn2,mg363,attends,for us to consider during our debrief later today.,MAIL7KJQ1LZV
pn1,mg364,attends,Thank you all for your insightful participation in yesterday’s debrief session.,MAILJ2PQ79WK
pn7,mg364,attends,Thank you all for your insightful participation in yesterday’s debrief session.,MAILJ2PQ79WK
pn8,mg364,attends,Thank you all for your insightful participation in yesterday’s debrief session.,MAILJ2PQ79WK
pn2,mg364,attends,I wanted to formally record our meeting minutes and outline agreed action points to keep our momentum going as we transition from JCDL 2023 to potential new research initiatives and publication opportunities.,MAILJ2PQ79WK
pn7,mg365,attends,"Let’s proceed with a Zoom call on 6 May, as you suggested, to jointly outline the interface between semantic metrics and error taxonomy.",MAILF3W9SZQK
pn8,mg365,attends,"Let’s proceed with a Zoom call on 6 May, as you suggested, to jointly outline the interface between semantic metrics and error taxonomy.",MAILF3W9SZQK
pn8,mg366,attends,"Michael, thank you for confirming the 6 May Zoom sync.",MAIL84TGV1JP
pn7,mg366,attends,"Michael, thank you for confirming the 6 May Zoom sync.",MAIL84TGV1JP
pn7,mg367,attends,I am pleased to confirm my attendance at the Zoom session scheduled for 15:00 BST/07:00 PDT.,MAILK7B9R2XZ
pn7,mg368,attends,with a consolidation meeting proposed for 16 May (suggested time: 14:30 IST/10:00 CEST/01:00 PDT; please confirm availability).,MAIL71KWSZ0L
pn8,mg368,attends,with a consolidation meeting proposed for 16 May (suggested time: 14:30 IST/10:00 CEST/01:00 PDT; please confirm availability).,MAIL71KWSZ0L
pn1,mg368,attends,with a consolidation meeting proposed for 16 May (suggested time: 14:30 IST/10:00 CEST/01:00 PDT; please confirm availability).,MAIL71KWSZ0L
pn2,mg368,attends,with a consolidation meeting proposed for 16 May (suggested time: 14:30 IST/10:00 CEST/01:00 PDT; please confirm availability).,MAIL71KWSZ0L
pn1,mg369,attends,"I propose we keep a real-time document open during the integration Zoom/Google Meet on 16 May, as it may facilitate immediate resolution of final queries.",MAILNC67B2TQ
pn2,mg369,attends,"I propose we keep a real-time document open during the integration Zoom/Google Meet on 16 May, as it may facilitate immediate resolution of final queries.",MAILNC67B2TQ
pn7,mg369,attends,"I propose we keep a real-time document open during the integration Zoom/Google Meet on 16 May, as it may facilitate immediate resolution of final queries.",MAILNC67B2TQ
pn8,mg369,attends,"I propose we keep a real-time document open during the integration Zoom/Google Meet on 16 May, as it may facilitate immediate resolution of final queries.",MAILNC67B2TQ
pn8,mg370,attends,I confirm my availability for the consolidation meeting on 16 May at 14:30 IST.,MAILPR85GYJ1
pn1,mg370,attends,"Sunita, thank you for offering to initiate the Google Meet—please do share the link at your convenience.",MAILPR85GYJ1
pn2,mg370,attends,"If anyone foresees needing additional supporting materials or clarifications integrated before the meeting, please circulate your requests by the 14th as proposed.",MAILPR85GYJ1
pn7,mg370,attends,"If anyone foresees needing additional supporting materials or clarifications integrated before the meeting, please circulate your requests by the 14th as proposed.",MAILPR85GYJ1
pn1,mg371,attends,"Dear Ananya, Sunita, and Michael,

Thank you all for your exemplary responsiveness and detailed attention during our internal review. I am writing to summarize the outstanding to-dos ahead of our consolidation meeting on 16 May",MAILE4UP7JQK
pn8,mg371,attends,"Dear Ananya, Sunita, and Michael,

Thank you all for your exemplary responsiveness and detailed attention during our internal review. I am writing to summarize the outstanding to-dos ahead of our consolidation meeting on 16 May",MAILE4UP7JQK
pn7,mg371,attends,"Dear Ananya, Sunita, and Michael,

Thank you all for your exemplary responsiveness and detailed attention during our internal review. I am writing to summarize the outstanding to-dos ahead of our consolidation meeting on 16 May",MAILE4UP7JQK
pn2,mg371,attends,I am writing to summarize the outstanding to-dos ahead of our consolidation meeting on 16 May and to check if any final supporting materials or clarifications are required for seamless integration.,MAILE4UP7JQK
pn2,mg372,attends,"Dear Ramesh, Ananya, and Michael,

Thank you all for your coordinated efforts and for confirming both the agenda items and submission timeline. As requested, I am writing to circulate the Google Meet link for tomorrow’s consolidation meeting",MAILUW68TRMS
pn8,mg372,attends,"Dear Ramesh, Ananya, and Michael,

Thank you all for your coordinated efforts and for confirming both the agenda items and submission timeline. As requested, I am writing to circulate the Google Meet link for tomorrow’s consolidation meeting",MAILUW68TRMS
pn7,mg372,attends,"Dear Ramesh, Ananya, and Michael,

Thank you all for your coordinated efforts and for confirming both the agenda items and submission timeline. As requested, I am writing to circulate the Google Meet link for tomorrow’s consolidation meeting",MAILUW68TRMS
pn1,mg372,attends,"As requested, I am writing to circulate the Google Meet link for tomorrow’s consolidation meeting",MAILUW68TRMS
pn2,mg373,attends,"Once circulated, we could convene a short call to review and refine the structure before beginning the documentation in earnest.",MAILDQ62P5RL
pn7,mg373,attends,"Once circulated, we could convene a short call to review and refine the structure before beginning the documentation in earnest.",MAILDQ62P5RL
pn1,mg373,attends,"Once circulated, we could convene a short call to review and refine the structure before beginning the documentation in earnest.",MAILDQ62P5RL
pn8,mg373,attends,"Once circulated, we could convene a short call to review and refine the structure before beginning the documentation in earnest.",MAILDQ62P5RL
pn1,mg374,attends,Let us aim for an internal review meeting once Sunita circulates the draft outline,MAILVJ2S7EWP
pn8,mg374,attends,Let us aim for an internal review meeting once Sunita circulates the draft outline,MAILVJ2S7EWP
pn7,mg374,attends,Let us aim for an internal review meeting once Sunita circulates the draft outline,MAILVJ2S7EWP
pn2,mg374,attends,Let us aim for an internal review meeting once Sunita circulates the draft outline,MAILVJ2S7EWP
pn8,mg375,attends,"I propose we organize a brief internal review meeting next week. If agreeable, could you indicate your preferred slots for a 45-minute Zoom call between 18–21 July?",MAILF2LZVA97
pn7,mg375,attends,"I propose we organize a brief internal review meeting next week. If agreeable, could you indicate your preferred slots for a 45-minute Zoom call between 18–21 July?",MAILF2LZVA97
pn2,mg375,attends,"I propose we organize a brief internal review meeting next week. If agreeable, could you indicate your preferred slots for a 45-minute Zoom call between 18–21 July?",MAILF2LZVA97
pn1,mg375,attends,"Alternatively, if a specific day is amenable to all, I am happy to coordinate and circulate a calendar invite with the Zoom link.",MAILF2LZVA97
pn8,mg376,attends,"Regarding the review meeting, I am available on 19 or 20 July between 14:00–18:00 BST (18:30–22:30 IST / 06:00–10:00 PDT)",MAIL3QDJ12LC
pn1,mg376,attends,"Sunita, perhaps you can consolidate preferences and circulate a final time and Zoom link.",MAIL3QDJ12LC
pn7,mg377,attends,I am also available on 19 or 20 July between 06:00–09:30 PDT,MAIL7A59VD13
pn8,mg377,attends,"As for the upcoming review meeting, thank you Ananya for sharing your availability window.",MAIL7A59VD13
pn1,mg377,attends,"Sunita, please let us know once everyone's preference is collated",MAIL7A59VD13
pn2,mg377,attends,"Dear Sunita, Ananya, and Ramesh,",MAIL7A59VD13
pn1,mg378,attends,"Dear Sunita, Ananya, and Michael,

... the optimal window for our review meeting appears to be 19 July at 18:30 IST / 14:00 BST / 06:00 PDT.",MAILE4KRY8PZ
pn8,mg378,attends,"Dear Sunita, Ananya, and Michael,

... the optimal window for our review meeting appears to be 19 July at 18:30 IST / 14:00 BST / 06:00 PDT.",MAILE4KRY8PZ
pn7,mg378,attends,"Dear Sunita, Ananya, and Michael,

... the optimal window for our review meeting appears to be 19 July at 18:30 IST / 14:00 BST / 06:00 PDT.",MAILE4KRY8PZ
pn2,mg378,attends,"Based on everyone's indicated preferences, the optimal window for our review meeting appears to be 19 July at 18:30 IST / 14:00 BST / 06:00 PDT.",MAILE4KRY8PZ
pn2,mg379,attends,"Dear Ramesh, Ananya, and Michael,",MAILPLK47GFY
pn8,mg379,attends,"Dear Ramesh, Ananya, and Michael,",MAILPLK47GFY
pn7,mg379,attends,"Dear Ramesh, Ananya, and Michael,",MAILPLK47GFY
pn1,mg379,attends,I am pleased to confirm our meeting is scheduled for 19 July at 18:30 IST / 14:00 BST / 06:00 PDT.,MAILPLK47GFY
pn1,mg380,attends,"**Attendees:** Sunita Sen, Prof. Ramesh Bhatia, Dr. Michael Bradley, Dr. Ananya Chatterjee",MAILRS58KYFJ
pn2,mg380,attends,"**Attendees:** Sunita Sen, Prof. Ramesh Bhatia, Dr. Michael Bradley, Dr. Ananya Chatterjee",MAILRS58KYFJ
pn7,mg380,attends,"**Attendees:** Sunita Sen, Prof. Ramesh Bhatia, Dr. Michael Bradley, Dr. Ananya Chatterjee",MAILRS58KYFJ
pn8,mg380,attends,"**Attendees:** Sunita Sen, Prof. Ramesh Bhatia, Dr. Michael Bradley, Dr. Ananya Chatterjee",MAILRS58KYFJ
pn1,mg381,attends,- Final review meeting (proposed): 22nd October 2021,MAILRS58KYFJ
pn2,mg381,attends,- Final review meeting (proposed): 22nd October 2021,MAILRS58KYFJ
pn7,mg381,attends,- Final review meeting (proposed): 22nd October 2021,MAILRS58KYFJ
pn8,mg381,attends,- Final review meeting (proposed): 22nd October 2021,MAILRS58KYFJ
pn2,mg382,attends,"Should we target a brief asynchronous feedback window before our proposed 1 August meeting, or would you prefer to consolidate all comments after everyone has contributed?",MAIL8F24RXLC
pn1,mg383,attends,"For group feedback, would a shared Google Doc for asynchronous suggestions prior to our final review on 1 August be preferable?",MAIL81R3QK2W
pn2,mg383,attends,"For group feedback, would a shared Google Doc for asynchronous suggestions prior to our final review on 1 August be preferable?",MAIL81R3QK2W
pn8,mg383,attends,"For group feedback, would a shared Google Doc for asynchronous suggestions prior to our final review on 1 August be preferable?",MAIL81R3QK2W
pn7,mg383,attends,"For group feedback, would a shared Google Doc for asynchronous suggestions prior to our final review on 1 August be preferable?",MAIL81R3QK2W
pn1,mg384,attends,This will give every co-author a 48-hour window to comment ahead of our 1 August review meeting.,MAILAL20CYF9
pn7,mg384,attends,This will give every co-author a 48-hour window to comment ahead of our 1 August review meeting.,MAILAL20CYF9
pn2,mg384,attends,This will give every co-author a 48-hour window to comment ahead of our 1 August review meeting.,MAILAL20CYF9
pn8,mg384,attends,This will give every co-author a 48-hour window to comment ahead of our 1 August review meeting.,MAILAL20CYF9
pn8,mg385,attends,I look forward to your feedback and our upcoming meeting to finalize the documentation.,MAILEJ529TR8
pn1,mg385,attends,I look forward to your feedback and our upcoming meeting to finalize the documentation.,MAILEJ529TR8
pn7,mg385,attends,I look forward to your feedback and our upcoming meeting to finalize the documentation.,MAILEJ529TR8
pn2,mg385,attends,I look forward to your feedback and our upcoming meeting to finalize the documentation.,MAILEJ529TR8
pn8,mg386,attends,"Let’s aim to harmonize any substantial edits before our meeting so that our 1 August session can focus on final sign-off, bibliography checks, and task allocation for any remaining appendices or supplementary materials.",MAILK29R5J8F
pn7,mg386,attends,"Let’s aim to harmonize any substantial edits before our meeting so that our 1 August session can focus on final sign-off, bibliography checks, and task allocation for any remaining appendices or supplementary materials.",MAILK29R5J8F
pn2,mg386,attends,"Let’s aim to harmonize any substantial edits before our meeting so that our 1 August session can focus on final sign-off, bibliography checks, and task allocation for any remaining appendices or supplementary materials.",MAILK29R5J8F
pn1,mg386,attends,"Let’s aim to harmonize any substantial edits before our meeting so that our 1 August session can focus on final sign-off, bibliography checks, and task allocation for any remaining appendices or supplementary materials.",MAILK29R5J8F
pn1,mg387,attends,"Dear Sunita, Ananya, and Michael,

... I propose the following streamlined agenda for our meeting tomorrow (1 August):",MAILYH42CDLQ
pn8,mg387,attends,"Dear Sunita, Ananya, and Michael,

... I propose the following streamlined agenda for our meeting tomorrow (1 August):",MAILYH42CDLQ
pn7,mg387,attends,"Dear Sunita, Ananya, and Michael,

... I propose the following streamlined agenda for our meeting tomorrow (1 August):",MAILYH42CDLQ
pn2,mg387,attends,I propose the following streamlined agenda for our meeting tomorrow (1 August):,MAILYH42CDLQ
pn2,mg388,attends,"Thank you, Ramesh, for circulating the proposed agenda and synthesizing our feedback so efficiently.",MAILV8T61QRP
pn1,mg388,attends,"Sunita, given your role as document lead, the choice of chair/moderator is entirely yours—just indicate your preference at the top of the session.",MAILV8T61QRP
pn8,mg388,attends,"Ananya, your compliance summaries will set the stage for a smooth submission process, whichever journal or conference we choose.",MAILV8T61QRP
pn7,mg388,attends,"I’d like to confirm that we are moving forward with our final review as scheduled, and I am happy to facilitate the meeting logistics.",MAILV8T61QRP
pn7,mg389,attends,I am happy to convene a brief Zoom call next week if that would help clarify division of labor (let me know your preferred days/times).,MAILQ9M5BZT2
pn1,mg389,attends,I am happy to convene a brief Zoom call next week if that would help clarify division of labor (let me know your preferred days/times).,MAILQ9M5BZT2
pn2,mg389,attends,I am happy to convene a brief Zoom call next week if that would help clarify division of labor (let me know your preferred days/times).,MAILQ9M5BZT2
pn8,mg389,attends,I am happy to convene a brief Zoom call next week if that would help clarify division of labor (let me know your preferred days/times).,MAILQ9M5BZT2
pn2,mg390,attends,"Regarding the joint call, I am available on 10 or 11 October (IST late afternoon/UK morning/US early AM)—if these work for all, please send a calendar invitation with your preferred Zoom link.",MAILF2J48YNB
pn7,mg390,attends,"Regarding the joint call, I am available on 10 or 11 October (IST late afternoon/UK morning/US early AM)—if these work for all, please send a calendar invitation with your preferred Zoom link.",MAILF2J48YNB
pn1,mg390,attends,"Regarding the joint call, I am available on 10 or 11 October (IST late afternoon/UK morning/US early AM)—if these work for all, please send a calendar invitation with your preferred Zoom link.",MAILF2J48YNB
pn8,mg390,attends,"Regarding the joint call, I am available on 10 or 11 October (IST late afternoon/UK morning/US early AM)—if these work for all, please send a calendar invitation with your preferred Zoom link.",MAILF2J48YNB
pn8,mg391,attends,"Would 11:00 UK / 15:30 IST / 03:00 US Pacific suit everyone? If so, I can generate a Zoom meeting and distribute the link in the next email.",MAILEJ2XP6QW
pn7,mg391,attends,Would 11:00 UK / 15:30 IST / 03:00 US Pacific suit everyone?,MAILEJ2XP6QW
pn2,mg391,attends,Would 11:00 UK / 15:30 IST / 03:00 US Pacific suit everyone?,MAILEJ2XP6QW
pn1,mg391,attends,Please confirm your availability and share any preliminary input or priority issues for the call so we can prepare a focused agenda.,MAILEJ2XP6QW
pn8,mg392,attends,"Thank you for promptly confirming your availability for a joint call to coordinate our JOCCH revision efforts. As discussed, our meeting will take place on 10 October at 11:00 UK / 15:30 IST / 03:00 US Pacific.",MAILN7H3DJ5Q
pn2,mg392,attends,"Thank you for promptly confirming your availability for a joint call to coordinate our JOCCH revision efforts. As discussed, our meeting will take place on 10 October at 11:00 UK / 15:30 IST / 03:00 US Pacific.",MAILN7H3DJ5Q
pn1,mg392,attends,"Thank you for promptly confirming your availability for a joint call to coordinate our JOCCH revision efforts. As discussed, our meeting will take place on 10 October at 11:00 UK / 15:30 IST / 03:00 US Pacific.",MAILN7H3DJ5Q
pn7,mg392,attends,"Thank you for promptly confirming your availability for a joint call to coordinate our JOCCH revision efforts. As discussed, our meeting will take place on 10 October at 11:00 UK / 15:30 IST / 03:00 US Pacific.",MAILN7H3DJ5Q
pn1,mg393,attends,Thank you for a productive and focused Zoom meeting on 10 October.,MAILP4S7K3YT
pn2,mg393,attends,"Attendees:** Prof. Ramesh Bhatia, Dr. Ananya Chatterjee, Dr. Michael Bradley, Sunita Sen",MAILP4S7K3YT
pn7,mg393,attends,"Attendees:** Prof. Ramesh Bhatia, Dr. Ananya Chatterjee, Dr. Michael Bradley, Sunita Sen",MAILP4S7K3YT
pn8,mg393,attends,"Attendees:** Prof. Ramesh Bhatia, Dr. Ananya Chatterjee, Dr. Michael Bradley, Sunita Sen",MAILP4S7K3YT
pn1,mg395,attends,Could we perhaps set up a brief synchronous call in early November to finalize the division of topics and clarify any institutional segments?,MAILE2Q9RKJT
pn8,mg395,attends,Could we perhaps set up a brief synchronous call in early November to finalize the division of topics and clarify any institutional segments?,MAILE2Q9RKJT
pn7,mg395,attends,Could we perhaps set up a brief synchronous call in early November to finalize the division of topics and clarify any institutional segments?,MAILE2Q9RKJT
pn2,mg395,attends,Could we perhaps set up a brief synchronous call in early November to finalize the division of topics and clarify any institutional segments?,MAILE2Q9RKJT
pn7,mg396,attends,I propose we schedule a brief (30–40 min) call in the first week of November.,MAILLA5KXQ9C
pn1,mg396,attends,I propose we schedule a brief (30–40 min) call in the first week of November.,MAILLA5KXQ9C
pn8,mg396,attends,I propose we schedule a brief (30–40 min) call in the first week of November.,MAILLA5KXQ9C
pn2,mg396,attends,I propose we schedule a brief (30–40 min) call in the first week of November.,MAILLA5KXQ9C
pn2,mg397,attends,"Looking ahead to the meeting, I also suggest we briefly review our workflow on managing data-sharing agreements over multiple years",MAILV49LSB1P
pn7,mg397,attends,"Looking ahead to the meeting, I also suggest we briefly review our workflow on managing data-sharing agreements over multiple years",MAILV49LSB1P
pn1,mg397,attends,"Looking ahead to the meeting, I also suggest we briefly review our workflow on managing data-sharing agreements over multiple years",MAILV49LSB1P
pn8,mg397,attends,"Looking ahead to the meeting, I also suggest we briefly review our workflow on managing data-sharing agreements over multiple years",MAILV49LSB1P
pn7,mg398,attends,"As our meeting draws nearer, I wanted to share a few suggestions and logistical notes to ensure a productive planning session",MAIL8YXFUJQZ
pn2,mg398,attends,"As our meeting draws nearer, I wanted to share a few suggestions and logistical notes to ensure a productive planning session",MAIL8YXFUJQZ
pn1,mg398,attends,"Looking forward to seeing everyone’s outline contributions and to a constructive, focused meeting later this week.",MAIL8YXFUJQZ
pn8,mg398,attends,"Looking forward to seeing everyone’s outline contributions and to a constructive, focused meeting later this week.",MAIL8YXFUJQZ
pn7,mg399,attends,"In terms of finalizing our synchronous call, the Doodle poll responses indicate that Thursday, 6 November at 14:00 IST ... is preferred by all. Here is the Zoom link for the meeting:",MAILK57ZCBRU
pn8,mg399,attends,"the Doodle poll responses indicate that Thursday, 6 November at 14:00 IST (8:30 AM BST / 0:30 AM PST) is preferred by all.",MAILK57ZCBRU
pn2,mg399,attends,"the Doodle poll responses indicate that Thursday, 6 November at 14:00 IST (8:30 AM BST / 0:30 AM PST) is preferred by all.",MAILK57ZCBRU
pn1,mg399,attends,"the Doodle poll responses indicate that Thursday, 6 November at 14:00 IST (8:30 AM BST / 0:30 AM PST) is preferred by all.",MAILK57ZCBRU
pn1,mg400,attends,"Next Meeting: Tentatively scheduled for 21 November (same time slot), pending confirmation of everyone’s schedule and progress on the draft.",MAIL3R8KYPD2
pn2,mg400,attends,"Next Meeting: Tentatively scheduled for 21 November (same time slot), pending confirmation of everyone’s schedule and progress on the draft.",MAIL3R8KYPD2
pn7,mg400,attends,"Next Meeting: Tentatively scheduled for 21 November (same time slot), pending confirmation of everyone’s schedule and progress on the draft.",MAIL3R8KYPD2
pn8,mg400,attends,"Next Meeting: Tentatively scheduled for 21 November (same time slot), pending confirmation of everyone’s schedule and progress on the draft.",MAIL3R8KYPD2
pn1,mg401,attends,"I propose we hold a short Zoom meeting next week (early January, considering winter breaks) to allocate responsibilities for each major revision point and decide on a realistic timeline for draft updates.",MAILZ2CRF781
pn2,mg401,attends,Could you all please indicate your broad availability for a meeting between 3–5th March 2022?,MAILZ2CRF781
pn8,mg401,attends,Could you all please indicate your broad availability for a meeting between 3–5th March 2022?,MAILZ2CRF781
pn7,mg401,attends,Could you all please indicate your broad availability for a meeting between 3–5th March 2022?,MAILZ2CRF781
pn7,mg402,attends,"I am available for a Zoom meeting on 3, 4, and 4th March 2022, between 14:00–18:00 GMT",MAILTD92C4WS
pn1,mg402,attends,"I am available for a Zoom meeting on 3, 4, and 4th March 2022, between 14:00–18:00 GMT",MAILTD92C4WS
pn2,mg402,attends,"I am available for a Zoom meeting on 3, 4, and 4th March 2022, between 14:00–18:00 GMT",MAILTD92C4WS
pn8,mg402,attends,"I am available for a Zoom meeting on 3, 4, and 4th March 2022, between 14:00–18:00 GMT",MAILTD92C4WS
pn7,mg403,attends,"I am available for a Zoom meeting on 4 and 4th March 2022, between 14:00–17:00 GMT, which should also suit Ananya’s schedule as previously discussed.",MAILD8W1N37P
pn8,mg403,attends,"I am available for a Zoom meeting on 4 and 4th March 2022, between 14:00–17:00 GMT, which should also suit Ananya’s schedule as previously discussed.",MAILD8W1N37P
pn2,mg403,attends,"I am available for a Zoom meeting on 4 and 4th March 2022, between 14:00–17:00 GMT, which should also suit Ananya’s schedule as previously discussed. Sunita, please let us know if either of those dates fits with your commitments; if not, we can adjust as needed.",MAILD8W1N37P
pn1,mg403,attends,"Sunita, please let us know if either of those dates fits with your commitments; if not, we can adjust as needed.",MAILD8W1N37P
pn7,mg404,attends,"I propose we schedule our revision planning Zoom meeting for Wednesday, 3rd March 2022, at 15:00 GMT.",MAILSCYN52RQ
pn1,mg404,attends,"I propose we schedule our revision planning Zoom meeting for Wednesday, 3rd March 2022, at 15:00 GMT.",MAILSCYN52RQ
pn2,mg404,attends,"I propose we schedule our revision planning Zoom meeting for Wednesday, 3rd March 2022, at 15:00 GMT.",MAILSCYN52RQ
pn8,mg404,attends,"I propose we schedule our revision planning Zoom meeting for Wednesday, 3rd March 2022, at 15:00 GMT.",MAILSCYN52RQ
pn1,mg405,attends,"Dear Sunita, Ramesh, and Ananya,

Thank you all for your swift coordination and confirmation of the meeting date. I am pleased to confirm our ACL revision planning session for Wednesday, 3rd March 2022, at 15:00 GMT.",MAIL59GYC43V
pn2,mg405,attends,"Dear Sunita, Ramesh, and Ananya,

Thank you all for your swift coordination and confirmation of the meeting date. I am pleased to confirm our ACL revision planning session for Wednesday, 3rd March 2022, at 15:00 GMT.",MAIL59GYC43V
pn8,mg405,attends,"Dear Sunita, Ramesh, and Ananya,

Thank you all for your swift coordination and confirmation of the meeting date. I am pleased to confirm our ACL revision planning session for Wednesday, 3rd March 2022, at 15:00 GMT.",MAIL59GYC43V
pn7,mg405,attends,"I am pleased to confirm our ACL revision planning session for Wednesday, 3rd March 2022, at 15:00 GMT.",MAIL59GYC43V
pn2,mg406,attends,"Attendees: Sunita, Ramesh, Michael, Ananya",MAILM2GV65RT
pn7,mg406,attends,"Attendees: Sunita, Ramesh, Michael, Ananya",MAILM2GV65RT
pn8,mg406,attends,"Attendees: Sunita, Ramesh, Michael, Ananya",MAILM2GV65RT
pn1,mg406,attends,"Attendees: Sunita, Ramesh, Michael, Ananya",MAILM2GV65RT
pn1,c1,attends,ready for technical compliance checks in the ACL portal shortly thereafter.,MAILL4QTKH93
pn1,c35,attends,We look forward to your participation and a stimulating presentation at ACL 2024.,MAILCB38Y4ZT
pn1,mg407,attends,Please reply with your availability for a short organizational video call sometime this week (preferably 1 or 2 March) to align on divisions of labor.,MAILY56H2QMV
pn2,mg407,attends,Please reply with your availability for a short organizational video call sometime this week (preferably 1 or 2 March) to align on divisions of labor.,MAILY56H2QMV
pn7,mg407,attends,Please reply with your availability for a short organizational video call sometime this week (preferably 1 or 2 March) to align on divisions of labor.,MAILY56H2QMV
pn8,mg407,attends,Please reply with your availability for a short organizational video call sometime this week (preferably 1 or 2 March) to align on divisions of labor.,MAILY56H2QMV
pn1,mg408,attends,I am available for a coordination video call on either 1 March (any time after 14:00 GMT) or 2 March (after 11:00 GMT).,MAILD6F4P5J3
pn1,c36,attends,"I am pleased to confirm my availability and interest in being the presenting author for our oral session at ACL 2024, as originally indicated.",MAILD6F4P5J3
pn8,mg409,attends,"Please confirm if 14:30 GMT, 1 March, works for everyone—I can arrange a Zoom call and circulate the invite once we agree on the slot.",MAIL94KGH2PL
pn1,mg409,attends,"Please confirm if 14:30 GMT, 1 March, works for everyone—I can arrange a Zoom call and circulate the invite once we agree on the slot.",MAIL94KGH2PL
pn7,mg409,attends,"Please confirm if 14:30 GMT, 1 March, works for everyone—I can arrange a Zoom call and circulate the invite once we agree on the slot.",MAIL94KGH2PL
pn2,mg409,attends,"Please confirm if 14:30 GMT, 1 March, works for everyone—I can arrange a Zoom call and circulate the invite once we agree on the slot.",MAIL94KGH2PL
pn8,mg410,attends,"Please confirm if 14:30 GMT, 1 March, works for everyone—I can arrange a Zoom call and circulate the invite once we agree on the slot.",MAILEQ9P6T3V
pn1,mg410,attends,"Please confirm if 14:30 GMT, 1 March, works for everyone—I can arrange a Zoom call and circulate the invite once we agree on the slot.",MAILEQ9P6T3V
pn7,mg410,attends,"Please confirm if 14:30 GMT, 1 March, works for everyone—I can arrange a Zoom call and circulate the invite once we agree on the slot.",MAILEQ9P6T3V
pn2,mg410,attends,"Please confirm if 14:30 GMT, 1 March, works for everyone—I can arrange a Zoom call and circulate the invite once we agree on the slot.",MAILEQ9P6T3V
pn7,mg411,attends,I am pleased to confirm that 14:30 GMT today (1 March) works perfectly for me.,MAILQJ43G79D
pn1,mg411,attends,"Sunita, Ramesh—can you please confirm your availability as well?",MAILQJ43G79D
pn2,mg411,attends,"Sunita, Ramesh—can you please confirm your availability as well?",MAILQJ43G79D
pn8,mg411,attends,Looking forward to seeing everyone later today and finalizing our division of labor for camera-ready submission.,MAILQJ43G79D
pn8,mg412,attends,"Dear Ananya, Michael, and Sunita,

Thank you all for the well-organized coordination and action plan set so far. I am happy to confirm my availability for today’s call at 14:30 GMT.",MAIL9K47V2HQ
pn7,mg412,attends,"Dear Ananya, Michael, and Sunita,

Thank you all for the well-organized coordination and action plan set so far. I am happy to confirm my availability for today’s call at 14:30 GMT.",MAIL9K47V2HQ
pn1,mg412,attends,"Dear Ananya, Michael, and Sunita,

Thank you all for the well-organized coordination and action plan set so far. I am happy to confirm my availability for today’s call at 14:30 GMT.",MAIL9K47V2HQ
pn2,mg412,attends,I am happy to confirm my availability for today’s call at 14:30 GMT.,MAIL9K47V2HQ
pn1,mg413,attends,"Dear Sunita, Michael, and Ramesh,

Thank you all for confirming your availability for our organizational video call at 14:30 GMT today.",MAILF3X2B8GV
pn7,mg413,attends,"Dear Sunita, Michael, and Ramesh,

Thank you all for confirming your availability for our organizational video call at 14:30 GMT today.",MAILF3X2B8GV
pn2,mg413,attends,"Dear Sunita, Michael, and Ramesh,

Thank you all for confirming your availability for our organizational video call at 14:30 GMT today.",MAILF3X2B8GV
pn8,mg413,attends,"If anyone has specific agenda additions or particular points that require team input, please let me know before the call so I can incorporate them.",MAILF3X2B8GV
pn1,c1,attends,"since I am confirmed as the presenting author for our oral session, I will draft the official confirmation note to ACL",MAILV6R52D4A
pn1,mg414,attends,Regarding Sunita’s suggestion for a brief sync call: both 5 and 6 March are feasible for me.,MAILEX83T5QP
pn8,mg414,attends,Please confirm what suits everyone best.,MAILEX83T5QP
pn7,mg414,attends,Please confirm what suits everyone best.,MAILEX83T5QP
pn2,mg414,attends,Regarding Sunita’s suggestion for a brief sync call: both 5 and 6 March are feasible for me. I would vote for a 6 March midday slot (suggesting 12:30 GMT),MAILEX83T5QP
pn8,mg415,attends,"Regarding the sync call, midday 6 March (12:30 GMT) works well for me.",MAIL2LQP8HYS
pn1,mg415,attends,"Sunita, once I circulate my compliance summary tomorrow, you can incorporate any required editorial changes prior to our meeting.",MAIL2LQP8HYS
pn7,mg415,attends,"Michael, please let us know if this fits your schedule.",MAIL2LQP8HYS
pn2,mg415,attends,"Dear Sunita, Michael, and Ramesh,",MAIL2LQP8HYS
pn7,mg416,attends,"I confirm my availability for the sync call today, 6 March, at 12:30 GMT.",MAILA36CG8YP
pn1,mg416,attends,"Dear Sunita, Ananya, and Ramesh, ... I confirm my availability for the sync call today, 6 March, at 12:30 GMT.",MAILA36CG8YP
pn8,mg416,attends,"Dear Sunita, Ananya, and Ramesh, ... I confirm my availability for the sync call today, 6 March, at 12:30 GMT.",MAILA36CG8YP
pn2,mg416,attends,"Dear Sunita, Ananya, and Ramesh, ... I confirm my availability for the sync call today, 6 March, at 12:30 GMT.",MAILA36CG8YP
pn7,mg417,attends,"Dear Sunita, Michael, and Ramesh, ... See you on the call shortly!",MAIL5KT3R8LQ
pn1,mg417,attends,"Dear Sunita, Michael, and Ramesh, ... See you on the call shortly!",MAIL5KT3R8LQ
pn2,mg417,attends,"Dear Sunita, Michael, and Ramesh, ... See you on the call shortly!",MAIL5KT3R8LQ
pn8,mg417,attends,I have created a Google Calendar invite for our coordination call today at 12:30 GMT and shared the link below,MAIL5KT3R8LQ
pn8,mg418,attends,"**Attendees:**  
- Dr. Ananya Chatterjee  
- Dr. Michael Bradley  
- Prof. Ramesh Bhatia  
- Sunita Sen",MAIL4D2P9TQS
pn7,mg418,attends,"**Attendees:**  
- Dr. Ananya Chatterjee  
- Dr. Michael Bradley  
- Prof. Ramesh Bhatia  
- Sunita Sen",MAIL4D2P9TQS
pn2,mg418,attends,"**Attendees:**  
- Dr. Ananya Chatterjee  
- Dr. Michael Bradley  
- Prof. Ramesh Bhatia  
- Sunita Sen",MAIL4D2P9TQS
pn1,mg418,attends,"**Attendees:**  
- Dr. Ananya Chatterjee  
- Dr. Michael Bradley  
- Prof. Ramesh Bhatia  
- Sunita Sen",MAIL4D2P9TQS
pn2,mg419,attends,our 6 March camera-ready coordination call.,MAIL7KZ9LCQS
pn1,mg419,attends,our 6 March camera-ready coordination call.,MAIL7KZ9LCQS
pn8,mg419,attends,our 6 March camera-ready coordination call.,MAIL7KZ9LCQS
pn7,mg419,attends,our 6 March camera-ready coordination call.,MAIL7KZ9LCQS
pn8,c37,attends,your paper has been **ACCEPTED** for presentation at ACL2024 and inclusion in the conference proceedings,MAILHV735LMB
pn1,c37,attends,your paper has been **ACCEPTED** for presentation at ACL2024 and inclusion in the conference proceedings,MAILHV735LMB
pn2,c37,attends,your paper has been **ACCEPTED** for presentation at ACL2024 and inclusion in the conference proceedings,MAILHV735LMB
pn7,c37,attends,your paper has been **ACCEPTED** for presentation at ACL2024 and inclusion in the conference proceedings,MAILHV735LMB
pn8,c37,attends,We look forward to your finalized contribution and to welcoming you at ACL2024!,MAILJKL983WD
pn1,c37,attends,We look forward to your finalized contribution and to welcoming you at ACL2024!,MAILJKL983WD
pn2,c37,attends,We look forward to your finalized contribution and to welcoming you at ACL2024!,MAILJKL983WD
pn7,c37,attends,We look forward to your finalized contribution and to welcoming you at ACL2024!,MAILJKL983WD
pn8,c37,attends,Thank you all for your valuable input and the swift response to the acceptance and camera-ready notifications from the ACL2024 committee.,MAILET9X6LZA
pn2,c37,attends,Thank you all for your valuable input and the swift response to the acceptance and camera-ready notifications from the ACL2024 committee.,MAILET9X6LZA
pn7,c37,attends,Thank you all for your valuable input and the swift response to the acceptance and camera-ready notifications from the ACL2024 committee.,MAILET9X6LZA
pn1,c37,attends,Thank you all for your valuable input and the swift response to the acceptance and camera-ready notifications from the ACL2024 committee.,MAILET9X6LZA
pn1,mg420,attends,Propose an internal Zoom/Google Meet on 25 March (please share availability) for a final review and sign-off before uploading all documents to the submission portal.,MAILET9X6LZA
pn8,mg420,attends,Propose an internal Zoom/Google Meet on 25 March (please share availability) for a final review and sign-off before uploading all documents to the submission portal.,MAILET9X6LZA
pn2,mg420,attends,Propose an internal Zoom/Google Meet on 25 March (please share availability) for a final review and sign-off before uploading all documents to the submission portal.,MAILET9X6LZA
pn7,mg420,attends,Propose an internal Zoom/Google Meet on 25 March (please share availability) for a final review and sign-off before uploading all documents to the submission portal.,MAILET9X6LZA
pn7,mg421,attends,"For our final internal review, I am generally available on 25 March after 15:00 GMT. If that works for everyone, perhaps we can schedule a one-hour Zoom call to walk through the submission packet and checklist one last time before upload.",MAILY8WN5H2Q
pn1,mg421,attends,"If that works for everyone, perhaps we can schedule a one-hour Zoom call to walk through the submission packet and checklist one last time before upload.",MAILY8WN5H2Q
pn8,mg421,attends,"If that works for everyone, perhaps we can schedule a one-hour Zoom call to walk through the submission packet and checklist one last time before upload.",MAILY8WN5H2Q
pn2,mg421,attends,"If that works for everyone, perhaps we can schedule a one-hour Zoom call to walk through the submission packet and checklist one last time before upload.",MAILY8WN5H2Q
pn7,mg422,attends,"Michael, thank you for volunteering to oversee repository consistency and for offering flexibility for the 25 March meeting.",MAIL5G9PL1QW
pn1,c37,attends,I have now accessed the ACL2024 author portal and completed the presenter confirmation form as required.,MAIL4EB6NHQP
pn1,mg423,attends,I propose we use our 25 March Zoom review for a quick walkthrough and final sign-off before uploading the full camera-ready package.,MAIL4EB6NHQP
pn2,mg423,attends,I propose we use our 25 March Zoom review for a quick walkthrough and final sign-off before uploading the full camera-ready package.,MAIL4EB6NHQP
pn8,mg423,attends,I propose we use our 25 March Zoom review for a quick walkthrough and final sign-off before uploading the full camera-ready package.,MAIL4EB6NHQP
pn7,mg423,attends,I propose we use our 25 March Zoom review for a quick walkthrough and final sign-off before uploading the full camera-ready package.,MAIL4EB6NHQP
pn7,mg424,attends,"I propose we begin our final meeting at 15:30 GMT on 25 March, allowing us to thoroughly cross-check each compliance item, upload the full camera-ready package, and address any last-minute portal issues.",MAIL38XKWLSJ
pn1,mg424,attends,"Let’s aim to resolve these minor items by midday on 25 March, just before our scheduled Zoom review.",MAIL38XKWLSJ
pn8,mg424,attends,"Let’s aim to resolve these minor items by midday on 25 March, just before our scheduled Zoom review.",MAIL38XKWLSJ
pn2,mg424,attends,"Let’s aim to resolve these minor items by midday on 25 March, just before our scheduled Zoom review.",MAIL38XKWLSJ
pn1,mg425,attends,prior to our 25 March Zoom meeting at 15:30 GMT.,MAILTX5ZCY80
pn7,mg425,attends,prior to our 25 March Zoom meeting at 15:30 GMT.,MAILTX5ZCY80
pn2,mg425,attends,prior to our 25 March Zoom meeting at 15:30 GMT.,MAILTX5ZCY80
pn8,mg425,attends,prior to our 25 March Zoom meeting at 15:30 GMT.,MAILTX5ZCY80
pn2,mg343,attends,"Highlights from the internal review meeting (25 March, 15:30–17:00 GMT):",MAILRN47DLP6
pn8,mg343,attends,"Highlights from the internal review meeting (25 March, 15:30–17:00 GMT):",MAILRN47DLP6
pn1,mg343,attends,"Highlights from the internal review meeting (25 March, 15:30–17:00 GMT):",MAILRN47DLP6
pn7,mg343,attends,"Highlights from the internal review meeting (25 March, 15:30–17:00 GMT):",MAILRN47DLP6
pn1,c37,attends,acceptance and inclusion of our paper in the ACL2024 proceedings,MAILVQ230FGL
pn2,c37,attends,acceptance and inclusion of our paper in the ACL2024 proceedings,MAILVQ230FGL
pn7,c37,attends,acceptance and inclusion of our paper in the ACL2024 proceedings,MAILVQ230FGL
pn8,c37,attends,acceptance and inclusion of our paper in the ACL2024 proceedings,MAILVQ230FGL
pn7,mg426,attends,"Specifically, I propose we convene on Thursday, 24 April, at 16:00 GMT.",MAILAG52RJKT
pn1,mg426,attends,"Please confirm whether 24 April, 16:00 GMT, is convenient, or suggest alternatives.",MAILAG52RJKT
pn2,mg426,attends,"Please confirm whether 24 April, 16:00 GMT, is convenient, or suggest alternatives.",MAILAG52RJKT
pn8,mg426,attends,"Please confirm whether 24 April, 16:00 GMT, is convenient, or suggest alternatives.",MAILAG52RJKT
pn8,mg427,attends,"Regarding the planning call, 24 April at 16:00 GMT works perfectly for me.",MAILWH49XZJL
pn7,mg427,attends,"Thank you, Michael, for offering to host; I look forward to receiving the Zoom invite.",MAILWH49XZJL
pn1,mg427,attends,"Regarding the planning call, 24 April at 16:00 GMT works perfectly for me.",MAILWH49XZJL
pn2,mg427,attends,"Regarding the planning call, 24 April at 16:00 GMT works perfectly for me.",MAILWH49XZJL
pn2,mg428,attends,I confirm my availability for the planning meeting on 24 April at 16:00 GMT and look forward to Michael’s Zoom invite.,MAILRA8YZ41M
pn7,mg428,attends,"Dear Ananya, Michael, and Sunita,",MAILRA8YZ41M
pn8,mg428,attends,"Dear Ananya, Michael, and Sunita,",MAILRA8YZ41M
pn1,mg428,attends,"Dear Ananya, Michael, and Sunita,",MAILRA8YZ41M
pn2,mg429,attends,This will help us distribute writing and revision tasks more evenly after the 24 April call.,MAILKP3J72ZA
pn7,mg429,attends,This will help us distribute writing and revision tasks more evenly after the 24 April call.,MAILKP3J72ZA
pn8,mg429,attends,This will help us distribute writing and revision tasks more evenly after the 24 April call.,MAILKP3J72ZA
pn1,mg429,attends,Thank you all for your confirmation and excellent suggestions regarding the upcoming planning meeting.,MAILKP3J72ZA
pn7,mg430,attends,ahead of the 24 April planning session.,MAILZ59UNGJQ
pn1,mg430,attends,ahead of the 24 April planning session.,MAILZ59UNGJQ
pn2,mg430,attends,ahead of the 24 April planning session.,MAILZ59UNGJQ
pn8,mg430,attends,ahead of the 24 April planning session.,MAILZ59UNGJQ
pn7,mg431,attends,so everyone can review ahead of our meeting. ... another round of productive collaboration on 24 April.,MAILEP8XJ24A
pn1,mg431,attends,so everyone can review ahead of our meeting. ... another round of productive collaboration on 24 April.,MAILEP8XJ24A
pn2,mg431,attends,so everyone can review ahead of our meeting. ... another round of productive collaboration on 24 April.,MAILEP8XJ24A
pn8,mg431,attends,so everyone can review ahead of our meeting. ... another round of productive collaboration on 24 April.,MAILEP8XJ24A
pn2,mg432,attends,Looking forward to synthesizing everyone’s input ahead of our 24 April call.,MAILS4PQW3MC
pn8,mg432,attends,Looking forward to synthesizing everyone’s input ahead of our 24 April call.,MAILS4PQW3MC
pn7,mg432,attends,Looking forward to synthesizing everyone’s input ahead of our 24 April call.,MAILS4PQW3MC
pn1,mg432,attends,Looking forward to synthesizing everyone’s input ahead of our 24 April call.,MAILS4PQW3MC
pn1,mg433,attends,before our 24 April meeting.,MAILUY3M4DWS
pn2,mg433,attends,before our 24 April meeting.,MAILUY3M4DWS
pn8,mg433,attends,before our 24 April meeting.,MAILUY3M4DWS
pn7,mg433,attends,before our 24 April meeting.,MAILUY3M4DWS
pn1,mg434,attends,Agenda for our 24 April meeting is as follows:,MAILFVW39PQ8
pn2,mg434,attends,Agenda for our 24 April meeting is as follows:,MAILFVW39PQ8
pn8,mg434,attends,Agenda for our 24 April meeting is as follows:,MAILFVW39PQ8
pn7,mg434,attends,Agenda for our 24 April meeting is as follows:,MAILFVW39PQ8
pn7,mg435,attends,"Thank you, Michael, for assembling the internal review package and for providing a clear agenda for our 24 April meeting.",MAILBJG7X254
pn1,mg435,attends,"Thank you, Michael, for assembling the internal review package and for providing a clear agenda for our 24 April meeting.",MAILBJG7X254
pn2,mg435,attends,"Thank you, Michael, for assembling the internal review package and for providing a clear agenda for our 24 April meeting.",MAILBJG7X254
pn8,mg435,attends,Looking forward to our continued collaboration and a productive review session on Monday.,MAILBJG7X254
pn1,mg436,attends,Thank you all for attending today’s planning and internal review session.,MAIL7ZK8QJ1A
pn2,mg436,attends,Thank you all for attending today’s planning and internal review session.,MAIL7ZK8QJ1A
pn7,mg436,attends,Thank you all for attending today’s planning and internal review session.,MAIL7ZK8QJ1A
pn8,mg436,attends,Thank you all for attending today’s planning and internal review session.,MAIL7ZK8QJ1A
pn7,mg437,attends,"Dear Michael, Ananya, and Sunita,

... may I propose a short Zoom check-in to address any final queries, discuss manuscript assembly logistics, and resolve outstanding checklist points?",MAIL7VJ2E8MC
pn8,mg437,attends,"Dear Michael, Ananya, and Sunita,

... may I propose a short Zoom check-in to address any final queries, discuss manuscript assembly logistics, and resolve outstanding checklist points?",MAIL7VJ2E8MC
pn1,mg437,attends,"Dear Michael, Ananya, and Sunita,

... may I propose a short Zoom check-in to address any final queries, discuss manuscript assembly logistics, and resolve outstanding checklist points?",MAIL7VJ2E8MC
pn2,mg437,attends,"Given the tight timeline and the critical importance of a unified final submission, may I propose a short Zoom check-in to address any final queries, discuss manuscript assembly logistics, and resolve outstanding checklist points?",MAIL7VJ2E8MC
pn2,mg438,attends,"Thank you, Ramesh, for your thoughtful review and approval of the final submission checklist, and for proposing a coordination call prior to our 2 June draft deadline.",MAIL8QX2R5LJ
pn7,mg438,attends,"Pending Michael’s and Sunita’s confirmation, I have provisionally set up a Zoom call at that time (joining details below):",MAIL8QX2R5LJ
pn1,mg438,attends,"Pending Michael’s and Sunita’s confirmation, I have provisionally set up a Zoom call at that time (joining details below):",MAIL8QX2R5LJ
pn8,mg438,attends,"The suggested check-in slot—11 May, 16:00–17:00 IST / 11:30–12:30 BST / 03:30–04:30 PDT—works perfectly for me.",MAIL8QX2R5LJ
pn8,mg439,attends,"Thank you, Ananya, for taking the initiative to organize the final coordination call and for circulating the Zoom details and a clear agenda.",MAIL62VJZD1M
pn2,mg439,attends,"Dear Ananya, Ramesh, and Michael,",MAIL62VJZD1M
pn7,mg439,attends,"Dear Ananya, Ramesh, and Michael,",MAIL62VJZD1M
pn1,mg439,attends,"I am pleased to confirm my attendance for the meeting today, 16:00–17:00 IST.",MAIL62VJZD1M
pn1,mg440,attends,"Sunita and Michael, perhaps we could earmark a virtual seminar later this autumn (October/November) for a broader audience",MAILU7V4L2NP
pn7,mg440,attends,"Sunita and Michael, perhaps we could earmark a virtual seminar later this autumn (October/November) for a broader audience",MAILU7V4L2NP
pn1,mg441,attends,Please share your availability for a potential call during the third week of September.,MAILX4C2JKL5
pn7,mg441,attends,Please share your availability for a potential call during the third week of September.,MAILX4C2JKL5
pn2,mg441,attends,Please share your availability for a potential call during the third week of September.,MAILX4C2JKL5
pn8,mg441,attends,Please share your availability for a potential call during the third week of September.,MAILX4C2JKL5
pn8,mg442,attends,"The third week of September works generally for me; I am available 18th–22nd, 15:00–19:00 IST (10:30–14:30 BST).",MAILEX5V7NDQ
pn1,mg442,attends,"If these align for the rest of the team, please confirm.",MAILEX5V7NDQ
pn7,mg442,attends,"If these align for the rest of the team, please confirm.",MAILEX5V7NDQ
pn2,mg442,attends,"If these align for the rest of the team, please confirm.",MAILEX5V7NDQ
pn2,mg443,attends,The 18th-22nd September period is convenient for me as well; my preferred slots are 16:00–18:00 IST.,MAIL1X92FCL8
pn8,mg443,attends,"Dear Ananya, Sunita, and Michael,",MAIL1X92FCL8
pn1,mg443,attends,"Dear Ananya, Sunita, and Michael,",MAIL1X92FCL8
pn7,mg443,attends,"Dear Ananya, Sunita, and Michael,",MAIL1X92FCL8
pn7,mg444,attends,"I am available for any session between 18th–22nd September, with a preference for 18:00–20:00 IST (07:30–09:30 PDT) to accommodate all time zones.",MAIL4T8N2RSA
pn1,mg444,attends,with a preference for 18:00–20:00 IST (07:30–09:30 PDT) to accommodate all time zones.,MAIL4T8N2RSA
pn8,mg444,attends,with a preference for 18:00–20:00 IST (07:30–09:30 PDT) to accommodate all time zones.,MAIL4T8N2RSA
pn2,mg444,attends,with a preference for 18:00–20:00 IST (07:30–09:30 PDT) to accommodate all time zones.,MAIL4T8N2RSA
pn7,mg445,attends,Shall we target 16 September for this quick check-in? Please confirm your availability.,MAIL4T8N2RSA
pn1,mg445,attends,Shall we target 16 September for this quick check-in? Please confirm your availability.,MAIL4T8N2RSA
pn8,mg445,attends,Shall we target 16 September for this quick check-in? Please confirm your availability.,MAIL4T8N2RSA
pn2,mg445,attends,Shall we target 16 September for this quick check-in? Please confirm your availability.,MAIL4T8N2RSA
pn1,mg446,attends,I am pleased to confirm my availability for a short preparatory call on 16 September; the 16:00–17:00 IST slot works well for me.,MAILG3F9H2L7
pn7,mg446,attends,Please let me know if this time is also convenient for the rest of you,MAILG3F9H2L7
pn8,mg446,attends,Please let me know if this time is also convenient for the rest of you,MAILG3F9H2L7
pn2,mg446,attends,Please let me know if this time is also convenient for the rest of you,MAILG3F9H2L7
pn8,mg447,attends,I confirm my availability for the 16:00–17:00 IST slot and look forward to our discussion.,MAIL3H2XPQWL
pn1,mg447,attends,"Thank you, Sunita, for circulating the annotated technical note outline and for coordinating the logistics for today’s preparatory call.",MAIL3H2XPQWL
pn2,mg447,attends,"Dear Sunita, Ramesh, and Michael,",MAIL3H2XPQWL
pn7,mg447,attends,"Dear Sunita, Ramesh, and Michael,",MAIL3H2XPQWL
pn1,mg448,attends,"Dear Ananya, Sunita, and Michael,

Thank you all for promptly confirming your attendance ... during our 16:00–17:00 IST call today",MAILH9T7SZKD
pn7,mg448,attends,"Dear Ananya, Sunita, and Michael,

Thank you all for promptly confirming your attendance ... during our 16:00–17:00 IST call today",MAILH9T7SZKD
pn8,mg448,attends,"Dear Ananya, Sunita, and Michael,

Thank you all for promptly confirming your attendance ... during our 16:00–17:00 IST call today",MAILH9T7SZKD
pn2,mg448,attends,"To ensure an efficient and focused meeting during our 16:00–17:00 IST call today, I propose the following short agenda:",MAILH9T7SZKD
pn7,mg450,attends,"Preferred session slot: consensus for 20 September, 18:00–20:00 IST (07:30–09:30 PDT, 14:30–16:30 BST).",MAILE8X2JAG4
pn1,mg450,attends,"Preferred session slot: consensus for 20 September, 18:00–20:00 IST (07:30–09:30 PDT, 14:30–16:30 BST).",MAILE8X2JAG4
pn8,mg450,attends,"Preferred session slot: consensus for 20 September, 18:00–20:00 IST (07:30–09:30 PDT, 14:30–16:30 BST).",MAILE8X2JAG4
pn2,mg450,attends,"Preferred session slot: consensus for 20 September, 18:00–20:00 IST (07:30–09:30 PDT, 14:30–16:30 BST).",MAILE8X2JAG4
pn7,mg451,attends,"Next group check-in: brief follow-up call to be scheduled for 21 September, 16:00–16:45 IST (pending confirmation).",MAILE8X2JAG4
pn1,mg451,attends,"Next group check-in: brief follow-up call to be scheduled for 21 September, 16:00–16:45 IST (pending confirmation).",MAILE8X2JAG4
pn8,mg451,attends,"Next group check-in: brief follow-up call to be scheduled for 21 September, 16:00–16:45 IST (pending confirmation).",MAILE8X2JAG4
pn2,mg451,attends,"Next group check-in: brief follow-up call to be scheduled for 21 September, 16:00–16:45 IST (pending confirmation).",MAILE8X2JAG4
pn7,mg452,attends,"I am pleased to confirm that the Stanford Zoom seminar registration is now live. Here is the link for your immediate use and inclusion in cross-listings:
https://stanford.zoom.us/meeting/register/tJ0tfuqhrTPoHd8h-pZHSyXA_NLP-HIST-2024",MAILF9V8KM32
pn8,mg453,attends,Let’s touch base fifteen minutes prior to session start for a soundcheck and to confirm roles,MAILA4YK9N6M
pn7,mg453,attends,Let’s touch base fifteen minutes prior to session start for a soundcheck and to confirm roles,MAILA4YK9N6M
pn1,mg453,attends,Let’s touch base fifteen minutes prior to session start for a soundcheck and to confirm roles,MAILA4YK9N6M
pn2,mg453,attends,Let’s touch base fifteen minutes prior to session start for a soundcheck and to confirm roles,MAILA4YK9N6M
pn1,mg454,attends,I’ll join the meeting room at 17:45 IST for a technical check and to coordinate last-minute adjustments with all of you.,MAILD89K7XY2
pn2,mg454,attends,I’ll join the meeting room at 17:45 IST for a technical check and to coordinate last-minute adjustments with all of you.,MAILD89K7XY2
pn7,mg454,attends,I’ll join the meeting room at 17:45 IST for a technical check and to coordinate last-minute adjustments with all of you.,MAILD89K7XY2
pn8,mg454,attends,I’ll join the meeting room at 17:45 IST for a technical check and to coordinate last-minute adjustments with all of you.,MAILD89K7XY2
pn1,mg455,attends,Please confirm your availability for our brief check-in or propose alternatives if needed.,MAILN71P8SZM
pn8,mg455,attends,Please confirm your availability for our brief check-in or propose alternatives if needed.,MAILN71P8SZM
pn2,mg455,attends,Please confirm your availability for our brief check-in or propose alternatives if needed.,MAILN71P8SZM
pn8,mg456,attends,I am happy to confirm my availability for our brief check-in today at 16:00 IST.,MAILY83K7PQJ
pn7,mg456,attends,I am happy to confirm my availability for our brief check-in today at 16:00 IST.,MAILY83K7PQJ
pn1,mg456,attends,I am happy to confirm my availability for our brief check-in today at 16:00 IST.,MAILY83K7PQJ
pn2,mg456,attends,I am happy to confirm my availability for our brief check-in today at 16:00 IST.,MAILY83K7PQJ
pn2,mg457,attends,"I look forward to today’s meeting at 16:00 IST, where we can collectively decide our submission strategy and discuss your suggestion, Ananya, for a blog post capturing broader “lessons learned.”",MAILU8S6JV3L
pn8,mg457,attends,"I look forward to today’s meeting at 16:00 IST, where we can collectively decide our submission strategy and discuss your suggestion, Ananya, for a blog post capturing broader “lessons learned.”",MAILU8S6JV3L
pn7,mg457,attends,"I look forward to today’s meeting at 16:00 IST, where we can collectively decide our submission strategy and discuss your suggestion, Ananya, for a blog post capturing broader “lessons learned.”",MAILU8S6JV3L
pn1,mg457,attends,"Sunita, if any specific points from the live Q&A or survey responses should be addressed in the vignette or Section 2, please highlight those during today’s check-in. I look forward to today’s meeting at 16:00 IST",MAILU8S6JV3L
pn8,mg458,attends,"I propose we hold a brief consolidation meeting on 25 September (tomorrow), aiming for a 16:30 IST / 12:00 BST / 04:00 PDT slot.",MAIL3JX7T2SA
pn7,mg458,attends,"I propose we hold a brief consolidation meeting on 25 September (tomorrow), aiming for a 16:30 IST / 12:00 BST / 04:00 PDT slot.",MAIL3JX7T2SA
pn2,mg458,attends,"I propose we hold a brief consolidation meeting on 25 September (tomorrow), aiming for a 16:30 IST / 12:00 BST / 04:00 PDT slot.",MAIL3JX7T2SA
pn1,mg458,attends,"I propose we hold a brief consolidation meeting on 25 September (tomorrow), aiming for a 16:30 IST / 12:00 BST / 04:00 PDT slot.",MAIL3JX7T2SA
pn1,mg459,attends,"Thank you, Sunita, for convening us so effectively and outlining tomorrow’s agenda. I am pleased to confirm my availability for the 16:30 IST meeting slot on 25 September.",MAIL7RZ6PWQD
pn2,mg459,attends,I am pleased to confirm my availability for the 16:30 IST meeting slot on 25 September.,MAIL7RZ6PWQD
pn8,mg459,attends,"Dear Sunita, Ananya, and Michael,",MAIL7RZ6PWQD
pn7,mg459,attends,"Dear Sunita, Ananya, and Michael,",MAIL7RZ6PWQD
pn1,mg460,attends,"Dear Sunita, Ramesh, and Ananya,

Thank you all for the exemplary coordination and your candid assessments as we approach today’s consolidation meeting for the technical note.",MAILT8E1U6PX
pn2,mg460,attends,"Dear Sunita, Ramesh, and Ananya,

Thank you all for the exemplary coordination and your candid assessments as we approach today’s consolidation meeting for the technical note.",MAILT8E1U6PX
pn8,mg460,attends,"Dear Sunita, Ramesh, and Ananya,

Thank you all for the exemplary coordination and your candid assessments as we approach today’s consolidation meeting for the technical note.",MAILT8E1U6PX
pn7,mg460,attends,I confirm my availability for the 16:30 IST / 12:00 BST / 04:00 PDT slot.,MAILT8E1U6PX
pn7,mg461,attends,(Back-up: Zoom https://stanford.zoom.us/j/82412390456?pwd=Wk5sTm1HZWx0bEk1),MAILT8E1U6PX
pn7,mg462,attends,"Attendees: Dr. Michael Bradley, Sunita Sen, Prof. Ramesh Bhatia, Dr. Ananya Chatterjee",MAIL4LD7VT9X
pn1,mg462,attends,"Attendees: Dr. Michael Bradley, Sunita Sen, Prof. Ramesh Bhatia, Dr. Ananya Chatterjee",MAIL4LD7VT9X
pn2,mg462,attends,"Attendees: Dr. Michael Bradley, Sunita Sen, Prof. Ramesh Bhatia, Dr. Ananya Chatterjee",MAIL4LD7VT9X
pn8,mg462,attends,"Attendees: Dr. Michael Bradley, Sunita Sen, Prof. Ramesh Bhatia, Dr. Ananya Chatterjee",MAIL4LD7VT9X
pn8,mg463,attends,"I recommend we schedule a revision sprint planning call early next week—would everyone be available on Tuesday, 31 October, at 17:00 IST / 12:30 BST / 04:30 PDT?",MAIL4MNF1G7P
pn1,mg463,attends,"I recommend we schedule a revision sprint planning call early next week—would everyone be available on Tuesday, 31 October, at 17:00 IST / 12:30 BST / 04:30 PDT?",MAIL4MNF1G7P
pn7,mg463,attends,"I recommend we schedule a revision sprint planning call early next week—would everyone be available on Tuesday, 31 October, at 17:00 IST / 12:30 BST / 04:30 PDT?",MAIL4MNF1G7P
pn2,mg463,attends,"I recommend we schedule a revision sprint planning call early next week—would everyone be available on Tuesday, 31 October, at 17:00 IST / 12:30 BST / 04:30 PDT?",MAIL4MNF1G7P
pn7,mg464,attends,"Tuesday, 31 October, at 17:00 IST works for me. I look forward to our call and suggest we use this meeting to finalize dataset breakdown assignments and synchronize our response letter approach.",MAILU59T2GKL
pn8,mg464,attends,"Tuesday, 31 October, at 17:00 IST works for me. I look forward to our call and suggest we use this meeting to finalize dataset breakdown assignments and synchronize our response letter approach.",MAILU59T2GKL
pn1,mg464,attends,"Tuesday, 31 October, at 17:00 IST works for me. I look forward to our call and suggest we use this meeting to finalize dataset breakdown assignments and synchronize our response letter approach.",MAILU59T2GKL
pn2,mg464,attends,"Tuesday, 31 October, at 17:00 IST works for me. I look forward to our call and suggest we use this meeting to finalize dataset breakdown assignments and synchronize our response letter approach.",MAILU59T2GKL
pn2,mg465,attends,"I am fully on board with the proposed plan and confirm my availability for our Zoom revision meeting on Tuesday, 31 October at 17:00 IST.",MAILN19PG59M
pn8,mg465,attends,"Dear Ananya, Sunita, and Michael,",MAILN19PG59M
pn1,mg465,attends,"Dear Ananya, Sunita, and Michael,",MAILN19PG59M
pn7,mg465,attends,"Dear Ananya, Sunita, and Michael,",MAILN19PG59M
pn1,mg466,attends,before our scheduled meeting tomorrow.,MAIL03VUWEN4
pn7,mg466,attends,before our scheduled meeting tomorrow.,MAIL03VUWEN4
pn2,mg466,attends,before our scheduled meeting tomorrow.,MAIL03VUWEN4
pn8,mg466,attends,before our scheduled meeting tomorrow.,MAIL03VUWEN4
pn7,mg467,attends,Looking forward to our revision sprint meeting scheduled for today at 17:00 IST / 12:30 BST / 04:30 PDT.,MAILE7LKQC41
pn1,mg467,attends,Looking forward to our revision sprint meeting scheduled for today at 17:00 IST / 12:30 BST / 04:30 PDT.,MAILE7LKQC41
pn8,mg467,attends,Looking forward to our revision sprint meeting scheduled for today at 17:00 IST / 12:30 BST / 04:30 PDT.,MAILE7LKQC41
pn2,mg467,attends,Looking forward to our revision sprint meeting scheduled for today at 17:00 IST / 12:30 BST / 04:30 PDT.,MAILE7LKQC41
pn8,mg468,attends,Regarding a virtual meeting on 7 November: I am available between 16:00 and 18:00 IST (10:30–12:30 GMT),MAILQ7H2PLVK
pn1,mg468,attends,"Dear Sunita (cc: Ramesh, Michael), Regarding a virtual meeting on 7 November",MAILQ7H2PLVK
pn2,mg468,attends,"Dear Sunita (cc: Ramesh, Michael), Regarding a virtual meeting on 7 November",MAILQ7H2PLVK
pn7,mg468,attends,"Dear Sunita (cc: Ramesh, Michael), Regarding a virtual meeting on 7 November",MAILQ7H2PLVK
pn1,mg469,attends,Our focused call today (held at 16:30–17:00 IST) was extremely productive,MAILV2M5CZL3
pn8,mg469,attends,"Dear Ananya (cc: Ramesh, Michael),

Thank you for accommodating the scheduling and for your comments on the latest methodology section draft. Our focused call today (held at 16:30–17:00 IST) was extremely productive",MAILV2M5CZL3
pn2,mg469,attends,"Dear Ananya (cc: Ramesh, Michael),

Thank you for accommodating the scheduling and for your comments on the latest methodology section draft. Our focused call today (held at 16:30–17:00 IST) was extremely productive",MAILV2M5CZL3
pn7,mg469,attends,"Dear Ananya (cc: Ramesh, Michael),

Thank you for accommodating the scheduling and for your comments on the latest methodology section draft. Our focused call today (held at 16:30–17:00 IST) was extremely productive",MAILV2M5CZL3
pn1,mg470,attends,could everyone please confirm their availability for a virtual planning meeting this coming Friday (5 January) between 16:00–17:00 IST?,MAILE7FGQK51
pn2,mg470,attends,could everyone please confirm their availability for a virtual planning meeting this coming Friday (5 January) between 16:00–17:00 IST?,MAILE7FGQK51
pn8,mg470,attends,could everyone please confirm their availability for a virtual planning meeting this coming Friday (5 January) between 16:00–17:00 IST?,MAILE7FGQK51
pn7,mg470,attends,could everyone please confirm their availability for a virtual planning meeting this coming Friday (5 January) between 16:00–17:00 IST?,MAILE7FGQK51
pn7,mg471,attends,"The proposed meeting time this Friday, 16:00–17:00 IST, works well for me.",MAILQ7BV4P3K
pn1,mg471,attends,Looking forward to hearing from Ramesh and Ananya about their respective availabilities,MAILQ7BV4P3K
pn2,mg471,attends,Looking forward to hearing from Ramesh and Ananya about their respective availabilities,MAILQ7BV4P3K
pn8,mg471,attends,Looking forward to hearing from Ramesh and Ananya about their respective availabilities,MAILQ7BV4P3K
pn8,mg472,attends,"The proposed meeting time on Friday (5 January, 16:00–17:00 IST) is convenient for me as well.",MAILDL87T4BF
pn7,mg473,attends,"Thank you, Sunita, Michael, and Ananya, for your prompt, thorough responses and readiness to engage with the required revisions. I am writing to confirm our planning meeting for Friday, 5 January, from 16:00–17:00 IST.",MAIL9F5B72RV
pn8,mg473,attends,"Thank you, Sunita, Michael, and Ananya, for your prompt, thorough responses and readiness to engage with the required revisions. I am writing to confirm our planning meeting for Friday, 5 January, from 16:00–17:00 IST.",MAIL9F5B72RV
pn1,mg473,attends,"Thank you, Sunita, Michael, and Ananya, for your prompt, thorough responses and readiness to engage with the required revisions. I am writing to confirm our planning meeting for Friday, 5 January, from 16:00–17:00 IST.",MAIL9F5B72RV
pn2,mg473,attends,"I am writing to confirm our planning meeting for Friday, 5 January, from 16:00–17:00 IST.",MAIL9F5B72RV
pn7,mg474,attends,Thank you for your time and contributions during yesterday’s meeting.,MAILQ29JMV7Y
pn8,mg474,attends,Thank you for your time and contributions during yesterday’s meeting.,MAILQ29JMV7Y
pn1,mg474,attends,Thank you for your time and contributions during yesterday’s meeting.,MAILQ29JMV7Y
pn8,mg475,attends,"Regarding the collaborative drafting session, I am available on both 15 and 16 January between 14:00–17:00 IST.",MAILJ8Q5MLR2
pn1,mg475,attends,"Regarding the collaborative drafting session, I am available on both 15 and 16 January between 14:00–17:00 IST.",MAILJ8Q5MLR2
pn7,mg475,attends,"Regarding the collaborative drafting session, I am available on both 15 and 16 January between 14:00–17:00 IST.",MAILJ8Q5MLR2
pn2,mg475,attends,"Pending your availability confirmations, I suggest we finalize the drafting call timing by end of day today.",MAILJ8Q5MLR2
pn1,mg476,attends,"I am available for a collaborative drafting session on 16 January, ideally starting at 14:30 IST",MAILA9X6VJ3M
pn2,mg476,attends,"Please confirm if this platform and timing work, or advise on any alternative preferences.",MAILA9X6VJ3M
pn8,mg476,attends,"Please confirm if this platform and timing work, or advise on any alternative preferences.",MAILA9X6VJ3M
pn7,mg476,attends,"Please confirm if this platform and timing work, or advise on any alternative preferences.",MAILA9X6VJ3M
pn1,mg477,attends,"Dear Sunita, Ananya, and Ramesh,",MAILV7PSF4X9
pn8,mg477,attends,"Dear Sunita, Ananya, and Ramesh,",MAILV7PSF4X9
pn2,mg477,attends,"Dear Sunita, Ananya, and Ramesh,",MAILV7PSF4X9
pn7,mg477,attends,Looking forward to seeing everyone at the session and making significant headway toward the February deadline.,MAILV7PSF4X9
pn8,mg478,attends,"Could we also possibly arrange a 30-minute coordination call on Friday, 8 March, at 16:00 IST / 10:30 GMT / 2:30 PST, via Google Meet (https://meet.google.com/nlp-jocch-revision)?",MAILLS8J07PK
pn1,mg478,attends,"Could we also possibly arrange a 30-minute coordination call on Friday, 8 March, at 16:00 IST / 10:30 GMT / 2:30 PST, via Google Meet (https://meet.google.com/nlp-jocch-revision)? Please confirm your availability or propose alternatives if there are conflicts.",MAILLS8J07PK
pn2,mg478,attends,"Could we also possibly arrange a 30-minute coordination call on Friday, 8 March, at 16:00 IST / 10:30 GMT / 2:30 PST, via Google Meet (https://meet.google.com/nlp-jocch-revision)? Please confirm your availability or propose alternatives if there are conflicts.",MAILLS8J07PK
pn7,mg478,attends,"Could we also possibly arrange a 30-minute coordination call on Friday, 8 March, at 16:00 IST / 10:30 GMT / 2:30 PST, via Google Meet (https://meet.google.com/nlp-jocch-revision)? Please confirm your availability or propose alternatives if there are conflicts.",MAILLS8J07PK
pn7,mg479,attends,I am pleased to confirm my availability for the Google Meet call on 8 March at 2:30 PST / 16:00 IST / 10:30 GMT.,MAILN4H2KQWX
pn1,mg479,attends,"Sunita, thank you for organizing the response workflow and managing communication with the editorial office. I am pleased to confirm my availability for the Google Meet call on 8 March at 2:30 PST / 16:00 IST / 10:30 GMT.",MAILN4H2KQWX
pn1,mg480,attends,"Dear Sunita, Ananya, and Michael,

Thank you all for your dedicated preparations and for confirming your availability for our revision coordination call today, 8 March, at the scheduled time (16:00 IST / 10:30 GMT / 2:30 PST).",MAIL7ZM2RKHL
pn8,mg480,attends,"Dear Sunita, Ananya, and Michael,

Thank you all for your dedicated preparations and for confirming your availability for our revision coordination call today, 8 March, at the scheduled time (16:00 IST / 10:30 GMT / 2:30 PST).",MAIL7ZM2RKHL
pn7,mg480,attends,"Dear Sunita, Ananya, and Michael,

Thank you all for your dedicated preparations and for confirming your availability for our revision coordination call today, 8 March, at the scheduled time (16:00 IST / 10:30 GMT / 2:30 PST).",MAIL7ZM2RKHL
pn2,mg480,attends,"Thank you all for your dedicated preparations and for confirming your availability for our revision coordination call today, 8 March, at the scheduled time (16:00 IST / 10:30 GMT / 2:30 PST).",MAIL7ZM2RKHL
pn2,mg481,attends,Many thanks to all of you for attending our revision coordination call yesterday,MAIL937KWQDM
pn8,mg481,attends,Many thanks to all of you for attending our revision coordination call yesterday,MAIL937KWQDM
pn7,mg481,attends,Many thanks to all of you for attending our revision coordination call yesterday,MAIL937KWQDM
pn1,mg481,attends,Many thanks to all of you for attending our revision coordination call yesterday,MAIL937KWQDM
pn1,mg482,attends,I am happy to coordinate a short Zoom session at everyone’s convenience.,MAILB23Q7NHF
pn7,mg482,attends,"If anyone prefers a quick call to finalize contentious sections or labeling, I am happy to coordinate a short Zoom session at everyone’s convenience.",MAILB23Q7NHF
pn2,mg482,attends,"If anyone prefers a quick call to finalize contentious sections or labeling, I am happy to coordinate a short Zoom session at everyone’s convenience.",MAILB23Q7NHF
pn8,mg482,attends,"If anyone prefers a quick call to finalize contentious sections or labeling, I am happy to coordinate a short Zoom session at everyone’s convenience.",MAILB23Q7NHF
pn8,mg483,attends,I will participate in the March 17 group review and am available for a Zoom call on March 16 if any of you feel further real-time discussion would expedite the final integration.,MAILP7QL5DN2
pn1,mg483,attends,I will participate in the March 17 group review and am available for a Zoom call on March 16 if any of you feel further real-time discussion would expedite the final integration.,MAILP7QL5DN2
pn7,mg483,attends,I will participate in the March 17 group review and am available for a Zoom call on March 16 if any of you feel further real-time discussion would expedite the final integration.,MAILP7QL5DN2
pn2,mg483,attends,I will participate in the March 17 group review and am available for a Zoom call on March 16 if any of you feel further real-time discussion would expedite the final integration.,MAILP7QL5DN2
pn1,mg484,attends,I propose we gather for a brief Zoom call at 19:30 IST (15:00 CET / 7:00 PST) on 17 March to address any remaining cross-sectional issues and finalize our unified response letter.,MAILR6GJ2PQL
pn8,mg484,attends,I propose we gather for a brief Zoom call at 19:30 IST (15:00 CET / 7:00 PST) on 17 March to address any remaining cross-sectional issues and finalize our unified response letter.,MAILR6GJ2PQL
pn7,mg484,attends,I propose we gather for a brief Zoom call at 19:30 IST (15:00 CET / 7:00 PST) on 17 March to address any remaining cross-sectional issues and finalize our unified response letter.,MAILR6GJ2PQL
pn2,mg484,attends,I propose we gather for a brief Zoom call at 19:30 IST (15:00 CET / 7:00 PST) on 17 March to address any remaining cross-sectional issues and finalize our unified response letter.,MAILR6GJ2PQL
pn2,mg485,attends,"Dear Ramesh, Ananya, and Michael,

Thank you for confirming participation in the pre-consolidation Zoom call scheduled for 19:30 IST today.",MAIL58ZV0QTR
pn8,mg485,attends,"Dear Ramesh, Ananya, and Michael,

Thank you for confirming participation in the pre-consolidation Zoom call scheduled for 19:30 IST today.",MAIL58ZV0QTR
pn7,mg485,attends,"Dear Ramesh, Ananya, and Michael,

Thank you for confirming participation in the pre-consolidation Zoom call scheduled for 19:30 IST today.",MAIL58ZV0QTR
pn1,mg485,attends,"Following the call, I propose a 24-hour window for final textual edits",MAIL58ZV0QTR
pn8,mg486,attends,Thank you all for an extremely efficient and focused Zoom meeting yesterday.,MAIL82NsHXJ9
pn1,mg486,attends,Thank you all for an extremely efficient and focused Zoom meeting yesterday.,MAIL82NsHXJ9
pn2,mg486,attends,Thank you all for an extremely efficient and focused Zoom meeting yesterday.,MAIL82NsHXJ9
pn7,mg486,attends,Thank you all for an extremely efficient and focused Zoom meeting yesterday.,MAIL82NsHXJ9
pn1,c41,attends,as I plan to submit to the departmental research colloquium on 2 April as scheduled.,MAILP7K2JQXL
pn8,c41,attends,before the colloquium submission.,MAILP7K2JQXL
pn7,c41,attends,before the colloquium submission.,MAILP7K2JQXL
pn2,c41,attends,before the colloquium submission.,MAILP7K2JQXL
pn1,c2,attends,"community “best practice” discussions (EMNLP, JDoc, or similar venues)",MAILE1Z7CFU8
pn8,c2,attends,"community “best practice” discussions (EMNLP, JDoc, or similar venues)",MAILE1Z7CFU8
pn7,c2,attends,"community “best practice” discussions (EMNLP, JDoc, or similar venues)",MAILE1Z7CFU8
pn2,c2,attends,"community “best practice” discussions (EMNLP, JDoc, or similar venues)",MAILE1Z7CFU8
pn2,mg487,attends,I will monitor the inbox for further comments before the final lock-in/Ramesh’s archive tomorrow at 09:00 IST.,MAIL9VY4MHG2
pn8,mg487,attends,I will monitor the inbox for further comments before the final lock-in/Ramesh’s archive tomorrow at 09:00 IST.,MAIL9VY4MHG2
pn1,c44,attends,"I am pleased to share that the finalized abstract, co-authored and co-signed as agreed, has now been officially submitted to the IACS Computer Science Department's 2025 Research Colloquium.",MAILWL9T3R52
pn2,c44,attends,"I am pleased to share that the finalized abstract, co-authored and co-signed as agreed, has now been officially submitted to the IACS Computer Science Department's 2025 Research Colloquium.",MAILWL9T3R52
pn8,c44,attends,"I am pleased to share that the finalized abstract, co-authored and co-signed as agreed, has now been officially submitted to the IACS Computer Science Department's 2025 Research Colloquium.",MAILWL9T3R52
pn7,c44,attends,"I am pleased to share that the finalized abstract, co-authored and co-signed as agreed, has now been officially submitted to the IACS Computer Science Department's 2025 Research Colloquium.",MAILWL9T3R52
pn2,mg488,attends,we could schedule a brief Zoom meeting post-8 April to finalize the outline and make a decision on the submission venue,MAILDYQ4G2M7
pn1,mg488,attends,we could schedule a brief Zoom meeting post-8 April to finalize the outline and make a decision on the submission venue,MAILDYQ4G2M7
pn8,mg488,attends,we could schedule a brief Zoom meeting post-8 April to finalize the outline and make a decision on the submission venue,MAILDYQ4G2M7
pn7,mg488,attends,we could schedule a brief Zoom meeting post-8 April to finalize the outline and make a decision on the submission venue,MAILDYQ4G2M7
pn7,mg489,attends,I am available for a Zoom meeting on either 10 or 11 April (IST evenings or UK afternoons work best for me; please indicate any time preferences).,MAILQ52L8ASN
pn7,c2,attends,"However, I am open to Michael’s and everyone else’s fuller rationale with an eye on EMNLP’s dynamic demo community.",MAIL82ZNVC4R
pn8,mg490,attends,"Regarding scheduling, either 10 or 11 April works for me as well. May I propose 17:30 IST (13:00 BST, 05:00 PST), as this seems a reasonable window for all time zones?",MAIL82ZNVC4R
pn2,mg490,attends,"Regarding scheduling, either 10 or 11 April works for me as well. May I propose 17:30 IST (13:00 BST, 05:00 PST), as this seems a reasonable window for all time zones?",MAIL82ZNVC4R
pn1,mg490,attends,"Regarding scheduling, either 10 or 11 April works for me as well. May I propose 17:30 IST (13:00 BST, 05:00 PST), as this seems a reasonable window for all time zones?",MAIL82ZNVC4R
pn7,mg490,attends,"Regarding scheduling, either 10 or 11 April works for me as well. May I propose 17:30 IST (13:00 BST, 05:00 PST), as this seems a reasonable window for all time zones?",MAIL82ZNVC4R
pn8,mg491,attends,"On the meeting, 17:30 IST (13:00 BST, 05:00 PST) on either 10 or 11 April works for me.",MAILES87QK23
pn2,mg491,attends,"On the meeting, 17:30 IST (13:00 BST, 05:00 PST) on either 10 or 11 April works for me.",MAILES87QK23
pn7,mg491,attends,"On the meeting, 17:30 IST (13:00 BST, 05:00 PST) on either 10 or 11 April works for me.",MAILES87QK23
pn1,mg491,attends,"On the meeting, 17:30 IST (13:00 BST, 05:00 PST) on either 10 or 11 April works for me.",MAILES87QK23
pn1,mg492,attends,"Dear Sunita, Ramesh, and Michael,

Thank you all for your swift responses... It appears that 17:30 IST (13:00 BST, 05:00 PST) on **11 April** is mutually convenient, so let’s confirm this as our discussion slot",MAIL32B5JCQY
pn2,mg492,attends,"Dear Sunita, Ramesh, and Michael,

Thank you all for your swift responses... It appears that 17:30 IST (13:00 BST, 05:00 PST) on **11 April** is mutually convenient, so let’s confirm this as our discussion slot",MAIL32B5JCQY
pn7,mg492,attends,"Dear Sunita, Ramesh, and Michael,

Thank you all for your swift responses... It appears that 17:30 IST (13:00 BST, 05:00 PST) on **11 April** is mutually convenient, so let’s confirm this as our discussion slot",MAIL32B5JCQY
pn8,mg492,attends,I will provide a draft workflow diagram and annotated compliance checklist for Oxford before the meeting for everyone’s review.,MAIL32B5JCQY
