:START_ID,:END_ID,:TYPE,context,source
e1,eid2,receivedBy,YT6A21 receivedBy ramesh.bhatia@iacs.res.in,YT6A21
e2,eid1,receivedBy,YT6A22 receivedBy scholar.sunita@iacs.res.in,YT6A22
e3,eid2,receivedBy,YT6A23 receivedBy ramesh.bhatia@iacs.res.in,YT6A23
e3,eid1,receivedBy,YT6A23 receivedBy scholar.sunita@iacs.res.in,YT6A23
e3,eid4,receivedBy,YT6A23 receivedBy ananya.chatterjee@ox.ac.uk,YT6A23
e4,eid2,receivedBy,YT6A24 receivedBy ramesh.bhatia@iacs.res.in,YT6A24
e4,eid1,receivedBy,YT6A24 receivedBy scholar.sunita@iacs.res.in,YT6A24
e4,eid3,receivedBy,YT6A24 receivedBy michael@cs.stanford.edu,YT6A24
e5,eid1,receivedBy,YT6A25 receivedBy scholar.sunita@iacs.res.in,YT6A25
e5,eid3,receivedBy,YT6A25 receivedBy michael@cs.stanford.edu,YT6A25
e5,eid4,receivedBy,YT6A25 receivedBy ananya.chatterjee@ox.ac.uk,YT6A25
e6,eid2,receivedBy,YT6A26 receivedBy ramesh.bhatia@iacs.res.in,YT6A26
e6,eid3,receivedBy,YT6A26 receivedBy michael@cs.stanford.edu,YT6A26
e6,eid4,receivedBy,YT6A26 receivedBy ananya.chatterjee@ox.ac.uk,YT6A26
e7,eid1,receivedBy,ZR71X3HB receivedBy scholar.sunita@iacs.res.in,ZR71X3HB
e7,eid2,receivedBy,ZR71X3HB receivedBy ramesh.bhatia@iacs.res.in,ZR71X3HB
e7,eid4,receivedBy,ZR71X3HB receivedBy ananya.chatterjee@ox.ac.uk,ZR71X3HB
e8,eid3,receivedBy,AJ4KD52N receivedBy michael@cs.stanford.edu,AJ4KD52N
e8,eid1,receivedBy,AJ4KD52N receivedBy scholar.sunita@iacs.res.in,AJ4KD52N
e8,eid4,receivedBy,AJ4KD52N receivedBy ananya.chatterjee@ox.ac.uk,AJ4KD52N
e9,eid2,receivedBy,P3V8WD4J receivedBy ramesh.bhatia@iacs.res.in,P3V8WD4J
e9,eid3,receivedBy,P3V8WD4J receivedBy michael@cs.stanford.edu,P3V8WD4J
e9,eid1,receivedBy,P3V8WD4J receivedBy scholar.sunita@iacs.res.in,P3V8WD4J
e10,eid2,receivedBy,Q9M7XZ8T receivedBy ramesh.bhatia@iacs.res.in,Q9M7XZ8T
e10,eid3,receivedBy,Q9M7XZ8T receivedBy michael@cs.stanford.edu,Q9M7XZ8T
e10,eid5,receivedBy,Q9M7XZ8T receivedBy ananya.chatterjee@cs.ox.ac.uk,Q9M7XZ8T
e11,eid1,receivedBy,DS4L8R2V receivedBy scholar.sunita@iacs.res.in,DS4L8R2V
e11,eid2,receivedBy,DS4L8R2V receivedBy ramesh.bhatia@iacs.res.in,DS4L8R2V
e11,eid5,receivedBy,DS4L8R2V receivedBy ananya.chatterjee@cs.ox.ac.uk,DS4L8R2V
e12,eid3,receivedBy,W8RSK3BQ receivedBy michael@cs.stanford.edu,W8RSK3BQ
e12,eid1,receivedBy,W8RSK3BQ receivedBy scholar.sunita@iacs.res.in,W8RSK3BQ
e12,eid2,receivedBy,W8RSK3BQ receivedBy ramesh.bhatia@iacs.res.in,W8RSK3BQ
e13,eid5,receivedBy,JU4L39XZ receivedBy ananya.chatterjee@cs.ox.ac.uk,JU4L39XZ
e13,eid3,receivedBy,JU4L39XZ receivedBy michael@cs.stanford.edu,JU4L39XZ
e13,eid2,receivedBy,JU4L39XZ receivedBy ramesh.bhatia@iacs.res.in,JU4L39XZ
e14,eid1,receivedBy,B9Z4EH5S receivedBy scholar.sunita@iacs.res.in,B9Z4EH5S
e14,eid5,receivedBy,B9Z4EH5S receivedBy ananya.chatterjee@cs.ox.ac.uk,B9Z4EH5S
e14,eid2,receivedBy,B9Z4EH5S receivedBy ramesh.bhatia@iacs.res.in,B9Z4EH5S
e15,eid3,receivedBy,ZD8KL7SW receivedBy michael@cs.stanford.edu,ZD8KL7SW
e15,eid1,receivedBy,ZD8KL7SW receivedBy scholar.sunita@iacs.res.in,ZD8KL7SW
e15,eid5,receivedBy,ZD8KL7SW receivedBy ananya.chatterjee@cs.ox.ac.uk,ZD8KL7SW
e16,eid1,receivedBy,AB7FQC9K receivedBy scholar.sunita@iacs.res.in,AB7FQC9K
e16,eid3,receivedBy,AB7FQC9K receivedBy michael@cs.stanford.edu,AB7FQC9K
e16,eid2,receivedBy,AB7FQC9K receivedBy ramesh.bhatia@iacs.res.in,AB7FQC9K
e17,eid3,receivedBy,L72FWD19 receivedBy michael@cs.stanford.edu,L72FWD19
e17,eid5,receivedBy,L72FWD19 receivedBy ananya.chatterjee@cs.ox.ac.uk,L72FWD19
e17,eid2,receivedBy,L72FWD19 receivedBy ramesh.bhatia@iacs.res.in,L72FWD19
e18,eid1,receivedBy,F2R6YT89 receivedBy scholar.sunita@iacs.res.in,F2R6YT89
e18,eid5,receivedBy,F2R6YT89 receivedBy ananya.chatterjee@cs.ox.ac.uk,F2R6YT89
e18,eid2,receivedBy,F2R6YT89 receivedBy ramesh.bhatia@iacs.res.in,F2R6YT89
e19,eid5,receivedBy,MN42KXHS receivedBy ananya.chatterjee@cs.ox.ac.uk,MN42KXHS
e19,eid3,receivedBy,MN42KXHS receivedBy michael@cs.stanford.edu,MN42KXHS
e19,eid1,receivedBy,MN42KXHS receivedBy scholar.sunita@iacs.res.in,MN42KXHS
e20,eid2,receivedBy,V9T5QK23 receivedBy ramesh.bhatia@iacs.res.in,V9T5QK23
e20,eid3,receivedBy,V9T5QK23 receivedBy michael@cs.stanford.edu,V9T5QK23
e20,eid1,receivedBy,V9T5QK23 receivedBy scholar.sunita@iacs.res.in,V9T5QK23
e21,eid5,receivedBy,X7P4ZJ13 receivedBy ananya.chatterjee@cs.ox.ac.uk,X7P4ZJ13
e21,eid3,receivedBy,X7P4ZJ13 receivedBy michael@cs.stanford.edu,X7P4ZJ13
e21,eid2,receivedBy,X7P4ZJ13 receivedBy ramesh.bhatia@iacs.res.in,X7P4ZJ13
e22,eid5,receivedBy,4GNV9SZP receivedBy ananya.chatterjee@cs.ox.ac.uk,4GNV9SZP
e22,eid1,receivedBy,4GNV9SZP receivedBy scholar.sunita@iacs.res.in,4GNV9SZP
e22,eid2,receivedBy,4GNV9SZP receivedBy ramesh.bhatia@iacs.res.in,4GNV9SZP
e23,eid1,receivedBy,SJ9HD3WK receivedBy scholar.sunita@iacs.res.in,SJ9HD3WK
e23,eid3,receivedBy,SJ9HD3WK receivedBy michael@cs.stanford.edu,SJ9HD3WK
e23,eid2,receivedBy,SJ9HD3WK receivedBy ramesh.bhatia@iacs.res.in,SJ9HD3WK
e24,eid5,receivedBy,P8LK3QZR receivedBy ananya.chatterjee@cs.ox.ac.uk,P8LK3QZR
e24,eid3,receivedBy,P8LK3QZR receivedBy michael@cs.stanford.edu,P8LK3QZR
e24,eid1,receivedBy,P8LK3QZR receivedBy scholar.sunita@iacs.res.in,P8LK3QZR
e25,eid5,receivedBy,MAIL6VM4ZB12 receivedBy ananya.chatterjee@cs.ox.ac.uk,MAIL6VM4ZB12
e25,eid3,receivedBy,MAIL6VM4ZB12 receivedBy michael@cs.stanford.edu,MAIL6VM4ZB12
e25,eid2,receivedBy,MAIL6VM4ZB12 receivedBy ramesh.bhatia@iacs.res.in,MAIL6VM4ZB12
e26,eid1,receivedBy,2NR7PQKW receivedBy scholar.sunita@iacs.res.in,2NR7PQKW
e26,eid5,receivedBy,2NR7PQKW receivedBy ananya.chatterjee@cs.ox.ac.uk,2NR7PQKW
e26,eid2,receivedBy,2NR7PQKW receivedBy ramesh.bhatia@iacs.res.in,2NR7PQKW
e27,eid3,receivedBy,MAIL3FP2JK89 receivedBy michael@cs.stanford.edu,MAIL3FP2JK89
e27,eid5,receivedBy,MAIL3FP2JK89 receivedBy ananya.chatterjee@cs.ox.ac.uk,MAIL3FP2JK89
e27,eid2,receivedBy,MAIL3FP2JK89 receivedBy ramesh.bhatia@iacs.res.in,MAIL3FP2JK89
e28,eid1,receivedBy,MAIL2H8QWS35 receivedBy scholar.sunita@iacs.res.in,MAIL2H8QWS35
e28,eid3,receivedBy,MAIL2H8QWS35 receivedBy michael@cs.stanford.edu,MAIL2H8QWS35
e28,eid2,receivedBy,MAIL2H8QWS35 receivedBy ramesh.bhatia@iacs.res.in,MAIL2H8QWS35
e29,eid1,receivedBy,MAIL8VC1XW04 receivedBy scholar.sunita@iacs.res.in,MAIL8VC1XW04
e29,eid3,receivedBy,MAIL8VC1XW04 receivedBy michael@cs.stanford.edu,MAIL8VC1XW04
e29,eid5,receivedBy,MAIL8VC1XW04 receivedBy ananya.chatterjee@cs.ox.ac.uk,MAIL8VC1XW04
e30,eid1,receivedBy,MAIL0R3NPX52 receivedBy scholar.sunita@iacs.res.in,MAIL0R3NPX52
e30,eid5,receivedBy,MAIL0R3NPX52 receivedBy ananya.chatterjee@cs.ox.ac.uk,MAIL0R3NPX52
e30,eid2,receivedBy,MAIL0R3NPX52 receivedBy ramesh.bhatia@iacs.res.in,MAIL0R3NPX52
e31,eid3,receivedBy,MAIL2B4FDX13 receivedBy michael@cs.stanford.edu,MAIL2B4FDX13
e31,eid5,receivedBy,MAIL2B4FDX13 receivedBy ananya.chatterjee@cs.ox.ac.uk,MAIL2B4FDX13
e31,eid2,receivedBy,MAIL2B4FDX13 receivedBy ramesh.bhatia@iacs.res.in,MAIL2B4FDX13
e32,eid1,receivedBy,MAIL4WEXSG76 receivedBy scholar.sunita@iacs.res.in,MAIL4WEXSG76
e32,eid3,receivedBy,MAIL4WEXSG76 receivedBy michael@cs.stanford.edu,MAIL4WEXSG76
e32,eid2,receivedBy,MAIL4WEXSG76 receivedBy ramesh.bhatia@iacs.res.in,MAIL4WEXSG76
e33,eid1,receivedBy,MAIL1VF9CZ82 receivedBy scholar.sunita@iacs.res.in,MAIL1VF9CZ82
e33,eid3,receivedBy,MAIL1VF9CZ82 receivedBy michael@cs.stanford.edu,MAIL1VF9CZ82
e33,eid5,receivedBy,MAIL1VF9CZ82 receivedBy ananya.chatterjee@cs.ox.ac.uk,MAIL1VF9CZ82
e34,eid2,receivedBy,MAIL7KLWXP01 receivedBy ramesh.bhatia@iacs.res.in,MAIL7KLWXP01
e34,eid3,receivedBy,MAIL7KLWXP01 receivedBy michael@cs.stanford.edu,MAIL7KLWXP01
e34,eid5,receivedBy,MAIL7KLWXP01 receivedBy ananya.chatterjee@cs.ox.ac.uk,MAIL7KLWXP01
e35,eid1,receivedBy,MAILN84PXVR5 receivedBy scholar.sunita@iacs.res.in,MAILN84PXVR5
e35,eid5,receivedBy,MAILN84PXVR5 receivedBy ananya.chatterjee@cs.ox.ac.uk,MAILN84PXVR5
e35,eid2,receivedBy,MAILN84PXVR5 receivedBy ramesh.bhatia@iacs.res.in,MAILN84PXVR5
e36,eid1,receivedBy,MAIL58PL9VCY receivedBy scholar.sunita@iacs.res.in,MAIL58PL9VCY
e36,eid3,receivedBy,MAIL58PL9VCY receivedBy michael@cs.stanford.edu,MAIL58PL9VCY
e36,eid2,receivedBy,MAIL58PL9VCY receivedBy ramesh.bhatia@iacs.res.in,MAIL58PL9VCY
e37,eid5,receivedBy,MAIL2VJ4NARY receivedBy ananya.chatterjee@cs.ox.ac.uk,MAIL2VJ4NARY
e37,eid3,receivedBy,MAIL2VJ4NARY receivedBy michael@cs.stanford.edu,MAIL2VJ4NARY
e37,eid2,receivedBy,MAIL2VJ4NARY receivedBy ramesh.bhatia@iacs.res.in,MAIL2VJ4NARY
e38,eid5,receivedBy,MAILK3D9PZI7 receivedBy ananya.chatterjee@cs.ox.ac.uk,MAILK3D9PZI7
e38,eid1,receivedBy,MAILK3D9PZI7 receivedBy scholar.sunita@iacs.res.in,MAILK3D9PZI7
e38,eid3,receivedBy,MAILK3D9PZI7 receivedBy michael@cs.stanford.edu,MAILK3D9PZI7
e39,eid5,receivedBy,MAIL7T3QPWB1 receivedBy ananya.chatterjee@cs.ox.ac.uk,MAIL7T3QPWB1
e39,eid2,receivedBy,MAIL7T3QPWB1 receivedBy ramesh.bhatia@iacs.res.in,MAIL7T3QPWB1
e39,eid1,receivedBy,MAIL7T3QPWB1 receivedBy scholar.sunita@iacs.res.in,MAIL7T3QPWB1
e40,eid1,receivedBy,MAILGXK5T2QP receivedBy scholar.sunita@iacs.res.in,MAILGXK5T2QP
e40,eid3,receivedBy,MAILGXK5T2QP receivedBy michael@cs.stanford.edu,MAILGXK5T2QP
e40,eid2,receivedBy,MAILGXK5T2QP receivedBy ramesh.bhatia@iacs.res.in,MAILGXK5T2QP
e41,eid5,receivedBy,MAILF39WV12K receivedBy ananya.chatterjee@cs.ox.ac.uk,MAILF39WV12K
e41,eid3,receivedBy,MAILF39WV12K receivedBy michael@cs.stanford.edu,MAILF39WV12K
e41,eid2,receivedBy,MAILF39WV12K receivedBy ramesh.bhatia@iacs.res.in,MAILF39WV12K
e42,eid5,receivedBy,MAILE5FP1LQZ receivedBy ananya.chatterjee@cs.ox.ac.uk,MAILE5FP1LQZ
e42,eid1,receivedBy,MAILE5FP1LQZ receivedBy scholar.sunita@iacs.res.in,MAILE5FP1LQZ
e42,eid3,receivedBy,MAILE5FP1LQZ receivedBy michael@cs.stanford.edu,MAILE5FP1LQZ
e43,eid5,receivedBy,MAILWTG8Q12R receivedBy ananya.chatterjee@cs.ox.ac.uk,MAILWTG8Q12R
e43,eid1,receivedBy,MAILWTG8Q12R receivedBy scholar.sunita@iacs.res.in,MAILWTG8Q12R
e43,eid2,receivedBy,MAILWTG8Q12R receivedBy ramesh.bhatia@iacs.res.in,MAILWTG8Q12R
e44,eid3,receivedBy,MAILZTM27A6H receivedBy michael@cs.stanford.edu,MAILZTM27A6H
e44,eid1,receivedBy,MAILZTM27A6H receivedBy scholar.sunita@iacs.res.in,MAILZTM27A6H
e44,eid2,receivedBy,MAILZTM27A6H receivedBy ramesh.bhatia@iacs.res.in,MAILZTM27A6H
e45,eid5,receivedBy,MAILP9T2NJ5C receivedBy ananya.chatterjee@cs.ox.ac.uk,MAILP9T2NJ5C
e45,eid3,receivedBy,MAILP9T2NJ5C receivedBy michael@cs.stanford.edu,MAILP9T2NJ5C
e45,eid2,receivedBy,MAILP9T2NJ5C receivedBy ramesh.bhatia@iacs.res.in,MAILP9T2NJ5C
e46,eid5,receivedBy,MAILAB92QPV1 receivedBy ananya.chatterjee@cs.ox.ac.uk,MAILAB92QPV1
e46,eid1,receivedBy,MAILAB92QPV1 receivedBy scholar.sunita@iacs.res.in,MAILAB92QPV1
e46,eid2,receivedBy,MAILAB92QPV1 receivedBy ramesh.bhatia@iacs.res.in,MAILAB92QPV1
e47,eid3,receivedBy,MAILEW4VTQSZ receivedBy michael@cs.stanford.edu,MAILEW4VTQSZ
e47,eid1,receivedBy,MAILEW4VTQSZ receivedBy scholar.sunita@iacs.res.in,MAILEW4VTQSZ
e47,eid2,receivedBy,MAILEW4VTQSZ receivedBy ramesh.bhatia@iacs.res.in,MAILEW4VTQSZ
e48,eid5,receivedBy,MAILQ7HY82KP receivedBy ananya.chatterjee@cs.ox.ac.uk,MAILQ7HY82KP
e48,eid3,receivedBy,MAILQ7HY82KP receivedBy michael@cs.stanford.edu,MAILQ7HY82KP
e48,eid1,receivedBy,MAILQ7HY82KP receivedBy scholar.sunita@iacs.res.in,MAILQ7HY82KP
e49,eid3,receivedBy,MAILFY98K3WN receivedBy michael@cs.stanford.edu,MAILFY98K3WN
e49,eid1,receivedBy,MAILFY98K3WN receivedBy scholar.sunita@iacs.res.in,MAILFY98K3WN
e49,eid2,receivedBy,MAILFY98K3WN receivedBy ramesh.bhatia@iacs.res.in,MAILFY98K3WN
e50,eid5,receivedBy,MAILKNQ41TVD receivedBy ananya.chatterjee@cs.ox.ac.uk,MAILKNQ41TVD
e50,eid1,receivedBy,MAILKNQ41TVD receivedBy scholar.sunita@iacs.res.in,MAILKNQ41TVD
e50,eid2,receivedBy,MAILKNQ41TVD receivedBy ramesh.bhatia@iacs.res.in,MAILKNQ41TVD
e51,eid3,receivedBy,MAILC2R9UZ8Q receivedBy michael@cs.stanford.edu,MAILC2R9UZ8Q
e51,eid5,receivedBy,MAILC2R9UZ8Q receivedBy ananya.chatterjee@cs.ox.ac.uk,MAILC2R9UZ8Q
e51,eid2,receivedBy,MAILC2R9UZ8Q receivedBy ramesh.bhatia@iacs.res.in,MAILC2R9UZ8Q
e52,eid1,receivedBy,MAIL3HN9BKXQ receivedBy scholar.sunita@iacs.res.in,MAIL3HN9BKXQ
e52,eid3,receivedBy,MAIL3HN9BKXQ receivedBy michael@cs.stanford.edu,MAIL3HN9BKXQ
e52,eid5,receivedBy,MAIL3HN9BKXQ receivedBy ananya.chatterjee@cs.ox.ac.uk,MAIL3HN9BKXQ
e53,eid2,receivedBy,MAIL6VW84RBG receivedBy ramesh.bhatia@iacs.res.in,MAIL6VW84RBG
e53,eid3,receivedBy,MAIL6VW84RBG receivedBy michael@cs.stanford.edu,MAIL6VW84RBG
e53,eid1,receivedBy,MAIL6VW84RBG receivedBy scholar.sunita@iacs.res.in,MAIL6VW84RBG
e54,eid5,receivedBy,MAILR29JAPCS receivedBy ananya.chatterjee@cs.ox.ac.uk,MAILR29JAPCS
e54,eid1,receivedBy,MAILR29JAPCS receivedBy scholar.sunita@iacs.res.in,MAILR29JAPCS
e54,eid2,receivedBy,MAILR29JAPCS receivedBy ramesh.bhatia@iacs.res.in,MAILR29JAPCS
e55,eid5,receivedBy,MAILP4F82ZNQ receivedBy ananya.chatterjee@cs.ox.ac.uk,MAILP4F82ZNQ
e55,eid3,receivedBy,MAILP4F82ZNQ receivedBy michael@cs.stanford.edu,MAILP4F82ZNQ
e55,eid2,receivedBy,MAILP4F82ZNQ receivedBy ramesh.bhatia@iacs.res.in,MAILP4F82ZNQ
e56,eid1,receivedBy,MAILEU81G5VC receivedBy scholar.sunita@iacs.res.in,MAILEU81G5VC
e56,eid3,receivedBy,MAILEU81G5VC receivedBy michael@cs.stanford.edu,MAILEU81G5VC
e56,eid2,receivedBy,MAILEU81G5VC receivedBy ramesh.bhatia@iacs.res.in,MAILEU81G5VC
e57,eid5,receivedBy,MAILTJ1Z374D receivedBy ananya.chatterjee@cs.ox.ac.uk,MAILTJ1Z374D
e57,eid1,receivedBy,MAILTJ1Z374D receivedBy scholar.sunita@iacs.res.in,MAILTJ1Z374D
e57,eid3,receivedBy,MAILTJ1Z374D receivedBy michael@cs.stanford.edu,MAILTJ1Z374D
e58,eid2,receivedBy,MAILYN48XJ2B receivedBy ramesh.bhatia@iacs.res.in,MAILYN48XJ2B
e58,eid5,receivedBy,MAILYN48XJ2B receivedBy ananya.chatterjee@cs.ox.ac.uk,MAILYN48XJ2B
e58,eid1,receivedBy,MAILYN48XJ2B receivedBy scholar.sunita@iacs.res.in,MAILYN48XJ2B
e59,eid3,receivedBy,MAILDW17QPZL receivedBy michael@cs.stanford.edu,MAILDW17QPZL
e59,eid5,receivedBy,MAILDW17QPZL receivedBy ananya.chatterjee@cs.ox.ac.uk,MAILDW17QPZL
e59,eid2,receivedBy,MAILDW17QPZL receivedBy ramesh.bhatia@iacs.res.in,MAILDW17QPZL
e60,eid1,receivedBy,MAIL5RJ7C2FV receivedBy scholar.sunita@iacs.res.in,MAIL5RJ7C2FV
e60,eid3,receivedBy,MAIL5RJ7C2FV receivedBy michael@cs.stanford.edu,MAIL5RJ7C2FV
e60,eid2,receivedBy,MAIL5RJ7C2FV receivedBy ramesh.bhatia@iacs.res.in,MAIL5RJ7C2FV
e61,eid5,receivedBy,MAILE69HJMV1 receivedBy ananya.chatterjee@cs.ox.ac.uk,MAILE69HJMV1
e61,eid1,receivedBy,MAILE69HJMV1 receivedBy scholar.sunita@iacs.res.in,MAILE69HJMV1
e61,eid3,receivedBy,MAILE69HJMV1 receivedBy michael@cs.stanford.edu,MAILE69HJMV1
e62,eid2,receivedBy,MAIL7KGB28HC receivedBy ramesh.bhatia@iacs.res.in,MAIL7KGB28HC
e62,eid5,receivedBy,MAIL7KGB28HC receivedBy ananya.chatterjee@cs.ox.ac.uk,MAIL7KGB28HC
e62,eid1,receivedBy,MAIL7KGB28HC receivedBy scholar.sunita@iacs.res.in,MAIL7KGB28HC
e63,eid3,receivedBy,MAIL4RC8ZTWQ receivedBy michael@cs.stanford.edu,MAIL4RC8ZTWQ
e63,eid5,receivedBy,MAIL4RC8ZTWQ receivedBy ananya.chatterjee@cs.ox.ac.uk,MAIL4RC8ZTWQ
e63,eid2,receivedBy,MAIL4RC8ZTWQ receivedBy ramesh.bhatia@iacs.res.in,MAIL4RC8ZTWQ
e64,eid1,receivedBy,MAILPQ61VJ8T receivedBy scholar.sunita@iacs.res.in,MAILPQ61VJ8T
e64,eid5,receivedBy,MAILPQ61VJ8T receivedBy ananya.chatterjee@cs.ox.ac.uk,MAILPQ61VJ8T
e64,eid2,receivedBy,MAILPQ61VJ8T receivedBy ramesh.bhatia@iacs.res.in,MAILPQ61VJ8T
e65,eid1,receivedBy,MAILE73HJVS2 receivedBy scholar.sunita@iacs.res.in,MAILE73HJVS2
e65,eid3,receivedBy,MAILE73HJVS2 receivedBy michael@cs.stanford.edu,MAILE73HJVS2
e65,eid2,receivedBy,MAILE73HJVS2 receivedBy ramesh.bhatia@iacs.res.in,MAILE73HJVS2
e66,eid5,receivedBy,MAILR9W3YTKV receivedBy ananya.chatterjee@cs.ox.ac.uk,MAILR9W3YTKV
e66,eid1,receivedBy,MAILR9W3YTKV receivedBy scholar.sunita@iacs.res.in,MAILR9W3YTKV
e66,eid3,receivedBy,MAILR9W3YTKV receivedBy michael@cs.stanford.edu,MAILR9W3YTKV
e67,eid2,receivedBy,MAILQFZ19UMC receivedBy ramesh.bhatia@iacs.res.in,MAILQFZ19UMC
e67,eid5,receivedBy,MAILQFZ19UMC receivedBy ananya.chatterjee@cs.ox.ac.uk,MAILQFZ19UMC
e67,eid3,receivedBy,MAILQFZ19UMC receivedBy michael@cs.stanford.edu,MAILQFZ19UMC
e68,eid1,receivedBy,MAIL1NVF3JL9 receivedBy scholar.sunita@iacs.res.in,MAIL1NVF3JL9
e68,eid2,receivedBy,MAIL1NVF3JL9 receivedBy ramesh.bhatia@iacs.res.in,MAIL1NVF3JL9
e68,eid5,receivedBy,MAIL1NVF3JL9 receivedBy ananya.chatterjee@cs.ox.ac.uk,MAIL1NVF3JL9
e69,eid1,receivedBy,MAILWF5N3R8C receivedBy scholar.sunita@iacs.res.in,MAILWF5N3R8C
e69,eid2,receivedBy,MAILWF5N3R8C receivedBy ramesh.bhatia@iacs.res.in,MAILWF5N3R8C
e69,eid3,receivedBy,MAILWF5N3R8C receivedBy michael@cs.stanford.edu,MAILWF5N3R8C
e69,eid5,receivedBy,MAILWF5N3R8C receivedBy ananya.chatterjee@cs.ox.ac.uk,MAILWF5N3R8C
e70,eid1,receivedBy,MAILBU84WK31 receivedBy scholar.sunita@iacs.res.in,MAILBU84WK31
e70,eid2,receivedBy,MAILBU84WK31 receivedBy ramesh.bhatia@iacs.res.in,MAILBU84WK31
e70,eid3,receivedBy,MAILBU84WK31 receivedBy michael@cs.stanford.edu,MAILBU84WK31
e70,eid5,receivedBy,MAILBU84WK31 receivedBy ananya.chatterjee@cs.ox.ac.uk,MAILBU84WK31
e71,eid1,receivedBy,MAILJ82D6MUV receivedBy scholar.sunita@iacs.res.in,MAILJ82D6MUV
e71,eid2,receivedBy,MAILJ82D6MUV receivedBy ramesh.bhatia@iacs.res.in,MAILJ82D6MUV
e71,eid3,receivedBy,MAILJ82D6MUV receivedBy michael@cs.stanford.edu,MAILJ82D6MUV
e71,eid5,receivedBy,MAILJ82D6MUV receivedBy ananya.chatterjee@cs.ox.ac.uk,MAILJ82D6MUV
e72,eid2,receivedBy,MAILA93SVWX7 receivedBy ramesh.bhatia@iacs.res.in,MAILA93SVWX7
e72,eid3,receivedBy,MAILA93SVWX7 receivedBy michael@cs.stanford.edu,MAILA93SVWX7
e72,eid5,receivedBy,MAILA93SVWX7 receivedBy ananya.chatterjee@cs.ox.ac.uk,MAILA93SVWX7
e73,eid1,receivedBy,MAILH2P8TBVW receivedBy scholar.sunita@iacs.res.in,MAILH2P8TBVW
e73,eid2,receivedBy,MAILH2P8TBVW receivedBy ramesh.bhatia@iacs.res.in,MAILH2P8TBVW
e73,eid3,receivedBy,MAILH2P8TBVW receivedBy michael@cs.stanford.edu,MAILH2P8TBVW
e74,eid1,receivedBy,MAIL4N2S8ZEM receivedBy scholar.sunita@iacs.res.in,MAIL4N2S8ZEM
e74,eid3,receivedBy,MAIL4N2S8ZEM receivedBy michael@cs.stanford.edu,MAIL4N2S8ZEM
e74,eid5,receivedBy,MAIL4N2S8ZEM receivedBy ananya.chatterjee@cs.ox.ac.uk,MAIL4N2S8ZEM
e75,eid1,receivedBy,MAILQ7W4TM1V receivedBy scholar.sunita@iacs.res.in,MAILQ7W4TM1V
e75,eid2,receivedBy,MAILQ7W4TM1V receivedBy ramesh.bhatia@iacs.res.in,MAILQ7W4TM1V
e75,eid5,receivedBy,MAILQ7W4TM1V receivedBy ananya.chatterjee@cs.ox.ac.uk,MAILQ7W4TM1V
e76,eid2,receivedBy,MAILE9T7PZD5 receivedBy ramesh.bhatia@iacs.res.in,MAILE9T7PZD5
e76,eid3,receivedBy,MAILE9T7PZD5 receivedBy michael@cs.stanford.edu,MAILE9T7PZD5
e76,eid5,receivedBy,MAILE9T7PZD5 receivedBy ananya.chatterjee@cs.ox.ac.uk,MAILE9T7PZD5
e77,eid1,receivedBy,MAIL7SX1CHQ8 receivedBy scholar.sunita@iacs.res.in,MAIL7SX1CHQ8
e77,eid2,receivedBy,MAIL7SX1CHQ8 receivedBy ramesh.bhatia@iacs.res.in,MAIL7SX1CHQ8
e77,eid3,receivedBy,MAIL7SX1CHQ8 receivedBy michael@cs.stanford.edu,MAIL7SX1CHQ8
e78,eid1,receivedBy,MAIL68RT1QXS receivedBy scholar.sunita@iacs.res.in,MAIL68RT1QXS
e78,eid3,receivedBy,MAIL68RT1QXS receivedBy michael@cs.stanford.edu,MAIL68RT1QXS
e78,eid5,receivedBy,MAIL68RT1QXS receivedBy ananya.chatterjee@cs.ox.ac.uk,MAIL68RT1QXS
e79,eid1,receivedBy,MAILFE2Q7SVM receivedBy scholar.sunita@iacs.res.in,MAILFE2Q7SVM
e79,eid2,receivedBy,MAILFE2Q7SVM receivedBy ramesh.bhatia@iacs.res.in,MAILFE2Q7SVM
e79,eid5,receivedBy,MAILFE2Q7SVM receivedBy ananya.chatterjee@cs.ox.ac.uk,MAILFE2Q7SVM
e80,eid2,receivedBy,MAIL89WJ3NCP receivedBy ramesh.bhatia@iacs.res.in,MAIL89WJ3NCP
e80,eid1,receivedBy,MAIL89WJ3NCP receivedBy scholar.sunita@iacs.res.in,MAIL89WJ3NCP
e80,eid3,receivedBy,MAIL89WJ3NCP receivedBy michael@cs.stanford.edu,MAIL89WJ3NCP
e81,eid5,receivedBy,MAILU51MN4AC receivedBy ananya.chatterjee@cs.ox.ac.uk,MAILU51MN4AC
e81,eid2,receivedBy,MAILU51MN4AC receivedBy ramesh.bhatia@iacs.res.in,MAILU51MN4AC
e81,eid3,receivedBy,MAILU51MN4AC receivedBy michael@cs.stanford.edu,MAILU51MN4AC
e82,eid1,receivedBy,MAIL5DYH8ZQP receivedBy scholar.sunita@iacs.res.in,MAIL5DYH8ZQP
e82,eid3,receivedBy,MAIL5DYH8ZQP receivedBy michael@cs.stanford.edu,MAIL5DYH8ZQP
e82,eid5,receivedBy,MAIL5DYH8ZQP receivedBy ananya.chatterjee@cs.ox.ac.uk,MAIL5DYH8ZQP
e83,eid2,receivedBy,MAILA5W4TJQ2 receivedBy ramesh.bhatia@iacs.res.in,MAILA5W4TJQ2
e83,eid3,receivedBy,MAILA5W4TJQ2 receivedBy michael@cs.stanford.edu,MAILA5W4TJQ2
e83,eid5,receivedBy,MAILA5W4TJQ2 receivedBy ananya.chatterjee@cs.ox.ac.uk,MAILA5W4TJQ2
e84,eid2,receivedBy,MAILM7PH2QZ8 receivedBy ramesh.bhatia@iacs.res.in,MAILM7PH2QZ8
e84,eid1,receivedBy,MAILM7PH2QZ8 receivedBy scholar.sunita@iacs.res.in,MAILM7PH2QZ8
e84,eid3,receivedBy,MAILM7PH2QZ8 receivedBy michael@cs.stanford.edu,MAILM7PH2QZ8
e84,eid5,receivedBy,MAILM7PH2QZ8 receivedBy ananya.chatterjee@cs.ox.ac.uk,MAILM7PH2QZ8
e85,eid2,receivedBy,MAILVGZ74QHB receivedBy ramesh.bhatia@iacs.res.in,MAILVGZ74QHB
e85,eid1,receivedBy,MAILVGZ74QHB receivedBy scholar.sunita@iacs.res.in,MAILVGZ74QHB
e85,eid3,receivedBy,MAILVGZ74QHB receivedBy michael@cs.stanford.edu,MAILVGZ74QHB
e85,eid5,receivedBy,MAILVGZ74QHB receivedBy ananya.chatterjee@cs.ox.ac.uk,MAILVGZ74QHB
e86,eid1,receivedBy,MAILP4C8VJXS receivedBy scholar.sunita@iacs.res.in,MAILP4C8VJXS
e86,eid3,receivedBy,MAILP4C8VJXS receivedBy michael@cs.stanford.edu,MAILP4C8VJXS
e86,eid5,receivedBy,MAILP4C8VJXS receivedBy ananya.chatterjee@cs.ox.ac.uk,MAILP4C8VJXS
e87,eid2,receivedBy,MAILQ5RX9KLT receivedBy ramesh.bhatia@iacs.res.in,MAILQ5RX9KLT
e87,eid1,receivedBy,MAILQ5RX9KLT receivedBy scholar.sunita@iacs.res.in,MAILQ5RX9KLT
e87,eid5,receivedBy,MAILQ5RX9KLT receivedBy ananya.chatterjee@cs.ox.ac.uk,MAILQ5RX9KLT
e88,eid2,receivedBy,MAILUZ14P3SK receivedBy ramesh.bhatia@iacs.res.in,MAILUZ14P3SK
e88,eid1,receivedBy,MAILUZ14P3SK receivedBy scholar.sunita@iacs.res.in,MAILUZ14P3SK
e88,eid3,receivedBy,MAILUZ14P3SK receivedBy michael@cs.stanford.edu,MAILUZ14P3SK
e89,eid2,receivedBy,MAILNST8QX3W receivedBy ramesh.bhatia@iacs.res.in,MAILNST8QX3W
e89,eid3,receivedBy,MAILNST8QX3W receivedBy michael@cs.stanford.edu,MAILNST8QX3W
e89,eid5,receivedBy,MAILNST8QX3W receivedBy ananya.chatterjee@cs.ox.ac.uk,MAILNST8QX3W
e90,eid2,receivedBy,MAILD5RM8CYT receivedBy ramesh.bhatia@iacs.res.in,MAILD5RM8CYT
e90,eid1,receivedBy,MAILD5RM8CYT receivedBy scholar.sunita@iacs.res.in,MAILD5RM8CYT
e90,eid3,receivedBy,MAILD5RM8CYT receivedBy michael@cs.stanford.edu,MAILD5RM8CYT
e91,eid1,receivedBy,MAILE9H2FXTB receivedBy scholar.sunita@iacs.res.in,MAILE9H2FXTB
e91,eid3,receivedBy,MAILE9H2FXTB receivedBy michael@cs.stanford.edu,MAILE9H2FXTB
e91,eid5,receivedBy,MAILE9H2FXTB receivedBy ananya.chatterjee@cs.ox.ac.uk,MAILE9H2FXTB
e92,eid2,receivedBy,MAILHZ4F1J3G receivedBy ramesh.bhatia@iacs.res.in,MAILHZ4F1J3G
e92,eid1,receivedBy,MAILHZ4F1J3G receivedBy scholar.sunita@iacs.res.in,MAILHZ4F1J3G
e92,eid5,receivedBy,MAILHZ4F1J3G receivedBy ananya.chatterjee@cs.ox.ac.uk,MAILHZ4F1J3G
e93,eid2,receivedBy,MAILXHT28FQM receivedBy ramesh.bhatia@iacs.res.in,MAILXHT28FQM
e93,eid1,receivedBy,MAILXHT28FQM receivedBy scholar.sunita@iacs.res.in,MAILXHT28FQM
e93,eid3,receivedBy,MAILXHT28FQM receivedBy michael@cs.stanford.edu,MAILXHT28FQM
e94,eid2,receivedBy,MAILJKW19UZP receivedBy ramesh.bhatia@iacs.res.in,MAILJKW19UZP
e94,eid3,receivedBy,MAILJKW19UZP receivedBy michael@cs.stanford.edu,MAILJKW19UZP
e94,eid5,receivedBy,MAILJKW19UZP receivedBy ananya.chatterjee@cs.ox.ac.uk,MAILJKW19UZP
e95,eid1,receivedBy,MAIL8QH46MVT receivedBy scholar.sunita@iacs.res.in,MAIL8QH46MVT
e95,eid5,receivedBy,MAIL8QH46MVT receivedBy ananya.chatterjee@cs.ox.ac.uk,MAIL8QH46MVT
e95,eid3,receivedBy,MAIL8QH46MVT receivedBy michael@cs.stanford.edu,MAIL8QH46MVT
e96,eid2,receivedBy,MAILUFJ9P2KX receivedBy ramesh.bhatia@iacs.res.in,MAILUFJ9P2KX
e96,eid3,receivedBy,MAILUFJ9P2KX receivedBy michael@cs.stanford.edu,MAILUFJ9P2KX
e96,eid5,receivedBy,MAILUFJ9P2KX receivedBy ananya.chatterjee@cs.ox.ac.uk,MAILUFJ9P2KX
e97,eid2,receivedBy,MAILBLZ3A8YQ receivedBy ramesh.bhatia@iacs.res.in,MAILBLZ3A8YQ
e97,eid1,receivedBy,MAILBLZ3A8YQ receivedBy scholar.sunita@iacs.res.in,MAILBLZ3A8YQ
e97,eid3,receivedBy,MAILBLZ3A8YQ receivedBy michael@cs.stanford.edu,MAILBLZ3A8YQ
e98,eid1,receivedBy,MAIL7ZA5PNXM receivedBy scholar.sunita@iacs.res.in,MAIL7ZA5PNXM
e98,eid5,receivedBy,MAIL7ZA5PNXM receivedBy ananya.chatterjee@cs.ox.ac.uk,MAIL7ZA5PNXM
e98,eid3,receivedBy,MAIL7ZA5PNXM receivedBy michael@cs.stanford.edu,MAIL7ZA5PNXM
e99,eid2,receivedBy,MAILGL7XP2QZ receivedBy ramesh.bhatia@iacs.res.in,MAILGL7XP2QZ
e99,eid1,receivedBy,MAILGL7XP2QZ receivedBy scholar.sunita@iacs.res.in,MAILGL7XP2QZ
e99,eid5,receivedBy,MAILGL7XP2QZ receivedBy ananya.chatterjee@cs.ox.ac.uk,MAILGL7XP2QZ
e99,eid3,receivedBy,MAILGL7XP2QZ receivedBy michael@cs.stanford.edu,MAILGL7XP2QZ
e100,eid2,receivedBy,MAILQ8HZ2CW7 receivedBy ramesh.bhatia@iacs.res.in,MAILQ8HZ2CW7
e100,eid1,receivedBy,MAILQ8HZ2CW7 receivedBy scholar.sunita@iacs.res.in,MAILQ8HZ2CW7
e100,eid5,receivedBy,MAILQ8HZ2CW7 receivedBy ananya.chatterjee@cs.ox.ac.uk,MAILQ8HZ2CW7
e100,eid3,receivedBy,MAILQ8HZ2CW7 receivedBy michael@cs.stanford.edu,MAILQ8HZ2CW7
e101,eid1,receivedBy,MAILWB95TY30 receivedBy scholar.sunita@iacs.res.in,MAILWB95TY30
e101,eid5,receivedBy,MAILWB95TY30 receivedBy ananya.chatterjee@cs.ox.ac.uk,MAILWB95TY30
e101,eid3,receivedBy,MAILWB95TY30 receivedBy michael@cs.stanford.edu,MAILWB95TY30
e102,eid2,receivedBy,MAILT7HXQW3L receivedBy ramesh.bhatia@iacs.res.in,MAILT7HXQW3L
e102,eid5,receivedBy,MAILT7HXQW3L receivedBy ananya.chatterjee@cs.ox.ac.uk,MAILT7HXQW3L
e102,eid3,receivedBy,MAILT7HXQW3L receivedBy michael@cs.stanford.edu,MAILT7HXQW3L
e103,eid2,receivedBy,MAIL4EBQ7XZF receivedBy ramesh.bhatia@iacs.res.in,MAIL4EBQ7XZF
e103,eid1,receivedBy,MAIL4EBQ7XZF receivedBy scholar.sunita@iacs.res.in,MAIL4EBQ7XZF
e103,eid5,receivedBy,MAIL4EBQ7XZF receivedBy ananya.chatterjee@cs.ox.ac.uk,MAIL4EBQ7XZF
e104,eid2,receivedBy,MAILE1827QZL receivedBy ramesh.bhatia@iacs.res.in,MAILE1827QZL
e104,eid1,receivedBy,MAILE1827QZL receivedBy scholar.sunita@iacs.res.in,MAILE1827QZL
e104,eid3,receivedBy,MAILE1827QZL receivedBy michael@cs.stanford.edu,MAILE1827QZL
e105,eid1,receivedBy,MAILYQ7H5PRB receivedBy scholar.sunita@iacs.res.in,MAILYQ7H5PRB
e105,eid3,receivedBy,MAILYQ7H5PRB receivedBy michael@cs.stanford.edu,MAILYQ7H5PRB
e105,eid5,receivedBy,MAILYQ7H5PRB receivedBy ananya.chatterjee@cs.ox.ac.uk,MAILYQ7H5PRB
e106,eid2,receivedBy,MAIL9VKH5X0M receivedBy ramesh.bhatia@iacs.res.in,MAIL9VKH5X0M
e106,eid3,receivedBy,MAIL9VKH5X0M receivedBy michael@cs.stanford.edu,MAIL9VKH5X0M
e106,eid5,receivedBy,MAIL9VKH5X0M receivedBy ananya.chatterjee@cs.ox.ac.uk,MAIL9VKH5X0M
e107,eid1,receivedBy,MAIL2BK9Q0XZ receivedBy scholar.sunita@iacs.res.in,MAIL2BK9Q0XZ
e107,eid2,receivedBy,MAIL2BK9Q0XZ receivedBy ramesh.bhatia@iacs.res.in,MAIL2BK9Q0XZ
e107,eid3,receivedBy,MAIL2BK9Q0XZ receivedBy michael@cs.stanford.edu,MAIL2BK9Q0XZ
e108,eid1,receivedBy,MAILSYZT58FG receivedBy scholar.sunita@iacs.res.in,MAILSYZT58FG
e108,eid3,receivedBy,MAILSYZT58FG receivedBy michael@cs.stanford.edu,MAILSYZT58FG
e108,eid5,receivedBy,MAILSYZT58FG receivedBy ananya.chatterjee@cs.ox.ac.uk,MAILSYZT58FG
e109,eid2,receivedBy,MAILU4RHAQ01 receivedBy ramesh.bhatia@iacs.res.in,MAILU4RHAQ01
e109,eid1,receivedBy,MAILU4RHAQ01 receivedBy scholar.sunita@iacs.res.in,MAILU4RHAQ01
e109,eid3,receivedBy,MAILU4RHAQ01 receivedBy michael@cs.stanford.edu,MAILU4RHAQ01
e109,eid5,receivedBy,MAILU4RHAQ01 receivedBy ananya.chatterjee@cs.ox.ac.uk,MAILU4RHAQ01
e110,eid2,receivedBy,MAIL5ZWL2TCQ receivedBy ramesh.bhatia@iacs.res.in,MAIL5ZWL2TCQ
e110,eid1,receivedBy,MAIL5ZWL2TCQ receivedBy scholar.sunita@iacs.res.in,MAIL5ZWL2TCQ
e110,eid3,receivedBy,MAIL5ZWL2TCQ receivedBy michael@cs.stanford.edu,MAIL5ZWL2TCQ
e110,eid5,receivedBy,MAIL5ZWL2TCQ receivedBy ananya.chatterjee@cs.ox.ac.uk,MAIL5ZWL2TCQ
e111,eid2,receivedBy,MAILGT5AL19X receivedBy ramesh.bhatia@iacs.res.in,MAILGT5AL19X
e111,eid1,receivedBy,MAILGT5AL19X receivedBy scholar.sunita@iacs.res.in,MAILGT5AL19X
e111,eid5,receivedBy,MAILGT5AL19X receivedBy ananya.chatterjee@cs.ox.ac.uk,MAILGT5AL19X
e112,eid3,receivedBy,MAILPR36D7VQ receivedBy michael@cs.stanford.edu,MAILPR36D7VQ
e112,eid1,receivedBy,MAILPR36D7VQ receivedBy scholar.sunita@iacs.res.in,MAILPR36D7VQ
e112,eid2,receivedBy,MAILPR36D7VQ receivedBy ramesh.bhatia@iacs.res.in,MAILPR36D7VQ
e113,eid5,receivedBy,MAILE1Q2ZK5N receivedBy ananya.chatterjee@cs.ox.ac.uk,MAILE1Q2ZK5N
e113,eid3,receivedBy,MAILE1Q2ZK5N receivedBy michael@cs.stanford.edu,MAILE1Q2ZK5N
e113,eid2,receivedBy,MAILE1Q2ZK5N receivedBy ramesh.bhatia@iacs.res.in,MAILE1Q2ZK5N
e114,eid5,receivedBy,MAIL3JVTQY8L receivedBy ananya.chatterjee@cs.ox.ac.uk,MAIL3JVTQY8L
e114,eid3,receivedBy,MAIL3JVTQY8L receivedBy michael@cs.stanford.edu,MAIL3JVTQY8L
e114,eid1,receivedBy,MAIL3JVTQY8L receivedBy scholar.sunita@iacs.res.in,MAIL3JVTQY8L
e115,eid2,receivedBy,MAIL9N35WQXP receivedBy ramesh.bhatia@iacs.res.in,MAIL9N35WQXP
e115,eid5,receivedBy,MAIL9N35WQXP receivedBy ananya.chatterjee@cs.ox.ac.uk,MAIL9N35WQXP
e115,eid1,receivedBy,MAIL9N35WQXP receivedBy scholar.sunita@iacs.res.in,MAIL9N35WQXP
e116,eid8,receivedBy,MAIL4Q8V73YD receivedBy no-reply@acm-jocch.org,MAIL4Q8V73YD
e116,eid1,receivedBy,MAIL4Q8V73YD receivedBy scholar.sunita@iacs.res.in,MAIL4Q8V73YD
e116,eid3,receivedBy,MAIL4Q8V73YD receivedBy michael@cs.stanford.edu,MAIL4Q8V73YD
e116,eid5,receivedBy,MAIL4Q8V73YD receivedBy ananya.chatterjee@cs.ox.ac.uk,MAIL4Q8V73YD
e117,eid2,receivedBy,MAILRY7F6PQ4 receivedBy ramesh.bhatia@iacs.res.in,MAILRY7F6PQ4
e117,eid1,receivedBy,MAILRY7F6PQ4 receivedBy scholar.sunita@iacs.res.in,MAILRY7F6PQ4
e117,eid3,receivedBy,MAILRY7F6PQ4 receivedBy michael@cs.stanford.edu,MAILRY7F6PQ4
e117,eid5,receivedBy,MAILRY7F6PQ4 receivedBy ananya.chatterjee@cs.ox.ac.uk,MAILRY7F6PQ4
e118,eid3,receivedBy,MAILSD8H5XP2 receivedBy michael@cs.stanford.edu,MAILSD8H5XP2
e118,eid1,receivedBy,MAILSD8H5XP2 receivedBy scholar.sunita@iacs.res.in,MAILSD8H5XP2
e118,eid2,receivedBy,MAILSD8H5XP2 receivedBy ramesh.bhatia@iacs.res.in,MAILSD8H5XP2
e119,eid5,receivedBy,MAIL89GS3JR5 receivedBy ananya.chatterjee@cs.ox.ac.uk,MAIL89GS3JR5
e119,eid3,receivedBy,MAIL89GS3JR5 receivedBy michael@cs.stanford.edu,MAIL89GS3JR5
e119,eid2,receivedBy,MAIL89GS3JR5 receivedBy ramesh.bhatia@iacs.res.in,MAIL89GS3JR5
e120,eid1,receivedBy,MAILTW5X48Z1 receivedBy scholar.sunita@iacs.res.in,MAILTW5X48Z1
e120,eid5,receivedBy,MAILTW5X48Z1 receivedBy ananya.chatterjee@cs.ox.ac.uk,MAILTW5X48Z1
e120,eid2,receivedBy,MAILTW5X48Z1 receivedBy ramesh.bhatia@iacs.res.in,MAILTW5X48Z1
e121,eid1,receivedBy,MAILH9S43DFL receivedBy scholar.sunita@iacs.res.in,MAILH9S43DFL
e121,eid3,receivedBy,MAILH9S43DFL receivedBy michael@cs.stanford.edu,MAILH9S43DFL
e121,eid5,receivedBy,MAILH9S43DFL receivedBy ananya.chatterjee@cs.ox.ac.uk,MAILH9S43DFL
e122,eid2,receivedBy,MAIL4M6JD28P receivedBy ramesh.bhatia@iacs.res.in,MAIL4M6JD28P
e122,eid1,receivedBy,MAIL4M6JD28P receivedBy scholar.sunita@iacs.res.in,MAIL4M6JD28P
e122,eid3,receivedBy,MAIL4M6JD28P receivedBy michael@cs.stanford.edu,MAIL4M6JD28P
e123,eid5,receivedBy,MAILVK8N1PS3 receivedBy ananya.chatterjee@cs.ox.ac.uk,MAILVK8N1PS3
e123,eid2,receivedBy,MAILVK8N1PS3 receivedBy ramesh.bhatia@iacs.res.in,MAILVK8N1PS3
e123,eid3,receivedBy,MAILVK8N1PS3 receivedBy michael@cs.stanford.edu,MAILVK8N1PS3
e124,eid1,receivedBy,MAILE21J7KZ5 receivedBy scholar.sunita@iacs.res.in,MAILE21J7KZ5
e124,eid3,receivedBy,MAILE21J7KZ5 receivedBy michael@cs.stanford.edu,MAILE21J7KZ5
e124,eid5,receivedBy,MAILE21J7KZ5 receivedBy ananya.chatterjee@cs.ox.ac.uk,MAILE21J7KZ5
e125,eid1,receivedBy,MAILTZ58SDEQ receivedBy scholar.sunita@iacs.res.in,MAILTZ58SDEQ
e125,eid2,receivedBy,MAILTZ58SDEQ receivedBy ramesh.bhatia@iacs.res.in,MAILTZ58SDEQ
e125,eid5,receivedBy,MAILTZ58SDEQ receivedBy ananya.chatterjee@cs.ox.ac.uk,MAILTZ58SDEQ
e126,eid1,receivedBy,MAILZ8N4RTSY receivedBy scholar.sunita@iacs.res.in,MAILZ8N4RTSY
e126,eid2,receivedBy,MAILZ8N4RTSY receivedBy ramesh.bhatia@iacs.res.in,MAILZ8N4RTSY
e126,eid3,receivedBy,MAILZ8N4RTSY receivedBy michael@cs.stanford.edu,MAILZ8N4RTSY
e127,eid5,receivedBy,MAILU7SR504K receivedBy ananya.chatterjee@cs.ox.ac.uk,MAILU7SR504K
e127,eid2,receivedBy,MAILU7SR504K receivedBy ramesh.bhatia@iacs.res.in,MAILU7SR504K
e127,eid3,receivedBy,MAILU7SR504K receivedBy michael@cs.stanford.edu,MAILU7SR504K
e128,eid1,receivedBy,MAILQT9Z62PM receivedBy scholar.sunita@iacs.res.in,MAILQT9Z62PM
e128,eid5,receivedBy,MAILQT9Z62PM receivedBy ananya.chatterjee@cs.ox.ac.uk,MAILQT9Z62PM
e128,eid2,receivedBy,MAILQT9Z62PM receivedBy ramesh.bhatia@iacs.res.in,MAILQT9Z62PM
e129,eid1,receivedBy,MAILXR297EYM receivedBy scholar.sunita@iacs.res.in,MAILXR297EYM
e129,eid3,receivedBy,MAILXR297EYM receivedBy michael@cs.stanford.edu,MAILXR297EYM
e129,eid5,receivedBy,MAILXR297EYM receivedBy ananya.chatterjee@cs.ox.ac.uk,MAILXR297EYM
e130,eid2,receivedBy,MAILAK4Z83TR receivedBy ramesh.bhatia@iacs.res.in,MAILAK4Z83TR
e130,eid1,receivedBy,MAILAK4Z83TR receivedBy scholar.sunita@iacs.res.in,MAILAK4Z83TR
e130,eid3,receivedBy,MAILAK4Z83TR receivedBy michael@cs.stanford.edu,MAILAK4Z83TR
e131,eid5,receivedBy,MAILH9F5M1VL receivedBy ananya.chatterjee@cs.ox.ac.uk,MAILH9F5M1VL
e131,eid2,receivedBy,MAILH9F5M1VL receivedBy ramesh.bhatia@iacs.res.in,MAILH9F5M1VL
e131,eid3,receivedBy,MAILH9F5M1VL receivedBy michael@cs.stanford.edu,MAILH9F5M1VL
e132,eid5,receivedBy,MAIL1P7X4E9N receivedBy ananya.chatterjee@cs.ox.ac.uk,MAIL1P7X4E9N
e132,eid2,receivedBy,MAIL1P7X4E9N receivedBy ramesh.bhatia@iacs.res.in,MAIL1P7X4E9N
e132,eid1,receivedBy,MAIL1P7X4E9N receivedBy scholar.sunita@iacs.res.in,MAIL1P7X4E9N
e133,eid2,receivedBy,MAILNP84KJY2 receivedBy ramesh.bhatia@iacs.res.in,MAILNP84KJY2
e133,eid1,receivedBy,MAILNP84KJY2 receivedBy scholar.sunita@iacs.res.in,MAILNP84KJY2
e133,eid3,receivedBy,MAILNP84KJY2 receivedBy michael@cs.stanford.edu,MAILNP84KJY2
e134,eid5,receivedBy,MAILE5R29QTM receivedBy ananya.chatterjee@cs.ox.ac.uk,MAILE5R29QTM
e134,eid3,receivedBy,MAILE5R29QTM receivedBy michael@cs.stanford.edu,MAILE5R29QTM
e134,eid1,receivedBy,MAILE5R29QTM receivedBy scholar.sunita@iacs.res.in,MAILE5R29QTM
e135,eid5,receivedBy,MAILV7FGXU19 receivedBy ananya.chatterjee@cs.ox.ac.uk,MAILV7FGXU19
e135,eid2,receivedBy,MAILV7FGXU19 receivedBy ramesh.bhatia@iacs.res.in,MAILV7FGXU19
e135,eid3,receivedBy,MAILV7FGXU19 receivedBy michael@cs.stanford.edu,MAILV7FGXU19
e136,eid2,receivedBy,MAILQ19Y6D3A receivedBy ramesh.bhatia@iacs.res.in,MAILQ19Y6D3A
e136,eid1,receivedBy,MAILQ19Y6D3A receivedBy scholar.sunita@iacs.res.in,MAILQ19Y6D3A
e136,eid3,receivedBy,MAILQ19Y6D3A receivedBy michael@cs.stanford.edu,MAILQ19Y6D3A
e137,eid5,receivedBy,MAILU16TWSQ8 receivedBy ananya.chatterjee@cs.ox.ac.uk,MAILU16TWSQ8
e137,eid2,receivedBy,MAILU16TWSQ8 receivedBy ramesh.bhatia@iacs.res.in,MAILU16TWSQ8
e137,eid1,receivedBy,MAILU16TWSQ8 receivedBy scholar.sunita@iacs.res.in,MAILU16TWSQ8
e137,eid3,receivedBy,MAILU16TWSQ8 receivedBy michael@cs.stanford.edu,MAILU16TWSQ8
e138,eid5,receivedBy,MAILRAK93ULG receivedBy ananya.chatterjee@cs.ox.ac.uk,MAILRAK93ULG
e138,eid2,receivedBy,MAILRAK93ULG receivedBy ramesh.bhatia@iacs.res.in,MAILRAK93ULG
e138,eid1,receivedBy,MAILRAK93ULG receivedBy scholar.sunita@iacs.res.in,MAILRAK93ULG
e138,eid3,receivedBy,MAILRAK93ULG receivedBy michael@cs.stanford.edu,MAILRAK93ULG
e139,eid5,receivedBy,MAILDZ5A8KQ3 receivedBy ananya.chatterjee@cs.ox.ac.uk,MAILDZ5A8KQ3
e139,eid2,receivedBy,MAILDZ5A8KQ3 receivedBy ramesh.bhatia@iacs.res.in,MAILDZ5A8KQ3
e139,eid1,receivedBy,MAILDZ5A8KQ3 receivedBy scholar.sunita@iacs.res.in,MAILDZ5A8KQ3
e140,eid3,receivedBy,MAILG24LSKH8 receivedBy michael@cs.stanford.edu,MAILG24LSKH8
e140,eid5,receivedBy,MAILG24LSKH8 receivedBy ananya.chatterjee@cs.ox.ac.uk,MAILG24LSKH8
e140,eid2,receivedBy,MAILG24LSKH8 receivedBy ramesh.bhatia@iacs.res.in,MAILG24LSKH8
e141,eid1,receivedBy,MAILE7104DPS receivedBy scholar.sunita@iacs.res.in,MAILE7104DPS
e141,eid3,receivedBy,MAILE7104DPS receivedBy michael@cs.stanford.edu,MAILE7104DPS
e141,eid2,receivedBy,MAILE7104DPS receivedBy ramesh.bhatia@iacs.res.in,MAILE7104DPS
e142,eid5,receivedBy,MAILT09W1GQ5 receivedBy ananya.chatterjee@cs.ox.ac.uk,MAILT09W1GQ5
e142,eid1,receivedBy,MAILT09W1GQ5 receivedBy scholar.sunita@iacs.res.in,MAILT09W1GQ5
e142,eid3,receivedBy,MAILT09W1GQ5 receivedBy michael@cs.stanford.edu,MAILT09W1GQ5
e143,eid2,receivedBy,MAILYH7WKE32 receivedBy ramesh.bhatia@iacs.res.in,MAILYH7WKE32
e143,eid5,receivedBy,MAILYH7WKE32 receivedBy ananya.chatterjee@cs.ox.ac.uk,MAILYH7WKE32
e143,eid3,receivedBy,MAILYH7WKE32 receivedBy michael@cs.stanford.edu,MAILYH7WKE32
e144,eid1,receivedBy,MAILNF2Q6XLB receivedBy scholar.sunita@iacs.res.in,MAILNF2Q6XLB
e144,eid5,receivedBy,MAILNF2Q6XLB receivedBy ananya.chatterjee@cs.ox.ac.uk,MAILNF2Q6XLB
e144,eid2,receivedBy,MAILNF2Q6XLB receivedBy ramesh.bhatia@iacs.res.in,MAILNF2Q6XLB
e145,eid1,receivedBy,MAIL871D5QXJ receivedBy scholar.sunita@iacs.res.in,MAIL871D5QXJ
e145,eid3,receivedBy,MAIL871D5QXJ receivedBy michael@cs.stanford.edu,MAIL871D5QXJ
e145,eid2,receivedBy,MAIL871D5QXJ receivedBy ramesh.bhatia@iacs.res.in,MAIL871D5QXJ
e146,eid5,receivedBy,MAILV39WUQ60 receivedBy ananya.chatterjee@cs.ox.ac.uk,MAILV39WUQ60
e146,eid3,receivedBy,MAILV39WUQ60 receivedBy michael@cs.stanford.edu,MAILV39WUQ60
e146,eid2,receivedBy,MAILV39WUQ60 receivedBy ramesh.bhatia@iacs.res.in,MAILV39WUQ60
e147,eid1,receivedBy,MAILN48MHZR3 receivedBy scholar.sunita@iacs.res.in,MAILN48MHZR3
e147,eid5,receivedBy,MAILN48MHZR3 receivedBy ananya.chatterjee@cs.ox.ac.uk,MAILN48MHZR3
e147,eid2,receivedBy,MAILN48MHZR3 receivedBy ramesh.bhatia@iacs.res.in,MAILN48MHZR3
e148,eid3,receivedBy,MAIL29VCJUS5 receivedBy michael@cs.stanford.edu,MAIL29VCJUS5
e148,eid1,receivedBy,MAIL29VCJUS5 receivedBy scholar.sunita@iacs.res.in,MAIL29VCJUS5
e148,eid5,receivedBy,MAIL29VCJUS5 receivedBy ananya.chatterjee@cs.ox.ac.uk,MAIL29VCJUS5
e149,eid5,receivedBy,MAILT84JGX93 receivedBy ananya.chatterjee@cs.ox.ac.uk,MAILT84JGX93
e149,eid3,receivedBy,MAILT84JGX93 receivedBy michael@cs.stanford.edu,MAILT84JGX93
e149,eid2,receivedBy,MAILT84JGX93 receivedBy ramesh.bhatia@iacs.res.in,MAILT84JGX93
e150,eid5,receivedBy,MAILE94LJAPQ receivedBy ananya.chatterjee@cs.ox.ac.uk,MAILE94LJAPQ
e150,eid3,receivedBy,MAILE94LJAPQ receivedBy michael@cs.stanford.edu,MAILE94LJAPQ
e150,eid2,receivedBy,MAILE94LJAPQ receivedBy ramesh.bhatia@iacs.res.in,MAILE94LJAPQ
e151,eid1,receivedBy,MAILH8ZR57VQ receivedBy scholar.sunita@iacs.res.in,MAILH8ZR57VQ
e151,eid3,receivedBy,MAILH8ZR57VQ receivedBy michael@cs.stanford.edu,MAILH8ZR57VQ
e151,eid5,receivedBy,MAILH8ZR57VQ receivedBy ananya.chatterjee@cs.ox.ac.uk,MAILH8ZR57VQ
e151,eid2,receivedBy,MAILH8ZR57VQ receivedBy ramesh.bhatia@iacs.res.in,MAILH8ZR57VQ
e152,eid1,receivedBy,MAILQ28FZJ63 receivedBy scholar.sunita@iacs.res.in,MAILQ28FZJ63
e152,eid5,receivedBy,MAILQ28FZJ63 receivedBy ananya.chatterjee@cs.ox.ac.uk,MAILQ28FZJ63
e152,eid2,receivedBy,MAILQ28FZJ63 receivedBy ramesh.bhatia@iacs.res.in,MAILQ28FZJ63
e153,eid3,receivedBy,MAILU08KNBW2 receivedBy michael@cs.stanford.edu,MAILU08KNBW2
e153,eid1,receivedBy,MAILU08KNBW2 receivedBy scholar.sunita@iacs.res.in,MAILU08KNBW2
e153,eid2,receivedBy,MAILU08KNBW2 receivedBy ramesh.bhatia@iacs.res.in,MAILU08KNBW2
e154,eid3,receivedBy,MAILYS03D2C4 receivedBy michael@cs.stanford.edu,MAILYS03D2C4
e154,eid5,receivedBy,MAILYS03D2C4 receivedBy ananya.chatterjee@cs.ox.ac.uk,MAILYS03D2C4
e154,eid1,receivedBy,MAILYS03D2C4 receivedBy scholar.sunita@iacs.res.in,MAILYS03D2C4
e155,eid3,receivedBy,MAIL4AB91MPX receivedBy michael@cs.stanford.edu,MAIL4AB91MPX
e155,eid5,receivedBy,MAIL4AB91MPX receivedBy ananya.chatterjee@cs.ox.ac.uk,MAIL4AB91MPX
e155,eid2,receivedBy,MAIL4AB91MPX receivedBy ramesh.bhatia@iacs.res.in,MAIL4AB91MPX
e156,eid1,receivedBy,MAILN2RB5GYD receivedBy scholar.sunita@iacs.res.in,MAILN2RB5GYD
e156,eid5,receivedBy,MAILN2RB5GYD receivedBy ananya.chatterjee@cs.ox.ac.uk,MAILN2RB5GYD
e156,eid2,receivedBy,MAILN2RB5GYD receivedBy ramesh.bhatia@iacs.res.in,MAILN2RB5GYD
e157,eid3,receivedBy,MAILE7P2VTXB receivedBy michael@cs.stanford.edu,MAILE7P2VTXB
e157,eid1,receivedBy,MAILE7P2VTXB receivedBy scholar.sunita@iacs.res.in,MAILE7P2VTXB
e157,eid2,receivedBy,MAILE7P2VTXB receivedBy ramesh.bhatia@iacs.res.in,MAILE7P2VTXB
e158,eid1,receivedBy,MAILN8X6QA1S receivedBy scholar.sunita@iacs.res.in,MAILN8X6QA1S
e158,eid3,receivedBy,MAILN8X6QA1S receivedBy michael@cs.stanford.edu,MAILN8X6QA1S
e158,eid5,receivedBy,MAILN8X6QA1S receivedBy ananya.chatterjee@cs.ox.ac.uk,MAILN8X6QA1S
e158,eid2,receivedBy,MAILN8X6QA1S receivedBy ramesh.bhatia@iacs.res.in,MAILN8X6QA1S
e159,eid3,receivedBy,MAIL5KY81ALD receivedBy michael@cs.stanford.edu,MAIL5KY81ALD
e159,eid5,receivedBy,MAIL5KY81ALD receivedBy ananya.chatterjee@cs.ox.ac.uk,MAIL5KY81ALD
e159,eid1,receivedBy,MAIL5KY81ALD receivedBy scholar.sunita@iacs.res.in,MAIL5KY81ALD
e160,eid3,receivedBy,MAIL1ADV9ZQW receivedBy michael@cs.stanford.edu,MAIL1ADV9ZQW
e160,eid5,receivedBy,MAIL1ADV9ZQW receivedBy ananya.chatterjee@cs.ox.ac.uk,MAIL1ADV9ZQW
e160,eid2,receivedBy,MAIL1ADV9ZQW receivedBy ramesh.bhatia@iacs.res.in,MAIL1ADV9ZQW
e161,eid1,receivedBy,MAILQ2G7XBLS receivedBy scholar.sunita@iacs.res.in,MAILQ2G7XBLS
e161,eid5,receivedBy,MAILQ2G7XBLS receivedBy ananya.chatterjee@cs.ox.ac.uk,MAILQ2G7XBLS
e161,eid2,receivedBy,MAILQ2G7XBLS receivedBy ramesh.bhatia@iacs.res.in,MAILQ2G7XBLS
e162,eid1,receivedBy,MAILU9XV7K3J receivedBy scholar.sunita@iacs.res.in,MAILU9XV7K3J
e162,eid3,receivedBy,MAILU9XV7K3J receivedBy michael@cs.stanford.edu,MAILU9XV7K3J
e162,eid2,receivedBy,MAILU9XV7K3J receivedBy ramesh.bhatia@iacs.res.in,MAILU9XV7K3J
e163,eid5,receivedBy,MAIL6PV1QLR8 receivedBy ananya.chatterjee@cs.ox.ac.uk,MAIL6PV1QLR8
e163,eid3,receivedBy,MAIL6PV1QLR8 receivedBy michael@cs.stanford.edu,MAIL6PV1QLR8
e163,eid2,receivedBy,MAIL6PV1QLR8 receivedBy ramesh.bhatia@iacs.res.in,MAIL6PV1QLR8
e164,eid1,receivedBy,MAIL84MNYQZT receivedBy scholar.sunita@iacs.res.in,MAIL84MNYQZT
e164,eid3,receivedBy,MAIL84MNYQZT receivedBy michael@cs.stanford.edu,MAIL84MNYQZT
e164,eid5,receivedBy,MAIL84MNYQZT receivedBy ananya.chatterjee@cs.ox.ac.uk,MAIL84MNYQZT
e165,eid1,receivedBy,MAIL0AKPGH6X receivedBy scholar.sunita@iacs.res.in,MAIL0AKPGH6X
e165,eid3,receivedBy,MAIL0AKPGH6X receivedBy michael@cs.stanford.edu,MAIL0AKPGH6X
e165,eid2,receivedBy,MAIL0AKPGH6X receivedBy ramesh.bhatia@iacs.res.in,MAIL0AKPGH6X
e166,eid5,receivedBy,MAIL7XEF4VR1 receivedBy ananya.chatterjee@cs.ox.ac.uk,MAIL7XEF4VR1
e166,eid1,receivedBy,MAIL7XEF4VR1 receivedBy scholar.sunita@iacs.res.in,MAIL7XEF4VR1
e166,eid2,receivedBy,MAIL7XEF4VR1 receivedBy ramesh.bhatia@iacs.res.in,MAIL7XEF4VR1
e167,eid5,receivedBy,MAIL0M4FYWJS receivedBy ananya.chatterjee@cs.ox.ac.uk,MAIL0M4FYWJS
e167,eid3,receivedBy,MAIL0M4FYWJS receivedBy michael@cs.stanford.edu,MAIL0M4FYWJS
e167,eid2,receivedBy,MAIL0M4FYWJS receivedBy ramesh.bhatia@iacs.res.in,MAIL0M4FYWJS
e168,eid1,receivedBy,MAILJ452GYQP receivedBy scholar.sunita@iacs.res.in,MAILJ452GYQP
e168,eid3,receivedBy,MAILJ452GYQP receivedBy michael@cs.stanford.edu,MAILJ452GYQP
e168,eid5,receivedBy,MAILJ452GYQP receivedBy ananya.chatterjee@cs.ox.ac.uk,MAILJ452GYQP
e169,eid1,receivedBy,MAILEBXQ972S receivedBy scholar.sunita@iacs.res.in,MAILEBXQ972S
e169,eid3,receivedBy,MAILEBXQ972S receivedBy michael@cs.stanford.edu,MAILEBXQ972S
e169,eid2,receivedBy,MAILEBXQ972S receivedBy ramesh.bhatia@iacs.res.in,MAILEBXQ972S
e170,eid5,receivedBy,MAILUV7NLZ5G receivedBy ananya.chatterjee@cs.ox.ac.uk,MAILUV7NLZ5G
e170,eid3,receivedBy,MAILUV7NLZ5G receivedBy michael@cs.stanford.edu,MAILUV7NLZ5G
e170,eid2,receivedBy,MAILUV7NLZ5G receivedBy ramesh.bhatia@iacs.res.in,MAILUV7NLZ5G
e171,eid1,receivedBy,MAILNM8P4S0R receivedBy scholar.sunita@iacs.res.in,MAILNM8P4S0R
e171,eid5,receivedBy,MAILNM8P4S0R receivedBy ananya.chatterjee@cs.ox.ac.uk,MAILNM8P4S0R
e171,eid2,receivedBy,MAILNM8P4S0R receivedBy ramesh.bhatia@iacs.res.in,MAILNM8P4S0R
e172,eid3,receivedBy,MAILE7ZRH6U9 receivedBy michael@cs.stanford.edu,MAILE7ZRH6U9
e172,eid1,receivedBy,MAILE7ZRH6U9 receivedBy scholar.sunita@iacs.res.in,MAILE7ZRH6U9
e172,eid5,receivedBy,MAILE7ZRH6U9 receivedBy ananya.chatterjee@cs.ox.ac.uk,MAILE7ZRH6U9
e173,eid5,receivedBy,MAIL8Y4XRQJM receivedBy ananya.chatterjee@cs.ox.ac.uk,MAIL8Y4XRQJM
e173,eid3,receivedBy,MAIL8Y4XRQJM receivedBy michael@cs.stanford.edu,MAIL8Y4XRQJM
e173,eid2,receivedBy,MAIL8Y4XRQJM receivedBy ramesh.bhatia@iacs.res.in,MAIL8Y4XRQJM
e174,eid1,receivedBy,MAIL0Z27NQY4 receivedBy scholar.sunita@iacs.res.in,MAIL0Z27NQY4
e174,eid3,receivedBy,MAIL0Z27NQY4 receivedBy michael@cs.stanford.edu,MAIL0Z27NQY4
e174,eid2,receivedBy,MAIL0Z27NQY4 receivedBy ramesh.bhatia@iacs.res.in,MAIL0Z27NQY4
e175,eid5,receivedBy,MAIL6NS7P5XC receivedBy ananya.chatterjee@cs.ox.ac.uk,MAIL6NS7P5XC
e175,eid1,receivedBy,MAIL6NS7P5XC receivedBy scholar.sunita@iacs.res.in,MAIL6NS7P5XC
e175,eid2,receivedBy,MAIL6NS7P5XC receivedBy ramesh.bhatia@iacs.res.in,MAIL6NS7P5XC
e176,eid1,receivedBy,MAIL7AYB3QW4 receivedBy scholar.sunita@iacs.res.in,MAIL7AYB3QW4
e176,eid3,receivedBy,MAIL7AYB3QW4 receivedBy michael@cs.stanford.edu,MAIL7AYB3QW4
e176,eid5,receivedBy,MAIL7AYB3QW4 receivedBy ananya.chatterjee@cs.ox.ac.uk,MAIL7AYB3QW4
e177,eid2,receivedBy,MAILW93RFD8K receivedBy ramesh.bhatia@iacs.res.in,MAILW93RFD8K
e177,eid3,receivedBy,MAILW93RFD8K receivedBy michael@cs.stanford.edu,MAILW93RFD8K
e177,eid5,receivedBy,MAILW93RFD8K receivedBy ananya.chatterjee@cs.ox.ac.uk,MAILW93RFD8K
e178,eid1,receivedBy,MAIL3RQT7D2V receivedBy scholar.sunita@iacs.res.in,MAIL3RQT7D2V
e178,eid2,receivedBy,MAIL3RQT7D2V receivedBy ramesh.bhatia@iacs.res.in,MAIL3RQT7D2V
e178,eid3,receivedBy,MAIL3RQT7D2V receivedBy michael@cs.stanford.edu,MAIL3RQT7D2V
e179,eid5,receivedBy,MAILR8N5MX4Z receivedBy ananya.chatterjee@cs.ox.ac.uk,MAILR8N5MX4Z
e179,eid1,receivedBy,MAILR8N5MX4Z receivedBy scholar.sunita@iacs.res.in,MAILR8N5MX4Z
e179,eid2,receivedBy,MAILR8N5MX4Z receivedBy ramesh.bhatia@iacs.res.in,MAILR8N5MX4Z
e180,eid1,receivedBy,MAIL71FZXPQB receivedBy scholar.sunita@iacs.res.in,MAIL71FZXPQB
e180,eid3,receivedBy,MAIL71FZXPQB receivedBy michael@cs.stanford.edu,MAIL71FZXPQB
e180,eid5,receivedBy,MAIL71FZXPQB receivedBy ananya.chatterjee@cs.ox.ac.uk,MAIL71FZXPQB
e181,eid2,receivedBy,MAILYQ0FMSJ8 receivedBy ramesh.bhatia@iacs.res.in,MAILYQ0FMSJ8
e181,eid3,receivedBy,MAILYQ0FMSJ8 receivedBy michael@cs.stanford.edu,MAILYQ0FMSJ8
e181,eid5,receivedBy,MAILYQ0FMSJ8 receivedBy ananya.chatterjee@cs.ox.ac.uk,MAILYQ0FMSJ8
e182,eid1,receivedBy,MAILUR0C52AW receivedBy scholar.sunita@iacs.res.in,MAILUR0C52AW
e182,eid2,receivedBy,MAILUR0C52AW receivedBy ramesh.bhatia@iacs.res.in,MAILUR0C52AW
e182,eid3,receivedBy,MAILUR0C52AW receivedBy michael@cs.stanford.edu,MAILUR0C52AW
e183,eid1,receivedBy,MAILYW15QH3T receivedBy scholar.sunita@iacs.res.in,MAILYW15QH3T
e183,eid2,receivedBy,MAILYW15QH3T receivedBy ramesh.bhatia@iacs.res.in,MAILYW15QH3T
e183,eid5,receivedBy,MAILYW15QH3T receivedBy ananya.chatterjee@cs.ox.ac.uk,MAILYW15QH3T
e184,eid1,receivedBy,MAIL7DXQ2VLC receivedBy scholar.sunita@iacs.res.in,MAIL7DXQ2VLC
e184,eid3,receivedBy,MAIL7DXQ2VLC receivedBy michael@cs.stanford.edu,MAIL7DXQ2VLC
e184,eid5,receivedBy,MAIL7DXQ2VLC receivedBy ananya.chatterjee@cs.ox.ac.uk,MAIL7DXQ2VLC
e185,eid2,receivedBy,MAIL9VL12SXM receivedBy ramesh.bhatia@iacs.res.in,MAIL9VL12SXM
e185,eid3,receivedBy,MAIL9VL12SXM receivedBy michael@cs.stanford.edu,MAIL9VL12SXM
e185,eid5,receivedBy,MAIL9VL12SXM receivedBy ananya.chatterjee@cs.ox.ac.uk,MAIL9VL12SXM
e186,eid1,receivedBy,MAIL5MFVDPOT receivedBy scholar.sunita@iacs.res.in,MAIL5MFVDPOT
e186,eid2,receivedBy,MAIL5MFVDPOT receivedBy ramesh.bhatia@iacs.res.in,MAIL5MFVDPOT
e186,eid3,receivedBy,MAIL5MFVDPOT receivedBy michael@cs.stanford.edu,MAIL5MFVDPOT
e187,eid1,receivedBy,MAILTJ0CZR62 receivedBy scholar.sunita@iacs.res.in,MAILTJ0CZR62
e187,eid3,receivedBy,MAILTJ0CZR62 receivedBy michael@cs.stanford.edu,MAILTJ0CZR62
e187,eid5,receivedBy,MAILTJ0CZR62 receivedBy ananya.chatterjee@cs.ox.ac.uk,MAILTJ0CZR62
e188,eid2,receivedBy,MAILHQ2F7PG8 receivedBy ramesh.bhatia@iacs.res.in,MAILHQ2F7PG8
e188,eid3,receivedBy,MAILHQ2F7PG8 receivedBy michael@cs.stanford.edu,MAILHQ2F7PG8
e188,eid5,receivedBy,MAILHQ2F7PG8 receivedBy ananya.chatterjee@cs.ox.ac.uk,MAILHQ2F7PG8
e189,eid1,receivedBy,MAIL2A8WBZR7 receivedBy scholar.sunita@iacs.res.in,MAIL2A8WBZR7
e189,eid3,receivedBy,MAIL2A8WBZR7 receivedBy michael@cs.stanford.edu,MAIL2A8WBZR7
e189,eid5,receivedBy,MAIL2A8WBZR7 receivedBy ananya.chatterjee@cs.ox.ac.uk,MAIL2A8WBZR7
e190,eid2,receivedBy,MAILW8J6BV3A receivedBy ramesh.bhatia@iacs.res.in,MAILW8J6BV3A
e190,eid1,receivedBy,MAILW8J6BV3A receivedBy scholar.sunita@iacs.res.in,MAILW8J6BV3A
e190,eid3,receivedBy,MAILW8J6BV3A receivedBy michael@cs.stanford.edu,MAILW8J6BV3A
e190,eid5,receivedBy,MAILW8J6BV3A receivedBy ananya.chatterjee@cs.ox.ac.uk,MAILW8J6BV3A
e191,eid2,receivedBy,MAILF1T8ZQK9 receivedBy ramesh.bhatia@iacs.res.in,MAILF1T8ZQK9
e191,eid1,receivedBy,MAILF1T8ZQK9 receivedBy scholar.sunita@iacs.res.in,MAILF1T8ZQK9
e191,eid3,receivedBy,MAILF1T8ZQK9 receivedBy michael@cs.stanford.edu,MAILF1T8ZQK9
e191,eid5,receivedBy,MAILF1T8ZQK9 receivedBy ananya.chatterjee@cs.ox.ac.uk,MAILF1T8ZQK9
e192,eid2,receivedBy,MAIL73UPQXJ2 receivedBy ramesh.bhatia@iacs.res.in,MAIL73UPQXJ2
e192,eid1,receivedBy,MAIL73UPQXJ2 receivedBy scholar.sunita@iacs.res.in,MAIL73UPQXJ2
e192,eid5,receivedBy,MAIL73UPQXJ2 receivedBy ananya.chatterjee@cs.ox.ac.uk,MAIL73UPQXJ2
e193,eid3,receivedBy,MAIL6BZLTW81 receivedBy michael@cs.stanford.edu,MAIL6BZLTW81
e193,eid2,receivedBy,MAIL6BZLTW81 receivedBy ramesh.bhatia@iacs.res.in,MAIL6BZLTW81
e193,eid5,receivedBy,MAIL6BZLTW81 receivedBy ananya.chatterjee@cs.ox.ac.uk,MAIL6BZLTW81
e194,eid1,receivedBy,MAILV85JKPN7 receivedBy scholar.sunita@iacs.res.in,MAILV85JKPN7
e194,eid3,receivedBy,MAILV85JKPN7 receivedBy michael@cs.stanford.edu,MAILV85JKPN7
e194,eid2,receivedBy,MAILV85JKPN7 receivedBy ramesh.bhatia@iacs.res.in,MAILV85JKPN7
e195,eid5,receivedBy,MAILR93ATP1K receivedBy ananya.chatterjee@cs.ox.ac.uk,MAILR93ATP1K
e195,eid1,receivedBy,MAILR93ATP1K receivedBy scholar.sunita@iacs.res.in,MAILR93ATP1K
e195,eid3,receivedBy,MAILR93ATP1K receivedBy michael@cs.stanford.edu,MAILR93ATP1K
e196,eid1,receivedBy,MAILXT21Y8SV receivedBy scholar.sunita@iacs.res.in,MAILXT21Y8SV
e196,eid3,receivedBy,MAILXT21Y8SV receivedBy michael@cs.stanford.edu,MAILXT21Y8SV
e196,eid2,receivedBy,MAILXT21Y8SV receivedBy ramesh.bhatia@iacs.res.in,MAILXT21Y8SV
e197,eid5,receivedBy,MAILQ1B5ZWM9 receivedBy ananya.chatterjee@cs.ox.ac.uk,MAILQ1B5ZWM9
e197,eid1,receivedBy,MAILQ1B5ZWM9 receivedBy scholar.sunita@iacs.res.in,MAILQ1B5ZWM9
e197,eid2,receivedBy,MAILQ1B5ZWM9 receivedBy ramesh.bhatia@iacs.res.in,MAILQ1B5ZWM9
e198,eid5,receivedBy,MAIL6NF1RXZ4 receivedBy ananya.chatterjee@cs.ox.ac.uk,MAIL6NF1RXZ4
e198,eid3,receivedBy,MAIL6NF1RXZ4 receivedBy michael@cs.stanford.edu,MAIL6NF1RXZ4
e198,eid2,receivedBy,MAIL6NF1RXZ4 receivedBy ramesh.bhatia@iacs.res.in,MAIL6NF1RXZ4
e199,eid1,receivedBy,MAILK3FT9WPL receivedBy scholar.sunita@iacs.res.in,MAILK3FT9WPL
e199,eid5,receivedBy,MAILK3FT9WPL receivedBy ananya.chatterjee@cs.ox.ac.uk,MAILK3FT9WPL
e199,eid2,receivedBy,MAILK3FT9WPL receivedBy ramesh.bhatia@iacs.res.in,MAILK3FT9WPL
e200,eid3,receivedBy,MAILSS9BG3YR receivedBy michael@cs.stanford.edu,MAILSS9BG3YR
e200,eid1,receivedBy,MAILSS9BG3YR receivedBy scholar.sunita@iacs.res.in,MAILSS9BG3YR
e200,eid2,receivedBy,MAILSS9BG3YR receivedBy ramesh.bhatia@iacs.res.in,MAILSS9BG3YR
e201,eid1,receivedBy,MAILPF72QXJN receivedBy scholar.sunita@iacs.res.in,MAILPF72QXJN
e201,eid3,receivedBy,MAILPF72QXJN receivedBy michael@cs.stanford.edu,MAILPF72QXJN
e201,eid5,receivedBy,MAILPF72QXJN receivedBy ananya.chatterjee@cs.ox.ac.uk,MAILPF72QXJN
e202,eid2,receivedBy,MAILGF35PDLN receivedBy ramesh.bhatia@iacs.res.in,MAILGF35PDLN
e202,eid3,receivedBy,MAILGF35PDLN receivedBy michael@cs.stanford.edu,MAILGF35PDLN
e202,eid5,receivedBy,MAILGF35PDLN receivedBy ananya.chatterjee@cs.ox.ac.uk,MAILGF35PDLN
e203,eid1,receivedBy,MAILUFP7YLB8 receivedBy scholar.sunita@iacs.res.in,MAILUFP7YLB8
e203,eid2,receivedBy,MAILUFP7YLB8 receivedBy ramesh.bhatia@iacs.res.in,MAILUFP7YLB8
e203,eid5,receivedBy,MAILUFP7YLB8 receivedBy ananya.chatterjee@cs.ox.ac.uk,MAILUFP7YLB8
e204,eid3,receivedBy,MAIL7NKWPDG1 receivedBy michael@cs.stanford.edu,MAIL7NKWPDG1
e204,eid1,receivedBy,MAIL7NKWPDG1 receivedBy scholar.sunita@iacs.res.in,MAIL7NKWPDG1
e204,eid5,receivedBy,MAIL7NKWPDG1 receivedBy ananya.chatterjee@cs.ox.ac.uk,MAIL7NKWPDG1
e205,eid3,receivedBy,MAILF9QB2ST6 receivedBy michael@cs.stanford.edu,MAILF9QB2ST6
e205,eid2,receivedBy,MAILF9QB2ST6 receivedBy ramesh.bhatia@iacs.res.in,MAILF9QB2ST6
e205,eid1,receivedBy,MAILF9QB2ST6 receivedBy scholar.sunita@iacs.res.in,MAILF9QB2ST6
e205,eid5,receivedBy,MAILF9QB2ST6 receivedBy ananya.chatterjee@cs.ox.ac.uk,MAILF9QB2ST6
e206,eid3,receivedBy,MAIL76PKFQ2S receivedBy michael@cs.stanford.edu,MAIL76PKFQ2S
e206,eid2,receivedBy,MAIL76PKFQ2S receivedBy ramesh.bhatia@iacs.res.in,MAIL76PKFQ2S
e206,eid1,receivedBy,MAIL76PKFQ2S receivedBy scholar.sunita@iacs.res.in,MAIL76PKFQ2S
e206,eid5,receivedBy,MAIL76PKFQ2S receivedBy ananya.chatterjee@cs.ox.ac.uk,MAIL76PKFQ2S
e207,eid2,receivedBy,MAIL3PA7YZXT receivedBy ramesh.bhatia@iacs.res.in,MAIL3PA7YZXT
e207,eid3,receivedBy,MAIL3PA7YZXT receivedBy michael@cs.stanford.edu,MAIL3PA7YZXT
e207,eid5,receivedBy,MAIL3PA7YZXT receivedBy ananya.chatterjee@cs.ox.ac.uk,MAIL3PA7YZXT
e208,eid1,receivedBy,MAILJM845CT7 receivedBy scholar.sunita@iacs.res.in,MAILJM845CT7
e208,eid2,receivedBy,MAILJM845CT7 receivedBy ramesh.bhatia@iacs.res.in,MAILJM845CT7
e208,eid3,receivedBy,MAILJM845CT7 receivedBy michael@cs.stanford.edu,MAILJM845CT7
e209,eid1,receivedBy,MAILV7K6S3HF receivedBy scholar.sunita@iacs.res.in,MAILV7K6S3HF
e209,eid3,receivedBy,MAILV7K6S3HF receivedBy michael@cs.stanford.edu,MAILV7K6S3HF
e209,eid5,receivedBy,MAILV7K6S3HF receivedBy ananya.chatterjee@cs.ox.ac.uk,MAILV7K6S3HF
e210,eid1,receivedBy,MAIL2DFYRJU9 receivedBy scholar.sunita@iacs.res.in,MAIL2DFYRJU9
e210,eid2,receivedBy,MAIL2DFYRJU9 receivedBy ramesh.bhatia@iacs.res.in,MAIL2DFYRJU9
e210,eid5,receivedBy,MAIL2DFYRJU9 receivedBy ananya.chatterjee@cs.ox.ac.uk,MAIL2DFYRJU9
e211,eid3,receivedBy,MAIL57JWBKXN receivedBy michael@cs.stanford.edu,MAIL57JWBKXN
e211,eid2,receivedBy,MAIL57JWBKXN receivedBy ramesh.bhatia@iacs.res.in,MAIL57JWBKXN
e211,eid5,receivedBy,MAIL57JWBKXN receivedBy ananya.chatterjee@cs.ox.ac.uk,MAIL57JWBKXN
e212,eid1,receivedBy,MAILR5V1QSN9 receivedBy scholar.sunita@iacs.res.in,MAILR5V1QSN9
e212,eid2,receivedBy,MAILR5V1QSN9 receivedBy ramesh.bhatia@iacs.res.in,MAILR5V1QSN9
e212,eid5,receivedBy,MAILR5V1QSN9 receivedBy ananya.chatterjee@cs.ox.ac.uk,MAILR5V1QSN9
e213,eid1,receivedBy,MAILSY83LQZ1 receivedBy scholar.sunita@iacs.res.in,MAILSY83LQZ1
e213,eid3,receivedBy,MAILSY83LQZ1 receivedBy michael@cs.stanford.edu,MAILSY83LQZ1
e213,eid2,receivedBy,MAILSY83LQZ1 receivedBy ramesh.bhatia@iacs.res.in,MAILSY83LQZ1
e214,eid1,receivedBy,MAIL1DXV7GFS receivedBy scholar.sunita@iacs.res.in,MAIL1DXV7GFS
e214,eid5,receivedBy,MAIL1DXV7GFS receivedBy ananya.chatterjee@cs.ox.ac.uk,MAIL1DXV7GFS
e214,eid3,receivedBy,MAIL1DXV7GFS receivedBy michael@cs.stanford.edu,MAIL1DXV7GFS
e215,eid2,receivedBy,MAILUZ148JK5 receivedBy ramesh.bhatia@iacs.res.in,MAILUZ148JK5
e215,eid5,receivedBy,MAILUZ148JK5 receivedBy ananya.chatterjee@cs.ox.ac.uk,MAILUZ148JK5
e215,eid3,receivedBy,MAILUZ148JK5 receivedBy michael@cs.stanford.edu,MAILUZ148JK5
e216,eid1,receivedBy,MAILQ8HG2ZVC receivedBy scholar.sunita@iacs.res.in,MAILQ8HG2ZVC
e216,eid2,receivedBy,MAILQ8HG2ZVC receivedBy ramesh.bhatia@iacs.res.in,MAILQ8HG2ZVC
e216,eid5,receivedBy,MAILQ8HG2ZVC receivedBy ananya.chatterjee@cs.ox.ac.uk,MAILQ8HG2ZVC
e217,eid1,receivedBy,MAILV97KTBQ2 receivedBy scholar.sunita@iacs.res.in,MAILV97KTBQ2
e217,eid3,receivedBy,MAILV97KTBQ2 receivedBy michael@cs.stanford.edu,MAILV97KTBQ2
e217,eid2,receivedBy,MAILV97KTBQ2 receivedBy ramesh.bhatia@iacs.res.in,MAILV97KTBQ2
e218,eid5,receivedBy,MAILRM384VCW receivedBy ananya.chatterjee@cs.ox.ac.uk,MAILRM384VCW
e218,eid3,receivedBy,MAILRM384VCW receivedBy michael@cs.stanford.edu,MAILRM384VCW
e218,eid2,receivedBy,MAILRM384VCW receivedBy ramesh.bhatia@iacs.res.in,MAILRM384VCW
e219,eid1,receivedBy,MAIL3DF92WNK receivedBy scholar.sunita@iacs.res.in,MAIL3DF92WNK
e219,eid5,receivedBy,MAIL3DF92WNK receivedBy ananya.chatterjee@cs.ox.ac.uk,MAIL3DF92WNK
e219,eid3,receivedBy,MAIL3DF92WNK receivedBy michael@cs.stanford.edu,MAIL3DF92WNK
e220,eid2,receivedBy,MAILJ8WV4LXO receivedBy ramesh.bhatia@iacs.res.in,MAILJ8WV4LXO
e220,eid1,receivedBy,MAILJ8WV4LXO receivedBy scholar.sunita@iacs.res.in,MAILJ8WV4LXO
e220,eid5,receivedBy,MAILJ8WV4LXO receivedBy ananya.chatterjee@cs.ox.ac.uk,MAILJ8WV4LXO
e220,eid3,receivedBy,MAILJ8WV4LXO receivedBy michael@cs.stanford.edu,MAILJ8WV4LXO
e221,eid2,receivedBy,MAILPB4T9K3G receivedBy ramesh.bhatia@iacs.res.in,MAILPB4T9K3G
e221,eid1,receivedBy,MAILPB4T9K3G receivedBy scholar.sunita@iacs.res.in,MAILPB4T9K3G
e221,eid5,receivedBy,MAILPB4T9K3G receivedBy ananya.chatterjee@cs.ox.ac.uk,MAILPB4T9K3G
e221,eid3,receivedBy,MAILPB4T9K3G receivedBy michael@cs.stanford.edu,MAILPB4T9K3G
e222,eid1,receivedBy,MAILNQ572JLV receivedBy scholar.sunita@iacs.res.in,MAILNQ572JLV
e222,eid3,receivedBy,MAILNQ572JLV receivedBy michael@cs.stanford.edu,MAILNQ572JLV
e222,eid2,receivedBy,MAILNQ572JLV receivedBy ramesh.bhatia@iacs.res.in,MAILNQ572JLV
e223,eid5,receivedBy,MAILE3QKTU5V receivedBy ananya.chatterjee@cs.ox.ac.uk,MAILE3QKTU5V
e223,eid3,receivedBy,MAILE3QKTU5V receivedBy michael@cs.stanford.edu,MAILE3QKTU5V
e223,eid2,receivedBy,MAILE3QKTU5V receivedBy ramesh.bhatia@iacs.res.in,MAILE3QKTU5V
e224,eid5,receivedBy,MAILX7M5F8AP receivedBy ananya.chatterjee@cs.ox.ac.uk,MAILX7M5F8AP
e224,eid1,receivedBy,MAILX7M5F8AP receivedBy scholar.sunita@iacs.res.in,MAILX7M5F8AP
e224,eid2,receivedBy,MAILX7M5F8AP receivedBy ramesh.bhatia@iacs.res.in,MAILX7M5F8AP
e225,eid1,receivedBy,MAILKQ9DHL7S receivedBy scholar.sunita@iacs.res.in,MAILKQ9DHL7S
e225,eid3,receivedBy,MAILKQ9DHL7S receivedBy michael@cs.stanford.edu,MAILKQ9DHL7S
e225,eid2,receivedBy,MAILKQ9DHL7S receivedBy ramesh.bhatia@iacs.res.in,MAILKQ9DHL7S
e226,eid5,receivedBy,MAIL1DZT5XQE receivedBy ananya.chatterjee@cs.ox.ac.uk,MAIL1DZT5XQE
e226,eid1,receivedBy,MAIL1DZT5XQE receivedBy scholar.sunita@iacs.res.in,MAIL1DZT5XQE
e226,eid3,receivedBy,MAIL1DZT5XQE receivedBy michael@cs.stanford.edu,MAIL1DZT5XQE
e227,eid5,receivedBy,MAIL82AXJ9LT receivedBy ananya.chatterjee@cs.ox.ac.uk,MAIL82AXJ9LT
e227,eid3,receivedBy,MAIL82AXJ9LT receivedBy michael@cs.stanford.edu,MAIL82AXJ9LT
e227,eid2,receivedBy,MAIL82AXJ9LT receivedBy ramesh.bhatia@iacs.res.in,MAIL82AXJ9LT
e228,eid1,receivedBy,MAILR873LWX6 receivedBy scholar.sunita@iacs.res.in,MAILR873LWX6
e228,eid5,receivedBy,MAILR873LWX6 receivedBy ananya.chatterjee@cs.ox.ac.uk,MAILR873LWX6
e228,eid2,receivedBy,MAILR873LWX6 receivedBy ramesh.bhatia@iacs.res.in,MAILR873LWX6
e229,eid1,receivedBy,MAILN83Z3YLS receivedBy scholar.sunita@iacs.res.in,MAILN83Z3YLS
e229,eid3,receivedBy,MAILN83Z3YLS receivedBy michael@cs.stanford.edu,MAILN83Z3YLS
e229,eid2,receivedBy,MAILN83Z3YLS receivedBy ramesh.bhatia@iacs.res.in,MAILN83Z3YLS
e230,eid5,receivedBy,MAILD26QZPLB receivedBy ananya.chatterjee@cs.ox.ac.uk,MAILD26QZPLB
e230,eid1,receivedBy,MAILD26QZPLB receivedBy scholar.sunita@iacs.res.in,MAILD26QZPLB
e230,eid3,receivedBy,MAILD26QZPLB receivedBy michael@cs.stanford.edu,MAILD26QZPLB
e231,eid5,receivedBy,MAILS58JG2LU receivedBy ananya.chatterjee@cs.ox.ac.uk,MAILS58JG2LU
e231,eid3,receivedBy,MAILS58JG2LU receivedBy michael@cs.stanford.edu,MAILS58JG2LU
e231,eid2,receivedBy,MAILS58JG2LU receivedBy ramesh.bhatia@iacs.res.in,MAILS58JG2LU
e232,eid1,receivedBy,MAILQB4E93NW receivedBy scholar.sunita@iacs.res.in,MAILQB4E93NW
e232,eid3,receivedBy,MAILQB4E93NW receivedBy michael@cs.stanford.edu,MAILQB4E93NW
e232,eid2,receivedBy,MAILQB4E93NW receivedBy ramesh.bhatia@iacs.res.in,MAILQB4E93NW
e233,eid5,receivedBy,MAILE9QX1W43 receivedBy ananya.chatterjee@cs.ox.ac.uk,MAILE9QX1W43
e233,eid2,receivedBy,MAILE9QX1W43 receivedBy ramesh.bhatia@iacs.res.in,MAILE9QX1W43
e233,eid1,receivedBy,MAILE9QX1W43 receivedBy scholar.sunita@iacs.res.in,MAILE9QX1W43
e233,eid3,receivedBy,MAILE9QX1W43 receivedBy michael@cs.stanford.edu,MAILE9QX1W43
e234,eid5,receivedBy,MAILJ92KLD7P receivedBy ananya.chatterjee@cs.ox.ac.uk,MAILJ92KLD7P
e234,eid2,receivedBy,MAILJ92KLD7P receivedBy ramesh.bhatia@iacs.res.in,MAILJ92KLD7P
e234,eid1,receivedBy,MAILJ92KLD7P receivedBy scholar.sunita@iacs.res.in,MAILJ92KLD7P
e234,eid3,receivedBy,MAILJ92KLD7P receivedBy michael@cs.stanford.edu,MAILJ92KLD7P
e235,eid5,receivedBy,MAIL2XNC51SK receivedBy ananya.chatterjee@cs.ox.ac.uk,MAIL2XNC51SK
e235,eid3,receivedBy,MAIL2XNC51SK receivedBy michael@cs.stanford.edu,MAIL2XNC51SK
e235,eid2,receivedBy,MAIL2XNC51SK receivedBy ramesh.bhatia@iacs.res.in,MAIL2XNC51SK
e236,eid1,receivedBy,MAIL3TSK98RZ receivedBy scholar.sunita@iacs.res.in,MAIL3TSK98RZ
e236,eid2,receivedBy,MAIL3TSK98RZ receivedBy ramesh.bhatia@iacs.res.in,MAIL3TSK98RZ
e236,eid5,receivedBy,MAIL3TSK98RZ receivedBy ananya.chatterjee@cs.ox.ac.uk,MAIL3TSK98RZ
e237,eid1,receivedBy,MAILQ5E7DZJ2 receivedBy scholar.sunita@iacs.res.in,MAILQ5E7DZJ2
e237,eid3,receivedBy,MAILQ5E7DZJ2 receivedBy michael@cs.stanford.edu,MAILQ5E7DZJ2
e237,eid2,receivedBy,MAILQ5E7DZJ2 receivedBy ramesh.bhatia@iacs.res.in,MAILQ5E7DZJ2
e238,eid1,receivedBy,MAILSK3F7P0V receivedBy scholar.sunita@iacs.res.in,MAILSK3F7P0V
e238,eid3,receivedBy,MAILSK3F7P0V receivedBy michael@cs.stanford.edu,MAILSK3F7P0V
e238,eid5,receivedBy,MAILSK3F7P0V receivedBy ananya.chatterjee@cs.ox.ac.uk,MAILSK3F7P0V
e239,eid2,receivedBy,MAILGB5Y21AP receivedBy ramesh.bhatia@iacs.res.in,MAILGB5Y21AP
e239,eid3,receivedBy,MAILGB5Y21AP receivedBy michael@cs.stanford.edu,MAILGB5Y21AP
e239,eid5,receivedBy,MAILGB5Y21AP receivedBy ananya.chatterjee@cs.ox.ac.uk,MAILGB5Y21AP
e240,eid1,receivedBy,MAILNU1SHK7Q receivedBy scholar.sunita@iacs.res.in,MAILNU1SHK7Q
e240,eid2,receivedBy,MAILNU1SHK7Q receivedBy ramesh.bhatia@iacs.res.in,MAILNU1SHK7Q
e240,eid5,receivedBy,MAILNU1SHK7Q receivedBy ananya.chatterjee@cs.ox.ac.uk,MAILNU1SHK7Q
e241,eid2,receivedBy,MAILDK82RPA4 receivedBy ramesh.bhatia@iacs.res.in,MAILDK82RPA4
e241,eid3,receivedBy,MAILDK82RPA4 receivedBy michael@cs.stanford.edu,MAILDK82RPA4
e241,eid5,receivedBy,MAILDK82RPA4 receivedBy ananya.chatterjee@cs.ox.ac.uk,MAILDK82RPA4
e242,eid1,receivedBy,MAILE1JV6PQ3 receivedBy scholar.sunita@iacs.res.in,MAILE1JV6PQ3
e242,eid3,receivedBy,MAILE1JV6PQ3 receivedBy michael@cs.stanford.edu,MAILE1JV6PQ3
e242,eid5,receivedBy,MAILE1JV6PQ3 receivedBy ananya.chatterjee@cs.ox.ac.uk,MAILE1JV6PQ3
e243,eid2,receivedBy,MAILF49J8L2H receivedBy ramesh.bhatia@iacs.res.in,MAILF49J8L2H
e243,eid3,receivedBy,MAILF49J8L2H receivedBy michael@cs.stanford.edu,MAILF49J8L2H
e243,eid5,receivedBy,MAILF49J8L2H receivedBy ananya.chatterjee@cs.ox.ac.uk,MAILF49J8L2H
e244,eid2,receivedBy,MAILHL9F1QX7 receivedBy ramesh.bhatia@iacs.res.in,MAILHL9F1QX7
e244,eid3,receivedBy,MAILHL9F1QX7 receivedBy michael@cs.stanford.edu,MAILHL9F1QX7
e244,eid5,receivedBy,MAILHL9F1QX7 receivedBy ananya.chatterjee@cs.ox.ac.uk,MAILHL9F1QX7
e245,eid1,receivedBy,MAILK2V8RM3D receivedBy scholar.sunita@iacs.res.in,MAILK2V8RM3D
e245,eid2,receivedBy,MAILK2V8RM3D receivedBy ramesh.bhatia@iacs.res.in,MAILK2V8RM3D
e245,eid3,receivedBy,MAILK2V8RM3D receivedBy michael@cs.stanford.edu,MAILK2V8RM3D
e245,eid5,receivedBy,MAILK2V8RM3D receivedBy ananya.chatterjee@cs.ox.ac.uk,MAILK2V8RM3D
e246,eid1,receivedBy,MAIL97YF2KSH receivedBy scholar.sunita@iacs.res.in,MAIL97YF2KSH
e246,eid2,receivedBy,MAIL97YF2KSH receivedBy ramesh.bhatia@iacs.res.in,MAIL97YF2KSH
e246,eid3,receivedBy,MAIL97YF2KSH receivedBy michael@cs.stanford.edu,MAIL97YF2KSH
e246,eid5,receivedBy,MAIL97YF2KSH receivedBy ananya.chatterjee@cs.ox.ac.uk,MAIL97YF2KSH
e247,eid1,receivedBy,MAIL8DPS3BVN receivedBy scholar.sunita@iacs.res.in,MAIL8DPS3BVN
e247,eid2,receivedBy,MAIL8DPS3BVN receivedBy ramesh.bhatia@iacs.res.in,MAIL8DPS3BVN
e247,eid3,receivedBy,MAIL8DPS3BVN receivedBy michael@cs.stanford.edu,MAIL8DPS3BVN
e248,eid2,receivedBy,MAILJ4X8MQT9 receivedBy ramesh.bhatia@iacs.res.in,MAILJ4X8MQT9
e248,eid3,receivedBy,MAILJ4X8MQT9 receivedBy michael@cs.stanford.edu,MAILJ4X8MQT9
e248,eid5,receivedBy,MAILJ4X8MQT9 receivedBy ananya.chatterjee@cs.ox.ac.uk,MAILJ4X8MQT9
e249,eid1,receivedBy,MAILR8N5MCF2 receivedBy scholar.sunita@iacs.res.in,MAILR8N5MCF2
e249,eid2,receivedBy,MAILR8N5MCF2 receivedBy ramesh.bhatia@iacs.res.in,MAILR8N5MCF2
e249,eid5,receivedBy,MAILR8N5MCF2 receivedBy ananya.chatterjee@cs.ox.ac.uk,MAILR8N5MCF2
e250,eid6,receivedBy,MAILU3CVH92B receivedBy jocch@acm.org,MAILU3CVH92B
e250,eid2,receivedBy,MAILU3CVH92B receivedBy ramesh.bhatia@iacs.res.in,MAILU3CVH92B
e250,eid3,receivedBy,MAILU3CVH92B receivedBy michael@cs.stanford.edu,MAILU3CVH92B
e250,eid5,receivedBy,MAILU3CVH92B receivedBy ananya.chatterjee@cs.ox.ac.uk,MAILU3CVH92B
e251,eid1,receivedBy,MAILDE87S4A0 receivedBy scholar.sunita@iacs.res.in,MAILDE87S4A0
e251,eid2,receivedBy,MAILDE87S4A0 receivedBy ramesh.bhatia@iacs.res.in,MAILDE87S4A0
e251,eid3,receivedBy,MAILDE87S4A0 receivedBy michael@cs.stanford.edu,MAILDE87S4A0
e251,eid5,receivedBy,MAILDE87S4A0 receivedBy ananya.chatterjee@cs.ox.ac.uk,MAILDE87S4A0
e252,eid6,receivedBy,MAILX9HM7EN2 receivedBy jocch@acm.org,MAILX9HM7EN2
e252,eid2,receivedBy,MAILX9HM7EN2 receivedBy ramesh.bhatia@iacs.res.in,MAILX9HM7EN2
e252,eid3,receivedBy,MAILX9HM7EN2 receivedBy michael@cs.stanford.edu,MAILX9HM7EN2
e252,eid5,receivedBy,MAILX9HM7EN2 receivedBy ananya.chatterjee@cs.ox.ac.uk,MAILX9HM7EN2
e253,eid1,receivedBy,MAILQ2B7SZMJ receivedBy scholar.sunita@iacs.res.in,MAILQ2B7SZMJ
e253,eid2,receivedBy,MAILQ2B7SZMJ receivedBy ramesh.bhatia@iacs.res.in,MAILQ2B7SZMJ
e253,eid3,receivedBy,MAILQ2B7SZMJ receivedBy michael@cs.stanford.edu,MAILQ2B7SZMJ
e253,eid5,receivedBy,MAILQ2B7SZMJ receivedBy ananya.chatterjee@cs.ox.ac.uk,MAILQ2B7SZMJ
e254,eid1,receivedBy,MAIL1KDZCV2Q receivedBy scholar.sunita@iacs.res.in,MAIL1KDZCV2Q
e254,eid3,receivedBy,MAIL1KDZCV2Q receivedBy michael@cs.stanford.edu,MAIL1KDZCV2Q
e254,eid5,receivedBy,MAIL1KDZCV2Q receivedBy ananya.chatterjee@cs.ox.ac.uk,MAIL1KDZCV2Q
e255,eid2,receivedBy,MAIL7S2DFN4J receivedBy ramesh.bhatia@iacs.res.in,MAIL7S2DFN4J
e255,eid1,receivedBy,MAIL7S2DFN4J receivedBy scholar.sunita@iacs.res.in,MAIL7S2DFN4J
e255,eid3,receivedBy,MAIL7S2DFN4J receivedBy michael@cs.stanford.edu,MAIL7S2DFN4J
e256,eid5,receivedBy,MAILU8F3B2HS receivedBy ananya.chatterjee@cs.ox.ac.uk,MAILU8F3B2HS
e256,eid2,receivedBy,MAILU8F3B2HS receivedBy ramesh.bhatia@iacs.res.in,MAILU8F3B2HS
e256,eid1,receivedBy,MAILU8F3B2HS receivedBy scholar.sunita@iacs.res.in,MAILU8F3B2HS
e257,eid3,receivedBy,MAILF7R6P1XZ receivedBy michael@cs.stanford.edu,MAILF7R6P1XZ
e257,eid5,receivedBy,MAILF7R6P1XZ receivedBy ananya.chatterjee@cs.ox.ac.uk,MAILF7R6P1XZ
e257,eid2,receivedBy,MAILF7R6P1XZ receivedBy ramesh.bhatia@iacs.res.in,MAILF7R6P1XZ
e258,eid3,receivedBy,MAIL3AL8V2XQ receivedBy michael@cs.stanford.edu,MAIL3AL8V2XQ
e258,eid1,receivedBy,MAIL3AL8V2XQ receivedBy scholar.sunita@iacs.res.in,MAIL3AL8V2XQ
e258,eid2,receivedBy,MAIL3AL8V2XQ receivedBy ramesh.bhatia@iacs.res.in,MAIL3AL8V2XQ
e259,eid5,receivedBy,MAILJ9QL47AW receivedBy ananya.chatterjee@cs.ox.ac.uk,MAILJ9QL47AW
e259,eid3,receivedBy,MAILJ9QL47AW receivedBy michael@cs.stanford.edu,MAILJ9QL47AW
e259,eid1,receivedBy,MAILJ9QL47AW receivedBy scholar.sunita@iacs.res.in,MAILJ9QL47AW
e260,eid2,receivedBy,MAILZ4R2TN6F receivedBy ramesh.bhatia@iacs.res.in,MAILZ4R2TN6F
e260,eid5,receivedBy,MAILZ4R2TN6F receivedBy ananya.chatterjee@cs.ox.ac.uk,MAILZ4R2TN6F
e260,eid1,receivedBy,MAILZ4R2TN6F receivedBy scholar.sunita@iacs.res.in,MAILZ4R2TN6F
e261,eid3,receivedBy,MAILR3S6BZ1P receivedBy michael@cs.stanford.edu,MAILR3S6BZ1P
e261,eid2,receivedBy,MAILR3S6BZ1P receivedBy ramesh.bhatia@iacs.res.in,MAILR3S6BZ1P
e261,eid5,receivedBy,MAILR3S6BZ1P receivedBy ananya.chatterjee@cs.ox.ac.uk,MAILR3S6BZ1P
e262,eid1,receivedBy,MAILSX28F5KL receivedBy scholar.sunita@iacs.res.in,MAILSX28F5KL
e262,eid3,receivedBy,MAILSX28F5KL receivedBy michael@cs.stanford.edu,MAILSX28F5KL
e262,eid2,receivedBy,MAILSX28F5KL receivedBy ramesh.bhatia@iacs.res.in,MAILSX28F5KL
e263,eid3,receivedBy,MAILAWJX27YM receivedBy michael@cs.stanford.edu,MAILAWJX27YM
e263,eid5,receivedBy,MAILAWJX27YM receivedBy ananya.chatterjee@cs.ox.ac.uk,MAILAWJX27YM
e263,eid2,receivedBy,MAILAWJX27YM receivedBy ramesh.bhatia@iacs.res.in,MAILAWJX27YM
e264,eid1,receivedBy,MAILY6E8VB2S receivedBy scholar.sunita@iacs.res.in,MAILY6E8VB2S
e264,eid5,receivedBy,MAILY6E8VB2S receivedBy ananya.chatterjee@cs.ox.ac.uk,MAILY6E8VB2S
e264,eid2,receivedBy,MAILY6E8VB2S receivedBy ramesh.bhatia@iacs.res.in,MAILY6E8VB2S
e265,eid5,receivedBy,MAILBG4W5KQT receivedBy ananya.chatterjee@cs.ox.ac.uk,MAILBG4W5KQT
e265,eid3,receivedBy,MAILBG4W5KQT receivedBy michael@cs.stanford.edu,MAILBG4W5KQT
e265,eid2,receivedBy,MAILBG4W5KQT receivedBy ramesh.bhatia@iacs.res.in,MAILBG4W5KQT
e266,eid1,receivedBy,MAILQZX58J9L receivedBy scholar.sunita@iacs.res.in,MAILQZX58J9L
e266,eid3,receivedBy,MAILQZX58J9L receivedBy michael@cs.stanford.edu,MAILQZX58J9L
e266,eid2,receivedBy,MAILQZX58J9L receivedBy ramesh.bhatia@iacs.res.in,MAILQZX58J9L
e267,eid5,receivedBy,MAILE8G5NZ0R receivedBy ananya.chatterjee@cs.ox.ac.uk,MAILE8G5NZ0R
e267,eid1,receivedBy,MAILE8G5NZ0R receivedBy scholar.sunita@iacs.res.in,MAILE8G5NZ0R
e267,eid2,receivedBy,MAILE8G5NZ0R receivedBy ramesh.bhatia@iacs.res.in,MAILE8G5NZ0R
e268,eid3,receivedBy,MAIL44VF1S8P receivedBy michael@cs.stanford.edu,MAIL44VF1S8P
e268,eid5,receivedBy,MAIL44VF1S8P receivedBy ananya.chatterjee@cs.ox.ac.uk,MAIL44VF1S8P
e268,eid2,receivedBy,MAIL44VF1S8P receivedBy ramesh.bhatia@iacs.res.in,MAIL44VF1S8P
e269,eid1,receivedBy,MAILJ4FBX6ZT receivedBy scholar.sunita@iacs.res.in,MAILJ4FBX6ZT
e269,eid5,receivedBy,MAILJ4FBX6ZT receivedBy ananya.chatterjee@cs.ox.ac.uk,MAILJ4FBX6ZT
e269,eid3,receivedBy,MAILJ4FBX6ZT receivedBy michael@cs.stanford.edu,MAILJ4FBX6ZT
e270,eid2,receivedBy,MAIL2QZR75GS receivedBy ramesh.bhatia@iacs.res.in,MAIL2QZR75GS
e270,eid1,receivedBy,MAIL2QZR75GS receivedBy scholar.sunita@iacs.res.in,MAIL2QZR75GS
e270,eid3,receivedBy,MAIL2QZR75GS receivedBy michael@cs.stanford.edu,MAIL2QZR75GS
e271,eid5,receivedBy,MAILWY38KP1N receivedBy ananya.chatterjee@cs.ox.ac.uk,MAILWY38KP1N
e271,eid2,receivedBy,MAILWY38KP1N receivedBy ramesh.bhatia@iacs.res.in,MAILWY38KP1N
e271,eid3,receivedBy,MAILWY38KP1N receivedBy michael@cs.stanford.edu,MAILWY38KP1N
e272,eid1,receivedBy,MAIL3PNZX8RS receivedBy scholar.sunita@iacs.res.in,MAIL3PNZX8RS
e272,eid5,receivedBy,MAIL3PNZX8RS receivedBy ananya.chatterjee@cs.ox.ac.uk,MAIL3PNZX8RS
e272,eid2,receivedBy,MAIL3PNZX8RS receivedBy ramesh.bhatia@iacs.res.in,MAIL3PNZX8RS
e273,eid1,receivedBy,MAILC9G8PYQ3 receivedBy scholar.sunita@iacs.res.in,MAILC9G8PYQ3
e273,eid5,receivedBy,MAILC9G8PYQ3 receivedBy ananya.chatterjee@cs.ox.ac.uk,MAILC9G8PYQ3
e273,eid3,receivedBy,MAILC9G8PYQ3 receivedBy michael@cs.stanford.edu,MAILC9G8PYQ3
e274,eid2,receivedBy,MAILNQ9BX47S receivedBy ramesh.bhatia@iacs.res.in,MAILNQ9BX47S
e274,eid3,receivedBy,MAILNQ9BX47S receivedBy michael@cs.stanford.edu,MAILNQ9BX47S
e274,eid5,receivedBy,MAILNQ9BX47S receivedBy ananya.chatterjee@cs.ox.ac.uk,MAILNQ9BX47S
e275,eid1,receivedBy,MAILE839T6Q5 receivedBy scholar.sunita@iacs.res.in,MAILE839T6Q5
e275,eid2,receivedBy,MAILE839T6Q5 receivedBy ramesh.bhatia@iacs.res.in,MAILE839T6Q5
e275,eid3,receivedBy,MAILE839T6Q5 receivedBy michael@cs.stanford.edu,MAILE839T6Q5
e276,eid1,receivedBy,MAILZXC943FD receivedBy scholar.sunita@iacs.res.in,MAILZXC943FD
e276,eid5,receivedBy,MAILZXC943FD receivedBy ananya.chatterjee@cs.ox.ac.uk,MAILZXC943FD
e276,eid2,receivedBy,MAILZXC943FD receivedBy ramesh.bhatia@iacs.res.in,MAILZXC943FD
e277,eid3,receivedBy,MAIL46DBNOQ2 receivedBy michael@cs.stanford.edu,MAIL46DBNOQ2
e277,eid5,receivedBy,MAIL46DBNOQ2 receivedBy ananya.chatterjee@cs.ox.ac.uk,MAIL46DBNOQ2
e277,eid2,receivedBy,MAIL46DBNOQ2 receivedBy ramesh.bhatia@iacs.res.in,MAIL46DBNOQ2
e278,eid1,receivedBy,MAIL2X93KLQP receivedBy scholar.sunita@iacs.res.in,MAIL2X93KLQP
e278,eid3,receivedBy,MAIL2X93KLQP receivedBy michael@cs.stanford.edu,MAIL2X93KLQP
e278,eid5,receivedBy,MAIL2X93KLQP receivedBy ananya.chatterjee@cs.ox.ac.uk,MAIL2X93KLQP
e279,eid2,receivedBy,MAILWL3UFZ84 receivedBy ramesh.bhatia@iacs.res.in,MAILWL3UFZ84
e279,eid3,receivedBy,MAILWL3UFZ84 receivedBy michael@cs.stanford.edu,MAILWL3UFZ84
e279,eid5,receivedBy,MAILWL3UFZ84 receivedBy ananya.chatterjee@cs.ox.ac.uk,MAILWL3UFZ84
e280,eid1,receivedBy,MAILGB94V1KT receivedBy scholar.sunita@iacs.res.in,MAILGB94V1KT
e280,eid2,receivedBy,MAILGB94V1KT receivedBy ramesh.bhatia@iacs.res.in,MAILGB94V1KT
e280,eid3,receivedBy,MAILGB94V1KT receivedBy michael@cs.stanford.edu,MAILGB94V1KT
e281,eid1,receivedBy,MAIL68BNSKW3 receivedBy scholar.sunita@iacs.res.in,MAIL68BNSKW3
e281,eid2,receivedBy,MAIL68BNSKW3 receivedBy ramesh.bhatia@iacs.res.in,MAIL68BNSKW3
e281,eid5,receivedBy,MAIL68BNSKW3 receivedBy ananya.chatterjee@cs.ox.ac.uk,MAIL68BNSKW3
e282,eid1,receivedBy,MAIL2XT94GQ1 receivedBy scholar.sunita@iacs.res.in,MAIL2XT94GQ1
e282,eid3,receivedBy,MAIL2XT94GQ1 receivedBy michael@cs.stanford.edu,MAIL2XT94GQ1
e282,eid5,receivedBy,MAIL2XT94GQ1 receivedBy ananya.chatterjee@cs.ox.ac.uk,MAIL2XT94GQ1
e283,eid2,receivedBy,MAILE94JK21Z receivedBy ramesh.bhatia@iacs.res.in,MAILE94JK21Z
e283,eid3,receivedBy,MAILE94JK21Z receivedBy michael@cs.stanford.edu,MAILE94JK21Z
e283,eid5,receivedBy,MAILE94JK21Z receivedBy ananya.chatterjee@cs.ox.ac.uk,MAILE94JK21Z
e284,eid2,receivedBy,MAILSZ8KQPL2 receivedBy ramesh.bhatia@iacs.res.in,MAILSZ8KQPL2
e284,eid1,receivedBy,MAILSZ8KQPL2 receivedBy scholar.sunita@iacs.res.in,MAILSZ8KQPL2
e284,eid3,receivedBy,MAILSZ8KQPL2 receivedBy michael@cs.stanford.edu,MAILSZ8KQPL2
e285,eid1,receivedBy,MAILUB4J6X3K receivedBy scholar.sunita@iacs.res.in,MAILUB4J6X3K
e285,eid2,receivedBy,MAILUB4J6X3K receivedBy ramesh.bhatia@iacs.res.in,MAILUB4J6X3K
e285,eid5,receivedBy,MAILUB4J6X3K receivedBy ananya.chatterjee@cs.ox.ac.uk,MAILUB4J6X3K
e286,eid1,receivedBy,MAIL5QK72NJS receivedBy scholar.sunita@iacs.res.in,MAIL5QK72NJS
e286,eid3,receivedBy,MAIL5QK72NJS receivedBy michael@cs.stanford.edu,MAIL5QK72NJS
e286,eid5,receivedBy,MAIL5QK72NJS receivedBy ananya.chatterjee@cs.ox.ac.uk,MAIL5QK72NJS
e287,eid2,receivedBy,MAIL84GSYMT5 receivedBy ramesh.bhatia@iacs.res.in,MAIL84GSYMT5
e287,eid3,receivedBy,MAIL84GSYMT5 receivedBy michael@cs.stanford.edu,MAIL84GSYMT5
e287,eid5,receivedBy,MAIL84GSYMT5 receivedBy ananya.chatterjee@cs.ox.ac.uk,MAIL84GSYMT5
e288,eid1,receivedBy,MAILE12CRJK9 receivedBy scholar.sunita@iacs.res.in,MAILE12CRJK9
e288,eid2,receivedBy,MAILE12CRJK9 receivedBy ramesh.bhatia@iacs.res.in,MAILE12CRJK9
e288,eid5,receivedBy,MAILE12CRJK9 receivedBy ananya.chatterjee@cs.ox.ac.uk,MAILE12CRJK9
e289,eid1,receivedBy,MAIL3PXVZ78A receivedBy scholar.sunita@iacs.res.in,MAIL3PXVZ78A
e289,eid2,receivedBy,MAIL3PXVZ78A receivedBy ramesh.bhatia@iacs.res.in,MAIL3PXVZ78A
e289,eid3,receivedBy,MAIL3PXVZ78A receivedBy michael@cs.stanford.edu,MAIL3PXVZ78A
e290,eid1,receivedBy,MAILZX92EPC3 receivedBy scholar.sunita@iacs.res.in,MAILZX92EPC3
e290,eid3,receivedBy,MAILZX92EPC3 receivedBy michael@cs.stanford.edu,MAILZX92EPC3
e290,eid5,receivedBy,MAILZX92EPC3 receivedBy ananya.chatterjee@cs.ox.ac.uk,MAILZX92EPC3
e291,eid2,receivedBy,MAILXQ9821LM receivedBy ramesh.bhatia@iacs.res.in,MAILXQ9821LM
e291,eid3,receivedBy,MAILXQ9821LM receivedBy michael@cs.stanford.edu,MAILXQ9821LM
e291,eid5,receivedBy,MAILXQ9821LM receivedBy ananya.chatterjee@cs.ox.ac.uk,MAILXQ9821LM
e292,eid1,receivedBy,MAIL72GZFEM6 receivedBy scholar.sunita@iacs.res.in,MAIL72GZFEM6
e292,eid2,receivedBy,MAIL72GZFEM6 receivedBy ramesh.bhatia@iacs.res.in,MAIL72GZFEM6
e292,eid5,receivedBy,MAIL72GZFEM6 receivedBy ananya.chatterjee@cs.ox.ac.uk,MAIL72GZFEM6
e293,eid3,receivedBy,MAILE42V7BQN receivedBy michael@cs.stanford.edu,MAILE42V7BQN
e293,eid1,receivedBy,MAILE42V7BQN receivedBy scholar.sunita@iacs.res.in,MAILE42V7BQN
e293,eid2,receivedBy,MAILE42V7BQN receivedBy ramesh.bhatia@iacs.res.in,MAILE42V7BQN
e294,eid5,receivedBy,MAIL5LQ1X08B receivedBy ananya.chatterjee@cs.ox.ac.uk,MAIL5LQ1X08B
e294,eid3,receivedBy,MAIL5LQ1X08B receivedBy michael@cs.stanford.edu,MAIL5LQ1X08B
e294,eid1,receivedBy,MAIL5LQ1X08B receivedBy scholar.sunita@iacs.res.in,MAIL5LQ1X08B
e295,eid2,receivedBy,MAILR7Q4W2JZ receivedBy ramesh.bhatia@iacs.res.in,MAILR7Q4W2JZ
e295,eid3,receivedBy,MAILR7Q4W2JZ receivedBy michael@cs.stanford.edu,MAILR7Q4W2JZ
e295,eid5,receivedBy,MAILR7Q4W2JZ receivedBy ananya.chatterjee@cs.ox.ac.uk,MAILR7Q4W2JZ
e296,eid1,receivedBy,MAIL892JSQKL receivedBy scholar.sunita@iacs.res.in,MAIL892JSQKL
e296,eid2,receivedBy,MAIL892JSQKL receivedBy ramesh.bhatia@iacs.res.in,MAIL892JSQKL
e296,eid5,receivedBy,MAIL892JSQKL receivedBy ananya.chatterjee@cs.ox.ac.uk,MAIL892JSQKL
e297,eid3,receivedBy,MAILV2HN9P1K receivedBy michael@cs.stanford.edu,MAILV2HN9P1K
e297,eid1,receivedBy,MAILV2HN9P1K receivedBy scholar.sunita@iacs.res.in,MAILV2HN9P1K
e297,eid2,receivedBy,MAILV2HN9P1K receivedBy ramesh.bhatia@iacs.res.in,MAILV2HN9P1K
e298,eid3,receivedBy,MAILK8L0W3XD receivedBy michael@cs.stanford.edu,MAILK8L0W3XD
e298,eid5,receivedBy,MAILK8L0W3XD receivedBy ananya.chatterjee@cs.ox.ac.uk,MAILK8L0W3XD
e298,eid2,receivedBy,MAILK8L0W3XD receivedBy ramesh.bhatia@iacs.res.in,MAILK8L0W3XD
e299,eid1,receivedBy,MAILXU59T0SH receivedBy scholar.sunita@iacs.res.in,MAILXU59T0SH
e299,eid3,receivedBy,MAILXU59T0SH receivedBy michael@cs.stanford.edu,MAILXU59T0SH
e299,eid5,receivedBy,MAILXU59T0SH receivedBy ananya.chatterjee@cs.ox.ac.uk,MAILXU59T0SH
e300,eid1,receivedBy,MAILN4ZD8JQE receivedBy scholar.sunita@iacs.res.in,MAILN4ZD8JQE
e300,eid2,receivedBy,MAILN4ZD8JQE receivedBy ramesh.bhatia@iacs.res.in,MAILN4ZD8JQE
e300,eid5,receivedBy,MAILN4ZD8JQE receivedBy ananya.chatterjee@cs.ox.ac.uk,MAILN4ZD8JQE
e301,eid3,receivedBy,MAIL3U8F7OCR receivedBy michael@cs.stanford.edu,MAIL3U8F7OCR
e301,eid1,receivedBy,MAIL3U8F7OCR receivedBy scholar.sunita@iacs.res.in,MAIL3U8F7OCR
e301,eid2,receivedBy,MAIL3U8F7OCR receivedBy ramesh.bhatia@iacs.res.in,MAIL3U8F7OCR
e302,eid3,receivedBy,MAILJ87KC3PQ receivedBy michael@cs.stanford.edu,MAILJ87KC3PQ
e302,eid5,receivedBy,MAILJ87KC3PQ receivedBy ananya.chatterjee@cs.ox.ac.uk,MAILJ87KC3PQ
e302,eid2,receivedBy,MAILJ87KC3PQ receivedBy ramesh.bhatia@iacs.res.in,MAILJ87KC3PQ
e303,eid1,receivedBy,MAILEP0QZ7L2 receivedBy scholar.sunita@iacs.res.in,MAILEP0QZ7L2
e303,eid3,receivedBy,MAILEP0QZ7L2 receivedBy michael@cs.stanford.edu,MAILEP0QZ7L2
e303,eid5,receivedBy,MAILEP0QZ7L2 receivedBy ananya.chatterjee@cs.ox.ac.uk,MAILEP0QZ7L2
e304,eid1,receivedBy,MAIL5YXW3GVT receivedBy scholar.sunita@iacs.res.in,MAIL5YXW3GVT
e304,eid2,receivedBy,MAIL5YXW3GVT receivedBy ramesh.bhatia@iacs.res.in,MAIL5YXW3GVT
e304,eid5,receivedBy,MAIL5YXW3GVT receivedBy ananya.chatterjee@cs.ox.ac.uk,MAIL5YXW3GVT
e305,eid3,receivedBy,MAILLM21K4TF receivedBy michael@cs.stanford.edu,MAILLM21K4TF
e305,eid1,receivedBy,MAILLM21K4TF receivedBy scholar.sunita@iacs.res.in,MAILLM21K4TF
e305,eid2,receivedBy,MAILLM21K4TF receivedBy ramesh.bhatia@iacs.res.in,MAILLM21K4TF
e306,eid3,receivedBy,MAILLX9T7VJ3 receivedBy michael@cs.stanford.edu,MAILLX9T7VJ3
e306,eid2,receivedBy,MAILLX9T7VJ3 receivedBy ramesh.bhatia@iacs.res.in,MAILLX9T7VJ3
e306,eid5,receivedBy,MAILLX9T7VJ3 receivedBy ananya.chatterjee@cs.ox.ac.uk,MAILLX9T7VJ3
e307,eid1,receivedBy,MAILE8G5JV72 receivedBy scholar.sunita@iacs.res.in,MAILE8G5JV72
e307,eid2,receivedBy,MAILE8G5JV72 receivedBy ramesh.bhatia@iacs.res.in,MAILE8G5JV72
e307,eid5,receivedBy,MAILE8G5JV72 receivedBy ananya.chatterjee@cs.ox.ac.uk,MAILE8G5JV72
e308,eid1,receivedBy,MAIL97FQPJ2X receivedBy scholar.sunita@iacs.res.in,MAIL97FQPJ2X
e308,eid3,receivedBy,MAIL97FQPJ2X receivedBy michael@cs.stanford.edu,MAIL97FQPJ2X
e308,eid5,receivedBy,MAIL97FQPJ2X receivedBy ananya.chatterjee@cs.ox.ac.uk,MAIL97FQPJ2X
e309,eid1,receivedBy,MAILT2K1X8QP receivedBy scholar.sunita@iacs.res.in,MAILT2K1X8QP
e309,eid3,receivedBy,MAILT2K1X8QP receivedBy michael@cs.stanford.edu,MAILT2K1X8QP
e309,eid2,receivedBy,MAILT2K1X8QP receivedBy ramesh.bhatia@iacs.res.in,MAILT2K1X8QP
e310,eid5,receivedBy,MAILJNQ82SLA receivedBy ananya.chatterjee@cs.ox.ac.uk,MAILJNQ82SLA
e310,eid3,receivedBy,MAILJNQ82SLA receivedBy michael@cs.stanford.edu,MAILJNQ82SLA
e310,eid2,receivedBy,MAILJNQ82SLA receivedBy ramesh.bhatia@iacs.res.in,MAILJNQ82SLA
e311,eid1,receivedBy,MAILWQ3E1F7V receivedBy scholar.sunita@iacs.res.in,MAILWQ3E1F7V
e311,eid5,receivedBy,MAILWQ3E1F7V receivedBy ananya.chatterjee@cs.ox.ac.uk,MAILWQ3E1F7V
e311,eid3,receivedBy,MAILWQ3E1F7V receivedBy michael@cs.stanford.edu,MAILWQ3E1F7V
e312,eid1,receivedBy,MAILA5KP7QTB receivedBy scholar.sunita@iacs.res.in,MAILA5KP7QTB
e312,eid2,receivedBy,MAILA5KP7QTB receivedBy ramesh.bhatia@iacs.res.in,MAILA5KP7QTB
e312,eid5,receivedBy,MAILA5KP7QTB receivedBy ananya.chatterjee@cs.ox.ac.uk,MAILA5KP7QTB
e313,eid3,receivedBy,MAILYG5U2PDM receivedBy michael@cs.stanford.edu,MAILYG5U2PDM
e313,eid2,receivedBy,MAILYG5U2PDM receivedBy ramesh.bhatia@iacs.res.in,MAILYG5U2PDM
e313,eid5,receivedBy,MAILYG5U2PDM receivedBy ananya.chatterjee@cs.ox.ac.uk,MAILYG5U2PDM
e314,eid1,receivedBy,MAIL52NVGKR3 receivedBy scholar.sunita@iacs.res.in,MAIL52NVGKR3
e314,eid2,receivedBy,MAIL52NVGKR3 receivedBy ramesh.bhatia@iacs.res.in,MAIL52NVGKR3
e314,eid3,receivedBy,MAIL52NVGKR3 receivedBy michael@cs.stanford.edu,MAIL52NVGKR3
e315,eid1,receivedBy,MAILK7Q3DJPA receivedBy scholar.sunita@iacs.res.in,MAILK7Q3DJPA
e315,eid5,receivedBy,MAILK7Q3DJPA receivedBy ananya.chatterjee@cs.ox.ac.uk,MAILK7Q3DJPA
e315,eid3,receivedBy,MAILK7Q3DJPA receivedBy michael@cs.stanford.edu,MAILK7Q3DJPA
e316,eid2,receivedBy,MAILS9CK37PB receivedBy ramesh.bhatia@iacs.res.in,MAILS9CK37PB
e316,eid5,receivedBy,MAILS9CK37PB receivedBy ananya.chatterjee@cs.ox.ac.uk,MAILS9CK37PB
e316,eid3,receivedBy,MAILS9CK37PB receivedBy michael@cs.stanford.edu,MAILS9CK37PB
e317,eid1,receivedBy,MAILE8LF9SYW receivedBy scholar.sunita@iacs.res.in,MAILE8LF9SYW
e317,eid2,receivedBy,MAILE8LF9SYW receivedBy ramesh.bhatia@iacs.res.in,MAILE8LF9SYW
e317,eid5,receivedBy,MAILE8LF9SYW receivedBy ananya.chatterjee@cs.ox.ac.uk,MAILE8LF9SYW
e318,eid2,receivedBy,MAILBG5C29QT receivedBy ramesh.bhatia@iacs.res.in,MAILBG5C29QT
e318,eid3,receivedBy,MAILBG5C29QT receivedBy michael@cs.stanford.edu,MAILBG5C29QT
e318,eid5,receivedBy,MAILBG5C29QT receivedBy ananya.chatterjee@cs.ox.ac.uk,MAILBG5C29QT
e319,eid1,receivedBy,MAILU7ZT14MB receivedBy scholar.sunita@iacs.res.in,MAILU7ZT14MB
e319,eid2,receivedBy,MAILU7ZT14MB receivedBy ramesh.bhatia@iacs.res.in,MAILU7ZT14MB
e319,eid3,receivedBy,MAILU7ZT14MB receivedBy michael@cs.stanford.edu,MAILU7ZT14MB
e319,eid5,receivedBy,MAILU7ZT14MB receivedBy ananya.chatterjee@cs.ox.ac.uk,MAILU7ZT14MB
e320,eid1,receivedBy,MAILG8B2MJK9 receivedBy scholar.sunita@iacs.res.in,MAILG8B2MJK9
e320,eid2,receivedBy,MAILG8B2MJK9 receivedBy ramesh.bhatia@iacs.res.in,MAILG8B2MJK9
e320,eid3,receivedBy,MAILG8B2MJK9 receivedBy michael@cs.stanford.edu,MAILG8B2MJK9
e320,eid5,receivedBy,MAILG8B2MJK9 receivedBy ananya.chatterjee@cs.ox.ac.uk,MAILG8B2MJK9
e321,eid2,receivedBy,MAILVS849QPL receivedBy ramesh.bhatia@iacs.res.in,MAILVS849QPL
e321,eid3,receivedBy,MAILVS849QPL receivedBy michael@cs.stanford.edu,MAILVS849QPL
e321,eid5,receivedBy,MAILVS849QPL receivedBy ananya.chatterjee@cs.ox.ac.uk,MAILVS849QPL
e322,eid1,receivedBy,MAIL93N5XELV receivedBy scholar.sunita@iacs.res.in,MAIL93N5XELV
e322,eid2,receivedBy,MAIL93N5XELV receivedBy ramesh.bhatia@iacs.res.in,MAIL93N5XELV
e322,eid5,receivedBy,MAIL93N5XELV receivedBy ananya.chatterjee@cs.ox.ac.uk,MAIL93N5XELV
e323,eid1,receivedBy,MAILHY4QLG28 receivedBy scholar.sunita@iacs.res.in,MAILHY4QLG28
e323,eid2,receivedBy,MAILHY4QLG28 receivedBy ramesh.bhatia@iacs.res.in,MAILHY4QLG28
e323,eid3,receivedBy,MAILHY4QLG28 receivedBy michael@cs.stanford.edu,MAILHY4QLG28
e324,eid1,receivedBy,MAILF2MN5GQ7 receivedBy scholar.sunita@iacs.res.in,MAILF2MN5GQ7
e324,eid3,receivedBy,MAILF2MN5GQ7 receivedBy michael@cs.stanford.edu,MAILF2MN5GQ7
e324,eid5,receivedBy,MAILF2MN5GQ7 receivedBy ananya.chatterjee@cs.ox.ac.uk,MAILF2MN5GQ7
e325,eid2,receivedBy,MAILT19GBXE3 receivedBy ramesh.bhatia@iacs.res.in,MAILT19GBXE3
e325,eid3,receivedBy,MAILT19GBXE3 receivedBy michael@cs.stanford.edu,MAILT19GBXE3
e325,eid5,receivedBy,MAILT19GBXE3 receivedBy ananya.chatterjee@cs.ox.ac.uk,MAILT19GBXE3
e326,eid2,receivedBy,MAIL7VGD2NHK receivedBy ramesh.bhatia@iacs.res.in,MAIL7VGD2NHK
e326,eid3,receivedBy,MAIL7VGD2NHK receivedBy michael@cs.stanford.edu,MAIL7VGD2NHK
e326,eid5,receivedBy,MAIL7VGD2NHK receivedBy ananya.chatterjee@cs.ox.ac.uk,MAIL7VGD2NHK
e327,eid2,receivedBy,MAILEQF9GH56 receivedBy ramesh.bhatia@iacs.res.in,MAILEQF9GH56
e327,eid3,receivedBy,MAILEQF9GH56 receivedBy michael@cs.stanford.edu,MAILEQF9GH56
e327,eid5,receivedBy,MAILEQF9GH56 receivedBy ananya.chatterjee@cs.ox.ac.uk,MAILEQF9GH56
e328,eid1,receivedBy,MAILK1MC7PL9 receivedBy scholar.sunita@iacs.res.in,MAILK1MC7PL9
e328,eid2,receivedBy,MAILK1MC7PL9 receivedBy ramesh.bhatia@iacs.res.in,MAILK1MC7PL9
e328,eid5,receivedBy,MAILK1MC7PL9 receivedBy ananya.chatterjee@cs.ox.ac.uk,MAILK1MC7PL9
e329,eid2,receivedBy,MAILD7CHP416 receivedBy ramesh.bhatia@iacs.res.in,MAILD7CHP416
e329,eid3,receivedBy,MAILD7CHP416 receivedBy michael@cs.stanford.edu,MAILD7CHP416
e329,eid5,receivedBy,MAILD7CHP416 receivedBy ananya.chatterjee@cs.ox.ac.uk,MAILD7CHP416
e330,eid1,receivedBy,MAIL8ZHF23QX receivedBy scholar.sunita@iacs.res.in,MAIL8ZHF23QX
e330,eid3,receivedBy,MAIL8ZHF23QX receivedBy michael@cs.stanford.edu,MAIL8ZHF23QX
e330,eid5,receivedBy,MAIL8ZHF23QX receivedBy ananya.chatterjee@cs.ox.ac.uk,MAIL8ZHF23QX
e331,eid1,receivedBy,MAIL56RZ3N2L receivedBy scholar.sunita@iacs.res.in,MAIL56RZ3N2L
e331,eid2,receivedBy,MAIL56RZ3N2L receivedBy ramesh.bhatia@iacs.res.in,MAIL56RZ3N2L
e331,eid3,receivedBy,MAIL56RZ3N2L receivedBy michael@cs.stanford.edu,MAIL56RZ3N2L
e332,eid2,receivedBy,MAILJR8H24YQ receivedBy ramesh.bhatia@iacs.res.in,MAILJR8H24YQ
e332,eid3,receivedBy,MAILJR8H24YQ receivedBy michael@cs.stanford.edu,MAILJR8H24YQ
e332,eid5,receivedBy,MAILJR8H24YQ receivedBy ananya.chatterjee@cs.ox.ac.uk,MAILJR8H24YQ
e333,eid1,receivedBy,MAILY5U3QJ17 receivedBy scholar.sunita@iacs.res.in,MAILY5U3QJ17
e333,eid3,receivedBy,MAILY5U3QJ17 receivedBy michael@cs.stanford.edu,MAILY5U3QJ17
e333,eid5,receivedBy,MAILY5U3QJ17 receivedBy ananya.chatterjee@cs.ox.ac.uk,MAILY5U3QJ17
e334,eid1,receivedBy,MAIL3UPLKYGX receivedBy scholar.sunita@iacs.res.in,MAIL3UPLKYGX
e334,eid2,receivedBy,MAIL3UPLKYGX receivedBy ramesh.bhatia@iacs.res.in,MAIL3UPLKYGX
e334,eid5,receivedBy,MAIL3UPLKYGX receivedBy ananya.chatterjee@cs.ox.ac.uk,MAIL3UPLKYGX
e335,eid1,receivedBy,MAIL9A4SJXTB receivedBy scholar.sunita@iacs.res.in,MAIL9A4SJXTB
e335,eid2,receivedBy,MAIL9A4SJXTB receivedBy ramesh.bhatia@iacs.res.in,MAIL9A4SJXTB
e335,eid3,receivedBy,MAIL9A4SJXTB receivedBy michael@cs.stanford.edu,MAIL9A4SJXTB
e336,eid2,receivedBy,MAILME2NFXQG receivedBy ramesh.bhatia@iacs.res.in,MAILME2NFXQG
e336,eid3,receivedBy,MAILME2NFXQG receivedBy michael@cs.stanford.edu,MAILME2NFXQG
e336,eid5,receivedBy,MAILME2NFXQG receivedBy ananya.chatterjee@cs.ox.ac.uk,MAILME2NFXQG
e337,eid1,receivedBy,MAILEU947XCF receivedBy scholar.sunita@iacs.res.in,MAILEU947XCF
e337,eid2,receivedBy,MAILEU947XCF receivedBy ramesh.bhatia@iacs.res.in,MAILEU947XCF
e337,eid3,receivedBy,MAILEU947XCF receivedBy michael@cs.stanford.edu,MAILEU947XCF
e337,eid5,receivedBy,MAILEU947XCF receivedBy ananya.chatterjee@cs.ox.ac.uk,MAILEU947XCF
e338,eid1,receivedBy,MAILJT49DFXQ receivedBy scholar.sunita@iacs.res.in,MAILJT49DFXQ
e338,eid2,receivedBy,MAILJT49DFXQ receivedBy ramesh.bhatia@iacs.res.in,MAILJT49DFXQ
e338,eid3,receivedBy,MAILJT49DFXQ receivedBy michael@cs.stanford.edu,MAILJT49DFXQ
e338,eid5,receivedBy,MAILJT49DFXQ receivedBy ananya.chatterjee@cs.ox.ac.uk,MAILJT49DFXQ
e339,eid13,receivedBy,MAILK57YWXQJ receivedBy acl2021@softconf.com,MAILK57YWXQJ
e339,eid2,receivedBy,MAILK57YWXQJ receivedBy ramesh.bhatia@iacs.res.in,MAILK57YWXQJ
e339,eid3,receivedBy,MAILK57YWXQJ receivedBy michael@cs.stanford.edu,MAILK57YWXQJ
e339,eid5,receivedBy,MAILK57YWXQJ receivedBy ananya.chatterjee@cs.ox.ac.uk,MAILK57YWXQJ
e340,eid1,receivedBy,MAILLY43FSTP receivedBy scholar.sunita@iacs.res.in,MAILLY43FSTP
e340,eid2,receivedBy,MAILLY43FSTP receivedBy ramesh.bhatia@iacs.res.in,MAILLY43FSTP
e340,eid3,receivedBy,MAILLY43FSTP receivedBy michael@cs.stanford.edu,MAILLY43FSTP
e340,eid5,receivedBy,MAILLY43FSTP receivedBy ananya.chatterjee@cs.ox.ac.uk,MAILLY43FSTP
e341,eid1,receivedBy,MAILQU62SKVL receivedBy scholar.sunita@iacs.res.in,MAILQU62SKVL
e341,eid2,receivedBy,MAILQU62SKVL receivedBy ramesh.bhatia@iacs.res.in,MAILQU62SKVL
e341,eid3,receivedBy,MAILQU62SKVL receivedBy michael@cs.stanford.edu,MAILQU62SKVL
e341,eid5,receivedBy,MAILQU62SKVL receivedBy ananya.chatterjee@cs.ox.ac.uk,MAILQU62SKVL
e342,eid13,receivedBy,MAILA83CFPLM receivedBy acl2021@softconf.com,MAILA83CFPLM
e342,eid1,receivedBy,MAILA83CFPLM receivedBy scholar.sunita@iacs.res.in,MAILA83CFPLM
e342,eid3,receivedBy,MAILA83CFPLM receivedBy michael@cs.stanford.edu,MAILA83CFPLM
e342,eid5,receivedBy,MAILA83CFPLM receivedBy ananya.chatterjee@cs.ox.ac.uk,MAILA83CFPLM
e343,eid2,receivedBy,MAILTF58BZQH receivedBy ramesh.bhatia@iacs.res.in,MAILTF58BZQH
e343,eid1,receivedBy,MAILTF58BZQH receivedBy scholar.sunita@iacs.res.in,MAILTF58BZQH
e343,eid3,receivedBy,MAILTF58BZQH receivedBy michael@cs.stanford.edu,MAILTF58BZQH
e343,eid5,receivedBy,MAILTF58BZQH receivedBy ananya.chatterjee@cs.ox.ac.uk,MAILTF58BZQH
e344,eid13,receivedBy,MAILWS8XY0NJ receivedBy acl2021@softconf.com,MAILWS8XY0NJ
e344,eid2,receivedBy,MAILWS8XY0NJ receivedBy ramesh.bhatia@iacs.res.in,MAILWS8XY0NJ
e344,eid3,receivedBy,MAILWS8XY0NJ receivedBy michael@cs.stanford.edu,MAILWS8XY0NJ
e344,eid5,receivedBy,MAILWS8XY0NJ receivedBy ananya.chatterjee@cs.ox.ac.uk,MAILWS8XY0NJ
e345,eid1,receivedBy,MAILF59GHYWR receivedBy scholar.sunita@iacs.res.in,MAILF59GHYWR
e345,eid2,receivedBy,MAILF59GHYWR receivedBy ramesh.bhatia@iacs.res.in,MAILF59GHYWR
e345,eid3,receivedBy,MAILF59GHYWR receivedBy michael@cs.stanford.edu,MAILF59GHYWR
e345,eid5,receivedBy,MAILF59GHYWR receivedBy ananya.chatterjee@cs.ox.ac.uk,MAILF59GHYWR
e346,eid1,receivedBy,MAILS91TZF2X receivedBy scholar.sunita@iacs.res.in,MAILS91TZF2X
e346,eid2,receivedBy,MAILS91TZF2X receivedBy ramesh.bhatia@iacs.res.in,MAILS91TZF2X
e346,eid3,receivedBy,MAILS91TZF2X receivedBy michael@cs.stanford.edu,MAILS91TZF2X
e346,eid5,receivedBy,MAILS91TZF2X receivedBy ananya.chatterjee@cs.ox.ac.uk,MAILS91TZF2X
e347,eid13,receivedBy,MAILP53VHB2T receivedBy acl2021@softconf.com,MAILP53VHB2T
e347,eid2,receivedBy,MAILP53VHB2T receivedBy ramesh.bhatia@iacs.res.in,MAILP53VHB2T
e347,eid3,receivedBy,MAILP53VHB2T receivedBy michael@cs.stanford.edu,MAILP53VHB2T
e347,eid5,receivedBy,MAILP53VHB2T receivedBy ananya.chatterjee@cs.ox.ac.uk,MAILP53VHB2T
e348,eid1,receivedBy,MAILK3YQ7PV7 receivedBy scholar.sunita@iacs.res.in,MAILK3YQ7PV7
e348,eid2,receivedBy,MAILK3YQ7PV7 receivedBy ramesh.bhatia@iacs.res.in,MAILK3YQ7PV7
e348,eid3,receivedBy,MAILK3YQ7PV7 receivedBy michael@cs.stanford.edu,MAILK3YQ7PV7
e348,eid5,receivedBy,MAILK3YQ7PV7 receivedBy ananya.chatterjee@cs.ox.ac.uk,MAILK3YQ7PV7
e349,eid13,receivedBy,MAILUX48MP20 receivedBy acl2021@softconf.com,MAILUX48MP20
e349,eid2,receivedBy,MAILUX48MP20 receivedBy ramesh.bhatia@iacs.res.in,MAILUX48MP20
e349,eid3,receivedBy,MAILUX48MP20 receivedBy michael@cs.stanford.edu,MAILUX48MP20
e349,eid5,receivedBy,MAILUX48MP20 receivedBy ananya.chatterjee@cs.ox.ac.uk,MAILUX48MP20
e350,eid1,receivedBy,MAILC49TNRF2 receivedBy scholar.sunita@iacs.res.in,MAILC49TNRF2
e350,eid2,receivedBy,MAILC49TNRF2 receivedBy ramesh.bhatia@iacs.res.in,MAILC49TNRF2
e350,eid3,receivedBy,MAILC49TNRF2 receivedBy michael@cs.stanford.edu,MAILC49TNRF2
e350,eid5,receivedBy,MAILC49TNRF2 receivedBy ananya.chatterjee@cs.ox.ac.uk,MAILC49TNRF2
e351,eid1,receivedBy,MAILJ81N4XFR receivedBy scholar.sunita@iacs.res.in,MAILJ81N4XFR
e351,eid2,receivedBy,MAILJ81N4XFR receivedBy ramesh.bhatia@iacs.res.in,MAILJ81N4XFR
e351,eid3,receivedBy,MAILJ81N4XFR receivedBy michael@cs.stanford.edu,MAILJ81N4XFR
e351,eid5,receivedBy,MAILJ81N4XFR receivedBy ananya.chatterjee@cs.ox.ac.uk,MAILJ81N4XFR
e352,eid1,receivedBy,MAILWQ84POLN receivedBy scholar.sunita@iacs.res.in,MAILWQ84POLN
e352,eid3,receivedBy,MAILWQ84POLN receivedBy michael@cs.stanford.edu,MAILWQ84POLN
e352,eid5,receivedBy,MAILWQ84POLN receivedBy ananya.chatterjee@cs.ox.ac.uk,MAILWQ84POLN
e353,eid2,receivedBy,MAILBGN4TZU5 receivedBy ramesh.bhatia@iacs.res.in,MAILBGN4TZU5
e353,eid3,receivedBy,MAILBGN4TZU5 receivedBy michael@cs.stanford.edu,MAILBGN4TZU5
e353,eid5,receivedBy,MAILBGN4TZU5 receivedBy ananya.chatterjee@cs.ox.ac.uk,MAILBGN4TZU5
e354,eid1,receivedBy,MAILT3K5NVL2 receivedBy scholar.sunita@iacs.res.in,MAILT3K5NVL2
e354,eid2,receivedBy,MAILT3K5NVL2 receivedBy ramesh.bhatia@iacs.res.in,MAILT3K5NVL2
e354,eid5,receivedBy,MAILT3K5NVL2 receivedBy ananya.chatterjee@cs.ox.ac.uk,MAILT3K5NVL2
e355,eid1,receivedBy,MAIL8JN5DLQ2 receivedBy scholar.sunita@iacs.res.in,MAIL8JN5DLQ2
e355,eid3,receivedBy,MAIL8JN5DLQ2 receivedBy michael@cs.stanford.edu,MAIL8JN5DLQ2
e355,eid5,receivedBy,MAIL8JN5DLQ2 receivedBy ananya.chatterjee@cs.ox.ac.uk,MAIL8JN5DLQ2
e356,eid2,receivedBy,MAILVR69CHU8 receivedBy ramesh.bhatia@iacs.res.in,MAILVR69CHU8
e356,eid1,receivedBy,MAILVR69CHU8 receivedBy scholar.sunita@iacs.res.in,MAILVR69CHU8
e356,eid3,receivedBy,MAILVR69CHU8 receivedBy michael@cs.stanford.edu,MAILVR69CHU8
e357,eid2,receivedBy,MAILEF43PLXO receivedBy ramesh.bhatia@iacs.res.in,MAILEF43PLXO
e357,eid3,receivedBy,MAILEF43PLXO receivedBy michael@cs.stanford.edu,MAILEF43PLXO
e357,eid5,receivedBy,MAILEF43PLXO receivedBy ananya.chatterjee@cs.ox.ac.uk,MAILEF43PLXO
e358,eid1,receivedBy,MAILJG8KX9VM receivedBy scholar.sunita@iacs.res.in,MAILJG8KX9VM
e358,eid2,receivedBy,MAILJG8KX9VM receivedBy ramesh.bhatia@iacs.res.in,MAILJG8KX9VM
e358,eid5,receivedBy,MAILJG8KX9VM receivedBy ananya.chatterjee@cs.ox.ac.uk,MAILJG8KX9VM
e359,eid1,receivedBy,MAIL6LG2V91X receivedBy scholar.sunita@iacs.res.in,MAIL6LG2V91X
e359,eid2,receivedBy,MAIL6LG2V91X receivedBy ramesh.bhatia@iacs.res.in,MAIL6LG2V91X
e359,eid3,receivedBy,MAIL6LG2V91X receivedBy michael@cs.stanford.edu,MAIL6LG2V91X
e360,eid1,receivedBy,MAILSRK8Z10C receivedBy scholar.sunita@iacs.res.in,MAILSRK8Z10C
e360,eid3,receivedBy,MAILSRK8Z10C receivedBy michael@cs.stanford.edu,MAILSRK8Z10C
e360,eid5,receivedBy,MAILSRK8Z10C receivedBy ananya.chatterjee@cs.ox.ac.uk,MAILSRK8Z10C
e361,eid2,receivedBy,MAILP7DS4V3K receivedBy ramesh.bhatia@iacs.res.in,MAILP7DS4V3K
e361,eid3,receivedBy,MAILP7DS4V3K receivedBy michael@cs.stanford.edu,MAILP7DS4V3K
e361,eid5,receivedBy,MAILP7DS4V3K receivedBy ananya.chatterjee@cs.ox.ac.uk,MAILP7DS4V3K
e362,eid1,receivedBy,MAILA92FDG5S receivedBy scholar.sunita@iacs.res.in,MAILA92FDG5S
e362,eid2,receivedBy,MAILA92FDG5S receivedBy ramesh.bhatia@iacs.res.in,MAILA92FDG5S
e362,eid5,receivedBy,MAILA92FDG5S receivedBy ananya.chatterjee@cs.ox.ac.uk,MAILA92FDG5S
e363,eid2,receivedBy,MAILMKT398YD receivedBy ramesh.bhatia@iacs.res.in,MAILMKT398YD
e363,eid3,receivedBy,MAILMKT398YD receivedBy michael@cs.stanford.edu,MAILMKT398YD
e363,eid5,receivedBy,MAILMKT398YD receivedBy ananya.chatterjee@cs.ox.ac.uk,MAILMKT398YD
e364,eid1,receivedBy,MAIL4G8V5E2Y receivedBy scholar.sunita@iacs.res.in,MAIL4G8V5E2Y
e364,eid3,receivedBy,MAIL4G8V5E2Y receivedBy michael@cs.stanford.edu,MAIL4G8V5E2Y
e364,eid5,receivedBy,MAIL4G8V5E2Y receivedBy ananya.chatterjee@cs.ox.ac.uk,MAIL4G8V5E2Y
e365,eid2,receivedBy,MAILPLU9S0KM receivedBy ramesh.bhatia@iacs.res.in,MAILPLU9S0KM
e365,eid3,receivedBy,MAILPLU9S0KM receivedBy michael@cs.stanford.edu,MAILPLU9S0KM
e365,eid5,receivedBy,MAILPLU9S0KM receivedBy ananya.chatterjee@cs.ox.ac.uk,MAILPLU9S0KM
e366,eid1,receivedBy,MAILR6QP7HD4 receivedBy scholar.sunita@iacs.res.in,MAILR6QP7HD4
e366,eid2,receivedBy,MAILR6QP7HD4 receivedBy ramesh.bhatia@iacs.res.in,MAILR6QP7HD4
e366,eid3,receivedBy,MAILR6QP7HD4 receivedBy michael@cs.stanford.edu,MAILR6QP7HD4
e366,eid5,receivedBy,MAILR6QP7HD4 receivedBy ananya.chatterjee@cs.ox.ac.uk,MAILR6QP7HD4
e367,eid2,receivedBy,MAILW8F1VYQ3 receivedBy ramesh.bhatia@iacs.res.in,MAILW8F1VYQ3
e367,eid3,receivedBy,MAILW8F1VYQ3 receivedBy michael@cs.stanford.edu,MAILW8F1VYQ3
e367,eid5,receivedBy,MAILW8F1VYQ3 receivedBy ananya.chatterjee@cs.ox.ac.uk,MAILW8F1VYQ3
e368,eid1,receivedBy,MAIL7HS39AFQ receivedBy scholar.sunita@iacs.res.in,MAIL7HS39AFQ
e368,eid2,receivedBy,MAIL7HS39AFQ receivedBy ramesh.bhatia@iacs.res.in,MAIL7HS39AFQ
e368,eid3,receivedBy,MAIL7HS39AFQ receivedBy michael@cs.stanford.edu,MAIL7HS39AFQ
e369,eid1,receivedBy,MAILDSM73KXQ receivedBy scholar.sunita@iacs.res.in,MAILDSM73KXQ
e369,eid3,receivedBy,MAILDSM73KXQ receivedBy michael@cs.stanford.edu,MAILDSM73KXQ
e369,eid5,receivedBy,MAILDSM73KXQ receivedBy ananya.chatterjee@cs.ox.ac.uk,MAILDSM73KXQ
e370,eid1,receivedBy,MAILE812V3PK receivedBy scholar.sunita@iacs.res.in,MAILE812V3PK
e370,eid2,receivedBy,MAILE812V3PK receivedBy ramesh.bhatia@iacs.res.in,MAILE812V3PK
e370,eid5,receivedBy,MAILE812V3PK receivedBy ananya.chatterjee@cs.ox.ac.uk,MAILE812V3PK
e371,eid2,receivedBy,MAIL2AXY9VWR receivedBy ramesh.bhatia@iacs.res.in,MAIL2AXY9VWR
e371,eid3,receivedBy,MAIL2AXY9VWR receivedBy michael@cs.stanford.edu,MAIL2AXY9VWR
e371,eid5,receivedBy,MAIL2AXY9VWR receivedBy ananya.chatterjee@cs.ox.ac.uk,MAIL2AXY9VWR
e372,eid1,receivedBy,MAILJX5T3QPW receivedBy scholar.sunita@iacs.res.in,MAILJX5T3QPW
e372,eid2,receivedBy,MAILJX5T3QPW receivedBy ramesh.bhatia@iacs.res.in,MAILJX5T3QPW
e372,eid3,receivedBy,MAILJX5T3QPW receivedBy michael@cs.stanford.edu,MAILJX5T3QPW
e373,eid1,receivedBy,MAIL4PY6JQB3 receivedBy scholar.sunita@iacs.res.in,MAIL4PY6JQB3
e373,eid3,receivedBy,MAIL4PY6JQB3 receivedBy michael@cs.stanford.edu,MAIL4PY6JQB3
e373,eid5,receivedBy,MAIL4PY6JQB3 receivedBy ananya.chatterjee@cs.ox.ac.uk,MAIL4PY6JQB3
e374,eid2,receivedBy,MAIL95LX4YTQ receivedBy ramesh.bhatia@iacs.res.in,MAIL95LX4YTQ
e374,eid3,receivedBy,MAIL95LX4YTQ receivedBy michael@cs.stanford.edu,MAIL95LX4YTQ
e374,eid5,receivedBy,MAIL95LX4YTQ receivedBy ananya.chatterjee@cs.ox.ac.uk,MAIL95LX4YTQ
e375,eid1,receivedBy,MAILNT7W4QZV receivedBy scholar.sunita@iacs.res.in,MAILNT7W4QZV
e375,eid2,receivedBy,MAILNT7W4QZV receivedBy ramesh.bhatia@iacs.res.in,MAILNT7W4QZV
e375,eid5,receivedBy,MAILNT7W4QZV receivedBy ananya.chatterjee@cs.ox.ac.uk,MAILNT7W4QZV
e376,eid1,receivedBy,MAILEV5P6HJL receivedBy scholar.sunita@iacs.res.in,MAILEV5P6HJL
e376,eid2,receivedBy,MAILEV5P6HJL receivedBy ramesh.bhatia@iacs.res.in,MAILEV5P6HJL
e376,eid3,receivedBy,MAILEV5P6HJL receivedBy michael@cs.stanford.edu,MAILEV5P6HJL
e377,eid1,receivedBy,MAILV27FG81B receivedBy scholar.sunita@iacs.res.in,MAILV27FG81B
e377,eid3,receivedBy,MAILV27FG81B receivedBy michael@cs.stanford.edu,MAILV27FG81B
e377,eid5,receivedBy,MAILV27FG81B receivedBy ananya.chatterjee@cs.ox.ac.uk,MAILV27FG81B
e378,eid2,receivedBy,MAILJK39DPZC receivedBy ramesh.bhatia@iacs.res.in,MAILJK39DPZC
e378,eid3,receivedBy,MAILJK39DPZC receivedBy michael@cs.stanford.edu,MAILJK39DPZC
e378,eid5,receivedBy,MAILJK39DPZC receivedBy ananya.chatterjee@cs.ox.ac.uk,MAILJK39DPZC
e379,eid1,receivedBy,MAILEU7QX13A receivedBy scholar.sunita@iacs.res.in,MAILEU7QX13A
e379,eid2,receivedBy,MAILEU7QX13A receivedBy ramesh.bhatia@iacs.res.in,MAILEU7QX13A
e379,eid3,receivedBy,MAILEU7QX13A receivedBy michael@cs.stanford.edu,MAILEU7QX13A
e379,eid5,receivedBy,MAILEU7QX13A receivedBy ananya.chatterjee@cs.ox.ac.uk,MAILEU7QX13A
e380,eid1,receivedBy,MAILT5B8WY2C receivedBy scholar.sunita@iacs.res.in,MAILT5B8WY2C
e380,eid2,receivedBy,MAILT5B8WY2C receivedBy ramesh.bhatia@iacs.res.in,MAILT5B8WY2C
e380,eid3,receivedBy,MAILT5B8WY2C receivedBy michael@cs.stanford.edu,MAILT5B8WY2C
e380,eid5,receivedBy,MAILT5B8WY2C receivedBy ananya.chatterjee@cs.ox.ac.uk,MAILT5B8WY2C
e381,eid2,receivedBy,MAIL4V8XZUP2 receivedBy ramesh.bhatia@iacs.res.in,MAIL4V8XZUP2
e381,eid3,receivedBy,MAIL4V8XZUP2 receivedBy michael@cs.stanford.edu,MAIL4V8XZUP2
e381,eid5,receivedBy,MAIL4V8XZUP2 receivedBy ananya.chatterjee@cs.ox.ac.uk,MAIL4V8XZUP2
e382,eid1,receivedBy,MAILGQZ48VLD receivedBy scholar.sunita@iacs.res.in,MAILGQZ48VLD
e382,eid2,receivedBy,MAILGQZ48VLD receivedBy ramesh.bhatia@iacs.res.in,MAILGQZ48VLD
e382,eid5,receivedBy,MAILGQZ48VLD receivedBy ananya.chatterjee@cs.ox.ac.uk,MAILGQZ48VLD
e383,eid1,receivedBy,MAILAH8FSWP2 receivedBy scholar.sunita@iacs.res.in,MAILAH8FSWP2
e383,eid3,receivedBy,MAILAH8FSWP2 receivedBy michael@cs.stanford.edu,MAILAH8FSWP2
e383,eid5,receivedBy,MAILAH8FSWP2 receivedBy ananya.chatterjee@cs.ox.ac.uk,MAILAH8FSWP2
e384,eid1,receivedBy,MAIL3G7BE6VP receivedBy scholar.sunita@iacs.res.in,MAIL3G7BE6VP
e384,eid2,receivedBy,MAIL3G7BE6VP receivedBy ramesh.bhatia@iacs.res.in,MAIL3G7BE6VP
e384,eid3,receivedBy,MAIL3G7BE6VP receivedBy michael@cs.stanford.edu,MAIL3G7BE6VP
e385,eid2,receivedBy,MAILEP7ZUKR1 receivedBy ramesh.bhatia@iacs.res.in,MAILEP7ZUKR1
e385,eid3,receivedBy,MAILEP7ZUKR1 receivedBy michael@cs.stanford.edu,MAILEP7ZUKR1
e385,eid5,receivedBy,MAILEP7ZUKR1 receivedBy ananya.chatterjee@cs.ox.ac.uk,MAILEP7ZUKR1
e386,eid1,receivedBy,MAILEU72D3V1 receivedBy scholar.sunita@iacs.res.in,MAILEU72D3V1
e386,eid2,receivedBy,MAILEU72D3V1 receivedBy ramesh.bhatia@iacs.res.in,MAILEU72D3V1
e386,eid5,receivedBy,MAILEU72D3V1 receivedBy ananya.chatterjee@cs.ox.ac.uk,MAILEU72D3V1
e387,eid1,receivedBy,MAILV6YZJ359 receivedBy scholar.sunita@iacs.res.in,MAILV6YZJ359
e387,eid3,receivedBy,MAILV6YZJ359 receivedBy michael@cs.stanford.edu,MAILV6YZJ359
e387,eid5,receivedBy,MAILV6YZJ359 receivedBy ananya.chatterjee@cs.ox.ac.uk,MAILV6YZJ359
e388,eid1,receivedBy,MAIL7S4KD9VT receivedBy scholar.sunita@iacs.res.in,MAIL7S4KD9VT
e388,eid2,receivedBy,MAIL7S4KD9VT receivedBy ramesh.bhatia@iacs.res.in,MAIL7S4KD9VT
e388,eid3,receivedBy,MAIL7S4KD9VT receivedBy michael@cs.stanford.edu,MAIL7S4KD9VT
e389,eid2,receivedBy,MAILFP2H8UZS receivedBy ramesh.bhatia@iacs.res.in,MAILFP2H8UZS
e389,eid3,receivedBy,MAILFP2H8UZS receivedBy michael@cs.stanford.edu,MAILFP2H8UZS
e389,eid5,receivedBy,MAILFP2H8UZS receivedBy ananya.chatterjee@cs.ox.ac.uk,MAILFP2H8UZS
e390,eid1,receivedBy,MAIL9MD3K2SW receivedBy scholar.sunita@iacs.res.in,MAIL9MD3K2SW
e390,eid2,receivedBy,MAIL9MD3K2SW receivedBy ramesh.bhatia@iacs.res.in,MAIL9MD3K2SW
e390,eid5,receivedBy,MAIL9MD3K2SW receivedBy ananya.chatterjee@cs.ox.ac.uk,MAIL9MD3K2SW
e391,eid1,receivedBy,MAILFR1B2VQ8 receivedBy scholar.sunita@iacs.res.in,MAILFR1B2VQ8
e391,eid3,receivedBy,MAILFR1B2VQ8 receivedBy michael@cs.stanford.edu,MAILFR1B2VQ8
e391,eid5,receivedBy,MAILFR1B2VQ8 receivedBy ananya.chatterjee@cs.ox.ac.uk,MAILFR1B2VQ8
e392,eid2,receivedBy,MAILE82NVM5K receivedBy ramesh.bhatia@iacs.res.in,MAILE82NVM5K
e392,eid3,receivedBy,MAILE82NVM5K receivedBy michael@cs.stanford.edu,MAILE82NVM5K
e392,eid5,receivedBy,MAILE82NVM5K receivedBy ananya.chatterjee@cs.ox.ac.uk,MAILE82NVM5K
e393,eid1,receivedBy,MAILU3DH46ZY receivedBy scholar.sunita@iacs.res.in,MAILU3DH46ZY
e393,eid2,receivedBy,MAILU3DH46ZY receivedBy ramesh.bhatia@iacs.res.in,MAILU3DH46ZY
e393,eid3,receivedBy,MAILU3DH46ZY receivedBy michael@cs.stanford.edu,MAILU3DH46ZY
e394,eid2,receivedBy,MAILN8ZH72FS receivedBy ramesh.bhatia@iacs.res.in,MAILN8ZH72FS
e394,eid3,receivedBy,MAILN8ZH72FS receivedBy michael@cs.stanford.edu,MAILN8ZH72FS
e394,eid5,receivedBy,MAILN8ZH72FS receivedBy ananya.chatterjee@cs.ox.ac.uk,MAILN8ZH72FS
e395,eid1,receivedBy,MAIL2QGF57AM receivedBy scholar.sunita@iacs.res.in,MAIL2QGF57AM
e395,eid3,receivedBy,MAIL2QGF57AM receivedBy michael@cs.stanford.edu,MAIL2QGF57AM
e395,eid5,receivedBy,MAIL2QGF57AM receivedBy ananya.chatterjee@cs.ox.ac.uk,MAIL2QGF57AM
e396,eid2,receivedBy,MAIL7YR2QP1W receivedBy ramesh.bhatia@iacs.res.in,MAIL7YR2QP1W
e396,eid1,receivedBy,MAIL7YR2QP1W receivedBy scholar.sunita@iacs.res.in,MAIL7YR2QP1W
e396,eid5,receivedBy,MAIL7YR2QP1W receivedBy ananya.chatterjee@cs.ox.ac.uk,MAIL7YR2QP1W
e397,eid2,receivedBy,MAILP57QXJKL receivedBy ramesh.bhatia@iacs.res.in,MAILP57QXJKL
e397,eid3,receivedBy,MAILP57QXJKL receivedBy michael@cs.stanford.edu,MAILP57QXJKL
e397,eid5,receivedBy,MAILP57QXJKL receivedBy ananya.chatterjee@cs.ox.ac.uk,MAILP57QXJKL
e398,eid1,receivedBy,MAILES4BKP83 receivedBy scholar.sunita@iacs.res.in,MAILES4BKP83
e398,eid2,receivedBy,MAILES4BKP83 receivedBy ramesh.bhatia@iacs.res.in,MAILES4BKP83
e398,eid3,receivedBy,MAILES4BKP83 receivedBy michael@cs.stanford.edu,MAILES4BKP83
e399,eid1,receivedBy,MAILF95BM8TZ receivedBy scholar.sunita@iacs.res.in,MAILF95BM8TZ
e399,eid3,receivedBy,MAILF95BM8TZ receivedBy michael@cs.stanford.edu,MAILF95BM8TZ
e399,eid5,receivedBy,MAILF95BM8TZ receivedBy ananya.chatterjee@cs.ox.ac.uk,MAILF95BM8TZ
e400,eid2,receivedBy,MAILJ39KDZ1F receivedBy ramesh.bhatia@iacs.res.in,MAILJ39KDZ1F
e400,eid1,receivedBy,MAILJ39KDZ1F receivedBy scholar.sunita@iacs.res.in,MAILJ39KDZ1F
e400,eid5,receivedBy,MAILJ39KDZ1F receivedBy ananya.chatterjee@cs.ox.ac.uk,MAILJ39KDZ1F
e401,eid3,receivedBy,MAIL1X7BKDZ3 receivedBy michael@cs.stanford.edu,MAIL1X7BKDZ3
e401,eid2,receivedBy,MAIL1X7BKDZ3 receivedBy ramesh.bhatia@iacs.res.in,MAIL1X7BKDZ3
e401,eid5,receivedBy,MAIL1X7BKDZ3 receivedBy ananya.chatterjee@cs.ox.ac.uk,MAIL1X7BKDZ3
e402,eid3,receivedBy,MAIL3F7NKLQ2 receivedBy michael@cs.stanford.edu,MAIL3F7NKLQ2
e402,eid1,receivedBy,MAIL3F7NKLQ2 receivedBy scholar.sunita@iacs.res.in,MAIL3F7NKLQ2
e402,eid2,receivedBy,MAIL3F7NKLQ2 receivedBy ramesh.bhatia@iacs.res.in,MAIL3F7NKLQ2
e403,eid3,receivedBy,MAILD2V87PQM receivedBy michael@cs.stanford.edu,MAILD2V87PQM
e403,eid1,receivedBy,MAILD2V87PQM receivedBy scholar.sunita@iacs.res.in,MAILD2V87PQM
e403,eid5,receivedBy,MAILD2V87PQM receivedBy ananya.chatterjee@cs.ox.ac.uk,MAILD2V87PQM
e404,eid1,receivedBy,MAIL7K29XBTL receivedBy scholar.sunita@iacs.res.in,MAIL7K29XBTL
e404,eid2,receivedBy,MAIL7K29XBTL receivedBy ramesh.bhatia@iacs.res.in,MAIL7K29XBTL
e404,eid5,receivedBy,MAIL7K29XBTL receivedBy ananya.chatterjee@cs.ox.ac.uk,MAIL7K29XBTL
e405,eid3,receivedBy,MAILP4A8B9WJ receivedBy michael@cs.stanford.edu,MAILP4A8B9WJ
e405,eid2,receivedBy,MAILP4A8B9WJ receivedBy ramesh.bhatia@iacs.res.in,MAILP4A8B9WJ
e405,eid5,receivedBy,MAILP4A8B9WJ receivedBy ananya.chatterjee@cs.ox.ac.uk,MAILP4A8B9WJ
e406,eid1,receivedBy,MAILE1R92QMB receivedBy scholar.sunita@iacs.res.in,MAILE1R92QMB
e406,eid2,receivedBy,MAILE1R92QMB receivedBy ramesh.bhatia@iacs.res.in,MAILE1R92QMB
e406,eid5,receivedBy,MAILE1R92QMB receivedBy ananya.chatterjee@cs.ox.ac.uk,MAILE1R92QMB
e407,eid3,receivedBy,MAILX8FAQ57P receivedBy michael@cs.stanford.edu,MAILX8FAQ57P
e407,eid2,receivedBy,MAILX8FAQ57P receivedBy ramesh.bhatia@iacs.res.in,MAILX8FAQ57P
e407,eid5,receivedBy,MAILX8FAQ57P receivedBy ananya.chatterjee@cs.ox.ac.uk,MAILX8FAQ57P
e408,eid1,receivedBy,MAIL4DZ7R2S9 receivedBy scholar.sunita@iacs.res.in,MAIL4DZ7R2S9
e408,eid3,receivedBy,MAIL4DZ7R2S9 receivedBy michael@cs.stanford.edu,MAIL4DZ7R2S9
e408,eid2,receivedBy,MAIL4DZ7R2S9 receivedBy ramesh.bhatia@iacs.res.in,MAIL4DZ7R2S9
e409,eid3,receivedBy,MAIL51RZDKPV receivedBy michael@cs.stanford.edu,MAIL51RZDKPV
e409,eid1,receivedBy,MAIL51RZDKPV receivedBy scholar.sunita@iacs.res.in,MAIL51RZDKPV
e409,eid5,receivedBy,MAIL51RZDKPV receivedBy ananya.chatterjee@cs.ox.ac.uk,MAIL51RZDKPV
e410,eid1,receivedBy,MAILAF90TKQP receivedBy scholar.sunita@iacs.res.in,MAILAF90TKQP
e410,eid2,receivedBy,MAILAF90TKQP receivedBy ramesh.bhatia@iacs.res.in,MAILAF90TKQP
e410,eid5,receivedBy,MAILAF90TKQP receivedBy ananya.chatterjee@cs.ox.ac.uk,MAILAF90TKQP
e411,eid3,receivedBy,MAILUTQ92YXM receivedBy michael@cs.stanford.edu,MAILUTQ92YXM
e411,eid2,receivedBy,MAILUTQ92YXM receivedBy ramesh.bhatia@iacs.res.in,MAILUTQ92YXM
e411,eid5,receivedBy,MAILUTQ92YXM receivedBy ananya.chatterjee@cs.ox.ac.uk,MAILUTQ92YXM
e412,eid1,receivedBy,MAIL4T8N1QXR receivedBy scholar.sunita@iacs.res.in,MAIL4T8N1QXR
e412,eid3,receivedBy,MAIL4T8N1QXR receivedBy michael@cs.stanford.edu,MAIL4T8N1QXR
e412,eid2,receivedBy,MAIL4T8N1QXR receivedBy ramesh.bhatia@iacs.res.in,MAIL4T8N1QXR
e413,eid1,receivedBy,MAILFT3W8XZ7 receivedBy scholar.sunita@iacs.res.in,MAILFT3W8XZ7
e413,eid5,receivedBy,MAILFT3W8XZ7 receivedBy ananya.chatterjee@cs.ox.ac.uk,MAILFT3W8XZ7
e413,eid2,receivedBy,MAILFT3W8XZ7 receivedBy ramesh.bhatia@iacs.res.in,MAILFT3W8XZ7
e414,eid1,receivedBy,MAILZ72Y1FHS receivedBy scholar.sunita@iacs.res.in,MAILZ72Y1FHS
e414,eid3,receivedBy,MAILZ72Y1FHS receivedBy michael@cs.stanford.edu,MAILZ72Y1FHS
e414,eid5,receivedBy,MAILZ72Y1FHS receivedBy ananya.chatterjee@cs.ox.ac.uk,MAILZ72Y1FHS
e415,eid3,receivedBy,MAIL12X9MJ8L receivedBy michael@cs.stanford.edu,MAIL12X9MJ8L
e415,eid2,receivedBy,MAIL12X9MJ8L receivedBy ramesh.bhatia@iacs.res.in,MAIL12X9MJ8L
e415,eid5,receivedBy,MAIL12X9MJ8L receivedBy ananya.chatterjee@cs.ox.ac.uk,MAIL12X9MJ8L
e416,eid1,receivedBy,MAILU0SFZH39 receivedBy scholar.sunita@iacs.res.in,MAILU0SFZH39
e416,eid3,receivedBy,MAILU0SFZH39 receivedBy michael@cs.stanford.edu,MAILU0SFZH39
e416,eid2,receivedBy,MAILU0SFZH39 receivedBy ramesh.bhatia@iacs.res.in,MAILU0SFZH39
e417,eid1,receivedBy,MAIL8DFLJ3ZW receivedBy scholar.sunita@iacs.res.in,MAIL8DFLJ3ZW
e417,eid5,receivedBy,MAIL8DFLJ3ZW receivedBy ananya.chatterjee@cs.ox.ac.uk,MAIL8DFLJ3ZW
e417,eid2,receivedBy,MAIL8DFLJ3ZW receivedBy ramesh.bhatia@iacs.res.in,MAIL8DFLJ3ZW
e418,eid3,receivedBy,MAILE61N9ZJK receivedBy michael@cs.stanford.edu,MAILE61N9ZJK
e418,eid1,receivedBy,MAILE61N9ZJK receivedBy scholar.sunita@iacs.res.in,MAILE61N9ZJK
e418,eid5,receivedBy,MAILE61N9ZJK receivedBy ananya.chatterjee@cs.ox.ac.uk,MAILE61N9ZJK
e419,eid2,receivedBy,MAILN6M2JQVE receivedBy ramesh.bhatia@iacs.res.in,MAILN6M2JQVE
e419,eid3,receivedBy,MAILN6M2JQVE receivedBy michael@cs.stanford.edu,MAILN6M2JQVE
e419,eid5,receivedBy,MAILN6M2JQVE receivedBy ananya.chatterjee@cs.ox.ac.uk,MAILN6M2JQVE
e420,eid1,receivedBy,MAIL2BQGJ71K receivedBy scholar.sunita@iacs.res.in,MAIL2BQGJ71K
e420,eid2,receivedBy,MAIL2BQGJ71K receivedBy ramesh.bhatia@iacs.res.in,MAIL2BQGJ71K
e420,eid5,receivedBy,MAIL2BQGJ71K receivedBy ananya.chatterjee@cs.ox.ac.uk,MAIL2BQGJ71K
e421,eid3,receivedBy,MAIL3J7YGDQF receivedBy michael@cs.stanford.edu,MAIL3J7YGDQF
e421,eid1,receivedBy,MAIL3J7YGDQF receivedBy scholar.sunita@iacs.res.in,MAIL3J7YGDQF
e421,eid2,receivedBy,MAIL3J7YGDQF receivedBy ramesh.bhatia@iacs.res.in,MAIL3J7YGDQF
e422,eid5,receivedBy,MAILQ74DSXP2 receivedBy ananya.chatterjee@cs.ox.ac.uk,MAILQ74DSXP2
e422,eid1,receivedBy,MAILQ74DSXP2 receivedBy scholar.sunita@iacs.res.in,MAILQ74DSXP2
e422,eid2,receivedBy,MAILQ74DSXP2 receivedBy ramesh.bhatia@iacs.res.in,MAILQ74DSXP2
e423,eid3,receivedBy,MAILB72PJD4M receivedBy michael@cs.stanford.edu,MAILB72PJD4M
e423,eid5,receivedBy,MAILB72PJD4M receivedBy ananya.chatterjee@cs.ox.ac.uk,MAILB72PJD4M
e423,eid1,receivedBy,MAILB72PJD4M receivedBy scholar.sunita@iacs.res.in,MAILB72PJD4M
e424,eid2,receivedBy,MAIL24NSQZL8 receivedBy ramesh.bhatia@iacs.res.in,MAIL24NSQZL8
e424,eid3,receivedBy,MAIL24NSQZL8 receivedBy michael@cs.stanford.edu,MAIL24NSQZL8
e424,eid5,receivedBy,MAIL24NSQZL8 receivedBy ananya.chatterjee@cs.ox.ac.uk,MAIL24NSQZL8
e425,eid1,receivedBy,MAILE8V2RZQS receivedBy scholar.sunita@iacs.res.in,MAILE8V2RZQS
e425,eid2,receivedBy,MAILE8V2RZQS receivedBy ramesh.bhatia@iacs.res.in,MAILE8V2RZQS
e425,eid5,receivedBy,MAILE8V2RZQS receivedBy ananya.chatterjee@cs.ox.ac.uk,MAILE8V2RZQS
e426,eid1,receivedBy,MAILQ58DZVL3 receivedBy scholar.sunita@iacs.res.in,MAILQ58DZVL3
e426,eid2,receivedBy,MAILQ58DZVL3 receivedBy ramesh.bhatia@iacs.res.in,MAILQ58DZVL3
e426,eid5,receivedBy,MAILQ58DZVL3 receivedBy ananya.chatterjee@cs.ox.ac.uk,MAILQ58DZVL3
e427,eid3,receivedBy,MAILRZ58GKPW receivedBy michael@cs.stanford.edu,MAILRZ58GKPW
e427,eid1,receivedBy,MAILRZ58GKPW receivedBy scholar.sunita@iacs.res.in,MAILRZ58GKPW
e427,eid5,receivedBy,MAILRZ58GKPW receivedBy ananya.chatterjee@cs.ox.ac.uk,MAILRZ58GKPW
e428,eid2,receivedBy,MAILWF8Z23GJ receivedBy ramesh.bhatia@iacs.res.in,MAILWF8Z23GJ
e428,eid3,receivedBy,MAILWF8Z23GJ receivedBy michael@cs.stanford.edu,MAILWF8Z23GJ
e428,eid1,receivedBy,MAILWF8Z23GJ receivedBy scholar.sunita@iacs.res.in,MAILWF8Z23GJ
e429,eid5,receivedBy,MAILKL98XWER receivedBy ananya.chatterjee@cs.ox.ac.uk,MAILKL98XWER
e429,eid3,receivedBy,MAILKL98XWER receivedBy michael@cs.stanford.edu,MAILKL98XWER
e429,eid2,receivedBy,MAILKL98XWER receivedBy ramesh.bhatia@iacs.res.in,MAILKL98XWER
e430,eid1,receivedBy,MAILPW4N2X7Q receivedBy scholar.sunita@iacs.res.in,MAILPW4N2X7Q
e430,eid5,receivedBy,MAILPW4N2X7Q receivedBy ananya.chatterjee@cs.ox.ac.uk,MAILPW4N2X7Q
e430,eid2,receivedBy,MAILPW4N2X7Q receivedBy ramesh.bhatia@iacs.res.in,MAILPW4N2X7Q
e431,eid1,receivedBy,MAILT47G2YKS receivedBy scholar.sunita@iacs.res.in,MAILT47G2YKS
e431,eid3,receivedBy,MAILT47G2YKS receivedBy michael@cs.stanford.edu,MAILT47G2YKS
e431,eid2,receivedBy,MAILT47G2YKS receivedBy ramesh.bhatia@iacs.res.in,MAILT47G2YKS
e432,eid1,receivedBy,MAILAU81KTPX receivedBy scholar.sunita@iacs.res.in,MAILAU81KTPX
e432,eid3,receivedBy,MAILAU81KTPX receivedBy michael@cs.stanford.edu,MAILAU81KTPX
e432,eid5,receivedBy,MAILAU81KTPX receivedBy ananya.chatterjee@cs.ox.ac.uk,MAILAU81KTPX
e433,eid1,receivedBy,MAIL9W7PZVQ3 receivedBy scholar.sunita@iacs.res.in,MAIL9W7PZVQ3
e433,eid3,receivedBy,MAIL9W7PZVQ3 receivedBy michael@cs.stanford.edu,MAIL9W7PZVQ3
e433,eid2,receivedBy,MAIL9W7PZVQ3 receivedBy ramesh.bhatia@iacs.res.in,MAIL9W7PZVQ3
e434,eid5,receivedBy,MAILE54MSZ19 receivedBy ananya.chatterjee@cs.ox.ac.uk,MAILE54MSZ19
e434,eid3,receivedBy,MAILE54MSZ19 receivedBy michael@cs.stanford.edu,MAILE54MSZ19
e434,eid2,receivedBy,MAILE54MSZ19 receivedBy ramesh.bhatia@iacs.res.in,MAILE54MSZ19
e435,eid1,receivedBy,MAILL28CX1FD receivedBy scholar.sunita@iacs.res.in,MAILL28CX1FD
e435,eid5,receivedBy,MAILL28CX1FD receivedBy ananya.chatterjee@cs.ox.ac.uk,MAILL28CX1FD
e435,eid2,receivedBy,MAILL28CX1FD receivedBy ramesh.bhatia@iacs.res.in,MAILL28CX1FD
e436,eid5,receivedBy,MAILQ52C8NML receivedBy ananya.chatterjee@cs.ox.ac.uk,MAILQ52C8NML
e436,eid1,receivedBy,MAILQ52C8NML receivedBy scholar.sunita@iacs.res.in,MAILQ52C8NML
e436,eid3,receivedBy,MAILQ52C8NML receivedBy michael@cs.stanford.edu,MAILQ52C8NML
e437,eid1,receivedBy,MAILY5JK29XM receivedBy scholar.sunita@iacs.res.in,MAILY5JK29XM
e437,eid3,receivedBy,MAILY5JK29XM receivedBy michael@cs.stanford.edu,MAILY5JK29XM
e437,eid2,receivedBy,MAILY5JK29XM receivedBy ramesh.bhatia@iacs.res.in,MAILY5JK29XM
e438,eid5,receivedBy,MAIL4XM2QNTB receivedBy ananya.chatterjee@cs.ox.ac.uk,MAIL4XM2QNTB
e438,eid3,receivedBy,MAIL4XM2QNTB receivedBy michael@cs.stanford.edu,MAIL4XM2QNTB
e438,eid2,receivedBy,MAIL4XM2QNTB receivedBy ramesh.bhatia@iacs.res.in,MAIL4XM2QNTB
e439,eid1,receivedBy,MAIL27NCXUVP receivedBy scholar.sunita@iacs.res.in,MAIL27NCXUVP
e439,eid5,receivedBy,MAIL27NCXUVP receivedBy ananya.chatterjee@cs.ox.ac.uk,MAIL27NCXUVP
e439,eid2,receivedBy,MAIL27NCXUVP receivedBy ramesh.bhatia@iacs.res.in,MAIL27NCXUVP
e440,eid1,receivedBy,MAIL1N8ZJ3KV receivedBy scholar.sunita@iacs.res.in,MAIL1N8ZJ3KV
e440,eid5,receivedBy,MAIL1N8ZJ3KV receivedBy ananya.chatterjee@cs.ox.ac.uk,MAIL1N8ZJ3KV
e440,eid3,receivedBy,MAIL1N8ZJ3KV receivedBy michael@cs.stanford.edu,MAIL1N8ZJ3KV
e441,eid1,receivedBy,MAILJD3X7P2L receivedBy scholar.sunita@iacs.res.in,MAILJD3X7P2L
e441,eid3,receivedBy,MAILJD3X7P2L receivedBy michael@cs.stanford.edu,MAILJD3X7P2L
e441,eid2,receivedBy,MAILJD3X7P2L receivedBy ramesh.bhatia@iacs.res.in,MAILJD3X7P2L
e442,eid5,receivedBy,MAILM3WJ7S8D receivedBy ananya.chatterjee@cs.ox.ac.uk,MAILM3WJ7S8D
e442,eid3,receivedBy,MAILM3WJ7S8D receivedBy michael@cs.stanford.edu,MAILM3WJ7S8D
e442,eid2,receivedBy,MAILM3WJ7S8D receivedBy ramesh.bhatia@iacs.res.in,MAILM3WJ7S8D
e443,eid5,receivedBy,MAILW9J4S1QN receivedBy ananya.chatterjee@cs.ox.ac.uk,MAILW9J4S1QN
e443,eid1,receivedBy,MAILW9J4S1QN receivedBy scholar.sunita@iacs.res.in,MAILW9J4S1QN
e443,eid2,receivedBy,MAILW9J4S1QN receivedBy ramesh.bhatia@iacs.res.in,MAILW9J4S1QN
e444,eid1,receivedBy,MAILH8N2S0VW receivedBy scholar.sunita@iacs.res.in,MAILH8N2S0VW
e444,eid3,receivedBy,MAILH8N2S0VW receivedBy michael@cs.stanford.edu,MAILH8N2S0VW
e444,eid2,receivedBy,MAILH8N2S0VW receivedBy ramesh.bhatia@iacs.res.in,MAILH8N2S0VW
e445,eid5,receivedBy,MAILJK29BX4L receivedBy ananya.chatterjee@cs.ox.ac.uk,MAILJK29BX4L
e445,eid3,receivedBy,MAILJK29BX4L receivedBy michael@cs.stanford.edu,MAILJK29BX4L
e445,eid2,receivedBy,MAILJK29BX4L receivedBy ramesh.bhatia@iacs.res.in,MAILJK29BX4L
e446,eid1,receivedBy,MAILE0B2F6KD receivedBy scholar.sunita@iacs.res.in,MAILE0B2F6KD
e446,eid5,receivedBy,MAILE0B2F6KD receivedBy ananya.chatterjee@cs.ox.ac.uk,MAILE0B2F6KD
e446,eid3,receivedBy,MAILE0B2F6KD receivedBy michael@cs.stanford.edu,MAILE0B2F6KD
e447,eid1,receivedBy,MAILP8K5M3Y2 receivedBy scholar.sunita@iacs.res.in,MAILP8K5M3Y2
e447,eid5,receivedBy,MAILP8K5M3Y2 receivedBy ananya.chatterjee@cs.ox.ac.uk,MAILP8K5M3Y2
e447,eid2,receivedBy,MAILP8K5M3Y2 receivedBy ramesh.bhatia@iacs.res.in,MAILP8K5M3Y2
e448,eid3,receivedBy,MAILG5QJ8S1W receivedBy michael@cs.stanford.edu,MAILG5QJ8S1W
e448,eid5,receivedBy,MAILG5QJ8S1W receivedBy ananya.chatterjee@cs.ox.ac.uk,MAILG5QJ8S1W
e448,eid2,receivedBy,MAILG5QJ8S1W receivedBy ramesh.bhatia@iacs.res.in,MAILG5QJ8S1W
e449,eid3,receivedBy,MAILF4Y8S2MW receivedBy michael@cs.stanford.edu,MAILF4Y8S2MW
e449,eid1,receivedBy,MAILF4Y8S2MW receivedBy scholar.sunita@iacs.res.in,MAILF4Y8S2MW
e449,eid2,receivedBy,MAILF4Y8S2MW receivedBy ramesh.bhatia@iacs.res.in,MAILF4Y8S2MW
e450,eid3,receivedBy,MAILJ5N8W2XF receivedBy michael@cs.stanford.edu,MAILJ5N8W2XF
e450,eid1,receivedBy,MAILJ5N8W2XF receivedBy scholar.sunita@iacs.res.in,MAILJ5N8W2XF
e450,eid5,receivedBy,MAILJ5N8W2XF receivedBy ananya.chatterjee@cs.ox.ac.uk,MAILJ5N8W2XF
e451,eid2,receivedBy,MAILR4X2K7VM receivedBy ramesh.bhatia@iacs.res.in,MAILR4X2K7VM
e451,eid1,receivedBy,MAILR4X2K7VM receivedBy scholar.sunita@iacs.res.in,MAILR4X2K7VM
e451,eid5,receivedBy,MAILR4X2K7VM receivedBy ananya.chatterjee@cs.ox.ac.uk,MAILR4X2K7VM
e452,eid3,receivedBy,MAILA8M5Y1ZT receivedBy michael@cs.stanford.edu,MAILA8M5Y1ZT
e452,eid2,receivedBy,MAILA8M5Y1ZT receivedBy ramesh.bhatia@iacs.res.in,MAILA8M5Y1ZT
e452,eid1,receivedBy,MAILA8M5Y1ZT receivedBy scholar.sunita@iacs.res.in,MAILA8M5Y1ZT
e453,eid5,receivedBy,MAILU9F7S6PM receivedBy ananya.chatterjee@cs.ox.ac.uk,MAILU9F7S6PM
e453,eid3,receivedBy,MAILU9F7S6PM receivedBy michael@cs.stanford.edu,MAILU9F7S6PM
e453,eid2,receivedBy,MAILU9F7S6PM receivedBy ramesh.bhatia@iacs.res.in,MAILU9F7S6PM
e454,eid1,receivedBy,MAILZ2D8M1JP receivedBy scholar.sunita@iacs.res.in,MAILZ2D8M1JP
e454,eid5,receivedBy,MAILZ2D8M1JP receivedBy ananya.chatterjee@cs.ox.ac.uk,MAILZ2D8M1JP
e454,eid3,receivedBy,MAILZ2D8M1JP receivedBy michael@cs.stanford.edu,MAILZ2D8M1JP
e455,eid2,receivedBy,MAILH3Q4R7PL receivedBy ramesh.bhatia@iacs.res.in,MAILH3Q4R7PL
e455,eid1,receivedBy,MAILH3Q4R7PL receivedBy scholar.sunita@iacs.res.in,MAILH3Q4R7PL
e455,eid5,receivedBy,MAILH3Q4R7PL receivedBy ananya.chatterjee@cs.ox.ac.uk,MAILH3Q4R7PL
e456,eid2,receivedBy,MAILV7X6T2QD receivedBy ramesh.bhatia@iacs.res.in,MAILV7X6T2QD
e456,eid1,receivedBy,MAILV7X6T2QD receivedBy scholar.sunita@iacs.res.in,MAILV7X6T2QD
e456,eid3,receivedBy,MAILV7X6T2QD receivedBy michael@cs.stanford.edu,MAILV7X6T2QD
e457,eid5,receivedBy,MAILX3S2V5NB receivedBy ananya.chatterjee@cs.ox.ac.uk,MAILX3S2V5NB
e457,eid2,receivedBy,MAILX3S2V5NB receivedBy ramesh.bhatia@iacs.res.in,MAILX3S2V5NB
e457,eid3,receivedBy,MAILX3S2V5NB receivedBy michael@cs.stanford.edu,MAILX3S2V5NB
e458,eid1,receivedBy,MAILE7U5K0TY receivedBy scholar.sunita@iacs.res.in,MAILE7U5K0TY
e458,eid5,receivedBy,MAILE7U5K0TY receivedBy ananya.chatterjee@cs.ox.ac.uk,MAILE7U5K0TY
e458,eid3,receivedBy,MAILE7U5K0TY receivedBy michael@cs.stanford.edu,MAILE7U5K0TY
e459,eid2,receivedBy,MAILP2V9K7ZW receivedBy ramesh.bhatia@iacs.res.in,MAILP2V9K7ZW
e459,eid1,receivedBy,MAILP2V9K7ZW receivedBy scholar.sunita@iacs.res.in,MAILP2V9K7ZW
e459,eid5,receivedBy,MAILP2V9K7ZW receivedBy ananya.chatterjee@cs.ox.ac.uk,MAILP2V9K7ZW
e460,eid3,receivedBy,MAILS6B5H8TJ receivedBy michael@cs.stanford.edu,MAILS6B5H8TJ
e460,eid2,receivedBy,MAILS6B5H8TJ receivedBy ramesh.bhatia@iacs.res.in,MAILS6B5H8TJ
e460,eid1,receivedBy,MAILS6B5H8TJ receivedBy scholar.sunita@iacs.res.in,MAILS6B5H8TJ
e461,eid5,receivedBy,MAILF8L2W5XQ receivedBy ananya.chatterjee@cs.ox.ac.uk,MAILF8L2W5XQ
e461,eid3,receivedBy,MAILF8L2W5XQ receivedBy michael@cs.stanford.edu,MAILF8L2W5XQ
e461,eid2,receivedBy,MAILF8L2W5XQ receivedBy ramesh.bhatia@iacs.res.in,MAILF8L2W5XQ
e462,eid1,receivedBy,MAILD5T4Q9ER receivedBy scholar.sunita@iacs.res.in,MAILD5T4Q9ER
e462,eid5,receivedBy,MAILD5T4Q9ER receivedBy ananya.chatterjee@cs.ox.ac.uk,MAILD5T4Q9ER
e462,eid3,receivedBy,MAILD5T4Q9ER receivedBy michael@cs.stanford.edu,MAILD5T4Q9ER
e463,eid2,receivedBy,MAILE3V7W2ZA receivedBy ramesh.bhatia@iacs.res.in,MAILE3V7W2ZA
e463,eid5,receivedBy,MAILE3V7W2ZA receivedBy ananya.chatterjee@cs.ox.ac.uk,MAILE3V7W2ZA
e463,eid3,receivedBy,MAILE3V7W2ZA receivedBy michael@cs.stanford.edu,MAILE3V7W2ZA
e464,eid1,receivedBy,MAILP3S8Q1DM receivedBy scholar.sunita@iacs.res.in,MAILP3S8Q1DM
e464,eid5,receivedBy,MAILP3S8Q1DM receivedBy ananya.chatterjee@cs.ox.ac.uk,MAILP3S8Q1DM
e464,eid2,receivedBy,MAILP3S8Q1DM receivedBy ramesh.bhatia@iacs.res.in,MAILP3S8Q1DM
e465,eid1,receivedBy,MAILF4N1C2QB receivedBy scholar.sunita@iacs.res.in,MAILF4N1C2QB
e465,eid3,receivedBy,MAILF4N1C2QB receivedBy michael@cs.stanford.edu,MAILF4N1C2QB
e465,eid2,receivedBy,MAILF4N1C2QB receivedBy ramesh.bhatia@iacs.res.in,MAILF4N1C2QB
e466,eid1,receivedBy,MAILS2E7M8KL receivedBy scholar.sunita@iacs.res.in,MAILS2E7M8KL
e466,eid5,receivedBy,MAILS2E7M8KL receivedBy ananya.chatterjee@cs.ox.ac.uk,MAILS2E7M8KL
e466,eid2,receivedBy,MAILS2E7M8KL receivedBy ramesh.bhatia@iacs.res.in,MAILS2E7M8KL
e467,eid3,receivedBy,MAILQ7U3V5NJ receivedBy michael@cs.stanford.edu,MAILQ7U3V5NJ
e467,eid5,receivedBy,MAILQ7U3V5NJ receivedBy ananya.chatterjee@cs.ox.ac.uk,MAILQ7U3V5NJ
e467,eid2,receivedBy,MAILQ7U3V5NJ receivedBy ramesh.bhatia@iacs.res.in,MAILQ7U3V5NJ
e468,eid1,receivedBy,MAILE7K9TU3B receivedBy scholar.sunita@iacs.res.in,MAILE7K9TU3B
e468,eid5,receivedBy,MAILE7K9TU3B receivedBy ananya.chatterjee@cs.ox.ac.uk,MAILE7K9TU3B
e468,eid3,receivedBy,MAILE7K9TU3B receivedBy michael@cs.stanford.edu,MAILE7K9TU3B
e469,eid1,receivedBy,MAILF8P4R2CW receivedBy scholar.sunita@iacs.res.in,MAILF8P4R2CW
e469,eid2,receivedBy,MAILF8P4R2CW receivedBy ramesh.bhatia@iacs.res.in,MAILF8P4R2CW
e469,eid3,receivedBy,MAILF8P4R2CW receivedBy michael@cs.stanford.edu,MAILF8P4R2CW
e470,eid5,receivedBy,MAILX1D9E7ZP receivedBy ananya.chatterjee@cs.ox.ac.uk,MAILX1D9E7ZP
e470,eid1,receivedBy,MAILX1D9E7ZP receivedBy scholar.sunita@iacs.res.in,MAILX1D9E7ZP
e470,eid2,receivedBy,MAILX1D9E7ZP receivedBy ramesh.bhatia@iacs.res.in,MAILX1D9E7ZP
e471,eid5,receivedBy,MAILH3G7V2YD receivedBy ananya.chatterjee@cs.ox.ac.uk,MAILH3G7V2YD
e471,eid3,receivedBy,MAILH3G7V2YD receivedBy michael@cs.stanford.edu,MAILH3G7V2YD
e471,eid2,receivedBy,MAILH3G7V2YD receivedBy ramesh.bhatia@iacs.res.in,MAILH3G7V2YD
e472,eid1,receivedBy,MAILE5W9Q4JT receivedBy scholar.sunita@iacs.res.in,MAILE5W9Q4JT
e472,eid5,receivedBy,MAILE5W9Q4JT receivedBy ananya.chatterjee@cs.ox.ac.uk,MAILE5W9Q4JT
e472,eid3,receivedBy,MAILE5W9Q4JT receivedBy michael@cs.stanford.edu,MAILE5W9Q4JT
e473,eid1,receivedBy,MAILL7F8J2QP receivedBy scholar.sunita@iacs.res.in,MAILL7F8J2QP
e473,eid2,receivedBy,MAILL7F8J2QP receivedBy ramesh.bhatia@iacs.res.in,MAILL7F8J2QP
e473,eid3,receivedBy,MAILL7F8J2QP receivedBy michael@cs.stanford.edu,MAILL7F8J2QP
e474,eid5,receivedBy,MAILK4N2V7EF receivedBy ananya.chatterjee@cs.ox.ac.uk,MAILK4N2V7EF
e474,eid2,receivedBy,MAILK4N2V7EF receivedBy ramesh.bhatia@iacs.res.in,MAILK4N2V7EF
e474,eid3,receivedBy,MAILK4N2V7EF receivedBy michael@cs.stanford.edu,MAILK4N2V7EF
e475,eid5,receivedBy,MAILV9J8L2FM receivedBy ananya.chatterjee@cs.ox.ac.uk,MAILV9J8L2FM
e475,eid2,receivedBy,MAILV9J8L2FM receivedBy ramesh.bhatia@iacs.res.in,MAILV9J8L2FM
e475,eid3,receivedBy,MAILV9J8L2FM receivedBy michael@cs.stanford.edu,MAILV9J8L2FM
e476,eid1,receivedBy,MAILQ9B3A7UT receivedBy scholar.sunita@iacs.res.in,MAILQ9B3A7UT
e476,eid5,receivedBy,MAILQ9B3A7UT receivedBy ananya.chatterjee@cs.ox.ac.uk,MAILQ9B3A7UT
e476,eid2,receivedBy,MAILQ9B3A7UT receivedBy ramesh.bhatia@iacs.res.in,MAILQ9B3A7UT
e476,eid3,receivedBy,MAILQ9B3A7UT receivedBy michael@cs.stanford.edu,MAILQ9B3A7UT
e477,eid1,receivedBy,MAILS3K7U1XC receivedBy scholar.sunita@iacs.res.in,MAILS3K7U1XC
e477,eid5,receivedBy,MAILS3K7U1XC receivedBy ananya.chatterjee@cs.ox.ac.uk,MAILS3K7U1XC
e477,eid2,receivedBy,MAILS3K7U1XC receivedBy ramesh.bhatia@iacs.res.in,MAILS3K7U1XC
e477,eid3,receivedBy,MAILS3K7U1XC receivedBy michael@cs.stanford.edu,MAILS3K7U1XC
e478,eid1,receivedBy,MAILL8F6P2WR receivedBy scholar.sunita@iacs.res.in,MAILL8F6P2WR
e478,eid5,receivedBy,MAILL8F6P2WR receivedBy ananya.chatterjee@cs.ox.ac.uk,MAILL8F6P2WR
e478,eid2,receivedBy,MAILL8F6P2WR receivedBy ramesh.bhatia@iacs.res.in,MAILL8F6P2WR
e479,eid1,receivedBy,MAILA7U5J2LF receivedBy scholar.sunita@iacs.res.in,MAILA7U5J2LF
e479,eid2,receivedBy,MAILA7U5J2LF receivedBy ramesh.bhatia@iacs.res.in,MAILA7U5J2LF
e479,eid3,receivedBy,MAILA7U5J2LF receivedBy michael@cs.stanford.edu,MAILA7U5J2LF
e480,eid5,receivedBy,MAILW8B7K3TE receivedBy ananya.chatterjee@cs.ox.ac.uk,MAILW8B7K3TE
e480,eid1,receivedBy,MAILW8B7K3TE receivedBy scholar.sunita@iacs.res.in,MAILW8B7K3TE
e480,eid3,receivedBy,MAILW8B7K3TE receivedBy michael@cs.stanford.edu,MAILW8B7K3TE
e481,eid5,receivedBy,MAILJ2D8M6YZ receivedBy ananya.chatterjee@cs.ox.ac.uk,MAILJ2D8M6YZ
e481,eid2,receivedBy,MAILJ2D8M6YZ receivedBy ramesh.bhatia@iacs.res.in,MAILJ2D8M6YZ
e481,eid3,receivedBy,MAILJ2D8M6YZ receivedBy michael@cs.stanford.edu,MAILJ2D8M6YZ
e482,eid1,receivedBy,MAILP4V2H9MQ receivedBy scholar.sunita@iacs.res.in,MAILP4V2H9MQ
e482,eid5,receivedBy,MAILP4V2H9MQ receivedBy ananya.chatterjee@cs.ox.ac.uk,MAILP4V2H9MQ
e482,eid2,receivedBy,MAILP4V2H9MQ receivedBy ramesh.bhatia@iacs.res.in,MAILP4V2H9MQ
e483,eid1,receivedBy,MAILU5Q8D2VS receivedBy scholar.sunita@iacs.res.in,MAILU5Q8D2VS
e483,eid2,receivedBy,MAILU5Q8D2VS receivedBy ramesh.bhatia@iacs.res.in,MAILU5Q8D2VS
e483,eid3,receivedBy,MAILU5Q8D2VS receivedBy michael@cs.stanford.edu,MAILU5Q8D2VS
e484,eid5,receivedBy,MAILZ7B1L4NT receivedBy ananya.chatterjee@cs.ox.ac.uk,MAILZ7B1L4NT
e484,eid2,receivedBy,MAILZ7B1L4NT receivedBy ramesh.bhatia@iacs.res.in,MAILZ7B1L4NT
e484,eid3,receivedBy,MAILZ7B1L4NT receivedBy michael@cs.stanford.edu,MAILZ7B1L4NT
e485,eid1,receivedBy,MAILG3S9D4XB receivedBy scholar.sunita@iacs.res.in,MAILG3S9D4XB
e485,eid5,receivedBy,MAILG3S9D4XB receivedBy ananya.chatterjee@cs.ox.ac.uk,MAILG3S9D4XB
e485,eid2,receivedBy,MAILG3S9D4XB receivedBy ramesh.bhatia@iacs.res.in,MAILG3S9D4XB
e485,eid3,receivedBy,MAILG3S9D4XB receivedBy michael@cs.stanford.edu,MAILG3S9D4XB
e486,eid1,receivedBy,MAILE8W5Z6QF receivedBy scholar.sunita@iacs.res.in,MAILE8W5Z6QF
e486,eid5,receivedBy,MAILE8W5Z6QF receivedBy ananya.chatterjee@cs.ox.ac.uk,MAILE8W5Z6QF
e486,eid3,receivedBy,MAILE8W5Z6QF receivedBy michael@cs.stanford.edu,MAILE8W5Z6QF
e487,eid5,receivedBy,MAILV2N3Q8HU receivedBy ananya.chatterjee@cs.ox.ac.uk,MAILV2N3Q8HU
e487,eid2,receivedBy,MAILV2N3Q8HU receivedBy ramesh.bhatia@iacs.res.in,MAILV2N3Q8HU
e487,eid3,receivedBy,MAILV2N3Q8HU receivedBy michael@cs.stanford.edu,MAILV2N3Q8HU
e488,eid1,receivedBy,MAILX8C4S9DJ receivedBy scholar.sunita@iacs.res.in,MAILX8C4S9DJ
e488,eid2,receivedBy,MAILX8C4S9DJ receivedBy ramesh.bhatia@iacs.res.in,MAILX8C4S9DJ
e488,eid3,receivedBy,MAILX8C4S9DJ receivedBy michael@cs.stanford.edu,MAILX8C4S9DJ
e489,eid5,receivedBy,MAILB1N5E3WT receivedBy ananya.chatterjee@cs.ox.ac.uk,MAILB1N5E3WT
e489,eid1,receivedBy,MAILB1N5E3WT receivedBy scholar.sunita@iacs.res.in,MAILB1N5E3WT
e489,eid3,receivedBy,MAILB1N5E3WT receivedBy michael@cs.stanford.edu,MAILB1N5E3WT
e490,eid5,receivedBy,MAILT7H9K4ML receivedBy ananya.chatterjee@cs.ox.ac.uk,MAILT7H9K4ML
e490,eid1,receivedBy,MAILT7H9K4ML receivedBy scholar.sunita@iacs.res.in,MAILT7H9K4ML
e490,eid2,receivedBy,MAILT7H9K4ML receivedBy ramesh.bhatia@iacs.res.in,MAILT7H9K4ML
e491,eid1,receivedBy,MAILY3R5B7XZ receivedBy scholar.sunita@iacs.res.in,MAILY3R5B7XZ
e491,eid2,receivedBy,MAILY3R5B7XZ receivedBy ramesh.bhatia@iacs.res.in,MAILY3R5B7XZ
e491,eid3,receivedBy,MAILY3R5B7XZ receivedBy michael@cs.stanford.edu,MAILY3R5B7XZ
e492,eid5,receivedBy,MAILP4J2S6XC receivedBy ananya.chatterjee@cs.ox.ac.uk,MAILP4J2S6XC
e492,eid2,receivedBy,MAILP4J2S6XC receivedBy ramesh.bhatia@iacs.res.in,MAILP4J2S6XC
e492,eid3,receivedBy,MAILP4J2S6XC receivedBy michael@cs.stanford.edu,MAILP4J2S6XC
e493,eid5,receivedBy,MAILN7D8V6QP receivedBy ananya.chatterjee@cs.ox.ac.uk,MAILN7D8V6QP
e493,eid1,receivedBy,MAILN7D8V6QP receivedBy scholar.sunita@iacs.res.in,MAILN7D8V6QP
e493,eid2,receivedBy,MAILN7D8V6QP receivedBy ramesh.bhatia@iacs.res.in,MAILN7D8V6QP
e494,eid1,receivedBy,MAILF9D7L2ST receivedBy scholar.sunita@iacs.res.in,MAILF9D7L2ST
e494,eid2,receivedBy,MAILF9D7L2ST receivedBy ramesh.bhatia@iacs.res.in,MAILF9D7L2ST
e494,eid3,receivedBy,MAILF9D7L2ST receivedBy michael@cs.stanford.edu,MAILF9D7L2ST
e495,eid5,receivedBy,MAILR8Q4Z1VM receivedBy ananya.chatterjee@cs.ox.ac.uk,MAILR8Q4Z1VM
e495,eid1,receivedBy,MAILR8Q4Z1VM receivedBy scholar.sunita@iacs.res.in,MAILR8Q4Z1VM
e495,eid3,receivedBy,MAILR8Q4Z1VM receivedBy michael@cs.stanford.edu,MAILR8Q4Z1VM
e496,eid5,receivedBy,MAILS3Y9M4QT receivedBy ananya.chatterjee@cs.ox.ac.uk,MAILS3Y9M4QT
e496,eid2,receivedBy,MAILS3Y9M4QT receivedBy ramesh.bhatia@iacs.res.in,MAILS3Y9M4QT
e496,eid3,receivedBy,MAILS3Y9M4QT receivedBy michael@cs.stanford.edu,MAILS3Y9M4QT
e497,eid5,receivedBy,MAILL7P3V2SB receivedBy ananya.chatterjee@cs.ox.ac.uk,MAILL7P3V2SB
e497,eid1,receivedBy,MAILL7P3V2SB receivedBy scholar.sunita@iacs.res.in,MAILL7P3V2SB
e497,eid2,receivedBy,MAILL7P3V2SB receivedBy ramesh.bhatia@iacs.res.in,MAILL7P3V2SB
e498,eid1,receivedBy,MAILZ3K7Q1BW receivedBy scholar.sunita@iacs.res.in,MAILZ3K7Q1BW
e498,eid2,receivedBy,MAILZ3K7Q1BW receivedBy ramesh.bhatia@iacs.res.in,MAILZ3K7Q1BW
e498,eid3,receivedBy,MAILZ3K7Q1BW receivedBy michael@cs.stanford.edu,MAILZ3K7Q1BW
e499,eid5,receivedBy,MAILP2N8H5TR receivedBy ananya.chatterjee@cs.ox.ac.uk,MAILP2N8H5TR
e499,eid1,receivedBy,MAILP2N8H5TR receivedBy scholar.sunita@iacs.res.in,MAILP2N8H5TR
e499,eid3,receivedBy,MAILP2N8H5TR receivedBy michael@cs.stanford.edu,MAILP2N8H5TR
e500,eid5,receivedBy,MAILW1F6Z9EV receivedBy ananya.chatterjee@cs.ox.ac.uk,MAILW1F6Z9EV
e500,eid2,receivedBy,MAILW1F6Z9EV receivedBy ramesh.bhatia@iacs.res.in,MAILW1F6Z9EV
e500,eid3,receivedBy,MAILW1F6Z9EV receivedBy michael@cs.stanford.edu,MAILW1F6Z9EV
e501,eid1,receivedBy,MAILU5B3Q2HN receivedBy scholar.sunita@iacs.res.in,MAILU5B3Q2HN
e501,eid2,receivedBy,MAILU5B3Q2HN receivedBy ramesh.bhatia@iacs.res.in,MAILU5B3Q2HN
e501,eid5,receivedBy,MAILU5B3Q2HN receivedBy ananya.chatterjee@cs.ox.ac.uk,MAILU5B3Q2HN
e502,eid18,receivedBy,MAILH8L4Y7VB receivedBy comm@jcdl2022.org,MAILH8L4Y7VB
e502,eid1,receivedBy,MAILH8L4Y7VB receivedBy scholar.sunita@iacs.res.in,MAILH8L4Y7VB
e502,eid2,receivedBy,MAILH8L4Y7VB receivedBy ramesh.bhatia@iacs.res.in,MAILH8L4Y7VB
e502,eid3,receivedBy,MAILH8L4Y7VB receivedBy michael@cs.stanford.edu,MAILH8L4Y7VB
e503,eid5,receivedBy,MAILY2L7X9QD receivedBy ananya.chatterjee@cs.ox.ac.uk,MAILY2L7X9QD
e503,eid1,receivedBy,MAILY2L7X9QD receivedBy scholar.sunita@iacs.res.in,MAILY2L7X9QD
e503,eid2,receivedBy,MAILY2L7X9QD receivedBy ramesh.bhatia@iacs.res.in,MAILY2L7X9QD
e503,eid3,receivedBy,MAILY2L7X9QD receivedBy michael@cs.stanford.edu,MAILY2L7X9QD
e504,eid5,receivedBy,MAILA9J3T7LU receivedBy ananya.chatterjee@cs.ox.ac.uk,MAILA9J3T7LU
e504,eid2,receivedBy,MAILA9J3T7LU receivedBy ramesh.bhatia@iacs.res.in,MAILA9J3T7LU
e504,eid3,receivedBy,MAILA9J3T7LU receivedBy michael@cs.stanford.edu,MAILA9J3T7LU
e505,eid1,receivedBy,MAILQ8M2VLXJ receivedBy scholar.sunita@iacs.res.in,MAILQ8M2VLXJ
e505,eid2,receivedBy,MAILQ8M2VLXJ receivedBy ramesh.bhatia@iacs.res.in,MAILQ8M2VLXJ
e505,eid5,receivedBy,MAILQ8M2VLXJ receivedBy ananya.chatterjee@cs.ox.ac.uk,MAILQ8M2VLXJ
e506,eid1,receivedBy,MAILV5P1DK3H receivedBy scholar.sunita@iacs.res.in,MAILV5P1DK3H
e506,eid3,receivedBy,MAILV5P1DK3H receivedBy michael@cs.stanford.edu,MAILV5P1DK3H
e506,eid2,receivedBy,MAILV5P1DK3H receivedBy ramesh.bhatia@iacs.res.in,MAILV5P1DK3H
e507,eid5,receivedBy,MAILF8H4SK5B receivedBy ananya.chatterjee@cs.ox.ac.uk,MAILF8H4SK5B
e507,eid1,receivedBy,MAILF8H4SK5B receivedBy scholar.sunita@iacs.res.in,MAILF8H4SK5B
e507,eid3,receivedBy,MAILF8H4SK5B receivedBy michael@cs.stanford.edu,MAILF8H4SK5B
e508,eid5,receivedBy,MAILN4T7XBQ1 receivedBy ananya.chatterjee@cs.ox.ac.uk,MAILN4T7XBQ1
e508,eid1,receivedBy,MAILN4T7XBQ1 receivedBy scholar.sunita@iacs.res.in,MAILN4T7XBQ1
e508,eid2,receivedBy,MAILN4T7XBQ1 receivedBy ramesh.bhatia@iacs.res.in,MAILN4T7XBQ1
e509,eid18,receivedBy,MAILZ8S2QMLC receivedBy comm@jcdl2022.org,MAILZ8S2QMLC
e509,eid5,receivedBy,MAILZ8S2QMLC receivedBy ananya.chatterjee@cs.ox.ac.uk,MAILZ8S2QMLC
e509,eid3,receivedBy,MAILZ8S2QMLC receivedBy michael@cs.stanford.edu,MAILZ8S2QMLC
e509,eid2,receivedBy,MAILZ8S2QMLC receivedBy ramesh.bhatia@iacs.res.in,MAILZ8S2QMLC
e510,eid1,receivedBy,MAILW5D8X3NC receivedBy scholar.sunita@iacs.res.in,MAILW5D8X3NC
e510,eid5,receivedBy,MAILW5D8X3NC receivedBy ananya.chatterjee@cs.ox.ac.uk,MAILW5D8X3NC
e510,eid3,receivedBy,MAILW5D8X3NC receivedBy michael@cs.stanford.edu,MAILW5D8X3NC
e510,eid2,receivedBy,MAILW5D8X3NC receivedBy ramesh.bhatia@iacs.res.in,MAILW5D8X3NC
e511,eid18,receivedBy,MAILY1P6SMUJ receivedBy comm@jcdl2022.org,MAILY1P6SMUJ
e511,eid1,receivedBy,MAILY1P6SMUJ receivedBy scholar.sunita@iacs.res.in,MAILY1P6SMUJ
e511,eid3,receivedBy,MAILY1P6SMUJ receivedBy michael@cs.stanford.edu,MAILY1P6SMUJ
e511,eid2,receivedBy,MAILY1P6SMUJ receivedBy ramesh.bhatia@iacs.res.in,MAILY1P6SMUJ
e512,eid1,receivedBy,MAILM2K4Q5WN receivedBy scholar.sunita@iacs.res.in,MAILM2K4Q5WN
e512,eid5,receivedBy,MAILM2K4Q5WN receivedBy ananya.chatterjee@cs.ox.ac.uk,MAILM2K4Q5WN
e512,eid3,receivedBy,MAILM2K4Q5WN receivedBy michael@cs.stanford.edu,MAILM2K4Q5WN
e512,eid2,receivedBy,MAILM2K4Q5WN receivedBy ramesh.bhatia@iacs.res.in,MAILM2K4Q5WN
e513,eid5,receivedBy,MAILE4J8SZMY receivedBy ananya.chatterjee@cs.ox.ac.uk,MAILE4J8SZMY
e513,eid3,receivedBy,MAILE4J8SZMY receivedBy michael@cs.stanford.edu,MAILE4J8SZMY
e513,eid2,receivedBy,MAILE4J8SZMY receivedBy ramesh.bhatia@iacs.res.in,MAILE4J8SZMY
e514,eid1,receivedBy,MAILB9Q3DZK2 receivedBy scholar.sunita@iacs.res.in,MAILB9Q3DZK2
e514,eid5,receivedBy,MAILB9Q3DZK2 receivedBy ananya.chatterjee@cs.ox.ac.uk,MAILB9Q3DZK2
e514,eid2,receivedBy,MAILB9Q3DZK2 receivedBy ramesh.bhatia@iacs.res.in,MAILB9Q3DZK2
e515,eid1,receivedBy,MAILN8L2DKPS receivedBy scholar.sunita@iacs.res.in,MAILN8L2DKPS
e515,eid3,receivedBy,MAILN8L2DKPS receivedBy michael@cs.stanford.edu,MAILN8L2DKPS
e515,eid2,receivedBy,MAILN8L2DKPS receivedBy ramesh.bhatia@iacs.res.in,MAILN8L2DKPS
e516,eid5,receivedBy,MAILT5R2LCQ7 receivedBy ananya.chatterjee@cs.ox.ac.uk,MAILT5R2LCQ7
e516,eid3,receivedBy,MAILT5R2LCQ7 receivedBy michael@cs.stanford.edu,MAILT5R2LCQ7
e516,eid2,receivedBy,MAILT5R2LCQ7 receivedBy ramesh.bhatia@iacs.res.in,MAILT5R2LCQ7
e517,eid1,receivedBy,MAILV3T5MZ82 receivedBy scholar.sunita@iacs.res.in,MAILV3T5MZ82
e517,eid5,receivedBy,MAILV3T5MZ82 receivedBy ananya.chatterjee@cs.ox.ac.uk,MAILV3T5MZ82
e517,eid3,receivedBy,MAILV3T5MZ82 receivedBy michael@cs.stanford.edu,MAILV3T5MZ82
e518,eid1,receivedBy,MAILSJ74QRXP receivedBy scholar.sunita@iacs.res.in,MAILSJ74QRXP
e518,eid3,receivedBy,MAILSJ74QRXP receivedBy michael@cs.stanford.edu,MAILSJ74QRXP
e518,eid2,receivedBy,MAILSJ74QRXP receivedBy ramesh.bhatia@iacs.res.in,MAILSJ74QRXP
e519,eid5,receivedBy,MAIL8XPLT3QW receivedBy ananya.chatterjee@cs.ox.ac.uk,MAIL8XPLT3QW
e519,eid1,receivedBy,MAIL8XPLT3QW receivedBy scholar.sunita@iacs.res.in,MAIL8XPLT3QW
e519,eid2,receivedBy,MAIL8XPLT3QW receivedBy ramesh.bhatia@iacs.res.in,MAIL8XPLT3QW
e520,eid3,receivedBy,MAILF2DJ08UV receivedBy michael@cs.stanford.edu,MAILF2DJ08UV
e520,eid5,receivedBy,MAILF2DJ08UV receivedBy ananya.chatterjee@cs.ox.ac.uk,MAILF2DJ08UV
e520,eid2,receivedBy,MAILF2DJ08UV receivedBy ramesh.bhatia@iacs.res.in,MAILF2DJ08UV
e521,eid1,receivedBy,MAILP39TRV1Q receivedBy scholar.sunita@iacs.res.in,MAILP39TRV1Q
e521,eid3,receivedBy,MAILP39TRV1Q receivedBy michael@cs.stanford.edu,MAILP39TRV1Q
e521,eid5,receivedBy,MAILP39TRV1Q receivedBy ananya.chatterjee@cs.ox.ac.uk,MAILP39TRV1Q
e522,eid2,receivedBy,MAIL7FLQTD34 receivedBy ramesh.bhatia@iacs.res.in,MAIL7FLQTD34
e522,eid1,receivedBy,MAIL7FLQTD34 receivedBy scholar.sunita@iacs.res.in,MAIL7FLQTD34
e522,eid3,receivedBy,MAIL7FLQTD34 receivedBy michael@cs.stanford.edu,MAIL7FLQTD34
e523,eid5,receivedBy,MAIL5DKP3ZYA receivedBy ananya.chatterjee@cs.ox.ac.uk,MAIL5DKP3ZYA
e523,eid1,receivedBy,MAIL5DKP3ZYA receivedBy scholar.sunita@iacs.res.in,MAIL5DKP3ZYA
e523,eid2,receivedBy,MAIL5DKP3ZYA receivedBy ramesh.bhatia@iacs.res.in,MAIL5DKP3ZYA
e524,eid3,receivedBy,MAILK8RZ3YX0 receivedBy michael@cs.stanford.edu,MAILK8RZ3YX0
e524,eid5,receivedBy,MAILK8RZ3YX0 receivedBy ananya.chatterjee@cs.ox.ac.uk,MAILK8RZ3YX0
e524,eid2,receivedBy,MAILK8RZ3YX0 receivedBy ramesh.bhatia@iacs.res.in,MAILK8RZ3YX0
e525,eid1,receivedBy,MAILE1Z5X8BV receivedBy scholar.sunita@iacs.res.in,MAILE1Z5X8BV
e525,eid3,receivedBy,MAILE1Z5X8BV receivedBy michael@cs.stanford.edu,MAILE1Z5X8BV
e525,eid2,receivedBy,MAILE1Z5X8BV receivedBy ramesh.bhatia@iacs.res.in,MAILE1Z5X8BV
e526,eid5,receivedBy,MAILJ4MDXK72 receivedBy ananya.chatterjee@cs.ox.ac.uk,MAILJ4MDXK72
e526,eid1,receivedBy,MAILJ4MDXK72 receivedBy scholar.sunita@iacs.res.in,MAILJ4MDXK72
e526,eid3,receivedBy,MAILJ4MDXK72 receivedBy michael@cs.stanford.edu,MAILJ4MDXK72
e527,eid2,receivedBy,MAIL3TLVZRKY receivedBy ramesh.bhatia@iacs.res.in,MAIL3TLVZRKY
e527,eid5,receivedBy,MAIL3TLVZRKY receivedBy ananya.chatterjee@cs.ox.ac.uk,MAIL3TLVZRKY
e527,eid3,receivedBy,MAIL3TLVZRKY receivedBy michael@cs.stanford.edu,MAIL3TLVZRKY
e528,eid1,receivedBy,MAILVQ9P7L2B receivedBy scholar.sunita@iacs.res.in,MAILVQ9P7L2B
e528,eid2,receivedBy,MAILVQ9P7L2B receivedBy ramesh.bhatia@iacs.res.in,MAILVQ9P7L2B
e528,eid5,receivedBy,MAILVQ9P7L2B receivedBy ananya.chatterjee@cs.ox.ac.uk,MAILVQ9P7L2B
e529,eid3,receivedBy,MAIL2XMN74VC receivedBy michael@cs.stanford.edu,MAIL2XMN74VC
e529,eid1,receivedBy,MAIL2XMN74VC receivedBy scholar.sunita@iacs.res.in,MAIL2XMN74VC
e529,eid2,receivedBy,MAIL2XMN74VC receivedBy ramesh.bhatia@iacs.res.in,MAIL2XMN74VC
e530,eid5,receivedBy,MAIL71QFVX32 receivedBy ananya.chatterjee@cs.ox.ac.uk,MAIL71QFVX32
e530,eid3,receivedBy,MAIL71QFVX32 receivedBy michael@cs.stanford.edu,MAIL71QFVX32
e530,eid1,receivedBy,MAIL71QFVX32 receivedBy scholar.sunita@iacs.res.in,MAIL71QFVX32
e531,eid5,receivedBy,MAIL3H7VX1LN receivedBy ananya.chatterjee@cs.ox.ac.uk,MAIL3H7VX1LN
e531,eid2,receivedBy,MAIL3H7VX1LN receivedBy ramesh.bhatia@iacs.res.in,MAIL3H7VX1LN
e531,eid3,receivedBy,MAIL3H7VX1LN receivedBy michael@cs.stanford.edu,MAIL3H7VX1LN
e532,eid3,receivedBy,MAIL5B9ZK7QX receivedBy michael@cs.stanford.edu,MAIL5B9ZK7QX
e532,eid2,receivedBy,MAIL5B9ZK7QX receivedBy ramesh.bhatia@iacs.res.in,MAIL5B9ZK7QX
e532,eid1,receivedBy,MAIL5B9ZK7QX receivedBy scholar.sunita@iacs.res.in,MAIL5B9ZK7QX
e533,eid5,receivedBy,MAILK3BX2HQN receivedBy ananya.chatterjee@cs.ox.ac.uk,MAILK3BX2HQN
e533,eid2,receivedBy,MAILK3BX2HQN receivedBy ramesh.bhatia@iacs.res.in,MAILK3BX2HQN
e533,eid1,receivedBy,MAILK3BX2HQN receivedBy scholar.sunita@iacs.res.in,MAILK3BX2HQN
e534,eid3,receivedBy,MAILV8EZ1KLS receivedBy michael@cs.stanford.edu,MAILV8EZ1KLS
e534,eid5,receivedBy,MAILV8EZ1KLS receivedBy ananya.chatterjee@cs.ox.ac.uk,MAILV8EZ1KLS
e534,eid1,receivedBy,MAILV8EZ1KLS receivedBy scholar.sunita@iacs.res.in,MAILV8EZ1KLS
e535,eid3,receivedBy,MAILUY97M5RT receivedBy michael@cs.stanford.edu,MAILUY97M5RT
e535,eid2,receivedBy,MAILUY97M5RT receivedBy ramesh.bhatia@iacs.res.in,MAILUY97M5RT
e535,eid5,receivedBy,MAILUY97M5RT receivedBy ananya.chatterjee@cs.ox.ac.uk,MAILUY97M5RT
e536,eid3,receivedBy,MAILA2J3XLMQ receivedBy michael@cs.stanford.edu,MAILA2J3XLMQ
e536,eid2,receivedBy,MAILA2J3XLMQ receivedBy ramesh.bhatia@iacs.res.in,MAILA2J3XLMQ
e536,eid1,receivedBy,MAILA2J3XLMQ receivedBy scholar.sunita@iacs.res.in,MAILA2J3XLMQ
e537,eid5,receivedBy,MAILR4K21HJ8 receivedBy ananya.chatterjee@cs.ox.ac.uk,MAILR4K21HJ8
e537,eid2,receivedBy,MAILR4K21HJ8 receivedBy ramesh.bhatia@iacs.res.in,MAILR4K21HJ8
e537,eid1,receivedBy,MAILR4K21HJ8 receivedBy scholar.sunita@iacs.res.in,MAILR4K21HJ8
e538,eid3,receivedBy,MAILUB0HQCXZ receivedBy michael@cs.stanford.edu,MAILUB0HQCXZ
e538,eid5,receivedBy,MAILUB0HQCXZ receivedBy ananya.chatterjee@cs.ox.ac.uk,MAILUB0HQCXZ
e538,eid2,receivedBy,MAILUB0HQCXZ receivedBy ramesh.bhatia@iacs.res.in,MAILUB0HQCXZ
e539,eid3,receivedBy,MAILF728GQW1 receivedBy michael@cs.stanford.edu,MAILF728GQW1
e539,eid2,receivedBy,MAILF728GQW1 receivedBy ramesh.bhatia@iacs.res.in,MAILF728GQW1
e539,eid1,receivedBy,MAILF728GQW1 receivedBy scholar.sunita@iacs.res.in,MAILF728GQW1
e540,eid5,receivedBy,MAILRM2TCL89 receivedBy ananya.chatterjee@cs.ox.ac.uk,MAILRM2TCL89
e540,eid3,receivedBy,MAILRM2TCL89 receivedBy michael@cs.stanford.edu,MAILRM2TCL89
e540,eid1,receivedBy,MAILRM2TCL89 receivedBy scholar.sunita@iacs.res.in,MAILRM2TCL89
e541,eid2,receivedBy,MAILT4F1GDQ6 receivedBy ramesh.bhatia@iacs.res.in,MAILT4F1GDQ6
e541,eid5,receivedBy,MAILT4F1GDQ6 receivedBy ananya.chatterjee@cs.ox.ac.uk,MAILT4F1GDQ6
e541,eid1,receivedBy,MAILT4F1GDQ6 receivedBy scholar.sunita@iacs.res.in,MAILT4F1GDQ6
e542,eid2,receivedBy,MAILEJ8TN234 receivedBy ramesh.bhatia@iacs.res.in,MAILEJ8TN234
e542,eid3,receivedBy,MAILEJ8TN234 receivedBy michael@cs.stanford.edu,MAILEJ8TN234
e542,eid5,receivedBy,MAILEJ8TN234 receivedBy ananya.chatterjee@cs.ox.ac.uk,MAILEJ8TN234
e543,eid1,receivedBy,MAIL5RZ74MNB receivedBy scholar.sunita@iacs.res.in,MAIL5RZ74MNB
e543,eid3,receivedBy,MAIL5RZ74MNB receivedBy michael@cs.stanford.edu,MAIL5RZ74MNB
e543,eid2,receivedBy,MAIL5RZ74MNB receivedBy ramesh.bhatia@iacs.res.in,MAIL5RZ74MNB
e544,eid1,receivedBy,MAIL73NFOVZD receivedBy scholar.sunita@iacs.res.in,MAIL73NFOVZD
e544,eid3,receivedBy,MAIL73NFOVZD receivedBy michael@cs.stanford.edu,MAIL73NFOVZD
e544,eid5,receivedBy,MAIL73NFOVZD receivedBy ananya.chatterjee@cs.ox.ac.uk,MAIL73NFOVZD
e545,eid1,receivedBy,MAILGY82WLPQ receivedBy scholar.sunita@iacs.res.in,MAILGY82WLPQ
e545,eid5,receivedBy,MAILGY82WLPQ receivedBy ananya.chatterjee@cs.ox.ac.uk,MAILGY82WLPQ
e545,eid2,receivedBy,MAILGY82WLPQ receivedBy ramesh.bhatia@iacs.res.in,MAILGY82WLPQ
e546,eid3,receivedBy,MAILX5CG9WT2 receivedBy michael@cs.stanford.edu,MAILX5CG9WT2
e546,eid5,receivedBy,MAILX5CG9WT2 receivedBy ananya.chatterjee@cs.ox.ac.uk,MAILX5CG9WT2
e546,eid2,receivedBy,MAILX5CG9WT2 receivedBy ramesh.bhatia@iacs.res.in,MAILX5CG9WT2
e547,eid1,receivedBy,MAILUJQ6N2YS receivedBy scholar.sunita@iacs.res.in,MAILUJQ6N2YS
e547,eid3,receivedBy,MAILUJQ6N2YS receivedBy michael@cs.stanford.edu,MAILUJQ6N2YS
e547,eid2,receivedBy,MAILUJQ6N2YS receivedBy ramesh.bhatia@iacs.res.in,MAILUJQ6N2YS
e548,eid3,receivedBy,MAILPG2483SL receivedBy michael@cs.stanford.edu,MAILPG2483SL
e548,eid5,receivedBy,MAILPG2483SL receivedBy ananya.chatterjee@cs.ox.ac.uk,MAILPG2483SL
e548,eid2,receivedBy,MAILPG2483SL receivedBy ramesh.bhatia@iacs.res.in,MAILPG2483SL
e549,eid1,receivedBy,MAILW19Z75EN receivedBy scholar.sunita@iacs.res.in,MAILW19Z75EN
e549,eid3,receivedBy,MAILW19Z75EN receivedBy michael@cs.stanford.edu,MAILW19Z75EN
e549,eid5,receivedBy,MAILW19Z75EN receivedBy ananya.chatterjee@cs.ox.ac.uk,MAILW19Z75EN
e549,eid2,receivedBy,MAILW19Z75EN receivedBy ramesh.bhatia@iacs.res.in,MAILW19Z75EN
e550,eid1,receivedBy,MAIL6SKZ4RXV receivedBy scholar.sunita@iacs.res.in,MAIL6SKZ4RXV
e550,eid5,receivedBy,MAIL6SKZ4RXV receivedBy ananya.chatterjee@cs.ox.ac.uk,MAIL6SKZ4RXV
e550,eid2,receivedBy,MAIL6SKZ4RXV receivedBy ramesh.bhatia@iacs.res.in,MAIL6SKZ4RXV
e551,eid3,receivedBy,MAILPTM68YZX receivedBy michael@cs.stanford.edu,MAILPTM68YZX
e551,eid5,receivedBy,MAILPTM68YZX receivedBy ananya.chatterjee@cs.ox.ac.uk,MAILPTM68YZX
e551,eid2,receivedBy,MAILPTM68YZX receivedBy ramesh.bhatia@iacs.res.in,MAILPTM68YZX
e552,eid1,receivedBy,MAILEM9JG842 receivedBy scholar.sunita@iacs.res.in,MAILEM9JG842
e552,eid3,receivedBy,MAILEM9JG842 receivedBy michael@cs.stanford.edu,MAILEM9JG842
e552,eid5,receivedBy,MAILEM9JG842 receivedBy ananya.chatterjee@cs.ox.ac.uk,MAILEM9JG842
e553,eid2,receivedBy,MAIL7BGDH5ZX receivedBy ramesh.bhatia@iacs.res.in,MAIL7BGDH5ZX
e553,eid1,receivedBy,MAIL7BGDH5ZX receivedBy scholar.sunita@iacs.res.in,MAIL7BGDH5ZX
e553,eid3,receivedBy,MAIL7BGDH5ZX receivedBy michael@cs.stanford.edu,MAIL7BGDH5ZX
e554,eid5,receivedBy,MAILXM2F7J8Q receivedBy ananya.chatterjee@cs.ox.ac.uk,MAILXM2F7J8Q
e554,eid1,receivedBy,MAILXM2F7J8Q receivedBy scholar.sunita@iacs.res.in,MAILXM2F7J8Q
e554,eid2,receivedBy,MAILXM2F7J8Q receivedBy ramesh.bhatia@iacs.res.in,MAILXM2F7J8Q
e555,eid3,receivedBy,MAILJ8NF54T0 receivedBy michael@cs.stanford.edu,MAILJ8NF54T0
e555,eid5,receivedBy,MAILJ8NF54T0 receivedBy ananya.chatterjee@cs.ox.ac.uk,MAILJ8NF54T0
e555,eid2,receivedBy,MAILJ8NF54T0 receivedBy ramesh.bhatia@iacs.res.in,MAILJ8NF54T0
e556,eid1,receivedBy,MAILUK2GF1S7 receivedBy scholar.sunita@iacs.res.in,MAILUK2GF1S7
e556,eid3,receivedBy,MAILUK2GF1S7 receivedBy michael@cs.stanford.edu,MAILUK2GF1S7
e556,eid5,receivedBy,MAILUK2GF1S7 receivedBy ananya.chatterjee@cs.ox.ac.uk,MAILUK2GF1S7
e557,eid2,receivedBy,MAIL7LXWQY93 receivedBy ramesh.bhatia@iacs.res.in,MAIL7LXWQY93
e557,eid1,receivedBy,MAIL7LXWQY93 receivedBy scholar.sunita@iacs.res.in,MAIL7LXWQY93
e557,eid3,receivedBy,MAIL7LXWQY93 receivedBy michael@cs.stanford.edu,MAIL7LXWQY93
e558,eid5,receivedBy,MAILF52JLK87 receivedBy ananya.chatterjee@cs.ox.ac.uk,MAILF52JLK87
e558,eid1,receivedBy,MAILF52JLK87 receivedBy scholar.sunita@iacs.res.in,MAILF52JLK87
e558,eid2,receivedBy,MAILF52JLK87 receivedBy ramesh.bhatia@iacs.res.in,MAILF52JLK87
e559,eid3,receivedBy,MAIL81QKJ23X receivedBy michael@cs.stanford.edu,MAIL81QKJ23X
e559,eid5,receivedBy,MAIL81QKJ23X receivedBy ananya.chatterjee@cs.ox.ac.uk,MAIL81QKJ23X
e559,eid2,receivedBy,MAIL81QKJ23X receivedBy ramesh.bhatia@iacs.res.in,MAIL81QKJ23X
e560,eid1,receivedBy,MAILX5GM3C82 receivedBy scholar.sunita@iacs.res.in,MAILX5GM3C82
e560,eid5,receivedBy,MAILX5GM3C82 receivedBy ananya.chatterjee@cs.ox.ac.uk,MAILX5GM3C82
e560,eid2,receivedBy,MAILX5GM3C82 receivedBy ramesh.bhatia@iacs.res.in,MAILX5GM3C82
e561,eid3,receivedBy,MAILZ8YJQ47N receivedBy michael@cs.stanford.edu,MAILZ8YJQ47N
e561,eid1,receivedBy,MAILZ8YJQ47N receivedBy scholar.sunita@iacs.res.in,MAILZ8YJQ47N
e561,eid5,receivedBy,MAILZ8YJQ47N receivedBy ananya.chatterjee@cs.ox.ac.uk,MAILZ8YJQ47N
e562,eid2,receivedBy,MAILD2HFQ943 receivedBy ramesh.bhatia@iacs.res.in,MAILD2HFQ943
e562,eid3,receivedBy,MAILD2HFQ943 receivedBy michael@cs.stanford.edu,MAILD2HFQ943
e562,eid1,receivedBy,MAILD2HFQ943 receivedBy scholar.sunita@iacs.res.in,MAILD2HFQ943
e563,eid5,receivedBy,MAILPK7ZC318 receivedBy ananya.chatterjee@cs.ox.ac.uk,MAILPK7ZC318
e563,eid2,receivedBy,MAILPK7ZC318 receivedBy ramesh.bhatia@iacs.res.in,MAILPK7ZC318
e563,eid3,receivedBy,MAILPK7ZC318 receivedBy michael@cs.stanford.edu,MAILPK7ZC318
e564,eid1,receivedBy,MAILV4JPK093 receivedBy scholar.sunita@iacs.res.in,MAILV4JPK093
e564,eid2,receivedBy,MAILV4JPK093 receivedBy ramesh.bhatia@iacs.res.in,MAILV4JPK093
e564,eid5,receivedBy,MAILV4JPK093 receivedBy ananya.chatterjee@cs.ox.ac.uk,MAILV4JPK093
e565,eid5,receivedBy,MAILF382BJ9Q receivedBy ananya.chatterjee@cs.ox.ac.uk,MAILF382BJ9Q
e565,eid3,receivedBy,MAILF382BJ9Q receivedBy michael@cs.stanford.edu,MAILF382BJ9Q
e565,eid1,receivedBy,MAILF382BJ9Q receivedBy scholar.sunita@iacs.res.in,MAILF382BJ9Q
e566,eid2,receivedBy,MAILY7QBRK5C receivedBy ramesh.bhatia@iacs.res.in,MAILY7QBRK5C
e566,eid3,receivedBy,MAILY7QBRK5C receivedBy michael@cs.stanford.edu,MAILY7QBRK5C
e566,eid1,receivedBy,MAILY7QBRK5C receivedBy scholar.sunita@iacs.res.in,MAILY7QBRK5C
e567,eid5,receivedBy,MAILRW2QJ0B7 receivedBy ananya.chatterjee@cs.ox.ac.uk,MAILRW2QJ0B7
e567,eid2,receivedBy,MAILRW2QJ0B7 receivedBy ramesh.bhatia@iacs.res.in,MAILRW2QJ0B7
e567,eid3,receivedBy,MAILRW2QJ0B7 receivedBy michael@cs.stanford.edu,MAILRW2QJ0B7
e568,eid1,receivedBy,MAIL29VQHP4S receivedBy scholar.sunita@iacs.res.in,MAIL29VQHP4S
e568,eid2,receivedBy,MAIL29VQHP4S receivedBy ramesh.bhatia@iacs.res.in,MAIL29VQHP4S
e568,eid5,receivedBy,MAIL29VQHP4S receivedBy ananya.chatterjee@cs.ox.ac.uk,MAIL29VQHP4S
e569,eid3,receivedBy,MAILX3C94QBJ receivedBy michael@cs.stanford.edu,MAILX3C94QBJ
e569,eid1,receivedBy,MAILX3C94QBJ receivedBy scholar.sunita@iacs.res.in,MAILX3C94QBJ
e569,eid5,receivedBy,MAILX3C94QBJ receivedBy ananya.chatterjee@cs.ox.ac.uk,MAILX3C94QBJ
e570,eid2,receivedBy,MAIL8H5JW4KS receivedBy ramesh.bhatia@iacs.res.in,MAIL8H5JW4KS
e570,eid3,receivedBy,MAIL8H5JW4KS receivedBy michael@cs.stanford.edu,MAIL8H5JW4KS
e570,eid1,receivedBy,MAIL8H5JW4KS receivedBy scholar.sunita@iacs.res.in,MAIL8H5JW4KS
e571,eid3,receivedBy,MAILW9H8T5YU receivedBy michael@cs.stanford.edu,MAILW9H8T5YU
e571,eid5,receivedBy,MAILW9H8T5YU receivedBy ananya.chatterjee@cs.ox.ac.uk,MAILW9H8T5YU
e571,eid2,receivedBy,MAILW9H8T5YU receivedBy ramesh.bhatia@iacs.res.in,MAILW9H8T5YU
e572,eid1,receivedBy,MAIL5DN8G2KL receivedBy scholar.sunita@iacs.res.in,MAIL5DN8G2KL
e572,eid5,receivedBy,MAIL5DN8G2KL receivedBy ananya.chatterjee@cs.ox.ac.uk,MAIL5DN8G2KL
e572,eid2,receivedBy,MAIL5DN8G2KL receivedBy ramesh.bhatia@iacs.res.in,MAIL5DN8G2KL
e573,eid3,receivedBy,MAIL7ZB9PYTK receivedBy michael@cs.stanford.edu,MAIL7ZB9PYTK
e573,eid1,receivedBy,MAIL7ZB9PYTK receivedBy scholar.sunita@iacs.res.in,MAIL7ZB9PYTK
e573,eid5,receivedBy,MAIL7ZB9PYTK receivedBy ananya.chatterjee@cs.ox.ac.uk,MAIL7ZB9PYTK
e574,eid2,receivedBy,MAILN3H6F2VW receivedBy ramesh.bhatia@iacs.res.in,MAILN3H6F2VW
e574,eid3,receivedBy,MAILN3H6F2VW receivedBy michael@cs.stanford.edu,MAILN3H6F2VW
e574,eid5,receivedBy,MAILN3H6F2VW receivedBy ananya.chatterjee@cs.ox.ac.uk,MAILN3H6F2VW
e575,eid1,receivedBy,MAIL6J5HV9QT receivedBy scholar.sunita@iacs.res.in,MAIL6J5HV9QT
e575,eid2,receivedBy,MAIL6J5HV9QT receivedBy ramesh.bhatia@iacs.res.in,MAIL6J5HV9QT
e575,eid3,receivedBy,MAIL6J5HV9QT receivedBy michael@cs.stanford.edu,MAIL6J5HV9QT
e576,eid5,receivedBy,MAILE2PH9KLX receivedBy ananya.chatterjee@cs.ox.ac.uk,MAILE2PH9KLX
e576,eid1,receivedBy,MAILE2PH9KLX receivedBy scholar.sunita@iacs.res.in,MAILE2PH9KLX
e576,eid2,receivedBy,MAILE2PH9KLX receivedBy ramesh.bhatia@iacs.res.in,MAILE2PH9KLX
e577,eid5,receivedBy,MAILF7PJ6ZYW receivedBy ananya.chatterjee@cs.ox.ac.uk,MAILF7PJ6ZYW
e577,eid3,receivedBy,MAILF7PJ6ZYW receivedBy michael@cs.stanford.edu,MAILF7PJ6ZYW
e577,eid1,receivedBy,MAILF7PJ6ZYW receivedBy scholar.sunita@iacs.res.in,MAILF7PJ6ZYW
e578,eid2,receivedBy,MAIL8V3QZ1LD receivedBy ramesh.bhatia@iacs.res.in,MAIL8V3QZ1LD
e578,eid3,receivedBy,MAIL8V3QZ1LD receivedBy michael@cs.stanford.edu,MAIL8V3QZ1LD
e578,eid1,receivedBy,MAIL8V3QZ1LD receivedBy scholar.sunita@iacs.res.in,MAIL8V3QZ1LD
e579,eid5,receivedBy,MAILP9FQS43B receivedBy ananya.chatterjee@cs.ox.ac.uk,MAILP9FQS43B
e579,eid2,receivedBy,MAILP9FQS43B receivedBy ramesh.bhatia@iacs.res.in,MAILP9FQS43B
e579,eid3,receivedBy,MAILP9FQS43B receivedBy michael@cs.stanford.edu,MAILP9FQS43B
e580,eid1,receivedBy,MAILQ8JK37AP receivedBy scholar.sunita@iacs.res.in,MAILQ8JK37AP
e580,eid2,receivedBy,MAILQ8JK37AP receivedBy ramesh.bhatia@iacs.res.in,MAILQ8JK37AP
e580,eid5,receivedBy,MAILQ8JK37AP receivedBy ananya.chatterjee@cs.ox.ac.uk,MAILQ8JK37AP
e581,eid3,receivedBy,MAILPW8X45HT receivedBy michael@cs.stanford.edu,MAILPW8X45HT
e581,eid1,receivedBy,MAILPW8X45HT receivedBy scholar.sunita@iacs.res.in,MAILPW8X45HT
e581,eid5,receivedBy,MAILPW8X45HT receivedBy ananya.chatterjee@cs.ox.ac.uk,MAILPW8X45HT
e582,eid2,receivedBy,MAILR3ZQ9WLU receivedBy ramesh.bhatia@iacs.res.in,MAILR3ZQ9WLU
e582,eid3,receivedBy,MAILR3ZQ9WLU receivedBy michael@cs.stanford.edu,MAILR3ZQ9WLU
e582,eid5,receivedBy,MAILR3ZQ9WLU receivedBy ananya.chatterjee@cs.ox.ac.uk,MAILR3ZQ9WLU
e583,eid1,receivedBy,MAILV2ZD1UPR receivedBy scholar.sunita@iacs.res.in,MAILV2ZD1UPR
e583,eid2,receivedBy,MAILV2ZD1UPR receivedBy ramesh.bhatia@iacs.res.in,MAILV2ZD1UPR
e583,eid3,receivedBy,MAILV2ZD1UPR receivedBy michael@cs.stanford.edu,MAILV2ZD1UPR
e584,eid5,receivedBy,MAILE239KLUF receivedBy ananya.chatterjee@cs.ox.ac.uk,MAILE239KLUF
e584,eid1,receivedBy,MAILE239KLUF receivedBy scholar.sunita@iacs.res.in,MAILE239KLUF
e584,eid2,receivedBy,MAILE239KLUF receivedBy ramesh.bhatia@iacs.res.in,MAILE239KLUF
e585,eid3,receivedBy,MAILMA9W7XEG receivedBy michael@cs.stanford.edu,MAILMA9W7XEG
e585,eid5,receivedBy,MAILMA9W7XEG receivedBy ananya.chatterjee@cs.ox.ac.uk,MAILMA9W7XEG
e585,eid2,receivedBy,MAILMA9W7XEG receivedBy ramesh.bhatia@iacs.res.in,MAILMA9W7XEG
e586,eid1,receivedBy,MAILH7R2C4U5 receivedBy scholar.sunita@iacs.res.in,MAILH7R2C4U5
e586,eid3,receivedBy,MAILH7R2C4U5 receivedBy michael@cs.stanford.edu,MAILH7R2C4U5
e586,eid5,receivedBy,MAILH7R2C4U5 receivedBy ananya.chatterjee@cs.ox.ac.uk,MAILH7R2C4U5
e587,eid2,receivedBy,MAILNQQYZX18 receivedBy ramesh.bhatia@iacs.res.in,MAILNQQYZX18
e587,eid1,receivedBy,MAILNQQYZX18 receivedBy scholar.sunita@iacs.res.in,MAILNQQYZX18
e587,eid3,receivedBy,MAILNQQYZX18 receivedBy michael@cs.stanford.edu,MAILNQQYZX18
e588,eid5,receivedBy,MAILE6TX4Q1R receivedBy ananya.chatterjee@cs.ox.ac.uk,MAILE6TX4Q1R
e588,eid2,receivedBy,MAILE6TX4Q1R receivedBy ramesh.bhatia@iacs.res.in,MAILE6TX4Q1R
e588,eid1,receivedBy,MAILE6TX4Q1R receivedBy scholar.sunita@iacs.res.in,MAILE6TX4Q1R
e589,eid3,receivedBy,MAIL8T3FJU60 receivedBy michael@cs.stanford.edu,MAIL8T3FJU60
e589,eid5,receivedBy,MAIL8T3FJU60 receivedBy ananya.chatterjee@cs.ox.ac.uk,MAIL8T3FJU60
e589,eid2,receivedBy,MAIL8T3FJU60 receivedBy ramesh.bhatia@iacs.res.in,MAIL8T3FJU60
e590,eid1,receivedBy,MAILTQ7PA5ZB receivedBy scholar.sunita@iacs.res.in,MAILTQ7PA5ZB
e590,eid5,receivedBy,MAILTQ7PA5ZB receivedBy ananya.chatterjee@cs.ox.ac.uk,MAILTQ7PA5ZB
e590,eid3,receivedBy,MAILTQ7PA5ZB receivedBy michael@cs.stanford.edu,MAILTQ7PA5ZB
e591,eid2,receivedBy,MAILZR8ML7J2 receivedBy ramesh.bhatia@iacs.res.in,MAILZR8ML7J2
e591,eid1,receivedBy,MAILZR8ML7J2 receivedBy scholar.sunita@iacs.res.in,MAILZR8ML7J2
e591,eid3,receivedBy,MAILZR8ML7J2 receivedBy michael@cs.stanford.edu,MAILZR8ML7J2
e592,eid5,receivedBy,MAIL9N2HEX0T receivedBy ananya.chatterjee@cs.ox.ac.uk,MAIL9N2HEX0T
e592,eid2,receivedBy,MAIL9N2HEX0T receivedBy ramesh.bhatia@iacs.res.in,MAIL9N2HEX0T
e592,eid1,receivedBy,MAIL9N2HEX0T receivedBy scholar.sunita@iacs.res.in,MAIL9N2HEX0T
e593,eid3,receivedBy,MAILE41CX7KG receivedBy michael@cs.stanford.edu,MAILE41CX7KG
e593,eid5,receivedBy,MAILE41CX7KG receivedBy ananya.chatterjee@cs.ox.ac.uk,MAILE41CX7KG
e593,eid2,receivedBy,MAILE41CX7KG receivedBy ramesh.bhatia@iacs.res.in,MAILE41CX7KG
e594,eid1,receivedBy,MAILTW19SD3L receivedBy scholar.sunita@iacs.res.in,MAILTW19SD3L
e594,eid3,receivedBy,MAILTW19SD3L receivedBy michael@cs.stanford.edu,MAILTW19SD3L
e594,eid5,receivedBy,MAILTW19SD3L receivedBy ananya.chatterjee@cs.ox.ac.uk,MAILTW19SD3L
e595,eid2,receivedBy,MAIL5A8QNCXL receivedBy ramesh.bhatia@iacs.res.in,MAIL5A8QNCXL
e595,eid1,receivedBy,MAIL5A8QNCXL receivedBy scholar.sunita@iacs.res.in,MAIL5A8QNCXL
e595,eid3,receivedBy,MAIL5A8QNCXL receivedBy michael@cs.stanford.edu,MAIL5A8QNCXL
e596,eid5,receivedBy,MAILQ7KLV49B receivedBy ananya.chatterjee@cs.ox.ac.uk,MAILQ7KLV49B
e596,eid1,receivedBy,MAILQ7KLV49B receivedBy scholar.sunita@iacs.res.in,MAILQ7KLV49B
e596,eid2,receivedBy,MAILQ7KLV49B receivedBy ramesh.bhatia@iacs.res.in,MAILQ7KLV49B
e597,eid3,receivedBy,MAILE35NQ78J receivedBy michael@cs.stanford.edu,MAILE35NQ78J
e597,eid5,receivedBy,MAILE35NQ78J receivedBy ananya.chatterjee@cs.ox.ac.uk,MAILE35NQ78J
e597,eid2,receivedBy,MAILE35NQ78J receivedBy ramesh.bhatia@iacs.res.in,MAILE35NQ78J
e598,eid1,receivedBy,MAILB60XNYAP receivedBy scholar.sunita@iacs.res.in,MAILB60XNYAP
e598,eid3,receivedBy,MAILB60XNYAP receivedBy michael@cs.stanford.edu,MAILB60XNYAP
e598,eid5,receivedBy,MAILB60XNYAP receivedBy ananya.chatterjee@cs.ox.ac.uk,MAILB60XNYAP
e599,eid1,receivedBy,MAIL4UJ9KW3R receivedBy scholar.sunita@iacs.res.in,MAIL4UJ9KW3R
e599,eid2,receivedBy,MAIL4UJ9KW3R receivedBy ramesh.bhatia@iacs.res.in,MAIL4UJ9KW3R
e599,eid3,receivedBy,MAIL4UJ9KW3R receivedBy michael@cs.stanford.edu,MAIL4UJ9KW3R
e600,eid5,receivedBy,MAILV35AJ6FZ receivedBy ananya.chatterjee@cs.ox.ac.uk,MAILV35AJ6FZ
e600,eid1,receivedBy,MAILV35AJ6FZ receivedBy scholar.sunita@iacs.res.in,MAILV35AJ6FZ
e600,eid2,receivedBy,MAILV35AJ6FZ receivedBy ramesh.bhatia@iacs.res.in,MAILV35AJ6FZ
e601,eid3,receivedBy,MAILEI7H24VB receivedBy michael@cs.stanford.edu,MAILEI7H24VB
e601,eid5,receivedBy,MAILEI7H24VB receivedBy ananya.chatterjee@cs.ox.ac.uk,MAILEI7H24VB
e601,eid2,receivedBy,MAILEI7H24VB receivedBy ramesh.bhatia@iacs.res.in,MAILEI7H24VB
e602,eid1,receivedBy,MAILHK7F49Q2 receivedBy scholar.sunita@iacs.res.in,MAILHK7F49Q2
e602,eid5,receivedBy,MAILHK7F49Q2 receivedBy ananya.chatterjee@cs.ox.ac.uk,MAILHK7F49Q2
e602,eid3,receivedBy,MAILHK7F49Q2 receivedBy michael@cs.stanford.edu,MAILHK7F49Q2
e603,eid1,receivedBy,MAILG82KDRU5 receivedBy scholar.sunita@iacs.res.in,MAILG82KDRU5
e603,eid2,receivedBy,MAILG82KDRU5 receivedBy ramesh.bhatia@iacs.res.in,MAILG82KDRU5
e603,eid3,receivedBy,MAILG82KDRU5 receivedBy michael@cs.stanford.edu,MAILG82KDRU5
e604,eid5,receivedBy,MAIL5X3D9LQB receivedBy ananya.chatterjee@cs.ox.ac.uk,MAIL5X3D9LQB
e604,eid1,receivedBy,MAIL5X3D9LQB receivedBy scholar.sunita@iacs.res.in,MAIL5X3D9LQB
e604,eid2,receivedBy,MAIL5X3D9LQB receivedBy ramesh.bhatia@iacs.res.in,MAIL5X3D9LQB
e605,eid3,receivedBy,MAILPYQ7J93X receivedBy michael@cs.stanford.edu,MAILPYQ7J93X
e605,eid5,receivedBy,MAILPYQ7J93X receivedBy ananya.chatterjee@cs.ox.ac.uk,MAILPYQ7J93X
e605,eid2,receivedBy,MAILPYQ7J93X receivedBy ramesh.bhatia@iacs.res.in,MAILPYQ7J93X
e606,eid1,receivedBy,MAIL8Q2KORLF receivedBy scholar.sunita@iacs.res.in,MAIL8Q2KORLF
e606,eid5,receivedBy,MAIL8Q2KORLF receivedBy ananya.chatterjee@cs.ox.ac.uk,MAIL8Q2KORLF
e606,eid3,receivedBy,MAIL8Q2KORLF receivedBy michael@cs.stanford.edu,MAIL8Q2KORLF
e607,eid1,receivedBy,MAIL197ZNXAL receivedBy scholar.sunita@iacs.res.in,MAIL197ZNXAL
e607,eid5,receivedBy,MAIL197ZNXAL receivedBy ananya.chatterjee@cs.ox.ac.uk,MAIL197ZNXAL
e607,eid2,receivedBy,MAIL197ZNXAL receivedBy ramesh.bhatia@iacs.res.in,MAIL197ZNXAL
e608,eid3,receivedBy,MAILTLQWDS18 receivedBy michael@cs.stanford.edu,MAILTLQWDS18
e608,eid1,receivedBy,MAILTLQWDS18 receivedBy scholar.sunita@iacs.res.in,MAILTLQWDS18
e608,eid2,receivedBy,MAILTLQWDS18 receivedBy ramesh.bhatia@iacs.res.in,MAILTLQWDS18
e609,eid5,receivedBy,MAILK9JD32LM receivedBy ananya.chatterjee@cs.ox.ac.uk,MAILK9JD32LM
e609,eid3,receivedBy,MAILK9JD32LM receivedBy michael@cs.stanford.edu,MAILK9JD32LM
e609,eid2,receivedBy,MAILK9JD32LM receivedBy ramesh.bhatia@iacs.res.in,MAILK9JD32LM
e610,eid5,receivedBy,MAIL1FHVMW8S receivedBy ananya.chatterjee@cs.ox.ac.uk,MAIL1FHVMW8S
e610,eid1,receivedBy,MAIL1FHVMW8S receivedBy scholar.sunita@iacs.res.in,MAIL1FHVMW8S
e610,eid3,receivedBy,MAIL1FHVMW8S receivedBy michael@cs.stanford.edu,MAIL1FHVMW8S
e611,eid2,receivedBy,MAILWGQ0BZ68 receivedBy ramesh.bhatia@iacs.res.in,MAILWGQ0BZ68
e611,eid1,receivedBy,MAILWGQ0BZ68 receivedBy scholar.sunita@iacs.res.in,MAILWGQ0BZ68
e611,eid3,receivedBy,MAILWGQ0BZ68 receivedBy michael@cs.stanford.edu,MAILWGQ0BZ68
e612,eid5,receivedBy,MAIL3XME9VQD receivedBy ananya.chatterjee@cs.ox.ac.uk,MAIL3XME9VQD
e612,eid2,receivedBy,MAIL3XME9VQD receivedBy ramesh.bhatia@iacs.res.in,MAIL3XME9VQD
e612,eid1,receivedBy,MAIL3XME9VQD receivedBy scholar.sunita@iacs.res.in,MAIL3XME9VQD
e612,eid3,receivedBy,MAIL3XME9VQD receivedBy michael@cs.stanford.edu,MAIL3XME9VQD
e613,eid5,receivedBy,MAILWRF47QLB receivedBy ananya.chatterjee@cs.ox.ac.uk,MAILWRF47QLB
e613,eid2,receivedBy,MAILWRF47QLB receivedBy ramesh.bhatia@iacs.res.in,MAILWRF47QLB
e613,eid1,receivedBy,MAILWRF47QLB receivedBy scholar.sunita@iacs.res.in,MAILWRF47QLB
e614,eid3,receivedBy,MAILJ8BKQ1XM receivedBy michael@cs.stanford.edu,MAILJ8BKQ1XM
e614,eid5,receivedBy,MAILJ8BKQ1XM receivedBy ananya.chatterjee@cs.ox.ac.uk,MAILJ8BKQ1XM
e614,eid2,receivedBy,MAILJ8BKQ1XM receivedBy ramesh.bhatia@iacs.res.in,MAILJ8BKQ1XM
e615,eid5,receivedBy,MAILRG4V9ZX1 receivedBy ananya.chatterjee@cs.ox.ac.uk,MAILRG4V9ZX1
e615,eid1,receivedBy,MAILRG4V9ZX1 receivedBy scholar.sunita@iacs.res.in,MAILRG4V9ZX1
e615,eid3,receivedBy,MAILRG4V9ZX1 receivedBy michael@cs.stanford.edu,MAILRG4V9ZX1
e616,eid2,receivedBy,MAILD9A6ZN2R receivedBy ramesh.bhatia@iacs.res.in,MAILD9A6ZN2R
e616,eid1,receivedBy,MAILD9A6ZN2R receivedBy scholar.sunita@iacs.res.in,MAILD9A6ZN2R
e616,eid3,receivedBy,MAILD9A6ZN2R receivedBy michael@cs.stanford.edu,MAILD9A6ZN2R
e617,eid5,receivedBy,MAILEV72RC4S receivedBy ananya.chatterjee@cs.ox.ac.uk,MAILEV72RC4S
e617,eid2,receivedBy,MAILEV72RC4S receivedBy ramesh.bhatia@iacs.res.in,MAILEV72RC4S
e617,eid1,receivedBy,MAILEV72RC4S receivedBy scholar.sunita@iacs.res.in,MAILEV72RC4S
e618,eid3,receivedBy,MAIL5PGJQ2CL receivedBy michael@cs.stanford.edu,MAIL5PGJQ2CL
e618,eid5,receivedBy,MAIL5PGJQ2CL receivedBy ananya.chatterjee@cs.ox.ac.uk,MAIL5PGJQ2CL
e618,eid2,receivedBy,MAIL5PGJQ2CL receivedBy ramesh.bhatia@iacs.res.in,MAIL5PGJQ2CL
e619,eid1,receivedBy,MAIL44GJP7SA receivedBy scholar.sunita@iacs.res.in,MAIL44GJP7SA
e619,eid2,receivedBy,MAIL44GJP7SA receivedBy ramesh.bhatia@iacs.res.in,MAIL44GJP7SA
e619,eid3,receivedBy,MAIL44GJP7SA receivedBy michael@cs.stanford.edu,MAIL44GJP7SA
e620,eid5,receivedBy,MAILVK9RFT38 receivedBy ananya.chatterjee@cs.ox.ac.uk,MAILVK9RFT38
e620,eid2,receivedBy,MAILVK9RFT38 receivedBy ramesh.bhatia@iacs.res.in,MAILVK9RFT38
e620,eid3,receivedBy,MAILVK9RFT38 receivedBy michael@cs.stanford.edu,MAILVK9RFT38
e621,eid1,receivedBy,MAILAXZ4U78N receivedBy scholar.sunita@iacs.res.in,MAILAXZ4U78N
e621,eid3,receivedBy,MAILAXZ4U78N receivedBy michael@cs.stanford.edu,MAILAXZ4U78N
e621,eid5,receivedBy,MAILAXZ4U78N receivedBy ananya.chatterjee@cs.ox.ac.uk,MAILAXZ4U78N
e622,eid1,receivedBy,MAILWP6D91QZ receivedBy scholar.sunita@iacs.res.in,MAILWP6D91QZ
e622,eid5,receivedBy,MAILWP6D91QZ receivedBy ananya.chatterjee@cs.ox.ac.uk,MAILWP6D91QZ
e622,eid2,receivedBy,MAILWP6D91QZ receivedBy ramesh.bhatia@iacs.res.in,MAILWP6D91QZ
e623,eid3,receivedBy,MAILE9ZL73P1 receivedBy michael@cs.stanford.edu,MAILE9ZL73P1
e623,eid5,receivedBy,MAILE9ZL73P1 receivedBy ananya.chatterjee@cs.ox.ac.uk,MAILE9ZL73P1
e623,eid2,receivedBy,MAILE9ZL73P1 receivedBy ramesh.bhatia@iacs.res.in,MAILE9ZL73P1
e624,eid1,receivedBy,MAILU7J356PH receivedBy scholar.sunita@iacs.res.in,MAILU7J356PH
e624,eid3,receivedBy,MAILU7J356PH receivedBy michael@cs.stanford.edu,MAILU7J356PH
e624,eid2,receivedBy,MAILU7J356PH receivedBy ramesh.bhatia@iacs.res.in,MAILU7J356PH
e625,eid1,receivedBy,MAILE3N24GVH receivedBy scholar.sunita@iacs.res.in,MAILE3N24GVH
e625,eid3,receivedBy,MAILE3N24GVH receivedBy michael@cs.stanford.edu,MAILE3N24GVH
e625,eid5,receivedBy,MAILE3N24GVH receivedBy ananya.chatterjee@cs.ox.ac.uk,MAILE3N24GVH
e626,eid2,receivedBy,MAIL0Z58QPLH receivedBy ramesh.bhatia@iacs.res.in,MAIL0Z58QPLH
e626,eid1,receivedBy,MAIL0Z58QPLH receivedBy scholar.sunita@iacs.res.in,MAIL0Z58QPLH
e626,eid5,receivedBy,MAIL0Z58QPLH receivedBy ananya.chatterjee@cs.ox.ac.uk,MAIL0Z58QPLH
e627,eid3,receivedBy,MAILQ2X7SYDJ receivedBy michael@cs.stanford.edu,MAILQ2X7SYDJ
e627,eid2,receivedBy,MAILQ2X7SYDJ receivedBy ramesh.bhatia@iacs.res.in,MAILQ2X7SYDJ
e627,eid1,receivedBy,MAILQ2X7SYDJ receivedBy scholar.sunita@iacs.res.in,MAILQ2X7SYDJ
e628,eid5,receivedBy,MAIL95VBQFEL receivedBy ananya.chatterjee@cs.ox.ac.uk,MAIL95VBQFEL
e628,eid3,receivedBy,MAIL95VBQFEL receivedBy michael@cs.stanford.edu,MAIL95VBQFEL
e628,eid2,receivedBy,MAIL95VBQFEL receivedBy ramesh.bhatia@iacs.res.in,MAIL95VBQFEL
e629,eid1,receivedBy,MAILA3VQZ2HK receivedBy scholar.sunita@iacs.res.in,MAILA3VQZ2HK
e629,eid3,receivedBy,MAILA3VQZ2HK receivedBy michael@cs.stanford.edu,MAILA3VQZ2HK
e629,eid5,receivedBy,MAILA3VQZ2HK receivedBy ananya.chatterjee@cs.ox.ac.uk,MAILA3VQZ2HK
e630,eid2,receivedBy,MAILY7B9HNQP receivedBy ramesh.bhatia@iacs.res.in,MAILY7B9HNQP
e630,eid1,receivedBy,MAILY7B9HNQP receivedBy scholar.sunita@iacs.res.in,MAILY7B9HNQP
e630,eid5,receivedBy,MAILY7B9HNQP receivedBy ananya.chatterjee@cs.ox.ac.uk,MAILY7B9HNQP
e631,eid3,receivedBy,MAIL2CPJ4LQS receivedBy michael@cs.stanford.edu,MAIL2CPJ4LQS
e631,eid2,receivedBy,MAIL2CPJ4LQS receivedBy ramesh.bhatia@iacs.res.in,MAIL2CPJ4LQS
e631,eid1,receivedBy,MAIL2CPJ4LQS receivedBy scholar.sunita@iacs.res.in,MAIL2CPJ4LQS
e632,eid5,receivedBy,MAILQ9TX48NP receivedBy ananya.chatterjee@cs.ox.ac.uk,MAILQ9TX48NP
e632,eid3,receivedBy,MAILQ9TX48NP receivedBy michael@cs.stanford.edu,MAILQ9TX48NP
e632,eid2,receivedBy,MAILQ9TX48NP receivedBy ramesh.bhatia@iacs.res.in,MAILQ9TX48NP
e633,eid1,receivedBy,MAILT4Y9MBP8 receivedBy scholar.sunita@iacs.res.in,MAILT4Y9MBP8
e633,eid5,receivedBy,MAILT4Y9MBP8 receivedBy ananya.chatterjee@cs.ox.ac.uk,MAILT4Y9MBP8
e633,eid3,receivedBy,MAILT4Y9MBP8 receivedBy michael@cs.stanford.edu,MAILT4Y9MBP8
e634,eid3,receivedBy,MAILHY36TQ91 receivedBy michael@cs.stanford.edu,MAILHY36TQ91
e634,eid2,receivedBy,MAILHY36TQ91 receivedBy ramesh.bhatia@iacs.res.in,MAILHY36TQ91
e634,eid1,receivedBy,MAILHY36TQ91 receivedBy scholar.sunita@iacs.res.in,MAILHY36TQ91
e635,eid5,receivedBy,MAIL6QTU93ND receivedBy ananya.chatterjee@cs.ox.ac.uk,MAIL6QTU93ND
e635,eid2,receivedBy,MAIL6QTU93ND receivedBy ramesh.bhatia@iacs.res.in,MAIL6QTU93ND
e635,eid1,receivedBy,MAIL6QTU93ND receivedBy scholar.sunita@iacs.res.in,MAIL6QTU93ND
e636,eid3,receivedBy,MAIL89DJW2LB receivedBy michael@cs.stanford.edu,MAIL89DJW2LB
e636,eid5,receivedBy,MAIL89DJW2LB receivedBy ananya.chatterjee@cs.ox.ac.uk,MAIL89DJW2LB
e636,eid2,receivedBy,MAIL89DJW2LB receivedBy ramesh.bhatia@iacs.res.in,MAIL89DJW2LB
e637,eid1,receivedBy,MAILA3V97WRS receivedBy scholar.sunita@iacs.res.in,MAILA3V97WRS
e637,eid3,receivedBy,MAILA3V97WRS receivedBy michael@cs.stanford.edu,MAILA3V97WRS
e637,eid2,receivedBy,MAILA3V97WRS receivedBy ramesh.bhatia@iacs.res.in,MAILA3V97WRS
e638,eid5,receivedBy,MAIL57J2MCFX receivedBy ananya.chatterjee@cs.ox.ac.uk,MAIL57J2MCFX
e638,eid1,receivedBy,MAIL57J2MCFX receivedBy scholar.sunita@iacs.res.in,MAIL57J2MCFX
e638,eid2,receivedBy,MAIL57J2MCFX receivedBy ramesh.bhatia@iacs.res.in,MAIL57J2MCFX
e639,eid3,receivedBy,MAIL8AP9CTYS receivedBy michael@cs.stanford.edu,MAIL8AP9CTYS
e639,eid5,receivedBy,MAIL8AP9CTYS receivedBy ananya.chatterjee@cs.ox.ac.uk,MAIL8AP9CTYS
e639,eid1,receivedBy,MAIL8AP9CTYS receivedBy scholar.sunita@iacs.res.in,MAIL8AP9CTYS
e640,eid2,receivedBy,MAILYZ6R3JKQ receivedBy ramesh.bhatia@iacs.res.in,MAILYZ6R3JKQ
e640,eid5,receivedBy,MAILYZ6R3JKQ receivedBy ananya.chatterjee@cs.ox.ac.uk,MAILYZ6R3JKQ
e640,eid3,receivedBy,MAILYZ6R3JKQ receivedBy michael@cs.stanford.edu,MAILYZ6R3JKQ
e641,eid1,receivedBy,MAILF29YHQMP receivedBy scholar.sunita@iacs.res.in,MAILF29YHQMP
e641,eid2,receivedBy,MAILF29YHQMP receivedBy ramesh.bhatia@iacs.res.in,MAILF29YHQMP
e641,eid3,receivedBy,MAILF29YHQMP receivedBy michael@cs.stanford.edu,MAILF29YHQMP
e642,eid5,receivedBy,MAILLYG84X1E receivedBy ananya.chatterjee@cs.ox.ac.uk,MAILLYG84X1E
e642,eid1,receivedBy,MAILLYG84X1E receivedBy scholar.sunita@iacs.res.in,MAILLYG84X1E
e642,eid2,receivedBy,MAILLYG84X1E receivedBy ramesh.bhatia@iacs.res.in,MAILLYG84X1E
e643,eid3,receivedBy,MAIL92TDH73A receivedBy michael@cs.stanford.edu,MAIL92TDH73A
e643,eid5,receivedBy,MAIL92TDH73A receivedBy ananya.chatterjee@cs.ox.ac.uk,MAIL92TDH73A
e643,eid1,receivedBy,MAIL92TDH73A receivedBy scholar.sunita@iacs.res.in,MAIL92TDH73A
e644,eid2,receivedBy,MAILPD5J8VNE receivedBy ramesh.bhatia@iacs.res.in,MAILPD5J8VNE
e644,eid5,receivedBy,MAILPD5J8VNE receivedBy ananya.chatterjee@cs.ox.ac.uk,MAILPD5J8VNE
e644,eid3,receivedBy,MAILPD5J8VNE receivedBy michael@cs.stanford.edu,MAILPD5J8VNE
e645,eid1,receivedBy,MAILW8952NCM receivedBy scholar.sunita@iacs.res.in,MAILW8952NCM
e645,eid2,receivedBy,MAILW8952NCM receivedBy ramesh.bhatia@iacs.res.in,MAILW8952NCM
e645,eid3,receivedBy,MAILW8952NCM receivedBy michael@cs.stanford.edu,MAILW8952NCM
e646,eid5,receivedBy,MAILY378GHT9 receivedBy ananya.chatterjee@cs.ox.ac.uk,MAILY378GHT9
e646,eid1,receivedBy,MAILY378GHT9 receivedBy scholar.sunita@iacs.res.in,MAILY378GHT9
e646,eid2,receivedBy,MAILY378GHT9 receivedBy ramesh.bhatia@iacs.res.in,MAILY378GHT9
e646,eid3,receivedBy,MAILY378GHT9 receivedBy michael@cs.stanford.edu,MAILY378GHT9
e647,eid5,receivedBy,MAIL7G5S23LV receivedBy ananya.chatterjee@cs.ox.ac.uk,MAIL7G5S23LV
e647,eid1,receivedBy,MAIL7G5S23LV receivedBy scholar.sunita@iacs.res.in,MAIL7G5S23LV
e647,eid2,receivedBy,MAIL7G5S23LV receivedBy ramesh.bhatia@iacs.res.in,MAIL7G5S23LV
e647,eid3,receivedBy,MAIL7G5S23LV receivedBy michael@cs.stanford.edu,MAIL7G5S23LV
e648,eid1,receivedBy,MAILSB28Y9L4 receivedBy scholar.sunita@iacs.res.in,MAILSB28Y9L4
e648,eid2,receivedBy,MAILSB28Y9L4 receivedBy ramesh.bhatia@iacs.res.in,MAILSB28Y9L4
e648,eid3,receivedBy,MAILSB28Y9L4 receivedBy michael@cs.stanford.edu,MAILSB28Y9L4
e649,eid5,receivedBy,MAIL9FT2V1EK receivedBy ananya.chatterjee@cs.ox.ac.uk,MAIL9FT2V1EK
e649,eid2,receivedBy,MAIL9FT2V1EK receivedBy ramesh.bhatia@iacs.res.in,MAIL9FT2V1EK
e649,eid3,receivedBy,MAIL9FT2V1EK receivedBy michael@cs.stanford.edu,MAIL9FT2V1EK
e650,eid1,receivedBy,MAIL6TXUY5ZA receivedBy scholar.sunita@iacs.res.in,MAIL6TXUY5ZA
e650,eid5,receivedBy,MAIL6TXUY5ZA receivedBy ananya.chatterjee@cs.ox.ac.uk,MAIL6TXUY5ZA
e650,eid2,receivedBy,MAIL6TXUY5ZA receivedBy ramesh.bhatia@iacs.res.in,MAIL6TXUY5ZA
e651,eid1,receivedBy,MAILA9N73SXY receivedBy scholar.sunita@iacs.res.in,MAILA9N73SXY
e651,eid3,receivedBy,MAILA9N73SXY receivedBy michael@cs.stanford.edu,MAILA9N73SXY
e651,eid5,receivedBy,MAILA9N73SXY receivedBy ananya.chatterjee@cs.ox.ac.uk,MAILA9N73SXY
e652,eid1,receivedBy,MAILGH25J3X1 receivedBy scholar.sunita@iacs.res.in,MAILGH25J3X1
e652,eid2,receivedBy,MAILGH25J3X1 receivedBy ramesh.bhatia@iacs.res.in,MAILGH25J3X1
e652,eid3,receivedBy,MAILGH25J3X1 receivedBy michael@cs.stanford.edu,MAILGH25J3X1
e653,eid5,receivedBy,MAIL4X81GTYS receivedBy ananya.chatterjee@cs.ox.ac.uk,MAIL4X81GTYS
e653,eid2,receivedBy,MAIL4X81GTYS receivedBy ramesh.bhatia@iacs.res.in,MAIL4X81GTYS
e653,eid3,receivedBy,MAIL4X81GTYS receivedBy michael@cs.stanford.edu,MAIL4X81GTYS
e654,eid1,receivedBy,MAILEI6Q9MPY receivedBy scholar.sunita@iacs.res.in,MAILEI6Q9MPY
e654,eid2,receivedBy,MAILEI6Q9MPY receivedBy ramesh.bhatia@iacs.res.in,MAILEI6Q9MPY
e654,eid5,receivedBy,MAILEI6Q9MPY receivedBy ananya.chatterjee@cs.ox.ac.uk,MAILEI6Q9MPY
e655,eid1,receivedBy,MAILXK27Z50S receivedBy scholar.sunita@iacs.res.in,MAILXK27Z50S
e655,eid2,receivedBy,MAILXK27Z50S receivedBy ramesh.bhatia@iacs.res.in,MAILXK27Z50S
e655,eid3,receivedBy,MAILXK27Z50S receivedBy michael@cs.stanford.edu,MAILXK27Z50S
e656,eid5,receivedBy,MAIL2DRFJPQ8 receivedBy ananya.chatterjee@cs.ox.ac.uk,MAIL2DRFJPQ8
e656,eid1,receivedBy,MAIL2DRFJPQ8 receivedBy scholar.sunita@iacs.res.in,MAIL2DRFJPQ8
e656,eid3,receivedBy,MAIL2DRFJPQ8 receivedBy michael@cs.stanford.edu,MAIL2DRFJPQ8
e657,eid2,receivedBy,MAILPQM8YRF2 receivedBy ramesh.bhatia@iacs.res.in,MAILPQM8YRF2
e657,eid5,receivedBy,MAILPQM8YRF2 receivedBy ananya.chatterjee@cs.ox.ac.uk,MAILPQM8YRF2
e657,eid3,receivedBy,MAILPQM8YRF2 receivedBy michael@cs.stanford.edu,MAILPQM8YRF2
e658,eid1,receivedBy,MAILX7K21VLQ receivedBy scholar.sunita@iacs.res.in,MAILX7K21VLQ
e658,eid2,receivedBy,MAILX7K21VLQ receivedBy ramesh.bhatia@iacs.res.in,MAILX7K21VLQ
e658,eid5,receivedBy,MAILX7K21VLQ receivedBy ananya.chatterjee@cs.ox.ac.uk,MAILX7K21VLQ
e659,eid1,receivedBy,MAILWK92N3Q6 receivedBy scholar.sunita@iacs.res.in,MAILWK92N3Q6
e659,eid2,receivedBy,MAILWK92N3Q6 receivedBy ramesh.bhatia@iacs.res.in,MAILWK92N3Q6
e659,eid3,receivedBy,MAILWK92N3Q6 receivedBy michael@cs.stanford.edu,MAILWK92N3Q6
e660,eid5,receivedBy,MAILE8F2W7CZ receivedBy ananya.chatterjee@cs.ox.ac.uk,MAILE8F2W7CZ
e660,eid2,receivedBy,MAILE8F2W7CZ receivedBy ramesh.bhatia@iacs.res.in,MAILE8F2W7CZ
e660,eid3,receivedBy,MAILE8F2W7CZ receivedBy michael@cs.stanford.edu,MAILE8F2W7CZ
e661,eid1,receivedBy,MAILPTN834V5 receivedBy scholar.sunita@iacs.res.in,MAILPTN834V5
e661,eid2,receivedBy,MAILPTN834V5 receivedBy ramesh.bhatia@iacs.res.in,MAILPTN834V5
e661,eid3,receivedBy,MAILPTN834V5 receivedBy michael@cs.stanford.edu,MAILPTN834V5
e662,eid5,receivedBy,MAILR5W8Q2LP receivedBy ananya.chatterjee@cs.ox.ac.uk,MAILR5W8Q2LP
e662,eid1,receivedBy,MAILR5W8Q2LP receivedBy scholar.sunita@iacs.res.in,MAILR5W8Q2LP
e662,eid3,receivedBy,MAILR5W8Q2LP receivedBy michael@cs.stanford.edu,MAILR5W8Q2LP
e663,eid2,receivedBy,MAILWD9CX3N2 receivedBy ramesh.bhatia@iacs.res.in,MAILWD9CX3N2
e663,eid5,receivedBy,MAILWD9CX3N2 receivedBy ananya.chatterjee@cs.ox.ac.uk,MAILWD9CX3N2
e663,eid1,receivedBy,MAILWD9CX3N2 receivedBy scholar.sunita@iacs.res.in,MAILWD9CX3N2
e664,eid5,receivedBy,MAIL9ANQLZ10 receivedBy ananya.chatterjee@cs.ox.ac.uk,MAIL9ANQLZ10
e664,eid1,receivedBy,MAIL9ANQLZ10 receivedBy scholar.sunita@iacs.res.in,MAIL9ANQLZ10
e664,eid2,receivedBy,MAIL9ANQLZ10 receivedBy ramesh.bhatia@iacs.res.in,MAIL9ANQLZ10
e664,eid3,receivedBy,MAIL9ANQLZ10 receivedBy michael@cs.stanford.edu,MAIL9ANQLZ10
e665,eid1,receivedBy,MAIL4V7C3BH2 receivedBy scholar.sunita@iacs.res.in,MAIL4V7C3BH2
e665,eid2,receivedBy,MAIL4V7C3BH2 receivedBy ramesh.bhatia@iacs.res.in,MAIL4V7C3BH2
e665,eid3,receivedBy,MAIL4V7C3BH2 receivedBy michael@cs.stanford.edu,MAIL4V7C3BH2
e666,eid5,receivedBy,MAILML6S7A9K receivedBy ananya.chatterjee@cs.ox.ac.uk,MAILML6S7A9K
e666,eid2,receivedBy,MAILML6S7A9K receivedBy ramesh.bhatia@iacs.res.in,MAILML6S7A9K
e666,eid3,receivedBy,MAILML6S7A9K receivedBy michael@cs.stanford.edu,MAILML6S7A9K
e667,eid1,receivedBy,MAILW5Q9JMB7 receivedBy scholar.sunita@iacs.res.in,MAILW5Q9JMB7
e667,eid5,receivedBy,MAILW5Q9JMB7 receivedBy ananya.chatterjee@cs.ox.ac.uk,MAILW5Q9JMB7
e667,eid2,receivedBy,MAILW5Q9JMB7 receivedBy ramesh.bhatia@iacs.res.in,MAILW5Q9JMB7
e668,eid1,receivedBy,MAIL8KD1WZ36 receivedBy scholar.sunita@iacs.res.in,MAIL8KD1WZ36
e668,eid2,receivedBy,MAIL8KD1WZ36 receivedBy ramesh.bhatia@iacs.res.in,MAIL8KD1WZ36
e668,eid3,receivedBy,MAIL8KD1WZ36 receivedBy michael@cs.stanford.edu,MAIL8KD1WZ36
e669,eid5,receivedBy,MAILC58DQ7L2 receivedBy ananya.chatterjee@cs.ox.ac.uk,MAILC58DQ7L2
e669,eid1,receivedBy,MAILC58DQ7L2 receivedBy scholar.sunita@iacs.res.in,MAILC58DQ7L2
e669,eid2,receivedBy,MAILC58DQ7L2 receivedBy ramesh.bhatia@iacs.res.in,MAILC58DQ7L2
e670,eid1,receivedBy,MAIL76DW9PQE receivedBy scholar.sunita@iacs.res.in,MAIL76DW9PQE
e670,eid5,receivedBy,MAIL76DW9PQE receivedBy ananya.chatterjee@cs.ox.ac.uk,MAIL76DW9PQE
e670,eid3,receivedBy,MAIL76DW9PQE receivedBy michael@cs.stanford.edu,MAIL76DW9PQE
e671,eid2,receivedBy,MAILE5W3N2F7 receivedBy ramesh.bhatia@iacs.res.in,MAILE5W3N2F7
e671,eid5,receivedBy,MAILE5W3N2F7 receivedBy ananya.chatterjee@cs.ox.ac.uk,MAILE5W3N2F7
e671,eid3,receivedBy,MAILE5W3N2F7 receivedBy michael@cs.stanford.edu,MAILE5W3N2F7
e672,eid1,receivedBy,MAILE9U2V5XR receivedBy scholar.sunita@iacs.res.in,MAILE9U2V5XR
e672,eid2,receivedBy,MAILE9U2V5XR receivedBy ramesh.bhatia@iacs.res.in,MAILE9U2V5XR
e672,eid3,receivedBy,MAILE9U2V5XR receivedBy michael@cs.stanford.edu,MAILE9U2V5XR
e673,eid1,receivedBy,MAIL8NWZ52QF receivedBy scholar.sunita@iacs.res.in,MAIL8NWZ52QF
e673,eid2,receivedBy,MAIL8NWZ52QF receivedBy ramesh.bhatia@iacs.res.in,MAIL8NWZ52QF
e673,eid5,receivedBy,MAIL8NWZ52QF receivedBy ananya.chatterjee@cs.ox.ac.uk,MAIL8NWZ52QF
e674,eid2,receivedBy,MAIL7TJ8V6PY receivedBy ramesh.bhatia@iacs.res.in,MAIL7TJ8V6PY
e674,eid5,receivedBy,MAIL7TJ8V6PY receivedBy ananya.chatterjee@cs.ox.ac.uk,MAIL7TJ8V6PY
e674,eid3,receivedBy,MAIL7TJ8V6PY receivedBy michael@cs.stanford.edu,MAIL7TJ8V6PY
e675,eid1,receivedBy,MAIL5A4LJ7WM receivedBy scholar.sunita@iacs.res.in,MAIL5A4LJ7WM
e675,eid2,receivedBy,MAIL5A4LJ7WM receivedBy ramesh.bhatia@iacs.res.in,MAIL5A4LJ7WM
e675,eid5,receivedBy,MAIL5A4LJ7WM receivedBy ananya.chatterjee@cs.ox.ac.uk,MAIL5A4LJ7WM
e676,eid3,receivedBy,MAIL9V4PKLWB receivedBy michael@cs.stanford.edu,MAIL9V4PKLWB
e676,eid1,receivedBy,MAIL9V4PKLWB receivedBy scholar.sunita@iacs.res.in,MAIL9V4PKLWB
e676,eid2,receivedBy,MAIL9V4PKLWB receivedBy ramesh.bhatia@iacs.res.in,MAIL9V4PKLWB
e676,eid5,receivedBy,MAIL9V4PKLWB receivedBy ananya.chatterjee@cs.ox.ac.uk,MAIL9V4PKLWB
e677,eid3,receivedBy,MAILP3KWLGX4 receivedBy michael@cs.stanford.edu,MAILP3KWLGX4
e677,eid1,receivedBy,MAILP3KWLGX4 receivedBy scholar.sunita@iacs.res.in,MAILP3KWLGX4
e677,eid2,receivedBy,MAILP3KWLGX4 receivedBy ramesh.bhatia@iacs.res.in,MAILP3KWLGX4
e677,eid5,receivedBy,MAILP3KWLGX4 receivedBy ananya.chatterjee@cs.ox.ac.uk,MAILP3KWLGX4
e678,eid1,receivedBy,MAIL6PLJ3XNV receivedBy scholar.sunita@iacs.res.in,MAIL6PLJ3XNV
e678,eid5,receivedBy,MAIL6PLJ3XNV receivedBy ananya.chatterjee@cs.ox.ac.uk,MAIL6PLJ3XNV
e678,eid3,receivedBy,MAIL6PLJ3XNV receivedBy michael@cs.stanford.edu,MAIL6PLJ3XNV
e679,eid2,receivedBy,MAILQ63YAZXR receivedBy ramesh.bhatia@iacs.res.in,MAILQ63YAZXR
e679,eid5,receivedBy,MAILQ63YAZXR receivedBy ananya.chatterjee@cs.ox.ac.uk,MAILQ63YAZXR
e679,eid3,receivedBy,MAILQ63YAZXR receivedBy michael@cs.stanford.edu,MAILQ63YAZXR
e680,eid1,receivedBy,MAILNM23ZBVP receivedBy scholar.sunita@iacs.res.in,MAILNM23ZBVP
e680,eid2,receivedBy,MAILNM23ZBVP receivedBy ramesh.bhatia@iacs.res.in,MAILNM23ZBVP
e680,eid3,receivedBy,MAILNM23ZBVP receivedBy michael@cs.stanford.edu,MAILNM23ZBVP
e681,eid1,receivedBy,MAILYL8F5QND receivedBy scholar.sunita@iacs.res.in,MAILYL8F5QND
e681,eid2,receivedBy,MAILYL8F5QND receivedBy ramesh.bhatia@iacs.res.in,MAILYL8F5QND
e681,eid5,receivedBy,MAILYL8F5QND receivedBy ananya.chatterjee@cs.ox.ac.uk,MAILYL8F5QND
e682,eid22,receivedBy,MAILR7B6SWFQ receivedBy jcdl2023@acm.org,MAILR7B6SWFQ
e682,eid1,receivedBy,MAILR7B6SWFQ receivedBy scholar.sunita@iacs.res.in,MAILR7B6SWFQ
e682,eid3,receivedBy,MAILR7B6SWFQ receivedBy michael@cs.stanford.edu,MAILR7B6SWFQ
e682,eid5,receivedBy,MAILR7B6SWFQ receivedBy ananya.chatterjee@cs.ox.ac.uk,MAILR7B6SWFQ
e683,eid2,receivedBy,MAILA23XVS9P receivedBy ramesh.bhatia@iacs.res.in,MAILA23XVS9P
e683,eid1,receivedBy,MAILA23XVS9P receivedBy scholar.sunita@iacs.res.in,MAILA23XVS9P
e683,eid3,receivedBy,MAILA23XVS9P receivedBy michael@cs.stanford.edu,MAILA23XVS9P
e683,eid5,receivedBy,MAILA23XVS9P receivedBy ananya.chatterjee@cs.ox.ac.uk,MAILA23XVS9P
e684,eid2,receivedBy,MAILH42K8XNP receivedBy ramesh.bhatia@iacs.res.in,MAILH42K8XNP
e684,eid3,receivedBy,MAILH42K8XNP receivedBy michael@cs.stanford.edu,MAILH42K8XNP
e684,eid5,receivedBy,MAILH42K8XNP receivedBy ananya.chatterjee@cs.ox.ac.uk,MAILH42K8XNP
e685,eid1,receivedBy,MAIL98JSK54W receivedBy scholar.sunita@iacs.res.in,MAIL98JSK54W
e685,eid2,receivedBy,MAIL98JSK54W receivedBy ramesh.bhatia@iacs.res.in,MAIL98JSK54W
e685,eid5,receivedBy,MAIL98JSK54W receivedBy ananya.chatterjee@cs.ox.ac.uk,MAIL98JSK54W
e686,eid3,receivedBy,MAILP8FW6BZH receivedBy michael@cs.stanford.edu,MAILP8FW6BZH
e686,eid1,receivedBy,MAILP8FW6BZH receivedBy scholar.sunita@iacs.res.in,MAILP8FW6BZH
e686,eid5,receivedBy,MAILP8FW6BZH receivedBy ananya.chatterjee@cs.ox.ac.uk,MAILP8FW6BZH
e687,eid3,receivedBy,MAILE7BP4F9A receivedBy michael@cs.stanford.edu,MAILE7BP4F9A
e687,eid1,receivedBy,MAILE7BP4F9A receivedBy scholar.sunita@iacs.res.in,MAILE7BP4F9A
e687,eid2,receivedBy,MAILE7BP4F9A receivedBy ramesh.bhatia@iacs.res.in,MAILE7BP4F9A
e688,eid1,receivedBy,MAIL3NR7YBQA receivedBy scholar.sunita@iacs.res.in,MAIL3NR7YBQA
e688,eid2,receivedBy,MAIL3NR7YBQA receivedBy ramesh.bhatia@iacs.res.in,MAIL3NR7YBQA
e688,eid5,receivedBy,MAIL3NR7YBQA receivedBy ananya.chatterjee@cs.ox.ac.uk,MAIL3NR7YBQA
e689,eid2,receivedBy,MAIL9P5JN3XA receivedBy ramesh.bhatia@iacs.res.in,MAIL9P5JN3XA
e689,eid3,receivedBy,MAIL9P5JN3XA receivedBy michael@cs.stanford.edu,MAIL9P5JN3XA
e689,eid5,receivedBy,MAIL9P5JN3XA receivedBy ananya.chatterjee@cs.ox.ac.uk,MAIL9P5JN3XA
e690,eid1,receivedBy,MAILM7RW82KT receivedBy scholar.sunita@iacs.res.in,MAILM7RW82KT
e690,eid2,receivedBy,MAILM7RW82KT receivedBy ramesh.bhatia@iacs.res.in,MAILM7RW82KT
e690,eid3,receivedBy,MAILM7RW82KT receivedBy michael@cs.stanford.edu,MAILM7RW82KT
e691,eid5,receivedBy,MAILRU72Y3XA receivedBy ananya.chatterjee@cs.ox.ac.uk,MAILRU72Y3XA
e691,eid1,receivedBy,MAILRU72Y3XA receivedBy scholar.sunita@iacs.res.in,MAILRU72Y3XA
e691,eid3,receivedBy,MAILRU72Y3XA receivedBy michael@cs.stanford.edu,MAILRU72Y3XA
e692,eid1,receivedBy,MAIL7APXD51V receivedBy scholar.sunita@iacs.res.in,MAIL7APXD51V
e692,eid2,receivedBy,MAIL7APXD51V receivedBy ramesh.bhatia@iacs.res.in,MAIL7APXD51V
e692,eid5,receivedBy,MAIL7APXD51V receivedBy ananya.chatterjee@cs.ox.ac.uk,MAIL7APXD51V
e693,eid3,receivedBy,MAILU3JK9YQ2 receivedBy michael@cs.stanford.edu,MAILU3JK9YQ2
e693,eid2,receivedBy,MAILU3JK9YQ2 receivedBy ramesh.bhatia@iacs.res.in,MAILU3JK9YQ2
e693,eid5,receivedBy,MAILU3JK9YQ2 receivedBy ananya.chatterjee@cs.ox.ac.uk,MAILU3JK9YQ2
e694,eid1,receivedBy,MAIL4BJ6WD92 receivedBy scholar.sunita@iacs.res.in,MAIL4BJ6WD92
e694,eid3,receivedBy,MAIL4BJ6WD92 receivedBy michael@cs.stanford.edu,MAIL4BJ6WD92
e694,eid2,receivedBy,MAIL4BJ6WD92 receivedBy ramesh.bhatia@iacs.res.in,MAIL4BJ6WD92
e695,eid5,receivedBy,MAILCMJ9P1BX receivedBy ananya.chatterjee@cs.ox.ac.uk,MAILCMJ9P1BX
e695,eid1,receivedBy,MAILCMJ9P1BX receivedBy scholar.sunita@iacs.res.in,MAILCMJ9P1BX
e695,eid3,receivedBy,MAILCMJ9P1BX receivedBy michael@cs.stanford.edu,MAILCMJ9P1BX
e696,eid2,receivedBy,MAILJM84VK1Q receivedBy ramesh.bhatia@iacs.res.in,MAILJM84VK1Q
e696,eid3,receivedBy,MAILJM84VK1Q receivedBy michael@cs.stanford.edu,MAILJM84VK1Q
e696,eid5,receivedBy,MAILJM84VK1Q receivedBy ananya.chatterjee@cs.ox.ac.uk,MAILJM84VK1Q
e697,eid1,receivedBy,MAILR4TB9SCM receivedBy scholar.sunita@iacs.res.in,MAILR4TB9SCM
e697,eid2,receivedBy,MAILR4TB9SCM receivedBy ramesh.bhatia@iacs.res.in,MAILR4TB9SCM
e697,eid5,receivedBy,MAILR4TB9SCM receivedBy ananya.chatterjee@cs.ox.ac.uk,MAILR4TB9SCM
e698,eid3,receivedBy,MAILF5Q3ZK8J receivedBy michael@cs.stanford.edu,MAILF5Q3ZK8J
e698,eid1,receivedBy,MAILF5Q3ZK8J receivedBy scholar.sunita@iacs.res.in,MAILF5Q3ZK8J
e698,eid2,receivedBy,MAILF5Q3ZK8J receivedBy ramesh.bhatia@iacs.res.in,MAILF5Q3ZK8J
e699,eid5,receivedBy,MAILT9G7B2QW receivedBy ananya.chatterjee@cs.ox.ac.uk,MAILT9G7B2QW
e699,eid1,receivedBy,MAILT9G7B2QW receivedBy scholar.sunita@iacs.res.in,MAILT9G7B2QW
e699,eid2,receivedBy,MAILT9G7B2QW receivedBy ramesh.bhatia@iacs.res.in,MAILT9G7B2QW
e699,eid3,receivedBy,MAILT9G7B2QW receivedBy michael@cs.stanford.edu,MAILT9G7B2QW
e700,eid5,receivedBy,MAILA3G1XQ5W receivedBy ananya.chatterjee@cs.ox.ac.uk,MAILA3G1XQ5W
e700,eid3,receivedBy,MAILA3G1XQ5W receivedBy michael@cs.stanford.edu,MAILA3G1XQ5W
e700,eid1,receivedBy,MAILA3G1XQ5W receivedBy scholar.sunita@iacs.res.in,MAILA3G1XQ5W
e701,eid2,receivedBy,MAIL95QLTX1E receivedBy ramesh.bhatia@iacs.res.in,MAIL95QLTX1E
e701,eid5,receivedBy,MAIL95QLTX1E receivedBy ananya.chatterjee@cs.ox.ac.uk,MAIL95QLTX1E
e701,eid3,receivedBy,MAIL95QLTX1E receivedBy michael@cs.stanford.edu,MAIL95QLTX1E
e702,eid1,receivedBy,MAIL7KZ5W4NR receivedBy scholar.sunita@iacs.res.in,MAIL7KZ5W4NR
e702,eid2,receivedBy,MAIL7KZ5W4NR receivedBy ramesh.bhatia@iacs.res.in,MAIL7KZ5W4NR
e702,eid5,receivedBy,MAIL7KZ5W4NR receivedBy ananya.chatterjee@cs.ox.ac.uk,MAIL7KZ5W4NR
e703,eid3,receivedBy,MAILQ2SJ6APZ receivedBy michael@cs.stanford.edu,MAILQ2SJ6APZ
e703,eid1,receivedBy,MAILQ2SJ6APZ receivedBy scholar.sunita@iacs.res.in,MAILQ2SJ6APZ
e703,eid2,receivedBy,MAILQ2SJ6APZ receivedBy ramesh.bhatia@iacs.res.in,MAILQ2SJ6APZ
e704,eid5,receivedBy,MAILE8QWS31R receivedBy ananya.chatterjee@cs.ox.ac.uk,MAILE8QWS31R
e704,eid3,receivedBy,MAILE8QWS31R receivedBy michael@cs.stanford.edu,MAILE8QWS31R
e704,eid2,receivedBy,MAILE8QWS31R receivedBy ramesh.bhatia@iacs.res.in,MAILE8QWS31R
e705,eid1,receivedBy,MAILP8J4TCYV receivedBy scholar.sunita@iacs.res.in,MAILP8J4TCYV
e705,eid5,receivedBy,MAILP8J4TCYV receivedBy ananya.chatterjee@cs.ox.ac.uk,MAILP8J4TCYV
e705,eid3,receivedBy,MAILP8J4TCYV receivedBy michael@cs.stanford.edu,MAILP8J4TCYV
e706,eid1,receivedBy,MAIL3HJLQ56N receivedBy scholar.sunita@iacs.res.in,MAIL3HJLQ56N
e706,eid2,receivedBy,MAIL3HJLQ56N receivedBy ramesh.bhatia@iacs.res.in,MAIL3HJLQ56N
e706,eid5,receivedBy,MAIL3HJLQ56N receivedBy ananya.chatterjee@cs.ox.ac.uk,MAIL3HJLQ56N
e707,eid3,receivedBy,MAILTS25X8NH receivedBy michael@cs.stanford.edu,MAILTS25X8NH
e707,eid1,receivedBy,MAILTS25X8NH receivedBy scholar.sunita@iacs.res.in,MAILTS25X8NH
e707,eid2,receivedBy,MAILTS25X8NH receivedBy ramesh.bhatia@iacs.res.in,MAILTS25X8NH
e708,eid5,receivedBy,MAILV97TLKJX receivedBy ananya.chatterjee@cs.ox.ac.uk,MAILV97TLKJX
e708,eid3,receivedBy,MAILV97TLKJX receivedBy michael@cs.stanford.edu,MAILV97TLKJX
e708,eid2,receivedBy,MAILV97TLKJX receivedBy ramesh.bhatia@iacs.res.in,MAILV97TLKJX
e709,eid1,receivedBy,MAILQ82JW0LN receivedBy scholar.sunita@iacs.res.in,MAILQ82JW0LN
e709,eid5,receivedBy,MAILQ82JW0LN receivedBy ananya.chatterjee@cs.ox.ac.uk,MAILQ82JW0LN
e709,eid3,receivedBy,MAILQ82JW0LN receivedBy michael@cs.stanford.edu,MAILQ82JW0LN
e710,eid2,receivedBy,MAILW8JGZP21 receivedBy ramesh.bhatia@iacs.res.in,MAILW8JGZP21
e710,eid1,receivedBy,MAILW8JGZP21 receivedBy scholar.sunita@iacs.res.in,MAILW8JGZP21
e710,eid5,receivedBy,MAILW8JGZP21 receivedBy ananya.chatterjee@cs.ox.ac.uk,MAILW8JGZP21
e711,eid3,receivedBy,MAILZB48MSDG receivedBy michael@cs.stanford.edu,MAILZB48MSDG
e711,eid1,receivedBy,MAILZB48MSDG receivedBy scholar.sunita@iacs.res.in,MAILZB48MSDG
e711,eid2,receivedBy,MAILZB48MSDG receivedBy ramesh.bhatia@iacs.res.in,MAILZB48MSDG
e712,eid5,receivedBy,MAIL1KB2GQM7 receivedBy ananya.chatterjee@cs.ox.ac.uk,MAIL1KB2GQM7
e712,eid3,receivedBy,MAIL1KB2GQM7 receivedBy michael@cs.stanford.edu,MAIL1KB2GQM7
e712,eid2,receivedBy,MAIL1KB2GQM7 receivedBy ramesh.bhatia@iacs.res.in,MAIL1KB2GQM7
e713,eid1,receivedBy,MAILRQ53LPZD receivedBy scholar.sunita@iacs.res.in,MAILRQ53LPZD
e713,eid5,receivedBy,MAILRQ53LPZD receivedBy ananya.chatterjee@cs.ox.ac.uk,MAILRQ53LPZD
e713,eid3,receivedBy,MAILRQ53LPZD receivedBy michael@cs.stanford.edu,MAILRQ53LPZD
e714,eid1,receivedBy,MAIL3NLVGRM2 receivedBy scholar.sunita@iacs.res.in,MAIL3NLVGRM2
e714,eid2,receivedBy,MAIL3NLVGRM2 receivedBy ramesh.bhatia@iacs.res.in,MAIL3NLVGRM2
e714,eid3,receivedBy,MAIL3NLVGRM2 receivedBy michael@cs.stanford.edu,MAIL3NLVGRM2
e715,eid5,receivedBy,MAIL9DKQPZ1T receivedBy ananya.chatterjee@cs.ox.ac.uk,MAIL9DKQPZ1T
e715,eid2,receivedBy,MAIL9DKQPZ1T receivedBy ramesh.bhatia@iacs.res.in,MAIL9DKQPZ1T
e715,eid3,receivedBy,MAIL9DKQPZ1T receivedBy michael@cs.stanford.edu,MAIL9DKQPZ1T
e716,eid1,receivedBy,MAIL7KJQ1LZV receivedBy scholar.sunita@iacs.res.in,MAIL7KJQ1LZV
e716,eid5,receivedBy,MAIL7KJQ1LZV receivedBy ananya.chatterjee@cs.ox.ac.uk,MAIL7KJQ1LZV
e716,eid2,receivedBy,MAIL7KJQ1LZV receivedBy ramesh.bhatia@iacs.res.in,MAIL7KJQ1LZV
e717,eid1,receivedBy,MAILJ2PQ79WK receivedBy scholar.sunita@iacs.res.in,MAILJ2PQ79WK
e717,eid3,receivedBy,MAILJ2PQ79WK receivedBy michael@cs.stanford.edu,MAILJ2PQ79WK
e717,eid5,receivedBy,MAILJ2PQ79WK receivedBy ananya.chatterjee@cs.ox.ac.uk,MAILJ2PQ79WK
e718,eid3,receivedBy,MAIL5XK8D7QP receivedBy michael@cs.stanford.edu,MAIL5XK8D7QP
e718,eid5,receivedBy,MAIL5XK8D7QP receivedBy ananya.chatterjee@cs.ox.ac.uk,MAIL5XK8D7QP
e718,eid2,receivedBy,MAIL5XK8D7QP receivedBy ramesh.bhatia@iacs.res.in,MAIL5XK8D7QP
e719,eid1,receivedBy,MAILV85PBYQG receivedBy scholar.sunita@iacs.res.in,MAILV85PBYQG
e719,eid3,receivedBy,MAILV85PBYQG receivedBy michael@cs.stanford.edu,MAILV85PBYQG
e719,eid2,receivedBy,MAILV85PBYQG receivedBy ramesh.bhatia@iacs.res.in,MAILV85PBYQG
e720,eid1,receivedBy,MAILF3W9SZQK receivedBy scholar.sunita@iacs.res.in,MAILF3W9SZQK
e720,eid5,receivedBy,MAILF3W9SZQK receivedBy ananya.chatterjee@cs.ox.ac.uk,MAILF3W9SZQK
e720,eid2,receivedBy,MAILF3W9SZQK receivedBy ramesh.bhatia@iacs.res.in,MAILF3W9SZQK
e721,eid1,receivedBy,MAIL9YT7X4SB receivedBy scholar.sunita@iacs.res.in,MAIL9YT7X4SB
e721,eid3,receivedBy,MAIL9YT7X4SB receivedBy michael@cs.stanford.edu,MAIL9YT7X4SB
e721,eid5,receivedBy,MAIL9YT7X4SB receivedBy ananya.chatterjee@cs.ox.ac.uk,MAIL9YT7X4SB
e722,eid3,receivedBy,MAILX2THR8NV receivedBy michael@cs.stanford.edu,MAILX2THR8NV
e722,eid5,receivedBy,MAILX2THR8NV receivedBy ananya.chatterjee@cs.ox.ac.uk,MAILX2THR8NV
e722,eid2,receivedBy,MAILX2THR8NV receivedBy ramesh.bhatia@iacs.res.in,MAILX2THR8NV
e723,eid1,receivedBy,MAIL84TGV1JP receivedBy scholar.sunita@iacs.res.in,MAIL84TGV1JP
e723,eid3,receivedBy,MAIL84TGV1JP receivedBy michael@cs.stanford.edu,MAIL84TGV1JP
e723,eid2,receivedBy,MAIL84TGV1JP receivedBy ramesh.bhatia@iacs.res.in,MAIL84TGV1JP
e724,eid5,receivedBy,MAILK7B9R2XZ receivedBy ananya.chatterjee@cs.ox.ac.uk,MAILK7B9R2XZ
e724,eid1,receivedBy,MAILK7B9R2XZ receivedBy scholar.sunita@iacs.res.in,MAILK7B9R2XZ
e724,eid2,receivedBy,MAILK7B9R2XZ receivedBy ramesh.bhatia@iacs.res.in,MAILK7B9R2XZ
e725,eid3,receivedBy,MAILD3NYV84K receivedBy michael@cs.stanford.edu,MAILD3NYV84K
e725,eid5,receivedBy,MAILD3NYV84K receivedBy ananya.chatterjee@cs.ox.ac.uk,MAILD3NYV84K
e725,eid1,receivedBy,MAILD3NYV84K receivedBy scholar.sunita@iacs.res.in,MAILD3NYV84K
e726,eid5,receivedBy,MAIL4X9KGVL7 receivedBy ananya.chatterjee@cs.ox.ac.uk,MAIL4X9KGVL7
e726,eid3,receivedBy,MAIL4X9KGVL7 receivedBy michael@cs.stanford.edu,MAIL4X9KGVL7
e726,eid2,receivedBy,MAIL4X9KGVL7 receivedBy ramesh.bhatia@iacs.res.in,MAIL4X9KGVL7
e727,eid1,receivedBy,MAILFT49BKVC receivedBy scholar.sunita@iacs.res.in,MAILFT49BKVC
e727,eid3,receivedBy,MAILFT49BKVC receivedBy michael@cs.stanford.edu,MAILFT49BKVC
e727,eid2,receivedBy,MAILFT49BKVC receivedBy ramesh.bhatia@iacs.res.in,MAILFT49BKVC
e728,eid5,receivedBy,MAILX3Z7YQSD receivedBy ananya.chatterjee@cs.ox.ac.uk,MAILX3Z7YQSD
e728,eid1,receivedBy,MAILX3Z7YQSD receivedBy scholar.sunita@iacs.res.in,MAILX3Z7YQSD
e728,eid2,receivedBy,MAILX3Z7YQSD receivedBy ramesh.bhatia@iacs.res.in,MAILX3Z7YQSD
e729,eid3,receivedBy,MAIL71KWSZ0L receivedBy michael@cs.stanford.edu,MAIL71KWSZ0L
e729,eid5,receivedBy,MAIL71KWSZ0L receivedBy ananya.chatterjee@cs.ox.ac.uk,MAIL71KWSZ0L
e729,eid1,receivedBy,MAIL71KWSZ0L receivedBy scholar.sunita@iacs.res.in,MAIL71KWSZ0L
e730,eid2,receivedBy,MAILNC67B2TQ receivedBy ramesh.bhatia@iacs.res.in,MAILNC67B2TQ
e730,eid3,receivedBy,MAILNC67B2TQ receivedBy michael@cs.stanford.edu,MAILNC67B2TQ
e730,eid5,receivedBy,MAILNC67B2TQ receivedBy ananya.chatterjee@cs.ox.ac.uk,MAILNC67B2TQ
e731,eid1,receivedBy,MAILPR85GYJ1 receivedBy scholar.sunita@iacs.res.in,MAILPR85GYJ1
e731,eid2,receivedBy,MAILPR85GYJ1 receivedBy ramesh.bhatia@iacs.res.in,MAILPR85GYJ1
e731,eid3,receivedBy,MAILPR85GYJ1 receivedBy michael@cs.stanford.edu,MAILPR85GYJ1
e732,eid5,receivedBy,MAILE4UP7JQK receivedBy ananya.chatterjee@cs.ox.ac.uk,MAILE4UP7JQK
e732,eid1,receivedBy,MAILE4UP7JQK receivedBy scholar.sunita@iacs.res.in,MAILE4UP7JQK
e732,eid3,receivedBy,MAILE4UP7JQK receivedBy michael@cs.stanford.edu,MAILE4UP7JQK
e733,eid2,receivedBy,MAILUW68TRMS receivedBy ramesh.bhatia@iacs.res.in,MAILUW68TRMS
e733,eid5,receivedBy,MAILUW68TRMS receivedBy ananya.chatterjee@cs.ox.ac.uk,MAILUW68TRMS
e733,eid3,receivedBy,MAILUW68TRMS receivedBy michael@cs.stanford.edu,MAILUW68TRMS
e734,eid5,receivedBy,MAILB6U8GQ5V receivedBy ananya.chatterjee@cs.ox.ac.uk,MAILB6U8GQ5V
e734,eid1,receivedBy,MAILB6U8GQ5V receivedBy scholar.sunita@iacs.res.in,MAILB6U8GQ5V
e734,eid3,receivedBy,MAILB6U8GQ5V receivedBy michael@cs.stanford.edu,MAILB6U8GQ5V
e735,eid2,receivedBy,MAILEK8N2VC5 receivedBy ramesh.bhatia@iacs.res.in,MAILEK8N2VC5
e735,eid1,receivedBy,MAILEK8N2VC5 receivedBy scholar.sunita@iacs.res.in,MAILEK8N2VC5
e735,eid3,receivedBy,MAILEK8N2VC5 receivedBy michael@cs.stanford.edu,MAILEK8N2VC5
e736,eid5,receivedBy,MAILY2TUEXC9 receivedBy ananya.chatterjee@cs.ox.ac.uk,MAILY2TUEXC9
e736,eid2,receivedBy,MAILY2TUEXC9 receivedBy ramesh.bhatia@iacs.res.in,MAILY2TUEXC9
e736,eid1,receivedBy,MAILY2TUEXC9 receivedBy scholar.sunita@iacs.res.in,MAILY2TUEXC9
e737,eid5,receivedBy,MAIL8SJ5VYR2 receivedBy ananya.chatterjee@cs.ox.ac.uk,MAIL8SJ5VYR2
e737,eid2,receivedBy,MAIL8SJ5VYR2 receivedBy ramesh.bhatia@iacs.res.in,MAIL8SJ5VYR2
e737,eid3,receivedBy,MAIL8SJ5VYR2 receivedBy michael@cs.stanford.edu,MAIL8SJ5VYR2
e738,eid5,receivedBy,MAILR8T4Q6WM receivedBy ananya.chatterjee@cs.ox.ac.uk,MAILR8T4Q6WM
e738,eid1,receivedBy,MAILR8T4Q6WM receivedBy scholar.sunita@iacs.res.in,MAILR8T4Q6WM
e738,eid3,receivedBy,MAILR8T4Q6WM receivedBy michael@cs.stanford.edu,MAILR8T4Q6WM
e739,eid2,receivedBy,MAIL2ZRL45TY receivedBy ramesh.bhatia@iacs.res.in,MAIL2ZRL45TY
e739,eid1,receivedBy,MAIL2ZRL45TY receivedBy scholar.sunita@iacs.res.in,MAIL2ZRL45TY
e739,eid3,receivedBy,MAIL2ZRL45TY receivedBy michael@cs.stanford.edu,MAIL2ZRL45TY
e740,eid5,receivedBy,MAIL9T83NZVC receivedBy ananya.chatterjee@cs.ox.ac.uk,MAIL9T83NZVC
e740,eid2,receivedBy,MAIL9T83NZVC receivedBy ramesh.bhatia@iacs.res.in,MAIL9T83NZVC
e740,eid3,receivedBy,MAIL9T83NZVC receivedBy michael@cs.stanford.edu,MAIL9T83NZVC
e741,eid5,receivedBy,MAILQ3X584SC receivedBy ananya.chatterjee@cs.ox.ac.uk,MAILQ3X584SC
e741,eid2,receivedBy,MAILQ3X584SC receivedBy ramesh.bhatia@iacs.res.in,MAILQ3X584SC
e741,eid1,receivedBy,MAILQ3X584SC receivedBy scholar.sunita@iacs.res.in,MAILQ3X584SC
e742,eid5,receivedBy,MAILR6N2V5TJ receivedBy ananya.chatterjee@cs.ox.ac.uk,MAILR6N2V5TJ
e742,eid1,receivedBy,MAILR6N2V5TJ receivedBy scholar.sunita@iacs.res.in,MAILR6N2V5TJ
e742,eid3,receivedBy,MAILR6N2V5TJ receivedBy michael@cs.stanford.edu,MAILR6N2V5TJ
e743,eid2,receivedBy,MAIL9D5LZ7HS receivedBy ramesh.bhatia@iacs.res.in,MAIL9D5LZ7HS
e743,eid1,receivedBy,MAIL9D5LZ7HS receivedBy scholar.sunita@iacs.res.in,MAIL9D5LZ7HS
e743,eid3,receivedBy,MAIL9D5LZ7HS receivedBy michael@cs.stanford.edu,MAIL9D5LZ7HS
e744,eid5,receivedBy,MAILMJH8QW25 receivedBy ananya.chatterjee@cs.ox.ac.uk,MAILMJH8QW25
e744,eid2,receivedBy,MAILMJH8QW25 receivedBy ramesh.bhatia@iacs.res.in,MAILMJH8QW25
e744,eid1,receivedBy,MAILMJH8QW25 receivedBy scholar.sunita@iacs.res.in,MAILMJH8QW25
e744,eid3,receivedBy,MAILMJH8QW25 receivedBy michael@cs.stanford.edu,MAILMJH8QW25
e745,eid5,receivedBy,MAIL6BKZ2SGE receivedBy ananya.chatterjee@cs.ox.ac.uk,MAIL6BKZ2SGE
e745,eid2,receivedBy,MAIL6BKZ2SGE receivedBy ramesh.bhatia@iacs.res.in,MAIL6BKZ2SGE
e745,eid1,receivedBy,MAIL6BKZ2SGE receivedBy scholar.sunita@iacs.res.in,MAIL6BKZ2SGE
e745,eid3,receivedBy,MAIL6BKZ2SGE receivedBy michael@cs.stanford.edu,MAIL6BKZ2SGE
e746,eid2,receivedBy,MAIL8NFP2QLK receivedBy ramesh.bhatia@iacs.res.in,MAIL8NFP2QLK
e746,eid1,receivedBy,MAIL8NFP2QLK receivedBy scholar.sunita@iacs.res.in,MAIL8NFP2QLK
e746,eid3,receivedBy,MAIL8NFP2QLK receivedBy michael@cs.stanford.edu,MAIL8NFP2QLK
e747,eid5,receivedBy,MAILF4G9Q3LW receivedBy ananya.chatterjee@cs.ox.ac.uk,MAILF4G9Q3LW
e747,eid1,receivedBy,MAILF4G9Q3LW receivedBy scholar.sunita@iacs.res.in,MAILF4G9Q3LW
e747,eid3,receivedBy,MAILF4G9Q3LW receivedBy michael@cs.stanford.edu,MAILF4G9Q3LW
e748,eid5,receivedBy,MAIL91BZ7CKX receivedBy ananya.chatterjee@cs.ox.ac.uk,MAIL91BZ7CKX
e748,eid2,receivedBy,MAIL91BZ7CKX receivedBy ramesh.bhatia@iacs.res.in,MAIL91BZ7CKX
e748,eid3,receivedBy,MAIL91BZ7CKX receivedBy michael@cs.stanford.edu,MAIL91BZ7CKX
e749,eid5,receivedBy,MAIL3PQ98MZS receivedBy ananya.chatterjee@cs.ox.ac.uk,MAIL3PQ98MZS
e749,eid2,receivedBy,MAIL3PQ98MZS receivedBy ramesh.bhatia@iacs.res.in,MAIL3PQ98MZS
e749,eid1,receivedBy,MAIL3PQ98MZS receivedBy scholar.sunita@iacs.res.in,MAIL3PQ98MZS
e750,eid2,receivedBy,MAILNL85K7YZ receivedBy ramesh.bhatia@iacs.res.in,MAILNL85K7YZ
e750,eid1,receivedBy,MAILNL85K7YZ receivedBy scholar.sunita@iacs.res.in,MAILNL85K7YZ
e750,eid3,receivedBy,MAILNL85K7YZ receivedBy michael@cs.stanford.edu,MAILNL85K7YZ
e751,eid5,receivedBy,MAILE0M162KQ receivedBy ananya.chatterjee@cs.ox.ac.uk,MAILE0M162KQ
e751,eid1,receivedBy,MAILE0M162KQ receivedBy scholar.sunita@iacs.res.in,MAILE0M162KQ
e751,eid3,receivedBy,MAILE0M162KQ receivedBy michael@cs.stanford.edu,MAILE0M162KQ
e752,eid5,receivedBy,MAIL4B69XPD1 receivedBy ananya.chatterjee@cs.ox.ac.uk,MAIL4B69XPD1
e752,eid2,receivedBy,MAIL4B69XPD1 receivedBy ramesh.bhatia@iacs.res.in,MAIL4B69XPD1
e752,eid3,receivedBy,MAIL4B69XPD1 receivedBy michael@cs.stanford.edu,MAIL4B69XPD1
e753,eid5,receivedBy,MAIL56PQKLA9 receivedBy ananya.chatterjee@cs.ox.ac.uk,MAIL56PQKLA9
e753,eid2,receivedBy,MAIL56PQKLA9 receivedBy ramesh.bhatia@iacs.res.in,MAIL56PQKLA9
e753,eid1,receivedBy,MAIL56PQKLA9 receivedBy scholar.sunita@iacs.res.in,MAIL56PQKLA9
e754,eid2,receivedBy,MAIL1X8KF7Z0 receivedBy ramesh.bhatia@iacs.res.in,MAIL1X8KF7Z0
e754,eid1,receivedBy,MAIL1X8KF7Z0 receivedBy scholar.sunita@iacs.res.in,MAIL1X8KF7Z0
e754,eid3,receivedBy,MAIL1X8KF7Z0 receivedBy michael@cs.stanford.edu,MAIL1X8KF7Z0
e755,eid5,receivedBy,MAILT39S5WQH receivedBy ananya.chatterjee@cs.ox.ac.uk,MAILT39S5WQH
e755,eid1,receivedBy,MAILT39S5WQH receivedBy scholar.sunita@iacs.res.in,MAILT39S5WQH
e755,eid3,receivedBy,MAILT39S5WQH receivedBy michael@cs.stanford.edu,MAILT39S5WQH
e756,eid5,receivedBy,MAIL7NM3LWH2 receivedBy ananya.chatterjee@cs.ox.ac.uk,MAIL7NM3LWH2
e756,eid2,receivedBy,MAIL7NM3LWH2 receivedBy ramesh.bhatia@iacs.res.in,MAIL7NM3LWH2
e756,eid1,receivedBy,MAIL7NM3LWH2 receivedBy scholar.sunita@iacs.res.in,MAIL7NM3LWH2
e756,eid3,receivedBy,MAIL7NM3LWH2 receivedBy michael@cs.stanford.edu,MAIL7NM3LWH2
e757,eid2,receivedBy,MAILEZL7P8QX receivedBy ramesh.bhatia@iacs.res.in,MAILEZL7P8QX
e757,eid5,receivedBy,MAILEZL7P8QX receivedBy ananya.chatterjee@cs.ox.ac.uk,MAILEZL7P8QX
e757,eid3,receivedBy,MAILEZL7P8QX receivedBy michael@cs.stanford.edu,MAILEZL7P8QX
e758,eid1,receivedBy,MAILDQ62P5RL receivedBy scholar.sunita@iacs.res.in,MAILDQ62P5RL
e758,eid2,receivedBy,MAILDQ62P5RL receivedBy ramesh.bhatia@iacs.res.in,MAILDQ62P5RL
e758,eid3,receivedBy,MAILDQ62P5RL receivedBy michael@cs.stanford.edu,MAILDQ62P5RL
e759,eid1,receivedBy,MAIL96JUYQW2 receivedBy scholar.sunita@iacs.res.in,MAIL96JUYQW2
e759,eid5,receivedBy,MAIL96JUYQW2 receivedBy ananya.chatterjee@cs.ox.ac.uk,MAIL96JUYQW2
e759,eid2,receivedBy,MAIL96JUYQW2 receivedBy ramesh.bhatia@iacs.res.in,MAIL96JUYQW2
e760,eid1,receivedBy,MAILVJ2S7EWP receivedBy scholar.sunita@iacs.res.in,MAILVJ2S7EWP
e760,eid5,receivedBy,MAILVJ2S7EWP receivedBy ananya.chatterjee@cs.ox.ac.uk,MAILVJ2S7EWP
e760,eid3,receivedBy,MAILVJ2S7EWP receivedBy michael@cs.stanford.edu,MAILVJ2S7EWP
e761,eid5,receivedBy,MAILF2LZVA97 receivedBy ananya.chatterjee@cs.ox.ac.uk,MAILF2LZVA97
e761,eid3,receivedBy,MAILF2LZVA97 receivedBy michael@cs.stanford.edu,MAILF2LZVA97
e761,eid2,receivedBy,MAILF2LZVA97 receivedBy ramesh.bhatia@iacs.res.in,MAILF2LZVA97
e762,eid1,receivedBy,MAIL3QDJ12LC receivedBy scholar.sunita@iacs.res.in,MAIL3QDJ12LC
e762,eid3,receivedBy,MAIL3QDJ12LC receivedBy michael@cs.stanford.edu,MAIL3QDJ12LC
e762,eid2,receivedBy,MAIL3QDJ12LC receivedBy ramesh.bhatia@iacs.res.in,MAIL3QDJ12LC
e763,eid1,receivedBy,MAIL7A59VD13 receivedBy scholar.sunita@iacs.res.in,MAIL7A59VD13
e763,eid5,receivedBy,MAIL7A59VD13 receivedBy ananya.chatterjee@cs.ox.ac.uk,MAIL7A59VD13
e763,eid2,receivedBy,MAIL7A59VD13 receivedBy ramesh.bhatia@iacs.res.in,MAIL7A59VD13
e764,eid1,receivedBy,MAILE4KRY8PZ receivedBy scholar.sunita@iacs.res.in,MAILE4KRY8PZ
e764,eid5,receivedBy,MAILE4KRY8PZ receivedBy ananya.chatterjee@cs.ox.ac.uk,MAILE4KRY8PZ
e764,eid3,receivedBy,MAILE4KRY8PZ receivedBy michael@cs.stanford.edu,MAILE4KRY8PZ
e765,eid2,receivedBy,MAILPLK47GFY receivedBy ramesh.bhatia@iacs.res.in,MAILPLK47GFY
e765,eid5,receivedBy,MAILPLK47GFY receivedBy ananya.chatterjee@cs.ox.ac.uk,MAILPLK47GFY
e765,eid3,receivedBy,MAILPLK47GFY receivedBy michael@cs.stanford.edu,MAILPLK47GFY
e766,eid1,receivedBy,MAILRS58KYFJ receivedBy scholar.sunita@iacs.res.in,MAILRS58KYFJ
e766,eid2,receivedBy,MAILRS58KYFJ receivedBy ramesh.bhatia@iacs.res.in,MAILRS58KYFJ
e766,eid3,receivedBy,MAILRS58KYFJ receivedBy michael@cs.stanford.edu,MAILRS58KYFJ
e767,eid1,receivedBy,MAIL8F24RXLC receivedBy scholar.sunita@iacs.res.in,MAIL8F24RXLC
e767,eid5,receivedBy,MAIL8F24RXLC receivedBy ananya.chatterjee@cs.ox.ac.uk,MAIL8F24RXLC
e767,eid3,receivedBy,MAIL8F24RXLC receivedBy michael@cs.stanford.edu,MAIL8F24RXLC
e768,eid1,receivedBy,MAIL81R3QK2W receivedBy scholar.sunita@iacs.res.in,MAIL81R3QK2W
e768,eid2,receivedBy,MAIL81R3QK2W receivedBy ramesh.bhatia@iacs.res.in,MAIL81R3QK2W
e768,eid5,receivedBy,MAIL81R3QK2W receivedBy ananya.chatterjee@cs.ox.ac.uk,MAIL81R3QK2W
e769,eid3,receivedBy,MAILAL20CYF9 receivedBy michael@cs.stanford.edu,MAILAL20CYF9
e769,eid2,receivedBy,MAILAL20CYF9 receivedBy ramesh.bhatia@iacs.res.in,MAILAL20CYF9
e769,eid5,receivedBy,MAILAL20CYF9 receivedBy ananya.chatterjee@cs.ox.ac.uk,MAILAL20CYF9
e770,eid1,receivedBy,MAILEJ529TR8 receivedBy scholar.sunita@iacs.res.in,MAILEJ529TR8
e770,eid3,receivedBy,MAILEJ529TR8 receivedBy michael@cs.stanford.edu,MAILEJ529TR8
e770,eid2,receivedBy,MAILEJ529TR8 receivedBy ramesh.bhatia@iacs.res.in,MAILEJ529TR8
e771,eid5,receivedBy,MAILK29R5J8F receivedBy ananya.chatterjee@cs.ox.ac.uk,MAILK29R5J8F
e771,eid3,receivedBy,MAILK29R5J8F receivedBy michael@cs.stanford.edu,MAILK29R5J8F
e771,eid2,receivedBy,MAILK29R5J8F receivedBy ramesh.bhatia@iacs.res.in,MAILK29R5J8F
e772,eid1,receivedBy,MAILYH42CDLQ receivedBy scholar.sunita@iacs.res.in,MAILYH42CDLQ
e772,eid5,receivedBy,MAILYH42CDLQ receivedBy ananya.chatterjee@cs.ox.ac.uk,MAILYH42CDLQ
e772,eid3,receivedBy,MAILYH42CDLQ receivedBy michael@cs.stanford.edu,MAILYH42CDLQ
e773,eid1,receivedBy,MAILV8T61QRP receivedBy scholar.sunita@iacs.res.in,MAILV8T61QRP
e773,eid2,receivedBy,MAILV8T61QRP receivedBy ramesh.bhatia@iacs.res.in,MAILV8T61QRP
e773,eid5,receivedBy,MAILV8T61QRP receivedBy ananya.chatterjee@cs.ox.ac.uk,MAILV8T61QRP
e774,eid3,receivedBy,MAILT0X9PNLU receivedBy michael@cs.stanford.edu,MAILT0X9PNLU
e774,eid2,receivedBy,MAILT0X9PNLU receivedBy ramesh.bhatia@iacs.res.in,MAILT0X9PNLU
e774,eid5,receivedBy,MAILT0X9PNLU receivedBy ananya.chatterjee@cs.ox.ac.uk,MAILT0X9PNLU
e775,eid1,receivedBy,MAILPJ6R32YQ receivedBy scholar.sunita@iacs.res.in,MAILPJ6R32YQ
e775,eid3,receivedBy,MAILPJ6R32YQ receivedBy michael@cs.stanford.edu,MAILPJ6R32YQ
e775,eid2,receivedBy,MAILPJ6R32YQ receivedBy ramesh.bhatia@iacs.res.in,MAILPJ6R32YQ
e776,eid1,receivedBy,MAIL7XYJ20PE receivedBy scholar.sunita@iacs.res.in,MAIL7XYJ20PE
e776,eid5,receivedBy,MAIL7XYJ20PE receivedBy ananya.chatterjee@cs.ox.ac.uk,MAIL7XYJ20PE
e776,eid3,receivedBy,MAIL7XYJ20PE receivedBy michael@cs.stanford.edu,MAIL7XYJ20PE
e777,eid2,receivedBy,MAIL9Z4KRQHT receivedBy ramesh.bhatia@iacs.res.in,MAIL9Z4KRQHT
e777,eid5,receivedBy,MAIL9Z4KRQHT receivedBy ananya.chatterjee@cs.ox.ac.uk,MAIL9Z4KRQHT
e777,eid3,receivedBy,MAIL9Z4KRQHT receivedBy michael@cs.stanford.edu,MAIL9Z4KRQHT
e778,eid2,receivedBy,MAILC5T8RGBA receivedBy ramesh.bhatia@iacs.res.in,MAILC5T8RGBA
e778,eid5,receivedBy,MAILC5T8RGBA receivedBy ananya.chatterjee@cs.ox.ac.uk,MAILC5T8RGBA
e778,eid3,receivedBy,MAILC5T8RGBA receivedBy michael@cs.stanford.edu,MAILC5T8RGBA
e779,eid1,receivedBy,MAIL5PE2ZRXH receivedBy scholar.sunita@iacs.res.in,MAIL5PE2ZRXH
e779,eid2,receivedBy,MAIL5PE2ZRXH receivedBy ramesh.bhatia@iacs.res.in,MAIL5PE2ZRXH
e779,eid5,receivedBy,MAIL5PE2ZRXH receivedBy ananya.chatterjee@cs.ox.ac.uk,MAIL5PE2ZRXH
e779,eid3,receivedBy,MAIL5PE2ZRXH receivedBy michael@cs.stanford.edu,MAIL5PE2ZRXH
e780,eid1,receivedBy,MAIL2SYFJ6LZ receivedBy scholar.sunita@iacs.res.in,MAIL2SYFJ6LZ
e780,eid2,receivedBy,MAIL2SYFJ6LZ receivedBy ramesh.bhatia@iacs.res.in,MAIL2SYFJ6LZ
e780,eid5,receivedBy,MAIL2SYFJ6LZ receivedBy ananya.chatterjee@cs.ox.ac.uk,MAIL2SYFJ6LZ
e780,eid3,receivedBy,MAIL2SYFJ6LZ receivedBy michael@cs.stanford.edu,MAIL2SYFJ6LZ
e781,eid1,receivedBy,MAILQ9M5BZT2 receivedBy scholar.sunita@iacs.res.in,MAILQ9M5BZT2
e781,eid2,receivedBy,MAILQ9M5BZT2 receivedBy ramesh.bhatia@iacs.res.in,MAILQ9M5BZT2
e781,eid5,receivedBy,MAILQ9M5BZT2 receivedBy ananya.chatterjee@cs.ox.ac.uk,MAILQ9M5BZT2
e782,eid3,receivedBy,MAILF2J48YNB receivedBy michael@cs.stanford.edu,MAILF2J48YNB
e782,eid1,receivedBy,MAILF2J48YNB receivedBy scholar.sunita@iacs.res.in,MAILF2J48YNB
e782,eid5,receivedBy,MAILF2J48YNB receivedBy ananya.chatterjee@cs.ox.ac.uk,MAILF2J48YNB
e783,eid2,receivedBy,MAILEJ2XP6QW receivedBy ramesh.bhatia@iacs.res.in,MAILEJ2XP6QW
e783,eid1,receivedBy,MAILEJ2XP6QW receivedBy scholar.sunita@iacs.res.in,MAILEJ2XP6QW
e783,eid3,receivedBy,MAILEJ2XP6QW receivedBy michael@cs.stanford.edu,MAILEJ2XP6QW
e784,eid2,receivedBy,MAILN7H3DJ5Q receivedBy ramesh.bhatia@iacs.res.in,MAILN7H3DJ5Q
e784,eid1,receivedBy,MAILN7H3DJ5Q receivedBy scholar.sunita@iacs.res.in,MAILN7H3DJ5Q
e784,eid3,receivedBy,MAILN7H3DJ5Q receivedBy michael@cs.stanford.edu,MAILN7H3DJ5Q
e785,eid2,receivedBy,MAILP4S7K3YT receivedBy ramesh.bhatia@iacs.res.in,MAILP4S7K3YT
e785,eid5,receivedBy,MAILP4S7K3YT receivedBy ananya.chatterjee@cs.ox.ac.uk,MAILP4S7K3YT
e785,eid3,receivedBy,MAILP4S7K3YT receivedBy michael@cs.stanford.edu,MAILP4S7K3YT
e786,eid1,receivedBy,MAILT6Y4NMVE receivedBy scholar.sunita@iacs.res.in,MAILT6Y4NMVE
e786,eid2,receivedBy,MAILT6Y4NMVE receivedBy ramesh.bhatia@iacs.res.in,MAILT6Y4NMVE
e786,eid5,receivedBy,MAILT6Y4NMVE receivedBy ananya.chatterjee@cs.ox.ac.uk,MAILT6Y4NMVE
e787,eid3,receivedBy,MAILY4L9M8CV receivedBy michael@cs.stanford.edu,MAILY4L9M8CV
e787,eid2,receivedBy,MAILY4L9M8CV receivedBy ramesh.bhatia@iacs.res.in,MAILY4L9M8CV
e787,eid5,receivedBy,MAILY4L9M8CV receivedBy ananya.chatterjee@cs.ox.ac.uk,MAILY4L9M8CV
e788,eid1,receivedBy,MAILPMJE8R2Y receivedBy scholar.sunita@iacs.res.in,MAILPMJE8R2Y
e788,eid3,receivedBy,MAILPMJE8R2Y receivedBy michael@cs.stanford.edu,MAILPMJE8R2Y
e788,eid2,receivedBy,MAILPMJE8R2Y receivedBy ramesh.bhatia@iacs.res.in,MAILPMJE8R2Y
e789,eid1,receivedBy,MAIL6K3TJDZ8 receivedBy scholar.sunita@iacs.res.in,MAIL6K3TJDZ8
e789,eid3,receivedBy,MAIL6K3TJDZ8 receivedBy michael@cs.stanford.edu,MAIL6K3TJDZ8
e789,eid5,receivedBy,MAIL6K3TJDZ8 receivedBy ananya.chatterjee@cs.ox.ac.uk,MAIL6K3TJDZ8
e790,eid2,receivedBy,MAIL4H7KJ9LP receivedBy ramesh.bhatia@iacs.res.in,MAIL4H7KJ9LP
e790,eid1,receivedBy,MAIL4H7KJ9LP receivedBy scholar.sunita@iacs.res.in,MAIL4H7KJ9LP
e790,eid5,receivedBy,MAIL4H7KJ9LP receivedBy ananya.chatterjee@cs.ox.ac.uk,MAIL4H7KJ9LP
e791,eid2,receivedBy,MAILV8F3Q2ZM receivedBy ramesh.bhatia@iacs.res.in,MAILV8F3Q2ZM
e791,eid1,receivedBy,MAILV8F3Q2ZM receivedBy scholar.sunita@iacs.res.in,MAILV8F3Q2ZM
e791,eid3,receivedBy,MAILV8F3Q2ZM receivedBy michael@cs.stanford.edu,MAILV8F3Q2ZM
e792,eid5,receivedBy,MAILM3XN8V7A receivedBy ananya.chatterjee@cs.ox.ac.uk,MAILM3XN8V7A
e792,eid2,receivedBy,MAILM3XN8V7A receivedBy ramesh.bhatia@iacs.res.in,MAILM3XN8V7A
e792,eid3,receivedBy,MAILM3XN8V7A receivedBy michael@cs.stanford.edu,MAILM3XN8V7A
e793,eid5,receivedBy,MAILGD42HVTQ receivedBy ananya.chatterjee@cs.ox.ac.uk,MAILGD42HVTQ
e793,eid1,receivedBy,MAILGD42HVTQ receivedBy scholar.sunita@iacs.res.in,MAILGD42HVTQ
e793,eid3,receivedBy,MAILGD42HVTQ receivedBy michael@cs.stanford.edu,MAILGD42HVTQ
e794,eid1,receivedBy,MAILW5YXB8TP receivedBy scholar.sunita@iacs.res.in,MAILW5YXB8TP
e794,eid2,receivedBy,MAILW5YXB8TP receivedBy ramesh.bhatia@iacs.res.in,MAILW5YXB8TP
e794,eid3,receivedBy,MAILW5YXB8TP receivedBy michael@cs.stanford.edu,MAILW5YXB8TP
e795,eid5,receivedBy,MAILZA3QXJ9U receivedBy ananya.chatterjee@cs.ox.ac.uk,MAILZA3QXJ9U
e795,eid1,receivedBy,MAILZA3QXJ9U receivedBy scholar.sunita@iacs.res.in,MAILZA3QXJ9U
e795,eid2,receivedBy,MAILZA3QXJ9U receivedBy ramesh.bhatia@iacs.res.in,MAILZA3QXJ9U
e796,eid3,receivedBy,MAILGU23LVSQ receivedBy michael@cs.stanford.edu,MAILGU23LVSQ
e796,eid1,receivedBy,MAILGU23LVSQ receivedBy scholar.sunita@iacs.res.in,MAILGU23LVSQ
e796,eid2,receivedBy,MAILGU23LVSQ receivedBy ramesh.bhatia@iacs.res.in,MAILGU23LVSQ
e797,eid5,receivedBy,MAILE2Q9RKJT receivedBy ananya.chatterjee@cs.ox.ac.uk,MAILE2Q9RKJT
e797,eid3,receivedBy,MAILE2Q9RKJT receivedBy michael@cs.stanford.edu,MAILE2Q9RKJT
e797,eid2,receivedBy,MAILE2Q9RKJT receivedBy ramesh.bhatia@iacs.res.in,MAILE2Q9RKJT
e798,eid1,receivedBy,MAILLA5KXQ9C receivedBy scholar.sunita@iacs.res.in,MAILLA5KXQ9C
e798,eid5,receivedBy,MAILLA5KXQ9C receivedBy ananya.chatterjee@cs.ox.ac.uk,MAILLA5KXQ9C
e798,eid2,receivedBy,MAILLA5KXQ9C receivedBy ramesh.bhatia@iacs.res.in,MAILLA5KXQ9C
e799,eid3,receivedBy,MAILV49LSB1P receivedBy michael@cs.stanford.edu,MAILV49LSB1P
e799,eid1,receivedBy,MAILV49LSB1P receivedBy scholar.sunita@iacs.res.in,MAILV49LSB1P
e799,eid5,receivedBy,MAILV49LSB1P receivedBy ananya.chatterjee@cs.ox.ac.uk,MAILV49LSB1P
e800,eid2,receivedBy,MAIL8YXFUJQZ receivedBy ramesh.bhatia@iacs.res.in,MAIL8YXFUJQZ
e800,eid3,receivedBy,MAIL8YXFUJQZ receivedBy michael@cs.stanford.edu,MAIL8YXFUJQZ
e800,eid1,receivedBy,MAIL8YXFUJQZ receivedBy scholar.sunita@iacs.res.in,MAIL8YXFUJQZ
e801,eid5,receivedBy,MAILK57ZCBRU receivedBy ananya.chatterjee@cs.ox.ac.uk,MAILK57ZCBRU
e801,eid2,receivedBy,MAILK57ZCBRU receivedBy ramesh.bhatia@iacs.res.in,MAILK57ZCBRU
e801,eid1,receivedBy,MAILK57ZCBRU receivedBy scholar.sunita@iacs.res.in,MAILK57ZCBRU
e802,eid3,receivedBy,MAIL3R8KYPD2 receivedBy michael@cs.stanford.edu,MAIL3R8KYPD2
e802,eid5,receivedBy,MAIL3R8KYPD2 receivedBy ananya.chatterjee@cs.ox.ac.uk,MAIL3R8KYPD2
e802,eid2,receivedBy,MAIL3R8KYPD2 receivedBy ramesh.bhatia@iacs.res.in,MAIL3R8KYPD2
e803,eid1,receivedBy,MAILGXKWPZ31 receivedBy scholar.sunita@iacs.res.in,MAILGXKWPZ31
e803,eid3,receivedBy,MAILGXKWPZ31 receivedBy michael@cs.stanford.edu,MAILGXKWPZ31
e803,eid5,receivedBy,MAILGXKWPZ31 receivedBy ananya.chatterjee@cs.ox.ac.uk,MAILGXKWPZ31
e804,eid2,receivedBy,MAILB7FWTQ8M receivedBy ramesh.bhatia@iacs.res.in,MAILB7FWTQ8M
e804,eid1,receivedBy,MAILB7FWTQ8M receivedBy scholar.sunita@iacs.res.in,MAILB7FWTQ8M
e804,eid3,receivedBy,MAILB7FWTQ8M receivedBy michael@cs.stanford.edu,MAILB7FWTQ8M
e805,eid5,receivedBy,MAILT39FWZ1L receivedBy ananya.chatterjee@cs.ox.ac.uk,MAILT39FWZ1L
e805,eid2,receivedBy,MAILT39FWZ1L receivedBy ramesh.bhatia@iacs.res.in,MAILT39FWZ1L
e805,eid1,receivedBy,MAILT39FWZ1L receivedBy scholar.sunita@iacs.res.in,MAILT39FWZ1L
e806,eid3,receivedBy,MAIL2VQX3PSL receivedBy michael@cs.stanford.edu,MAIL2VQX3PSL
e806,eid5,receivedBy,MAIL2VQX3PSL receivedBy ananya.chatterjee@cs.ox.ac.uk,MAIL2VQX3PSL
e806,eid2,receivedBy,MAIL2VQX3PSL receivedBy ramesh.bhatia@iacs.res.in,MAIL2VQX3PSL
e807,eid1,receivedBy,MAILEQ79YPS2 receivedBy scholar.sunita@iacs.res.in,MAILEQ79YPS2
e807,eid3,receivedBy,MAILEQ79YPS2 receivedBy michael@cs.stanford.edu,MAILEQ79YPS2
e807,eid5,receivedBy,MAILEQ79YPS2 receivedBy ananya.chatterjee@cs.ox.ac.uk,MAILEQ79YPS2
e808,eid2,receivedBy,MAIL8SYV02GJ receivedBy ramesh.bhatia@iacs.res.in,MAIL8SYV02GJ
e808,eid3,receivedBy,MAIL8SYV02GJ receivedBy michael@cs.stanford.edu,MAIL8SYV02GJ
e808,eid5,receivedBy,MAIL8SYV02GJ receivedBy ananya.chatterjee@cs.ox.ac.uk,MAIL8SYV02GJ
e809,eid1,receivedBy,MAIL0DF8VX1E receivedBy scholar.sunita@iacs.res.in,MAIL0DF8VX1E
e809,eid2,receivedBy,MAIL0DF8VX1E receivedBy ramesh.bhatia@iacs.res.in,MAIL0DF8VX1E
e809,eid3,receivedBy,MAIL0DF8VX1E receivedBy michael@cs.stanford.edu,MAIL0DF8VX1E
e810,eid5,receivedBy,MAILKRZ23VX4 receivedBy ananya.chatterjee@cs.ox.ac.uk,MAILKRZ23VX4
e810,eid1,receivedBy,MAILKRZ23VX4 receivedBy scholar.sunita@iacs.res.in,MAILKRZ23VX4
e810,eid3,receivedBy,MAILKRZ23VX4 receivedBy michael@cs.stanford.edu,MAILKRZ23VX4
e811,eid2,receivedBy,MAIL37LABM0U receivedBy ramesh.bhatia@iacs.res.in,MAIL37LABM0U
e811,eid5,receivedBy,MAIL37LABM0U receivedBy ananya.chatterjee@cs.ox.ac.uk,MAIL37LABM0U
e811,eid1,receivedBy,MAIL37LABM0U receivedBy scholar.sunita@iacs.res.in,MAIL37LABM0U
e812,eid2,receivedBy,MAILEZ68KPWS receivedBy ramesh.bhatia@iacs.res.in,MAILEZ68KPWS
e812,eid3,receivedBy,MAILEZ68KPWS receivedBy michael@cs.stanford.edu,MAILEZ68KPWS
e812,eid5,receivedBy,MAILEZ68KPWS receivedBy ananya.chatterjee@cs.ox.ac.uk,MAILEZ68KPWS
e813,eid1,receivedBy,MAILN472KX08 receivedBy scholar.sunita@iacs.res.in,MAILN472KX08
e813,eid3,receivedBy,MAILN472KX08 receivedBy michael@cs.stanford.edu,MAILN472KX08
e813,eid2,receivedBy,MAILN472KX08 receivedBy ramesh.bhatia@iacs.res.in,MAILN472KX08
e814,eid5,receivedBy,MAILRB21JUV7 receivedBy ananya.chatterjee@cs.ox.ac.uk,MAILRB21JUV7
e814,eid1,receivedBy,MAILRB21JUV7 receivedBy scholar.sunita@iacs.res.in,MAILRB21JUV7
e814,eid3,receivedBy,MAILRB21JUV7 receivedBy michael@cs.stanford.edu,MAILRB21JUV7
e815,eid2,receivedBy,MAILV47BPSZI receivedBy ramesh.bhatia@iacs.res.in,MAILV47BPSZI
e815,eid3,receivedBy,MAILV47BPSZI receivedBy michael@cs.stanford.edu,MAILV47BPSZI
e815,eid5,receivedBy,MAILV47BPSZI receivedBy ananya.chatterjee@cs.ox.ac.uk,MAILV47BPSZI
e816,eid1,receivedBy,MAIL2QJ5NTL9 receivedBy scholar.sunita@iacs.res.in,MAIL2QJ5NTL9
e816,eid2,receivedBy,MAIL2QJ5NTL9 receivedBy ramesh.bhatia@iacs.res.in,MAIL2QJ5NTL9
e816,eid3,receivedBy,MAIL2QJ5NTL9 receivedBy michael@cs.stanford.edu,MAIL2QJ5NTL9
e817,eid5,receivedBy,MAILE89ZTQPAR receivedBy ananya.chatterjee@cs.ox.ac.uk,MAILE89ZTQPAR
e817,eid1,receivedBy,MAILE89ZTQPAR receivedBy scholar.sunita@iacs.res.in,MAILE89ZTQPAR
e817,eid3,receivedBy,MAILE89ZTQPAR receivedBy michael@cs.stanford.edu,MAILE89ZTQPAR
e818,eid2,receivedBy,MAIL43JMVK1S receivedBy ramesh.bhatia@iacs.res.in,MAIL43JMVK1S
e818,eid5,receivedBy,MAIL43JMVK1S receivedBy ananya.chatterjee@cs.ox.ac.uk,MAIL43JMVK1S
e818,eid3,receivedBy,MAIL43JMVK1S receivedBy michael@cs.stanford.edu,MAIL43JMVK1S
e818,eid1,receivedBy,MAIL43JMVK1S receivedBy scholar.sunita@iacs.res.in,MAIL43JMVK1S
e819,eid2,receivedBy,MAILB56JOVP2 receivedBy ramesh.bhatia@iacs.res.in,MAILB56JOVP2
e819,eid5,receivedBy,MAILB56JOVP2 receivedBy ananya.chatterjee@cs.ox.ac.uk,MAILB56JOVP2
e819,eid3,receivedBy,MAILB56JOVP2 receivedBy michael@cs.stanford.edu,MAILB56JOVP2
e819,eid1,receivedBy,MAILB56JOVP2 receivedBy scholar.sunita@iacs.res.in,MAILB56JOVP2
e820,eid2,receivedBy,MAILZ2CRF781 receivedBy ramesh.bhatia@iacs.res.in,MAILZ2CRF781
e820,eid5,receivedBy,MAILZ2CRF781 receivedBy ananya.chatterjee@cs.ox.ac.uk,MAILZ2CRF781
e820,eid3,receivedBy,MAILZ2CRF781 receivedBy michael@cs.stanford.edu,MAILZ2CRF781
e821,eid1,receivedBy,MAILTD92C4WS receivedBy scholar.sunita@iacs.res.in,MAILTD92C4WS
e821,eid2,receivedBy,MAILTD92C4WS receivedBy ramesh.bhatia@iacs.res.in,MAILTD92C4WS
e821,eid5,receivedBy,MAILTD92C4WS receivedBy ananya.chatterjee@cs.ox.ac.uk,MAILTD92C4WS
e822,eid3,receivedBy,MAILD8W1N37P receivedBy michael@cs.stanford.edu,MAILD8W1N37P
e822,eid1,receivedBy,MAILD8W1N37P receivedBy scholar.sunita@iacs.res.in,MAILD8W1N37P
e822,eid5,receivedBy,MAILD8W1N37P receivedBy ananya.chatterjee@cs.ox.ac.uk,MAILD8W1N37P
e823,eid1,receivedBy,MAILSCYN52RQ receivedBy scholar.sunita@iacs.res.in,MAILSCYN52RQ
e823,eid2,receivedBy,MAILSCYN52RQ receivedBy ramesh.bhatia@iacs.res.in,MAILSCYN52RQ
e823,eid3,receivedBy,MAILSCYN52RQ receivedBy michael@cs.stanford.edu,MAILSCYN52RQ
e824,eid1,receivedBy,MAIL59GYC43V receivedBy scholar.sunita@iacs.res.in,MAIL59GYC43V
e824,eid2,receivedBy,MAIL59GYC43V receivedBy ramesh.bhatia@iacs.res.in,MAIL59GYC43V
e824,eid5,receivedBy,MAIL59GYC43V receivedBy ananya.chatterjee@cs.ox.ac.uk,MAIL59GYC43V
e825,eid2,receivedBy,MAILM2GV65RT receivedBy ramesh.bhatia@iacs.res.in,MAILM2GV65RT
e825,eid3,receivedBy,MAILM2GV65RT receivedBy michael@cs.stanford.edu,MAILM2GV65RT
e825,eid5,receivedBy,MAILM2GV65RT receivedBy ananya.chatterjee@cs.ox.ac.uk,MAILM2GV65RT
e826,eid1,receivedBy,MAILE9QG712B receivedBy scholar.sunita@iacs.res.in,MAILE9QG712B
e826,eid3,receivedBy,MAILE9QG712B receivedBy michael@cs.stanford.edu,MAILE9QG712B
e826,eid5,receivedBy,MAILE9QG712B receivedBy ananya.chatterjee@cs.ox.ac.uk,MAILE9QG712B
e827,eid1,receivedBy,MAILQ59LWVBC receivedBy scholar.sunita@iacs.res.in,MAILQ59LWVBC
e827,eid2,receivedBy,MAILQ59LWVBC receivedBy ramesh.bhatia@iacs.res.in,MAILQ59LWVBC
e827,eid3,receivedBy,MAILQ59LWVBC receivedBy michael@cs.stanford.edu,MAILQ59LWVBC
e828,eid5,receivedBy,MAILE5UN63XD receivedBy ananya.chatterjee@cs.ox.ac.uk,MAILE5UN63XD
e828,eid1,receivedBy,MAILE5UN63XD receivedBy scholar.sunita@iacs.res.in,MAILE5UN63XD
e828,eid2,receivedBy,MAILE5UN63XD receivedBy ramesh.bhatia@iacs.res.in,MAILE5UN63XD
e829,eid3,receivedBy,MAILTP7GD2RH receivedBy michael@cs.stanford.edu,MAILTP7GD2RH
e829,eid5,receivedBy,MAILTP7GD2RH receivedBy ananya.chatterjee@cs.ox.ac.uk,MAILTP7GD2RH
e829,eid2,receivedBy,MAILTP7GD2RH receivedBy ramesh.bhatia@iacs.res.in,MAILTP7GD2RH
e830,eid1,receivedBy,MAILJW4QK1ZL receivedBy scholar.sunita@iacs.res.in,MAILJW4QK1ZL
e830,eid3,receivedBy,MAILJW4QK1ZL receivedBy michael@cs.stanford.edu,MAILJW4QK1ZL
e830,eid5,receivedBy,MAILJW4QK1ZL receivedBy ananya.chatterjee@cs.ox.ac.uk,MAILJW4QK1ZL
e831,eid2,receivedBy,MAILNQ93B7FL receivedBy ramesh.bhatia@iacs.res.in,MAILNQ93B7FL
e831,eid1,receivedBy,MAILNQ93B7FL receivedBy scholar.sunita@iacs.res.in,MAILNQ93B7FL
e831,eid3,receivedBy,MAILNQ93B7FL receivedBy michael@cs.stanford.edu,MAILNQ93B7FL
e832,eid5,receivedBy,MAIL93WPFG2L receivedBy ananya.chatterjee@cs.ox.ac.uk,MAIL93WPFG2L
e832,eid2,receivedBy,MAIL93WPFG2L receivedBy ramesh.bhatia@iacs.res.in,MAIL93WPFG2L
e832,eid3,receivedBy,MAIL93WPFG2L receivedBy michael@cs.stanford.edu,MAIL93WPFG2L
e833,eid1,receivedBy,MAILGV2HE4JM receivedBy scholar.sunita@iacs.res.in,MAILGV2HE4JM
e833,eid5,receivedBy,MAILGV2HE4JM receivedBy ananya.chatterjee@cs.ox.ac.uk,MAILGV2HE4JM
e833,eid2,receivedBy,MAILGV2HE4JM receivedBy ramesh.bhatia@iacs.res.in,MAILGV2HE4JM
e834,eid3,receivedBy,MAIL8HVW3T6P receivedBy michael@cs.stanford.edu,MAIL8HVW3T6P
e834,eid1,receivedBy,MAIL8HVW3T6P receivedBy scholar.sunita@iacs.res.in,MAIL8HVW3T6P
e834,eid5,receivedBy,MAIL8HVW3T6P receivedBy ananya.chatterjee@cs.ox.ac.uk,MAIL8HVW3T6P
e835,eid2,receivedBy,MAILL4QTKH93 receivedBy ramesh.bhatia@iacs.res.in,MAILL4QTKH93
e835,eid3,receivedBy,MAILL4QTKH93 receivedBy michael@cs.stanford.edu,MAILL4QTKH93
e835,eid5,receivedBy,MAILL4QTKH93 receivedBy ananya.chatterjee@cs.ox.ac.uk,MAILL4QTKH93
e836,eid1,receivedBy,MAILE8WPG5RV receivedBy scholar.sunita@iacs.res.in,MAILE8WPG5RV
e836,eid2,receivedBy,MAILE8WPG5RV receivedBy ramesh.bhatia@iacs.res.in,MAILE8WPG5RV
e836,eid3,receivedBy,MAILE8WPG5RV receivedBy michael@cs.stanford.edu,MAILE8WPG5RV
e836,eid5,receivedBy,MAILE8WPG5RV receivedBy ananya.chatterjee@cs.ox.ac.uk,MAILE8WPG5RV
e837,eid1,receivedBy,MAILCB38Y4ZT receivedBy scholar.sunita@iacs.res.in,MAILCB38Y4ZT
e837,eid2,receivedBy,MAILCB38Y4ZT receivedBy ramesh.bhatia@iacs.res.in,MAILCB38Y4ZT
e837,eid3,receivedBy,MAILCB38Y4ZT receivedBy michael@cs.stanford.edu,MAILCB38Y4ZT
e837,eid5,receivedBy,MAILCB38Y4ZT receivedBy ananya.chatterjee@cs.ox.ac.uk,MAILCB38Y4ZT
e838,eid1,receivedBy,MAILY56H2QMV receivedBy scholar.sunita@iacs.res.in,MAILY56H2QMV
e838,eid2,receivedBy,MAILY56H2QMV receivedBy ramesh.bhatia@iacs.res.in,MAILY56H2QMV
e838,eid5,receivedBy,MAILY56H2QMV receivedBy ananya.chatterjee@cs.ox.ac.uk,MAILY56H2QMV
e839,eid3,receivedBy,MAILD6F4P5J3 receivedBy michael@cs.stanford.edu,MAILD6F4P5J3
e839,eid2,receivedBy,MAILD6F4P5J3 receivedBy ramesh.bhatia@iacs.res.in,MAILD6F4P5J3
e839,eid5,receivedBy,MAILD6F4P5J3 receivedBy ananya.chatterjee@cs.ox.ac.uk,MAILD6F4P5J3
e840,eid1,receivedBy,MAIL94KGH2PL receivedBy scholar.sunita@iacs.res.in,MAIL94KGH2PL
e840,eid3,receivedBy,MAIL94KGH2PL receivedBy michael@cs.stanford.edu,MAIL94KGH2PL
e840,eid2,receivedBy,MAIL94KGH2PL receivedBy ramesh.bhatia@iacs.res.in,MAIL94KGH2PL
e841,eid1,receivedBy,MAILEQ9P6T3V receivedBy scholar.sunita@iacs.res.in,MAILEQ9P6T3V
e841,eid3,receivedBy,MAILEQ9P6T3V receivedBy michael@cs.stanford.edu,MAILEQ9P6T3V
e841,eid2,receivedBy,MAILEQ9P6T3V receivedBy ramesh.bhatia@iacs.res.in,MAILEQ9P6T3V
e842,eid5,receivedBy,MAILQJ43G79D receivedBy ananya.chatterjee@cs.ox.ac.uk,MAILQJ43G79D
e842,eid1,receivedBy,MAILQJ43G79D receivedBy scholar.sunita@iacs.res.in,MAILQJ43G79D
e842,eid2,receivedBy,MAILQJ43G79D receivedBy ramesh.bhatia@iacs.res.in,MAILQJ43G79D
e843,eid5,receivedBy,MAIL9K47V2HQ receivedBy ananya.chatterjee@cs.ox.ac.uk,MAIL9K47V2HQ
e843,eid3,receivedBy,MAIL9K47V2HQ receivedBy michael@cs.stanford.edu,MAIL9K47V2HQ
e843,eid1,receivedBy,MAIL9K47V2HQ receivedBy scholar.sunita@iacs.res.in,MAIL9K47V2HQ
e844,eid1,receivedBy,MAILF3X2B8GV receivedBy scholar.sunita@iacs.res.in,MAILF3X2B8GV
e844,eid3,receivedBy,MAILF3X2B8GV receivedBy michael@cs.stanford.edu,MAILF3X2B8GV
e844,eid2,receivedBy,MAILF3X2B8GV receivedBy ramesh.bhatia@iacs.res.in,MAILF3X2B8GV
e845,eid5,receivedBy,MAILV6R52D4A receivedBy ananya.chatterjee@cs.ox.ac.uk,MAILV6R52D4A
e845,eid3,receivedBy,MAILV6R52D4A receivedBy michael@cs.stanford.edu,MAILV6R52D4A
e845,eid2,receivedBy,MAILV6R52D4A receivedBy ramesh.bhatia@iacs.res.in,MAILV6R52D4A
e846,eid1,receivedBy,MAIL7J5Q4L2P receivedBy scholar.sunita@iacs.res.in,MAIL7J5Q4L2P
e846,eid5,receivedBy,MAIL7J5Q4L2P receivedBy ananya.chatterjee@cs.ox.ac.uk,MAIL7J5Q4L2P
e846,eid2,receivedBy,MAIL7J5Q4L2P receivedBy ramesh.bhatia@iacs.res.in,MAIL7J5Q4L2P
e847,eid1,receivedBy,MAIL6JGT2PDR receivedBy scholar.sunita@iacs.res.in,MAIL6JGT2PDR
e847,eid3,receivedBy,MAIL6JGT2PDR receivedBy michael@cs.stanford.edu,MAIL6JGT2PDR
e847,eid2,receivedBy,MAIL6JGT2PDR receivedBy ramesh.bhatia@iacs.res.in,MAIL6JGT2PDR
e848,eid3,receivedBy,MAIL9WY3K8SV receivedBy michael@cs.stanford.edu,MAIL9WY3K8SV
e848,eid5,receivedBy,MAIL9WY3K8SV receivedBy ananya.chatterjee@cs.ox.ac.uk,MAIL9WY3K8SV
e848,eid2,receivedBy,MAIL9WY3K8SV receivedBy ramesh.bhatia@iacs.res.in,MAIL9WY3K8SV
e849,eid1,receivedBy,MAILEX83T5QP receivedBy scholar.sunita@iacs.res.in,MAILEX83T5QP
e849,eid5,receivedBy,MAILEX83T5QP receivedBy ananya.chatterjee@cs.ox.ac.uk,MAILEX83T5QP
e849,eid3,receivedBy,MAILEX83T5QP receivedBy michael@cs.stanford.edu,MAILEX83T5QP
e850,eid1,receivedBy,MAIL2LQP8HYS receivedBy scholar.sunita@iacs.res.in,MAIL2LQP8HYS
e850,eid3,receivedBy,MAIL2LQP8HYS receivedBy michael@cs.stanford.edu,MAIL2LQP8HYS
e850,eid2,receivedBy,MAIL2LQP8HYS receivedBy ramesh.bhatia@iacs.res.in,MAIL2LQP8HYS
e851,eid1,receivedBy,MAILA36CG8YP receivedBy scholar.sunita@iacs.res.in,MAILA36CG8YP
e851,eid5,receivedBy,MAILA36CG8YP receivedBy ananya.chatterjee@cs.ox.ac.uk,MAILA36CG8YP
e851,eid2,receivedBy,MAILA36CG8YP receivedBy ramesh.bhatia@iacs.res.in,MAILA36CG8YP
e852,eid1,receivedBy,MAIL5KT3R8LQ receivedBy scholar.sunita@iacs.res.in,MAIL5KT3R8LQ
e852,eid3,receivedBy,MAIL5KT3R8LQ receivedBy michael@cs.stanford.edu,MAIL5KT3R8LQ
e852,eid2,receivedBy,MAIL5KT3R8LQ receivedBy ramesh.bhatia@iacs.res.in,MAIL5KT3R8LQ
e853,eid5,receivedBy,MAIL4D2P9TQS receivedBy ananya.chatterjee@cs.ox.ac.uk,MAIL4D2P9TQS
e853,eid2,receivedBy,MAIL4D2P9TQS receivedBy ramesh.bhatia@iacs.res.in,MAIL4D2P9TQS
e853,eid3,receivedBy,MAIL4D2P9TQS receivedBy michael@cs.stanford.edu,MAIL4D2P9TQS
e854,eid1,receivedBy,MAIL7KZ9LCQS receivedBy scholar.sunita@iacs.res.in,MAIL7KZ9LCQS
e854,eid5,receivedBy,MAIL7KZ9LCQS receivedBy ananya.chatterjee@cs.ox.ac.uk,MAIL7KZ9LCQS
e854,eid3,receivedBy,MAIL7KZ9LCQS receivedBy michael@cs.stanford.edu,MAIL7KZ9LCQS
e855,eid1,receivedBy,MAILU4VPT9XE receivedBy scholar.sunita@iacs.res.in,MAILU4VPT9XE
e855,eid2,receivedBy,MAILU4VPT9XE receivedBy ramesh.bhatia@iacs.res.in,MAILU4VPT9XE
e855,eid3,receivedBy,MAILU4VPT9XE receivedBy michael@cs.stanford.edu,MAILU4VPT9XE
e856,eid5,receivedBy,MAILHV735LMB receivedBy ananya.chatterjee@cs.ox.ac.uk,MAILHV735LMB
e856,eid1,receivedBy,MAILHV735LMB receivedBy scholar.sunita@iacs.res.in,MAILHV735LMB
e856,eid2,receivedBy,MAILHV735LMB receivedBy ramesh.bhatia@iacs.res.in,MAILHV735LMB
e856,eid3,receivedBy,MAILHV735LMB receivedBy michael@cs.stanford.edu,MAILHV735LMB
e857,eid5,receivedBy,MAILJKL983WD receivedBy ananya.chatterjee@cs.ox.ac.uk,MAILJKL983WD
e857,eid1,receivedBy,MAILJKL983WD receivedBy scholar.sunita@iacs.res.in,MAILJKL983WD
e857,eid2,receivedBy,MAILJKL983WD receivedBy ramesh.bhatia@iacs.res.in,MAILJKL983WD
e857,eid3,receivedBy,MAILJKL983WD receivedBy michael@cs.stanford.edu,MAILJKL983WD
e858,eid5,receivedBy,MAILET9X6LZA receivedBy ananya.chatterjee@cs.ox.ac.uk,MAILET9X6LZA
e858,eid2,receivedBy,MAILET9X6LZA receivedBy ramesh.bhatia@iacs.res.in,MAILET9X6LZA
e858,eid3,receivedBy,MAILET9X6LZA receivedBy michael@cs.stanford.edu,MAILET9X6LZA
e859,eid1,receivedBy,MAILY8WN5H2Q receivedBy scholar.sunita@iacs.res.in,MAILY8WN5H2Q
e859,eid5,receivedBy,MAILY8WN5H2Q receivedBy ananya.chatterjee@cs.ox.ac.uk,MAILY8WN5H2Q
e859,eid2,receivedBy,MAILY8WN5H2Q receivedBy ramesh.bhatia@iacs.res.in,MAILY8WN5H2Q
e860,eid1,receivedBy,MAIL5G9PL1QW receivedBy scholar.sunita@iacs.res.in,MAIL5G9PL1QW
e860,eid3,receivedBy,MAIL5G9PL1QW receivedBy michael@cs.stanford.edu,MAIL5G9PL1QW
e860,eid2,receivedBy,MAIL5G9PL1QW receivedBy ramesh.bhatia@iacs.res.in,MAIL5G9PL1QW
e861,eid5,receivedBy,MAILME92AT1F receivedBy ananya.chatterjee@cs.ox.ac.uk,MAILME92AT1F
e861,eid1,receivedBy,MAILME92AT1F receivedBy scholar.sunita@iacs.res.in,MAILME92AT1F
e861,eid3,receivedBy,MAILME92AT1F receivedBy michael@cs.stanford.edu,MAILME92AT1F
e862,eid2,receivedBy,MAIL4EB6NHQP receivedBy ramesh.bhatia@iacs.res.in,MAIL4EB6NHQP
e862,eid5,receivedBy,MAIL4EB6NHQP receivedBy ananya.chatterjee@cs.ox.ac.uk,MAIL4EB6NHQP
e862,eid3,receivedBy,MAIL4EB6NHQP receivedBy michael@cs.stanford.edu,MAIL4EB6NHQP
e863,eid1,receivedBy,MAIL38XKWLSJ receivedBy scholar.sunita@iacs.res.in,MAIL38XKWLSJ
e863,eid5,receivedBy,MAIL38XKWLSJ receivedBy ananya.chatterjee@cs.ox.ac.uk,MAIL38XKWLSJ
e863,eid2,receivedBy,MAIL38XKWLSJ receivedBy ramesh.bhatia@iacs.res.in,MAIL38XKWLSJ
e864,eid1,receivedBy,MAILTX5ZCY80 receivedBy scholar.sunita@iacs.res.in,MAILTX5ZCY80
e864,eid3,receivedBy,MAILTX5ZCY80 receivedBy michael@cs.stanford.edu,MAILTX5ZCY80
e864,eid2,receivedBy,MAILTX5ZCY80 receivedBy ramesh.bhatia@iacs.res.in,MAILTX5ZCY80
e865,eid5,receivedBy,MAILRN47DLP6 receivedBy ananya.chatterjee@cs.ox.ac.uk,MAILRN47DLP6
e865,eid1,receivedBy,MAILRN47DLP6 receivedBy scholar.sunita@iacs.res.in,MAILRN47DLP6
e865,eid3,receivedBy,MAILRN47DLP6 receivedBy michael@cs.stanford.edu,MAILRN47DLP6
e866,eid2,receivedBy,MAILR0S7HCD8 receivedBy ramesh.bhatia@iacs.res.in,MAILR0S7HCD8
e866,eid1,receivedBy,MAILR0S7HCD8 receivedBy scholar.sunita@iacs.res.in,MAILR0S7HCD8
e866,eid3,receivedBy,MAILR0S7HCD8 receivedBy michael@cs.stanford.edu,MAILR0S7HCD8
e866,eid5,receivedBy,MAILR0S7HCD8 receivedBy ananya.chatterjee@cs.ox.ac.uk,MAILR0S7HCD8
e867,eid2,receivedBy,MAILY4K39PJL receivedBy ramesh.bhatia@iacs.res.in,MAILY4K39PJL
e867,eid1,receivedBy,MAILY4K39PJL receivedBy scholar.sunita@iacs.res.in,MAILY4K39PJL
e867,eid3,receivedBy,MAILY4K39PJL receivedBy michael@cs.stanford.edu,MAILY4K39PJL
e867,eid5,receivedBy,MAILY4K39PJL receivedBy ananya.chatterjee@cs.ox.ac.uk,MAILY4K39PJL
e868,eid2,receivedBy,MAILVQ230FGL receivedBy ramesh.bhatia@iacs.res.in,MAILVQ230FGL
e868,eid5,receivedBy,MAILVQ230FGL receivedBy ananya.chatterjee@cs.ox.ac.uk,MAILVQ230FGL
e868,eid3,receivedBy,MAILVQ230FGL receivedBy michael@cs.stanford.edu,MAILVQ230FGL
e869,eid1,receivedBy,MAILAG52RJKT receivedBy scholar.sunita@iacs.res.in,MAILAG52RJKT
e869,eid2,receivedBy,MAILAG52RJKT receivedBy ramesh.bhatia@iacs.res.in,MAILAG52RJKT
e869,eid5,receivedBy,MAILAG52RJKT receivedBy ananya.chatterjee@cs.ox.ac.uk,MAILAG52RJKT
e870,eid3,receivedBy,MAILWH49XZJL receivedBy michael@cs.stanford.edu,MAILWH49XZJL
e870,eid1,receivedBy,MAILWH49XZJL receivedBy scholar.sunita@iacs.res.in,MAILWH49XZJL
e870,eid2,receivedBy,MAILWH49XZJL receivedBy ramesh.bhatia@iacs.res.in,MAILWH49XZJL
e871,eid5,receivedBy,MAILRA8YZ41M receivedBy ananya.chatterjee@cs.ox.ac.uk,MAILRA8YZ41M
e871,eid3,receivedBy,MAILRA8YZ41M receivedBy michael@cs.stanford.edu,MAILRA8YZ41M
e871,eid1,receivedBy,MAILRA8YZ41M receivedBy scholar.sunita@iacs.res.in,MAILRA8YZ41M
e872,eid2,receivedBy,MAILKP3J72ZA receivedBy ramesh.bhatia@iacs.res.in,MAILKP3J72ZA
e872,eid3,receivedBy,MAILKP3J72ZA receivedBy michael@cs.stanford.edu,MAILKP3J72ZA
e872,eid5,receivedBy,MAILKP3J72ZA receivedBy ananya.chatterjee@cs.ox.ac.uk,MAILKP3J72ZA
e873,eid1,receivedBy,MAILZ59UNGJQ receivedBy scholar.sunita@iacs.res.in,MAILZ59UNGJQ
e873,eid2,receivedBy,MAILZ59UNGJQ receivedBy ramesh.bhatia@iacs.res.in,MAILZ59UNGJQ
e873,eid5,receivedBy,MAILZ59UNGJQ receivedBy ananya.chatterjee@cs.ox.ac.uk,MAILZ59UNGJQ
e874,eid3,receivedBy,MAILEP8XJ24A receivedBy michael@cs.stanford.edu,MAILEP8XJ24A
e874,eid1,receivedBy,MAILEP8XJ24A receivedBy scholar.sunita@iacs.res.in,MAILEP8XJ24A
e874,eid2,receivedBy,MAILEP8XJ24A receivedBy ramesh.bhatia@iacs.res.in,MAILEP8XJ24A
e875,eid5,receivedBy,MAILS4PQW3MC receivedBy ananya.chatterjee@cs.ox.ac.uk,MAILS4PQW3MC
e875,eid3,receivedBy,MAILS4PQW3MC receivedBy michael@cs.stanford.edu,MAILS4PQW3MC
e875,eid1,receivedBy,MAILS4PQW3MC receivedBy scholar.sunita@iacs.res.in,MAILS4PQW3MC
e876,eid2,receivedBy,MAILUY3M4DWS receivedBy ramesh.bhatia@iacs.res.in,MAILUY3M4DWS
e876,eid5,receivedBy,MAILUY3M4DWS receivedBy ananya.chatterjee@cs.ox.ac.uk,MAILUY3M4DWS
e876,eid3,receivedBy,MAILUY3M4DWS receivedBy michael@cs.stanford.edu,MAILUY3M4DWS
e877,eid1,receivedBy,MAILFVW39PQ8 receivedBy scholar.sunita@iacs.res.in,MAILFVW39PQ8
e877,eid2,receivedBy,MAILFVW39PQ8 receivedBy ramesh.bhatia@iacs.res.in,MAILFVW39PQ8
e877,eid5,receivedBy,MAILFVW39PQ8 receivedBy ananya.chatterjee@cs.ox.ac.uk,MAILFVW39PQ8
e878,eid3,receivedBy,MAILBJG7X254 receivedBy michael@cs.stanford.edu,MAILBJG7X254
e878,eid1,receivedBy,MAILBJG7X254 receivedBy scholar.sunita@iacs.res.in,MAILBJG7X254
e878,eid2,receivedBy,MAILBJG7X254 receivedBy ramesh.bhatia@iacs.res.in,MAILBJG7X254
e879,eid5,receivedBy,MAIL3AQM2KVS receivedBy ananya.chatterjee@cs.ox.ac.uk,MAIL3AQM2KVS
e879,eid3,receivedBy,MAIL3AQM2KVS receivedBy michael@cs.stanford.edu,MAIL3AQM2KVS
e879,eid1,receivedBy,MAIL3AQM2KVS receivedBy scholar.sunita@iacs.res.in,MAIL3AQM2KVS
e880,eid2,receivedBy,MAIL7ZK8QJ1A receivedBy ramesh.bhatia@iacs.res.in,MAIL7ZK8QJ1A
e880,eid3,receivedBy,MAIL7ZK8QJ1A receivedBy michael@cs.stanford.edu,MAIL7ZK8QJ1A
e880,eid5,receivedBy,MAIL7ZK8QJ1A receivedBy ananya.chatterjee@cs.ox.ac.uk,MAIL7ZK8QJ1A
e881,eid1,receivedBy,MAIL9MNLQ7VY receivedBy scholar.sunita@iacs.res.in,MAIL9MNLQ7VY
e881,eid2,receivedBy,MAIL9MNLQ7VY receivedBy ramesh.bhatia@iacs.res.in,MAIL9MNLQ7VY
e881,eid5,receivedBy,MAIL9MNLQ7VY receivedBy ananya.chatterjee@cs.ox.ac.uk,MAIL9MNLQ7VY
e882,eid3,receivedBy,MAILE8J45LMC receivedBy michael@cs.stanford.edu,MAILE8J45LMC
e882,eid1,receivedBy,MAILE8J45LMC receivedBy scholar.sunita@iacs.res.in,MAILE8J45LMC
e882,eid5,receivedBy,MAILE8J45LMC receivedBy ananya.chatterjee@cs.ox.ac.uk,MAILE8J45LMC
e883,eid2,receivedBy,MAIL4GJ9K7QS receivedBy ramesh.bhatia@iacs.res.in,MAIL4GJ9K7QS
e883,eid3,receivedBy,MAIL4GJ9K7QS receivedBy michael@cs.stanford.edu,MAIL4GJ9K7QS
e883,eid1,receivedBy,MAIL4GJ9K7QS receivedBy scholar.sunita@iacs.res.in,MAIL4GJ9K7QS
e884,eid5,receivedBy,MAILU7HD4CFE receivedBy ananya.chatterjee@cs.ox.ac.uk,MAILU7HD4CFE
e884,eid2,receivedBy,MAILU7HD4CFE receivedBy ramesh.bhatia@iacs.res.in,MAILU7HD4CFE
e884,eid3,receivedBy,MAILU7HD4CFE receivedBy michael@cs.stanford.edu,MAILU7HD4CFE
e885,eid1,receivedBy,MAIL1A7PV9XK receivedBy scholar.sunita@iacs.res.in,MAIL1A7PV9XK
e885,eid2,receivedBy,MAIL1A7PV9XK receivedBy ramesh.bhatia@iacs.res.in,MAIL1A7PV9XK
e885,eid5,receivedBy,MAIL1A7PV9XK receivedBy ananya.chatterjee@cs.ox.ac.uk,MAIL1A7PV9XK
e886,eid3,receivedBy,MAIL7VJ2E8MC receivedBy michael@cs.stanford.edu,MAIL7VJ2E8MC
e886,eid5,receivedBy,MAIL7VJ2E8MC receivedBy ananya.chatterjee@cs.ox.ac.uk,MAIL7VJ2E8MC
e886,eid1,receivedBy,MAIL7VJ2E8MC receivedBy scholar.sunita@iacs.res.in,MAIL7VJ2E8MC
e887,eid2,receivedBy,MAIL8QX2R5LJ receivedBy ramesh.bhatia@iacs.res.in,MAIL8QX2R5LJ
e887,eid3,receivedBy,MAIL8QX2R5LJ receivedBy michael@cs.stanford.edu,MAIL8QX2R5LJ
e887,eid1,receivedBy,MAIL8QX2R5LJ receivedBy scholar.sunita@iacs.res.in,MAIL8QX2R5LJ
e888,eid5,receivedBy,MAIL62VJZD1M receivedBy ananya.chatterjee@cs.ox.ac.uk,MAIL62VJZD1M
e888,eid2,receivedBy,MAIL62VJZD1M receivedBy ramesh.bhatia@iacs.res.in,MAIL62VJZD1M
e888,eid3,receivedBy,MAIL62VJZD1M receivedBy michael@cs.stanford.edu,MAIL62VJZD1M
e889,eid1,receivedBy,MAILF123TJQM receivedBy scholar.sunita@iacs.res.in,MAILF123TJQM
e889,eid5,receivedBy,MAILF123TJQM receivedBy ananya.chatterjee@cs.ox.ac.uk,MAILF123TJQM
e889,eid2,receivedBy,MAILF123TJQM receivedBy ramesh.bhatia@iacs.res.in,MAILF123TJQM
e890,eid3,receivedBy,MAILZP5D6XTK receivedBy michael@cs.stanford.edu,MAILZP5D6XTK
e890,eid5,receivedBy,MAILZP5D6XTK receivedBy ananya.chatterjee@cs.ox.ac.uk,MAILZP5D6XTK
e890,eid2,receivedBy,MAILZP5D6XTK receivedBy ramesh.bhatia@iacs.res.in,MAILZP5D6XTK
e891,eid1,receivedBy,MAILD7ZK29PU receivedBy scholar.sunita@iacs.res.in,MAILD7ZK29PU
e891,eid3,receivedBy,MAILD7ZK29PU receivedBy michael@cs.stanford.edu,MAILD7ZK29PU
e891,eid2,receivedBy,MAILD7ZK29PU receivedBy ramesh.bhatia@iacs.res.in,MAILD7ZK29PU
e892,eid5,receivedBy,MAIL2F7JNKQ1 receivedBy ananya.chatterjee@cs.ox.ac.uk,MAIL2F7JNKQ1
e892,eid1,receivedBy,MAIL2F7JNKQ1 receivedBy scholar.sunita@iacs.res.in,MAIL2F7JNKQ1
e892,eid3,receivedBy,MAIL2F7JNKQ1 receivedBy michael@cs.stanford.edu,MAIL2F7JNKQ1
e893,eid5,receivedBy,MAILK31XPZJ9 receivedBy ananya.chatterjee@cs.ox.ac.uk,MAILK31XPZJ9
e893,eid2,receivedBy,MAILK31XPZJ9 receivedBy ramesh.bhatia@iacs.res.in,MAILK31XPZJ9
e893,eid1,receivedBy,MAILK31XPZJ9 receivedBy scholar.sunita@iacs.res.in,MAILK31XPZJ9
e894,eid1,receivedBy,MAIL4X7ZG5JQ receivedBy scholar.sunita@iacs.res.in,MAIL4X7ZG5JQ
e894,eid2,receivedBy,MAIL4X7ZG5JQ receivedBy ramesh.bhatia@iacs.res.in,MAIL4X7ZG5JQ
e894,eid3,receivedBy,MAIL4X7ZG5JQ receivedBy michael@cs.stanford.edu,MAIL4X7ZG5JQ
e895,eid1,receivedBy,MAILE8J72XRC receivedBy scholar.sunita@iacs.res.in,MAILE8J72XRC
e895,eid2,receivedBy,MAILE8J72XRC receivedBy ramesh.bhatia@iacs.res.in,MAILE8J72XRC
e895,eid3,receivedBy,MAILE8J72XRC receivedBy michael@cs.stanford.edu,MAILE8J72XRC
e896,eid5,receivedBy,MAILTX57UJKS receivedBy ananya.chatterjee@cs.ox.ac.uk,MAILTX57UJKS
e896,eid1,receivedBy,MAILTX57UJKS receivedBy scholar.sunita@iacs.res.in,MAILTX57UJKS
e896,eid2,receivedBy,MAILTX57UJKS receivedBy ramesh.bhatia@iacs.res.in,MAILTX57UJKS
e896,eid3,receivedBy,MAILTX57UJKS receivedBy michael@cs.stanford.edu,MAILTX57UJKS
e897,eid5,receivedBy,MAILMWL5R81J receivedBy ananya.chatterjee@cs.ox.ac.uk,MAILMWL5R81J
e897,eid1,receivedBy,MAILMWL5R81J receivedBy scholar.sunita@iacs.res.in,MAILMWL5R81J
e897,eid2,receivedBy,MAILMWL5R81J receivedBy ramesh.bhatia@iacs.res.in,MAILMWL5R81J
e897,eid3,receivedBy,MAILMWL5R81J receivedBy michael@cs.stanford.edu,MAILMWL5R81J
e898,eid1,receivedBy,MAILQA9L2DCR receivedBy scholar.sunita@iacs.res.in,MAILQA9L2DCR
e898,eid2,receivedBy,MAILQA9L2DCR receivedBy ramesh.bhatia@iacs.res.in,MAILQA9L2DCR
e898,eid3,receivedBy,MAILQA9L2DCR receivedBy michael@cs.stanford.edu,MAILQA9L2DCR
e899,eid5,receivedBy,MAIL7Z6LCTYX receivedBy ananya.chatterjee@cs.ox.ac.uk,MAIL7Z6LCTYX
e899,eid2,receivedBy,MAIL7Z6LCTYX receivedBy ramesh.bhatia@iacs.res.in,MAIL7Z6LCTYX
e899,eid3,receivedBy,MAIL7Z6LCTYX receivedBy michael@cs.stanford.edu,MAIL7Z6LCTYX
e900,eid1,receivedBy,MAIL4FJ7RC8G receivedBy scholar.sunita@iacs.res.in,MAIL4FJ7RC8G
e900,eid5,receivedBy,MAIL4FJ7RC8G receivedBy ananya.chatterjee@cs.ox.ac.uk,MAIL4FJ7RC8G
e900,eid2,receivedBy,MAIL4FJ7RC8G receivedBy ramesh.bhatia@iacs.res.in,MAIL4FJ7RC8G
e901,eid5,receivedBy,MAILA5B3KZJH receivedBy ananya.chatterjee@cs.ox.ac.uk,MAILA5B3KZJH
e901,eid1,receivedBy,MAILA5B3KZJH receivedBy scholar.sunita@iacs.res.in,MAILA5B3KZJH
e901,eid3,receivedBy,MAILA5B3KZJH receivedBy michael@cs.stanford.edu,MAILA5B3KZJH
e902,eid1,receivedBy,MAIL29NVZQSM receivedBy scholar.sunita@iacs.res.in,MAIL29NVZQSM
e902,eid2,receivedBy,MAIL29NVZQSM receivedBy ramesh.bhatia@iacs.res.in,MAIL29NVZQSM
e902,eid3,receivedBy,MAIL29NVZQSM receivedBy michael@cs.stanford.edu,MAIL29NVZQSM
e903,eid5,receivedBy,MAILEJ8R2L0O receivedBy ananya.chatterjee@cs.ox.ac.uk,MAILEJ8R2L0O
e903,eid2,receivedBy,MAILEJ8R2L0O receivedBy ramesh.bhatia@iacs.res.in,MAILEJ8R2L0O
e903,eid3,receivedBy,MAILEJ8R2L0O receivedBy michael@cs.stanford.edu,MAILEJ8R2L0O
e904,eid1,receivedBy,MAIL2Z9N6DYP receivedBy scholar.sunita@iacs.res.in,MAIL2Z9N6DYP
e904,eid2,receivedBy,MAIL2Z9N6DYP receivedBy ramesh.bhatia@iacs.res.in,MAIL2Z9N6DYP
e904,eid3,receivedBy,MAIL2Z9N6DYP receivedBy michael@cs.stanford.edu,MAIL2Z9N6DYP
e905,eid5,receivedBy,MAILU7V4L2NP receivedBy ananya.chatterjee@cs.ox.ac.uk,MAILU7V4L2NP
e905,eid1,receivedBy,MAILU7V4L2NP receivedBy scholar.sunita@iacs.res.in,MAILU7V4L2NP
e905,eid3,receivedBy,MAILU7V4L2NP receivedBy michael@cs.stanford.edu,MAILU7V4L2NP
e906,eid2,receivedBy,MAILY3SNV6RP receivedBy ramesh.bhatia@iacs.res.in,MAILY3SNV6RP
e906,eid5,receivedBy,MAILY3SNV6RP receivedBy ananya.chatterjee@cs.ox.ac.uk,MAILY3SNV6RP
e906,eid1,receivedBy,MAILY3SNV6RP receivedBy scholar.sunita@iacs.res.in,MAILY3SNV6RP
e907,eid3,receivedBy,MAILX4C2JKL5 receivedBy michael@cs.stanford.edu,MAILX4C2JKL5
e907,eid2,receivedBy,MAILX4C2JKL5 receivedBy ramesh.bhatia@iacs.res.in,MAILX4C2JKL5
e907,eid5,receivedBy,MAILX4C2JKL5 receivedBy ananya.chatterjee@cs.ox.ac.uk,MAILX4C2JKL5
e908,eid1,receivedBy,MAILEX5V7NDQ receivedBy scholar.sunita@iacs.res.in,MAILEX5V7NDQ
e908,eid3,receivedBy,MAILEX5V7NDQ receivedBy michael@cs.stanford.edu,MAILEX5V7NDQ
e908,eid2,receivedBy,MAILEX5V7NDQ receivedBy ramesh.bhatia@iacs.res.in,MAILEX5V7NDQ
e909,eid5,receivedBy,MAIL1X92FCL8 receivedBy ananya.chatterjee@cs.ox.ac.uk,MAIL1X92FCL8
e909,eid1,receivedBy,MAIL1X92FCL8 receivedBy scholar.sunita@iacs.res.in,MAIL1X92FCL8
e909,eid3,receivedBy,MAIL1X92FCL8 receivedBy michael@cs.stanford.edu,MAIL1X92FCL8
e910,eid1,receivedBy,MAIL4T8N2RSA receivedBy scholar.sunita@iacs.res.in,MAIL4T8N2RSA
e910,eid5,receivedBy,MAIL4T8N2RSA receivedBy ananya.chatterjee@cs.ox.ac.uk,MAIL4T8N2RSA
e910,eid2,receivedBy,MAIL4T8N2RSA receivedBy ramesh.bhatia@iacs.res.in,MAIL4T8N2RSA
e911,eid3,receivedBy,MAILG3F9H2L7 receivedBy michael@cs.stanford.edu,MAILG3F9H2L7
e911,eid5,receivedBy,MAILG3F9H2L7 receivedBy ananya.chatterjee@cs.ox.ac.uk,MAILG3F9H2L7
e911,eid2,receivedBy,MAILG3F9H2L7 receivedBy ramesh.bhatia@iacs.res.in,MAILG3F9H2L7
e912,eid1,receivedBy,MAIL3H2XPQWL receivedBy scholar.sunita@iacs.res.in,MAIL3H2XPQWL
e912,eid2,receivedBy,MAIL3H2XPQWL receivedBy ramesh.bhatia@iacs.res.in,MAIL3H2XPQWL
e912,eid3,receivedBy,MAIL3H2XPQWL receivedBy michael@cs.stanford.edu,MAIL3H2XPQWL
e913,eid5,receivedBy,MAILH9T7SZKD receivedBy ananya.chatterjee@cs.ox.ac.uk,MAILH9T7SZKD
e913,eid1,receivedBy,MAILH9T7SZKD receivedBy scholar.sunita@iacs.res.in,MAILH9T7SZKD
e913,eid3,receivedBy,MAILH9T7SZKD receivedBy michael@cs.stanford.edu,MAILH9T7SZKD
e914,eid1,receivedBy,MAILE8X2JAG4 receivedBy scholar.sunita@iacs.res.in,MAILE8X2JAG4
e914,eid5,receivedBy,MAILE8X2JAG4 receivedBy ananya.chatterjee@cs.ox.ac.uk,MAILE8X2JAG4
e914,eid2,receivedBy,MAILE8X2JAG4 receivedBy ramesh.bhatia@iacs.res.in,MAILE8X2JAG4
e915,eid3,receivedBy,MAILW37HSL9P receivedBy michael@cs.stanford.edu,MAILW37HSL9P
e915,eid5,receivedBy,MAILW37HSL9P receivedBy ananya.chatterjee@cs.ox.ac.uk,MAILW37HSL9P
e915,eid2,receivedBy,MAILW37HSL9P receivedBy ramesh.bhatia@iacs.res.in,MAILW37HSL9P
e916,eid1,receivedBy,MAILF9V8KM32 receivedBy scholar.sunita@iacs.res.in,MAILF9V8KM32
e916,eid5,receivedBy,MAILF9V8KM32 receivedBy ananya.chatterjee@cs.ox.ac.uk,MAILF9V8KM32
e916,eid2,receivedBy,MAILF9V8KM32 receivedBy ramesh.bhatia@iacs.res.in,MAILF9V8KM32
e917,eid3,receivedBy,MAIL9JQZ2M8K receivedBy michael@cs.stanford.edu,MAIL9JQZ2M8K
e917,eid1,receivedBy,MAIL9JQZ2M8K receivedBy scholar.sunita@iacs.res.in,MAIL9JQZ2M8K
e917,eid2,receivedBy,MAIL9JQZ2M8K receivedBy ramesh.bhatia@iacs.res.in,MAIL9JQZ2M8K
e918,eid5,receivedBy,MAILA4YK9N6M receivedBy ananya.chatterjee@cs.ox.ac.uk,MAILA4YK9N6M
e918,eid3,receivedBy,MAILA4YK9N6M receivedBy michael@cs.stanford.edu,MAILA4YK9N6M
e918,eid1,receivedBy,MAILA4YK9N6M receivedBy scholar.sunita@iacs.res.in,MAILA4YK9N6M
e919,eid2,receivedBy,MAILD89K7XY2 receivedBy ramesh.bhatia@iacs.res.in,MAILD89K7XY2
e919,eid3,receivedBy,MAILD89K7XY2 receivedBy michael@cs.stanford.edu,MAILD89K7XY2
e919,eid5,receivedBy,MAILD89K7XY2 receivedBy ananya.chatterjee@cs.ox.ac.uk,MAILD89K7XY2
e920,eid1,receivedBy,MAILN71P8SZM receivedBy scholar.sunita@iacs.res.in,MAILN71P8SZM
e920,eid5,receivedBy,MAILN71P8SZM receivedBy ananya.chatterjee@cs.ox.ac.uk,MAILN71P8SZM
e920,eid2,receivedBy,MAILN71P8SZM receivedBy ramesh.bhatia@iacs.res.in,MAILN71P8SZM
e921,eid3,receivedBy,MAILY83K7PQJ receivedBy michael@cs.stanford.edu,MAILY83K7PQJ
e921,eid1,receivedBy,MAILY83K7PQJ receivedBy scholar.sunita@iacs.res.in,MAILY83K7PQJ
e921,eid2,receivedBy,MAILY83K7PQJ receivedBy ramesh.bhatia@iacs.res.in,MAILY83K7PQJ
e922,eid5,receivedBy,MAILU8S6JV3L receivedBy ananya.chatterjee@cs.ox.ac.uk,MAILU8S6JV3L
e922,eid3,receivedBy,MAILU8S6JV3L receivedBy michael@cs.stanford.edu,MAILU8S6JV3L
e922,eid1,receivedBy,MAILU8S6JV3L receivedBy scholar.sunita@iacs.res.in,MAILU8S6JV3L
e923,eid3,receivedBy,MAILJ6Q3E1YZ receivedBy michael@cs.stanford.edu,MAILJ6Q3E1YZ
e923,eid5,receivedBy,MAILJ6Q3E1YZ receivedBy ananya.chatterjee@cs.ox.ac.uk,MAILJ6Q3E1YZ
e923,eid2,receivedBy,MAILJ6Q3E1YZ receivedBy ramesh.bhatia@iacs.res.in,MAILJ6Q3E1YZ
e924,eid1,receivedBy,MAILW5R3X2GH receivedBy scholar.sunita@iacs.res.in,MAILW5R3X2GH
e924,eid3,receivedBy,MAILW5R3X2GH receivedBy michael@cs.stanford.edu,MAILW5R3X2GH
e924,eid2,receivedBy,MAILW5R3X2GH receivedBy ramesh.bhatia@iacs.res.in,MAILW5R3X2GH
e925,eid5,receivedBy,MAIL9DS4K1QM receivedBy ananya.chatterjee@cs.ox.ac.uk,MAIL9DS4K1QM
e925,eid1,receivedBy,MAIL9DS4K1QM receivedBy scholar.sunita@iacs.res.in,MAIL9DS4K1QM
e925,eid2,receivedBy,MAIL9DS4K1QM receivedBy ramesh.bhatia@iacs.res.in,MAIL9DS4K1QM
e926,eid5,receivedBy,MAIL3JX7T2SA receivedBy ananya.chatterjee@cs.ox.ac.uk,MAIL3JX7T2SA
e926,eid3,receivedBy,MAIL3JX7T2SA receivedBy michael@cs.stanford.edu,MAIL3JX7T2SA
e926,eid2,receivedBy,MAIL3JX7T2SA receivedBy ramesh.bhatia@iacs.res.in,MAIL3JX7T2SA
e927,eid1,receivedBy,MAIL7RZ6PWQD receivedBy scholar.sunita@iacs.res.in,MAIL7RZ6PWQD
e927,eid5,receivedBy,MAIL7RZ6PWQD receivedBy ananya.chatterjee@cs.ox.ac.uk,MAIL7RZ6PWQD
e927,eid3,receivedBy,MAIL7RZ6PWQD receivedBy michael@cs.stanford.edu,MAIL7RZ6PWQD
e928,eid1,receivedBy,MAILT8E1U6PX receivedBy scholar.sunita@iacs.res.in,MAILT8E1U6PX
e928,eid2,receivedBy,MAILT8E1U6PX receivedBy ramesh.bhatia@iacs.res.in,MAILT8E1U6PX
e928,eid5,receivedBy,MAILT8E1U6PX receivedBy ananya.chatterjee@cs.ox.ac.uk,MAILT8E1U6PX
e929,eid3,receivedBy,MAIL4LD7VT9X receivedBy michael@cs.stanford.edu,MAIL4LD7VT9X
e929,eid1,receivedBy,MAIL4LD7VT9X receivedBy scholar.sunita@iacs.res.in,MAIL4LD7VT9X
e929,eid2,receivedBy,MAIL4LD7VT9X receivedBy ramesh.bhatia@iacs.res.in,MAIL4LD7VT9X
e930,eid3,receivedBy,MAIL3XK4YD7P receivedBy michael@cs.stanford.edu,MAIL3XK4YD7P
e930,eid5,receivedBy,MAIL3XK4YD7P receivedBy ananya.chatterjee@cs.ox.ac.uk,MAIL3XK4YD7P
e930,eid2,receivedBy,MAIL3XK4YD7P receivedBy ramesh.bhatia@iacs.res.in,MAIL3XK4YD7P
e931,eid1,receivedBy,MAILE1V9B4WF receivedBy scholar.sunita@iacs.res.in,MAILE1V9B4WF
e931,eid5,receivedBy,MAILE1V9B4WF receivedBy ananya.chatterjee@cs.ox.ac.uk,MAILE1V9B4WF
e931,eid2,receivedBy,MAILE1V9B4WF receivedBy ramesh.bhatia@iacs.res.in,MAILE1V9B4WF
e932,eid3,receivedBy,MAILG2Q9PW7M receivedBy michael@cs.stanford.edu,MAILG2Q9PW7M
e932,eid5,receivedBy,MAILG2Q9PW7M receivedBy ananya.chatterjee@cs.ox.ac.uk,MAILG2Q9PW7M
e932,eid2,receivedBy,MAILG2Q9PW7M receivedBy ramesh.bhatia@iacs.res.in,MAILG2Q9PW7M
e933,eid1,receivedBy,MAILT3ZN2GFM receivedBy scholar.sunita@iacs.res.in,MAILT3ZN2GFM
e933,eid3,receivedBy,MAILT3ZN2GFM receivedBy michael@cs.stanford.edu,MAILT3ZN2GFM
e933,eid5,receivedBy,MAILT3ZN2GFM receivedBy ananya.chatterjee@cs.ox.ac.uk,MAILT3ZN2GFM
e933,eid2,receivedBy,MAILT3ZN2GFM receivedBy ramesh.bhatia@iacs.res.in,MAILT3ZN2GFM
e934,eid1,receivedBy,MAIL7QBL1U2Z receivedBy scholar.sunita@iacs.res.in,MAIL7QBL1U2Z
e934,eid3,receivedBy,MAIL7QBL1U2Z receivedBy michael@cs.stanford.edu,MAIL7QBL1U2Z
e934,eid5,receivedBy,MAIL7QBL1U2Z receivedBy ananya.chatterjee@cs.ox.ac.uk,MAIL7QBL1U2Z
e934,eid2,receivedBy,MAIL7QBL1U2Z receivedBy ramesh.bhatia@iacs.res.in,MAIL7QBL1U2Z
e935,eid1,receivedBy,MAIL4MNF1G7P receivedBy scholar.sunita@iacs.res.in,MAIL4MNF1G7P
e935,eid3,receivedBy,MAIL4MNF1G7P receivedBy michael@cs.stanford.edu,MAIL4MNF1G7P
e935,eid2,receivedBy,MAIL4MNF1G7P receivedBy ramesh.bhatia@iacs.res.in,MAIL4MNF1G7P
e936,eid5,receivedBy,MAILU59T2GKL receivedBy ananya.chatterjee@cs.ox.ac.uk,MAILU59T2GKL
e936,eid1,receivedBy,MAILU59T2GKL receivedBy scholar.sunita@iacs.res.in,MAILU59T2GKL
e936,eid2,receivedBy,MAILU59T2GKL receivedBy ramesh.bhatia@iacs.res.in,MAILU59T2GKL
e937,eid5,receivedBy,MAILN19PG59M receivedBy ananya.chatterjee@cs.ox.ac.uk,MAILN19PG59M
e937,eid1,receivedBy,MAILN19PG59M receivedBy scholar.sunita@iacs.res.in,MAILN19PG59M
e937,eid3,receivedBy,MAILN19PG59M receivedBy michael@cs.stanford.edu,MAILN19PG59M
e938,eid5,receivedBy,MAILA94TJ7NU receivedBy ananya.chatterjee@cs.ox.ac.uk,MAILA94TJ7NU
e938,eid3,receivedBy,MAILA94TJ7NU receivedBy michael@cs.stanford.edu,MAILA94TJ7NU
e938,eid2,receivedBy,MAILA94TJ7NU receivedBy ramesh.bhatia@iacs.res.in,MAILA94TJ7NU
e939,eid1,receivedBy,MAIL03VUWEN4 receivedBy scholar.sunita@iacs.res.in,MAIL03VUWEN4
e939,eid3,receivedBy,MAIL03VUWEN4 receivedBy michael@cs.stanford.edu,MAIL03VUWEN4
e939,eid2,receivedBy,MAIL03VUWEN4 receivedBy ramesh.bhatia@iacs.res.in,MAIL03VUWEN4
e940,eid1,receivedBy,MAILE7LKQC41 receivedBy scholar.sunita@iacs.res.in,MAILE7LKQC41
e940,eid5,receivedBy,MAILE7LKQC41 receivedBy ananya.chatterjee@cs.ox.ac.uk,MAILE7LKQC41
e940,eid2,receivedBy,MAILE7LKQC41 receivedBy ramesh.bhatia@iacs.res.in,MAILE7LKQC41
e941,eid5,receivedBy,MAILD5ULQ76E receivedBy ananya.chatterjee@cs.ox.ac.uk,MAILD5ULQ76E
e941,eid3,receivedBy,MAILD5ULQ76E receivedBy michael@cs.stanford.edu,MAILD5ULQ76E
e941,eid2,receivedBy,MAILD5ULQ76E receivedBy ramesh.bhatia@iacs.res.in,MAILD5ULQ76E
e942,eid1,receivedBy,MAILA6V1DT3X receivedBy scholar.sunita@iacs.res.in,MAILA6V1DT3X
e942,eid5,receivedBy,MAILA6V1DT3X receivedBy ananya.chatterjee@cs.ox.ac.uk,MAILA6V1DT3X
e942,eid3,receivedBy,MAILA6V1DT3X receivedBy michael@cs.stanford.edu,MAILA6V1DT3X
e943,eid2,receivedBy,MAILCJ4L6TV2 receivedBy ramesh.bhatia@iacs.res.in,MAILCJ4L6TV2
e943,eid1,receivedBy,MAILCJ4L6TV2 receivedBy scholar.sunita@iacs.res.in,MAILCJ4L6TV2
e943,eid3,receivedBy,MAILCJ4L6TV2 receivedBy michael@cs.stanford.edu,MAILCJ4L6TV2
e944,eid5,receivedBy,MAILZ8XRV31W receivedBy ananya.chatterjee@cs.ox.ac.uk,MAILZ8XRV31W
e944,eid2,receivedBy,MAILZ8XRV31W receivedBy ramesh.bhatia@iacs.res.in,MAILZ8XRV31W
e944,eid1,receivedBy,MAILZ8XRV31W receivedBy scholar.sunita@iacs.res.in,MAILZ8XRV31W
e945,eid5,receivedBy,MAILL2QG8M5V receivedBy ananya.chatterjee@cs.ox.ac.uk,MAILL2QG8M5V
e945,eid3,receivedBy,MAILL2QG8M5V receivedBy michael@cs.stanford.edu,MAILL2QG8M5V
e945,eid1,receivedBy,MAILL2QG8M5V receivedBy scholar.sunita@iacs.res.in,MAILL2QG8M5V
e946,eid2,receivedBy,MAILW4NFVZ7B receivedBy ramesh.bhatia@iacs.res.in,MAILW4NFVZ7B
e946,eid5,receivedBy,MAILW4NFVZ7B receivedBy ananya.chatterjee@cs.ox.ac.uk,MAILW4NFVZ7B
e946,eid3,receivedBy,MAILW4NFVZ7B receivedBy michael@cs.stanford.edu,MAILW4NFVZ7B
e947,eid1,receivedBy,MAILQ7H2PLVK receivedBy scholar.sunita@iacs.res.in,MAILQ7H2PLVK
e947,eid2,receivedBy,MAILQ7H2PLVK receivedBy ramesh.bhatia@iacs.res.in,MAILQ7H2PLVK
e947,eid3,receivedBy,MAILQ7H2PLVK receivedBy michael@cs.stanford.edu,MAILQ7H2PLVK
e948,eid5,receivedBy,MAILV2M5CZL3 receivedBy ananya.chatterjee@cs.ox.ac.uk,MAILV2M5CZL3
e948,eid2,receivedBy,MAILV2M5CZL3 receivedBy ramesh.bhatia@iacs.res.in,MAILV2M5CZL3
e948,eid3,receivedBy,MAILV2M5CZL3 receivedBy michael@cs.stanford.edu,MAILV2M5CZL3
e949,eid1,receivedBy,MAIL19HFSELQ receivedBy scholar.sunita@iacs.res.in,MAIL19HFSELQ
e949,eid5,receivedBy,MAIL19HFSELQ receivedBy ananya.chatterjee@cs.ox.ac.uk,MAIL19HFSELQ
e949,eid2,receivedBy,MAIL19HFSELQ receivedBy ramesh.bhatia@iacs.res.in,MAIL19HFSELQ
e950,eid3,receivedBy,MAIL01ZB5KXT receivedBy michael@cs.stanford.edu,MAIL01ZB5KXT
e950,eid1,receivedBy,MAIL01ZB5KXT receivedBy scholar.sunita@iacs.res.in,MAIL01ZB5KXT
e950,eid5,receivedBy,MAIL01ZB5KXT receivedBy ananya.chatterjee@cs.ox.ac.uk,MAIL01ZB5KXT
e951,eid3,receivedBy,MAILF8G1ZR25 receivedBy michael@cs.stanford.edu,MAILF8G1ZR25
e951,eid1,receivedBy,MAILF8G1ZR25 receivedBy scholar.sunita@iacs.res.in,MAILF8G1ZR25
e951,eid5,receivedBy,MAILF8G1ZR25 receivedBy ananya.chatterjee@cs.ox.ac.uk,MAILF8G1ZR25
e952,eid2,receivedBy,MAIL82VCW3QZ receivedBy ramesh.bhatia@iacs.res.in,MAIL82VCW3QZ
e952,eid1,receivedBy,MAIL82VCW3QZ receivedBy scholar.sunita@iacs.res.in,MAIL82VCW3QZ
e952,eid3,receivedBy,MAIL82VCW3QZ receivedBy michael@cs.stanford.edu,MAIL82VCW3QZ
e952,eid5,receivedBy,MAIL82VCW3QZ receivedBy ananya.chatterjee@cs.ox.ac.uk,MAIL82VCW3QZ
e953,eid2,receivedBy,MAILD72V98QL receivedBy ramesh.bhatia@iacs.res.in,MAILD72V98QL
e953,eid1,receivedBy,MAILD72V98QL receivedBy scholar.sunita@iacs.res.in,MAILD72V98QL
e953,eid3,receivedBy,MAILD72V98QL receivedBy michael@cs.stanford.edu,MAILD72V98QL
e953,eid5,receivedBy,MAILD72V98QL receivedBy ananya.chatterjee@cs.ox.ac.uk,MAILD72V98QL
e954,eid2,receivedBy,MAILE7FGQK51 receivedBy ramesh.bhatia@iacs.res.in,MAILE7FGQK51
e954,eid5,receivedBy,MAILE7FGQK51 receivedBy ananya.chatterjee@cs.ox.ac.uk,MAILE7FGQK51
e954,eid3,receivedBy,MAILE7FGQK51 receivedBy michael@cs.stanford.edu,MAILE7FGQK51
e955,eid1,receivedBy,MAILQ7BV4P3K receivedBy scholar.sunita@iacs.res.in,MAILQ7BV4P3K
e955,eid2,receivedBy,MAILQ7BV4P3K receivedBy ramesh.bhatia@iacs.res.in,MAILQ7BV4P3K
e955,eid5,receivedBy,MAILQ7BV4P3K receivedBy ananya.chatterjee@cs.ox.ac.uk,MAILQ7BV4P3K
e956,eid1,receivedBy,MAILDL87T4BF receivedBy scholar.sunita@iacs.res.in,MAILDL87T4BF
e956,eid2,receivedBy,MAILDL87T4BF receivedBy ramesh.bhatia@iacs.res.in,MAILDL87T4BF
e956,eid3,receivedBy,MAILDL87T4BF receivedBy michael@cs.stanford.edu,MAILDL87T4BF
e957,eid1,receivedBy,MAIL9F5B72RV receivedBy scholar.sunita@iacs.res.in,MAIL9F5B72RV
e957,eid3,receivedBy,MAIL9F5B72RV receivedBy michael@cs.stanford.edu,MAIL9F5B72RV
e957,eid5,receivedBy,MAIL9F5B72RV receivedBy ananya.chatterjee@cs.ox.ac.uk,MAIL9F5B72RV
e958,eid2,receivedBy,MAILQ29JMV7Y receivedBy ramesh.bhatia@iacs.res.in,MAILQ29JMV7Y
e958,eid3,receivedBy,MAILQ29JMV7Y receivedBy michael@cs.stanford.edu,MAILQ29JMV7Y
e958,eid5,receivedBy,MAILQ29JMV7Y receivedBy ananya.chatterjee@cs.ox.ac.uk,MAILQ29JMV7Y
e959,eid1,receivedBy,MAIL5VC3WL07 receivedBy scholar.sunita@iacs.res.in,MAIL5VC3WL07
e959,eid2,receivedBy,MAIL5VC3WL07 receivedBy ramesh.bhatia@iacs.res.in,MAIL5VC3WL07
e959,eid5,receivedBy,MAIL5VC3WL07 receivedBy ananya.chatterjee@cs.ox.ac.uk,MAIL5VC3WL07
e960,eid1,receivedBy,MAIL4YX29MKV receivedBy scholar.sunita@iacs.res.in,MAIL4YX29MKV
e960,eid2,receivedBy,MAIL4YX29MKV receivedBy ramesh.bhatia@iacs.res.in,MAIL4YX29MKV
e960,eid3,receivedBy,MAIL4YX29MKV receivedBy michael@cs.stanford.edu,MAIL4YX29MKV
e961,eid5,receivedBy,MAILJ8Q5MLR2 receivedBy ananya.chatterjee@cs.ox.ac.uk,MAILJ8Q5MLR2
e961,eid1,receivedBy,MAILJ8Q5MLR2 receivedBy scholar.sunita@iacs.res.in,MAILJ8Q5MLR2
e961,eid3,receivedBy,MAILJ8Q5MLR2 receivedBy michael@cs.stanford.edu,MAILJ8Q5MLR2
e962,eid2,receivedBy,MAILA9X6VJ3M receivedBy ramesh.bhatia@iacs.res.in,MAILA9X6VJ3M
e962,eid5,receivedBy,MAILA9X6VJ3M receivedBy ananya.chatterjee@cs.ox.ac.uk,MAILA9X6VJ3M
e962,eid3,receivedBy,MAILA9X6VJ3M receivedBy michael@cs.stanford.edu,MAILA9X6VJ3M
e963,eid1,receivedBy,MAILV7PSF4X9 receivedBy scholar.sunita@iacs.res.in,MAILV7PSF4X9
e963,eid2,receivedBy,MAILV7PSF4X9 receivedBy ramesh.bhatia@iacs.res.in,MAILV7PSF4X9
e963,eid5,receivedBy,MAILV7PSF4X9 receivedBy ananya.chatterjee@cs.ox.ac.uk,MAILV7PSF4X9
e964,eid1,receivedBy,MAIL58Y6QKZ1 receivedBy scholar.sunita@iacs.res.in,MAIL58Y6QKZ1
e964,eid2,receivedBy,MAIL58Y6QKZ1 receivedBy ramesh.bhatia@iacs.res.in,MAIL58Y6QKZ1
e964,eid3,receivedBy,MAIL58Y6QKZ1 receivedBy michael@cs.stanford.edu,MAIL58Y6QKZ1
e965,eid2,receivedBy,MAILRF2KDS3Q receivedBy ramesh.bhatia@iacs.res.in,MAILRF2KDS3Q
e965,eid3,receivedBy,MAILRF2KDS3Q receivedBy michael@cs.stanford.edu,MAILRF2KDS3Q
e965,eid5,receivedBy,MAILRF2KDS3Q receivedBy ananya.chatterjee@cs.ox.ac.uk,MAILRF2KDS3Q
e966,eid1,receivedBy,MAILT4SDM98Q receivedBy scholar.sunita@iacs.res.in,MAILT4SDM98Q
e966,eid2,receivedBy,MAILT4SDM98Q receivedBy ramesh.bhatia@iacs.res.in,MAILT4SDM98Q
e966,eid5,receivedBy,MAILT4SDM98Q receivedBy ananya.chatterjee@cs.ox.ac.uk,MAILT4SDM98Q
e967,eid1,receivedBy,MAIL4PGU1BMC receivedBy scholar.sunita@iacs.res.in,MAIL4PGU1BMC
e967,eid5,receivedBy,MAIL4PGU1BMC receivedBy ananya.chatterjee@cs.ox.ac.uk,MAIL4PGU1BMC
e967,eid3,receivedBy,MAIL4PGU1BMC receivedBy michael@cs.stanford.edu,MAIL4PGU1BMC
e968,eid1,receivedBy,MAIL6VZNM37Q receivedBy scholar.sunita@iacs.res.in,MAIL6VZNM37Q
e968,eid2,receivedBy,MAIL6VZNM37Q receivedBy ramesh.bhatia@iacs.res.in,MAIL6VZNM37Q
e968,eid3,receivedBy,MAIL6VZNM37Q receivedBy michael@cs.stanford.edu,MAIL6VZNM37Q
e969,eid5,receivedBy,MAILOK92LX8Z receivedBy ananya.chatterjee@cs.ox.ac.uk,MAILOK92LX8Z
e969,eid2,receivedBy,MAILOK92LX8Z receivedBy ramesh.bhatia@iacs.res.in,MAILOK92LX8Z
e969,eid3,receivedBy,MAILOK92LX8Z receivedBy michael@cs.stanford.edu,MAILOK92LX8Z
e970,eid1,receivedBy,MAILQ8BZ7LT5 receivedBy scholar.sunita@iacs.res.in,MAILQ8BZ7LT5
e970,eid5,receivedBy,MAILQ8BZ7LT5 receivedBy ananya.chatterjee@cs.ox.ac.uk,MAILQ8BZ7LT5
e970,eid3,receivedBy,MAILQ8BZ7LT5 receivedBy michael@cs.stanford.edu,MAILQ8BZ7LT5
e971,eid2,receivedBy,MAILTG81JX2A receivedBy ramesh.bhatia@iacs.res.in,MAILTG81JX2A
e971,eid5,receivedBy,MAILTG81JX2A receivedBy ananya.chatterjee@cs.ox.ac.uk,MAILTG81JX2A
e971,eid3,receivedBy,MAILTG81JX2A receivedBy michael@cs.stanford.edu,MAILTG81JX2A
e972,eid1,receivedBy,MAIL18ZN4HJV receivedBy scholar.sunita@iacs.res.in,MAIL18ZN4HJV
e972,eid2,receivedBy,MAIL18ZN4HJV receivedBy ramesh.bhatia@iacs.res.in,MAIL18ZN4HJV
e972,eid5,receivedBy,MAIL18ZN4HJV receivedBy ananya.chatterjee@cs.ox.ac.uk,MAIL18ZN4HJV
e972,eid3,receivedBy,MAIL18ZN4HJV receivedBy michael@cs.stanford.edu,MAIL18ZN4HJV
e973,eid1,receivedBy,MAILE8GV1TYL receivedBy scholar.sunita@iacs.res.in,MAILE8GV1TYL
e973,eid2,receivedBy,MAILE8GV1TYL receivedBy ramesh.bhatia@iacs.res.in,MAILE8GV1TYL
e973,eid5,receivedBy,MAILE8GV1TYL receivedBy ananya.chatterjee@cs.ox.ac.uk,MAILE8GV1TYL
e973,eid3,receivedBy,MAILE8GV1TYL receivedBy michael@cs.stanford.edu,MAILE8GV1TYL
e974,eid2,receivedBy,MAILLWZY5QPF receivedBy ramesh.bhatia@iacs.res.in,MAILLWZY5QPF
e974,eid5,receivedBy,MAILLWZY5QPF receivedBy ananya.chatterjee@cs.ox.ac.uk,MAILLWZY5QPF
e974,eid3,receivedBy,MAILLWZY5QPF receivedBy michael@cs.stanford.edu,MAILLWZY5QPF
e975,eid1,receivedBy,MAILLS8J07PK receivedBy scholar.sunita@iacs.res.in,MAILLS8J07PK
e975,eid2,receivedBy,MAILLS8J07PK receivedBy ramesh.bhatia@iacs.res.in,MAILLS8J07PK
e975,eid3,receivedBy,MAILLS8J07PK receivedBy michael@cs.stanford.edu,MAILLS8J07PK
e976,eid5,receivedBy,MAILN4H2KQWX receivedBy ananya.chatterjee@cs.ox.ac.uk,MAILN4H2KQWX
e976,eid1,receivedBy,MAILN4H2KQWX receivedBy scholar.sunita@iacs.res.in,MAILN4H2KQWX
e976,eid2,receivedBy,MAILN4H2KQWX receivedBy ramesh.bhatia@iacs.res.in,MAILN4H2KQWX
e977,eid1,receivedBy,MAIL7ZM2RKHL receivedBy scholar.sunita@iacs.res.in,MAIL7ZM2RKHL
e977,eid5,receivedBy,MAIL7ZM2RKHL receivedBy ananya.chatterjee@cs.ox.ac.uk,MAIL7ZM2RKHL
e977,eid3,receivedBy,MAIL7ZM2RKHL receivedBy michael@cs.stanford.edu,MAIL7ZM2RKHL
e978,eid2,receivedBy,MAIL937KWQDM receivedBy ramesh.bhatia@iacs.res.in,MAIL937KWQDM
e978,eid5,receivedBy,MAIL937KWQDM receivedBy ananya.chatterjee@cs.ox.ac.uk,MAIL937KWQDM
e978,eid3,receivedBy,MAIL937KWQDM receivedBy michael@cs.stanford.edu,MAIL937KWQDM
e979,eid1,receivedBy,MAILBPC46YNV receivedBy scholar.sunita@iacs.res.in,MAILBPC46YNV
e979,eid2,receivedBy,MAILBPC46YNV receivedBy ramesh.bhatia@iacs.res.in,MAILBPC46YNV
e979,eid3,receivedBy,MAILBPC46YNV receivedBy michael@cs.stanford.edu,MAILBPC46YNV
e980,eid5,receivedBy,MAIL3YQKZNPH receivedBy ananya.chatterjee@cs.ox.ac.uk,MAIL3YQKZNPH
e980,eid1,receivedBy,MAIL3YQKZNPH receivedBy scholar.sunita@iacs.res.in,MAIL3YQKZNPH
e980,eid3,receivedBy,MAIL3YQKZNPH receivedBy michael@cs.stanford.edu,MAIL3YQKZNPH
e981,eid2,receivedBy,MAILEKQZN4X2 receivedBy ramesh.bhatia@iacs.res.in,MAILEKQZN4X2
e981,eid5,receivedBy,MAILEKQZN4X2 receivedBy ananya.chatterjee@cs.ox.ac.uk,MAILEKQZN4X2
e981,eid1,receivedBy,MAILEKQZN4X2 receivedBy scholar.sunita@iacs.res.in,MAILEKQZN4X2
e982,eid3,receivedBy,MAILB23Q7NHF receivedBy michael@cs.stanford.edu,MAILB23Q7NHF
e982,eid2,receivedBy,MAILB23Q7NHF receivedBy ramesh.bhatia@iacs.res.in,MAILB23Q7NHF
e982,eid5,receivedBy,MAILB23Q7NHF receivedBy ananya.chatterjee@cs.ox.ac.uk,MAILB23Q7NHF
e983,eid1,receivedBy,MAILP7QL5DN2 receivedBy scholar.sunita@iacs.res.in,MAILP7QL5DN2
e983,eid3,receivedBy,MAILP7QL5DN2 receivedBy michael@cs.stanford.edu,MAILP7QL5DN2
e983,eid2,receivedBy,MAILP7QL5DN2 receivedBy ramesh.bhatia@iacs.res.in,MAILP7QL5DN2
e984,eid1,receivedBy,MAILR6GJ2PQL receivedBy scholar.sunita@iacs.res.in,MAILR6GJ2PQL
e984,eid5,receivedBy,MAILR6GJ2PQL receivedBy ananya.chatterjee@cs.ox.ac.uk,MAILR6GJ2PQL
e984,eid3,receivedBy,MAILR6GJ2PQL receivedBy michael@cs.stanford.edu,MAILR6GJ2PQL
e985,eid2,receivedBy,MAIL58ZV0QTR receivedBy ramesh.bhatia@iacs.res.in,MAIL58ZV0QTR
e985,eid5,receivedBy,MAIL58ZV0QTR receivedBy ananya.chatterjee@cs.ox.ac.uk,MAIL58ZV0QTR
e985,eid3,receivedBy,MAIL58ZV0QTR receivedBy michael@cs.stanford.edu,MAIL58ZV0QTR
e986,eid1,receivedBy,MAIL82NsHXJ9 receivedBy scholar.sunita@iacs.res.in,MAIL82NsHXJ9
e986,eid2,receivedBy,MAIL82NsHXJ9 receivedBy ramesh.bhatia@iacs.res.in,MAIL82NsHXJ9
e986,eid5,receivedBy,MAIL82NsHXJ9 receivedBy ananya.chatterjee@cs.ox.ac.uk,MAIL82NsHXJ9
e987,eid3,receivedBy,MAILG7Y25QBR receivedBy michael@cs.stanford.edu,MAILG7Y25QBR
e987,eid1,receivedBy,MAILG7Y25QBR receivedBy scholar.sunita@iacs.res.in,MAILG7Y25QBR
e987,eid2,receivedBy,MAILG7Y25QBR receivedBy ramesh.bhatia@iacs.res.in,MAILG7Y25QBR
e988,eid1,receivedBy,MAIL2JQ3DHZK receivedBy scholar.sunita@iacs.res.in,MAIL2JQ3DHZK
e988,eid5,receivedBy,MAIL2JQ3DHZK receivedBy ananya.chatterjee@cs.ox.ac.uk,MAIL2JQ3DHZK
e988,eid3,receivedBy,MAIL2JQ3DHZK receivedBy michael@cs.stanford.edu,MAIL2JQ3DHZK
e989,eid2,receivedBy,MAILE4TG9K7X receivedBy ramesh.bhatia@iacs.res.in,MAILE4TG9K7X
e989,eid1,receivedBy,MAILE4TG9K7X receivedBy scholar.sunita@iacs.res.in,MAILE4TG9K7X
e989,eid5,receivedBy,MAILE4TG9K7X receivedBy ananya.chatterjee@cs.ox.ac.uk,MAILE4TG9K7X
e989,eid3,receivedBy,MAILE4TG9K7X receivedBy michael@cs.stanford.edu,MAILE4TG9K7X
e990,eid1,receivedBy,MAILA2GJ7RK0 receivedBy scholar.sunita@iacs.res.in,MAILA2GJ7RK0
e990,eid5,receivedBy,MAILA2GJ7RK0 receivedBy ananya.chatterjee@cs.ox.ac.uk,MAILA2GJ7RK0
e990,eid3,receivedBy,MAILA2GJ7RK0 receivedBy michael@cs.stanford.edu,MAILA2GJ7RK0
e991,eid2,receivedBy,MAILW4QX2NLM receivedBy ramesh.bhatia@iacs.res.in,MAILW4QX2NLM
e991,eid5,receivedBy,MAILW4QX2NLM receivedBy ananya.chatterjee@cs.ox.ac.uk,MAILW4QX2NLM
e991,eid3,receivedBy,MAILW4QX2NLM receivedBy michael@cs.stanford.edu,MAILW4QX2NLM
e992,eid1,receivedBy,MAILK7D2QP83 receivedBy scholar.sunita@iacs.res.in,MAILK7D2QP83
e992,eid2,receivedBy,MAILK7D2QP83 receivedBy ramesh.bhatia@iacs.res.in,MAILK7D2QP83
e992,eid5,receivedBy,MAILK7D2QP83 receivedBy ananya.chatterjee@cs.ox.ac.uk,MAILK7D2QP83
e993,eid1,receivedBy,MAILQ1XF4B7D receivedBy scholar.sunita@iacs.res.in,MAILQ1XF4B7D
e993,eid2,receivedBy,MAILQ1XF4B7D receivedBy ramesh.bhatia@iacs.res.in,MAILQ1XF4B7D
e993,eid3,receivedBy,MAILQ1XF4B7D receivedBy michael@cs.stanford.edu,MAILQ1XF4B7D
e994,eid2,receivedBy,MAILT8XP1R5V receivedBy ramesh.bhatia@iacs.res.in,MAILT8XP1R5V
e994,eid5,receivedBy,MAILT8XP1R5V receivedBy ananya.chatterjee@cs.ox.ac.uk,MAILT8XP1R5V
e994,eid3,receivedBy,MAILT8XP1R5V receivedBy michael@cs.stanford.edu,MAILT8XP1R5V
e995,eid1,receivedBy,MAILZX8M4TYQ receivedBy scholar.sunita@iacs.res.in,MAILZX8M4TYQ
e995,eid5,receivedBy,MAILZX8M4TYQ receivedBy ananya.chatterjee@cs.ox.ac.uk,MAILZX8M4TYQ
e995,eid3,receivedBy,MAILZX8M4TYQ receivedBy michael@cs.stanford.edu,MAILZX8M4TYQ
e996,eid2,receivedBy,MAILV7L59CDA receivedBy ramesh.bhatia@iacs.res.in,MAILV7L59CDA
e996,eid1,receivedBy,MAILV7L59CDA receivedBy scholar.sunita@iacs.res.in,MAILV7L59CDA
e996,eid3,receivedBy,MAILV7L59CDA receivedBy michael@cs.stanford.edu,MAILV7L59CDA
e997,eid1,receivedBy,MAILY4S9TF23 receivedBy scholar.sunita@iacs.res.in,MAILY4S9TF23
e997,eid2,receivedBy,MAILY4S9TF23 receivedBy ramesh.bhatia@iacs.res.in,MAILY4S9TF23
e997,eid5,receivedBy,MAILY4S9TF23 receivedBy ananya.chatterjee@cs.ox.ac.uk,MAILY4S9TF23
e998,eid2,receivedBy,MAILP7K2JQXL receivedBy ramesh.bhatia@iacs.res.in,MAILP7K2JQXL
e998,eid5,receivedBy,MAILP7K2JQXL receivedBy ananya.chatterjee@cs.ox.ac.uk,MAILP7K2JQXL
e998,eid3,receivedBy,MAILP7K2JQXL receivedBy michael@cs.stanford.edu,MAILP7K2JQXL
e999,eid1,receivedBy,MAILE1Z7CFU8 receivedBy scholar.sunita@iacs.res.in,MAILE1Z7CFU8
e999,eid5,receivedBy,MAILE1Z7CFU8 receivedBy ananya.chatterjee@cs.ox.ac.uk,MAILE1Z7CFU8
e999,eid3,receivedBy,MAILE1Z7CFU8 receivedBy michael@cs.stanford.edu,MAILE1Z7CFU8
e1000,eid2,receivedBy,MAIL9VY4MHG2 receivedBy ramesh.bhatia@iacs.res.in,MAIL9VY4MHG2
e1000,eid1,receivedBy,MAIL9VY4MHG2 receivedBy scholar.sunita@iacs.res.in,MAIL9VY4MHG2
e1000,eid3,receivedBy,MAIL9VY4MHG2 receivedBy michael@cs.stanford.edu,MAIL9VY4MHG2
e1001,eid2,receivedBy,MAILWL9T3R52 receivedBy ramesh.bhatia@iacs.res.in,MAILWL9T3R52
e1001,eid5,receivedBy,MAILWL9T3R52 receivedBy ananya.chatterjee@cs.ox.ac.uk,MAILWL9T3R52
e1001,eid3,receivedBy,MAILWL9T3R52 receivedBy michael@cs.stanford.edu,MAILWL9T3R52
e1002,eid1,receivedBy,MAILDYQ4G2M7 receivedBy scholar.sunita@iacs.res.in,MAILDYQ4G2M7
e1002,eid5,receivedBy,MAILDYQ4G2M7 receivedBy ananya.chatterjee@cs.ox.ac.uk,MAILDYQ4G2M7
e1002,eid3,receivedBy,MAILDYQ4G2M7 receivedBy michael@cs.stanford.edu,MAILDYQ4G2M7
e1003,eid2,receivedBy,MAILQ52L8ASN receivedBy ramesh.bhatia@iacs.res.in,MAILQ52L8ASN
e1003,eid1,receivedBy,MAILQ52L8ASN receivedBy scholar.sunita@iacs.res.in,MAILQ52L8ASN
e1003,eid5,receivedBy,MAILQ52L8ASN receivedBy ananya.chatterjee@cs.ox.ac.uk,MAILQ52L8ASN
e1004,eid2,receivedBy,MAIL82ZNVC4R receivedBy ramesh.bhatia@iacs.res.in,MAIL82ZNVC4R
e1004,eid1,receivedBy,MAIL82ZNVC4R receivedBy scholar.sunita@iacs.res.in,MAIL82ZNVC4R
e1004,eid3,receivedBy,MAIL82ZNVC4R receivedBy michael@cs.stanford.edu,MAIL82ZNVC4R
e1005,eid5,receivedBy,MAILES87QK23 receivedBy ananya.chatterjee@cs.ox.ac.uk,MAILES87QK23
e1005,eid2,receivedBy,MAILES87QK23 receivedBy ramesh.bhatia@iacs.res.in,MAILES87QK23
e1005,eid3,receivedBy,MAILES87QK23 receivedBy michael@cs.stanford.edu,MAILES87QK23
e1006,eid1,receivedBy,MAIL32B5JCQY receivedBy scholar.sunita@iacs.res.in,MAIL32B5JCQY
e1006,eid2,receivedBy,MAIL32B5JCQY receivedBy ramesh.bhatia@iacs.res.in,MAIL32B5JCQY
e1006,eid3,receivedBy,MAIL32B5JCQY receivedBy michael@cs.stanford.edu,MAIL32B5JCQY
