:START_ID,:END_ID,:TYPE,context,source
pn5,mg214,attends,"Dear Ananya, Ramesh, and Michael, ... the optimal slot appears to be tomorrow, 16th August 2020, at 16:00 CET / 20:30 IST / 08:00 PT.",email_500
pn2,mg214,attends,"Dear Ananya, Ramesh, and Michael, ... the optimal slot appears to be tomorrow, 16th August 2020, at 16:00 CET / 20:30 IST / 08:00 PT.",email_500
pn19,mg214,attends,"Dear Ananya, Ramesh, and Michael, ... the optimal slot appears to be tomorrow, 16th August 2020, at 16:00 CET / 20:30 IST / 08:00 PT.",email_500
pn1,mg214,attends,"Looking forward to our final synchronizing session and, most importantly, to our long-awaited JCDL 2022 media launch!",email_500
pn5,c19,attends,"Looking forward to our final synchronizing session and, most importantly, to our long-awaited JCDL 2022 media launch!",email_500
pn2,c19,attends,"Looking forward to our final synchronizing session and, most importantly, to our long-awaited JCDL 2022 media launch!",email_500
pn19,c19,attends,"Looking forward to our final synchronizing session and, most importantly, to our long-awaited JCDL 2022 media launch!",email_500
pn1,mg386,attends,"Thank you, Sunita, for convening us so effectively and outlining tomorrow’s agenda. I am pleased to confirm my availability for the 16:30 IST meeting slot on 25 September.",email_927
pn2,mg386,attends,"Thank you, Sunita, for convening us so effectively and outlining tomorrow’s agenda. I am pleased to confirm my availability for the 16:30 IST meeting slot on 25 September.",email_927
pn9,mg386,attends,"Thank you, Sunita, for convening us so effectively and outlining tomorrow’s agenda. I am pleased to confirm my availability for the 16:30 IST meeting slot on 25 September.",email_927
pn19,mg386,attends,"Thank you, Sunita, for convening us so effectively and outlining tomorrow’s agenda. I am pleased to confirm my availability for the 16:30 IST meeting slot on 25 September.",email_927
pn5,mg299,attends,I am delighted to confirm my availability for the proposed virtual meeting on 3 April between 20:30–22:00 IST,email_687
pn19,mg299,attends,I am delighted to confirm my availability for the proposed virtual meeting on 3 April between 20:30–22:00 IST,email_687
pn1,mg299,attends,I am delighted to confirm my availability for the proposed virtual meeting on 3 April between 20:30–22:00 IST,email_687
pn2,mg299,attends,I am delighted to confirm my availability for the proposed virtual meeting on 3 April between 20:30–22:00 IST,email_687
pn1,mg315,attends,Google Meet link for tomorrow’s consolidation meeting,email_733
pn2,mg315,attends,Google Meet link for tomorrow’s consolidation meeting,email_733
pn5,mg315,attends,Google Meet link for tomorrow’s consolidation meeting,email_733
pn19,mg315,attends,Google Meet link for tomorrow’s consolidation meeting,email_733
pn1,mg114,attends,I am on track to share the draft slide deck framework with you all by 20 August,email_267
pn5,mg114,attends,I am on track to share the draft slide deck framework with you all by 20 August,email_267
pn2,mg114,attends,I am on track to share the draft slide deck framework with you all by 20 August,email_267
pn2,mg373,attends,The 18th-22nd September period is convenient for me as well; my preferred slots are 16:00–18:00 IST.,email_909
pn1,mg373,attends,The 18th-22nd September period is convenient for me as well; my preferred slots are 16:00–18:00 IST.,email_909
pn5,mg373,attends,The 18th-22nd September period is convenient for me as well; my preferred slots are 16:00–18:00 IST.,email_909
pn1,mg56,attends,"Thank you, Sunita, for confirming your availability and for your considered addition regarding data sharing and archival in our upcoming discussion.",email_124
pn9,mg56,attends,"Ananya, thank you for volunteering to assemble a summary slide deck",email_124
pn8,mg56,attends,"Michael, if you have any additional proposals for reproducibility standards in community tutorials",email_124
pn19,mg402,attends,I'm confirming my availability for the 14:30 IST start time and the use of Google Meet,email_963
pn1,mg402,attends,"Thank you, Sunita, for organizing and circulating the proposed agenda and provisional Google Meet link for today's Section 4.2 collaborative drafting session.",email_963
pn2,mg402,attends,"Thank you, Sunita, for organizing and circulating the proposed agenda and provisional Google Meet link for today's Section 4.2 collaborative drafting session.",email_963
pn9,mg402,attends,"Thank you, Sunita, for organizing and circulating the proposed agenda and provisional Google Meet link for today's Section 4.2 collaborative drafting session.",email_963
pn1,mg24,attends,so our March 17 group review can be as productive as possible,email_982
pn2,mg24,attends,so our March 17 group review can be as productive as possible,email_982
pn5,mg24,attends,so our March 17 group review can be as productive as possible,email_982
pn1,mg345,attends,I am available for a coordination video call on either 1 March (any time after 14:00 GMT),email_839
pn1,mg345,attends,or 2 March (after 11:00 GMT),email_839
pn1,mg378,attends,"Next group check-in: brief follow-up call to be scheduled for 21 September, 16:00–16:45 IST (pending confirmation).",email_914
pn5,mg378,attends,"Next group check-in: brief follow-up call to be scheduled for 21 September, 16:00–16:45 IST (pending confirmation).",email_914
pn2,mg378,attends,"Next group check-in: brief follow-up call to be scheduled for 21 September, 16:00–16:45 IST (pending confirmation).",email_914
pn19,mg378,attends,"Next group check-in: brief follow-up call to be scheduled for 21 September, 16:00–16:45 IST (pending confirmation).",email_914
pn1,mg375,attends,"Preferred session slot: consensus for 20 September, 18:00–20:00 IST (07:30–09:30 PDT, 14:30–16:30 BST).",email_914
pn5,mg375,attends,"Preferred session slot: consensus for 20 September, 18:00–20:00 IST (07:30–09:30 PDT, 14:30–16:30 BST).",email_914
pn2,mg375,attends,"Preferred session slot: consensus for 20 September, 18:00–20:00 IST (07:30–09:30 PDT, 14:30–16:30 BST).",email_914
pn1,mg75,attends,"If everyone is amenable, could we meet on *16 August* at 15:00 UTC?",email_167
pn5,mg75,attends,"If everyone is amenable, could we meet on *16 August* at 15:00 UTC?",email_167
pn5,c19,attends,Looking forward to a strong showing at JCDL 2022,email_530
pn19,c19,attends,Looking forward to a strong showing at JCDL 2022,email_530
pn1,c19,attends,Looking forward to a strong showing at JCDL 2022,email_530
pn2,c19,attends,Looking forward to a strong showing at JCDL 2022,email_530
pn19,mg295,attends,"I am available on 4, 5, and after 7 March and can offer flexibility to accommodate the group’s preferences.",email_667
pn1,mg266,attends,"Would everyone be available for a short coordination call next Thursday at 16:00 IST (09:30 BST, 01:30 PDT)?",email_618
pn19,mg266,attends,"Would everyone be available for a short coordination call next Thursday at 16:00 IST (09:30 BST, 01:30 PDT)?",email_618
pn5,mg266,attends,"Would everyone be available for a short coordination call next Thursday at 16:00 IST (09:30 BST, 01:30 PDT)?",email_618
pn2,mg266,attends,"Would everyone be available for a short coordination call next Thursday at 16:00 IST (09:30 BST, 01:30 PDT)?",email_618
pn5,mg243,attends,I am pleased to confirm my availability for the suggested slot on 24 May at 16:00 BST / 20:30 IST / 8:00 PDT.,email_576
pn1,mg243,attends,I am pleased to confirm my availability for the suggested slot on 24 May at 16:00 BST / 20:30 IST / 8:00 PDT.,email_576
pn2,mg243,attends,I am pleased to confirm my availability for the suggested slot on 24 May at 16:00 BST / 20:30 IST / 8:00 PDT.,email_576
pn19,mg243,attends,I am pleased to confirm my availability for the suggested slot on 24 May at 16:00 BST / 20:30 IST / 8:00 PDT.,email_576
pn5,mg216,attends,"In line with your collective embargo agreement, we have entered the release into our internal bulletins for simultaneous publication at 08:00 PT / 16:00 CET / 20:30 IST today.",email_503
pn1,mg216,attends,"In line with your collective embargo agreement, we have entered the release into our internal bulletins for simultaneous publication at 08:00 PT / 16:00 CET / 20:30 IST today.",email_503
pn2,mg216,attends,"In line with your collective embargo agreement, we have entered the release into our internal bulletins for simultaneous publication at 08:00 PT / 16:00 CET / 20:30 IST today.",email_503
pn19,mg216,attends,"In line with your collective embargo agreement, we have entered the release into our internal bulletins for simultaneous publication at 08:00 PT / 16:00 CET / 20:30 IST today.",email_503
pn1,mg60,attends,I have set up a Doodle poll to coordinate a Zoom call for this week.,email_140
pn19,mg60,attends,Please indicate your availability via the following link at your earliest convenience:,email_140
pn5,mg60,attends,Please indicate your availability via the following link at your earliest convenience:,email_140
pn2,mg60,attends,Please indicate your availability via the following link at your earliest convenience:,email_140
pn1,mg204,attends,"Our meeting will proceed on Friday, 15 November at 15:30 IST / 10:00 BST / 02:00 PST.",email_462
pn9,mg204,attends,"Our meeting will proceed on Friday, 15 November at 15:30 IST / 10:00 BST / 02:00 PST.",email_462
pn8,mg204,attends,"Our meeting will proceed on Friday, 15 November at 15:30 IST / 10:00 BST / 02:00 PST.",email_462
pn2,mg204,attends,"Our meeting will proceed on Friday, 15 November at 15:30 IST / 10:00 BST / 02:00 PST.",email_462
pn1,c19,attends,as JCDL 2022 approaches.,email_462
pn9,c19,attends,as JCDL 2022 approaches.,email_462
pn8,c19,attends,as JCDL 2022 approaches.,email_462
pn2,c19,attends,as JCDL 2022 approaches.,email_462
pn1,mg106,attends,"I propose we use our upcoming Zoom planning meeting next week (date TBC, awaiting the official DOI)",email_257
pn19,mg106,attends,"I propose we use our upcoming Zoom planning meeting next week (date TBC, awaiting the official DOI)",email_257
pn5,mg106,attends,"I propose we use our upcoming Zoom planning meeting next week (date TBC, awaiting the official DOI)",email_257
pn5,mg366,attends,Looking forward to our continued collaboration and a productive review session on Monday,email_878
pn19,mg366,attends,Looking forward to our continued collaboration and a productive review session on Monday,email_878
pn1,mg366,attends,Looking forward to our continued collaboration and a productive review session on Monday,email_878
pn2,mg366,attends,Looking forward to our continued collaboration and a productive review session on Monday,email_878
pn1,mg166,attends,camera-ready review meeting,email_374
pn2,mg166,attends,camera-ready review meeting,email_374
pn19,mg166,attends,camera-ready review meeting,email_374
pn5,mg166,attends,camera-ready review meeting,email_374
pn16,mg166,attends,camera-ready review meeting,email_374
pn1,mg33,attends,"Please confirm your availability for a brief Google Meet on 21 June between 16:30 and 17:00 IST (link: https://meet.google.com/bpu-wxry-avf), solely to sign off on the merged documentation before submission.",email_65
pn19,mg33,attends,"Please confirm your availability for a brief Google Meet on 21 June between 16:30 and 17:00 IST (link: https://meet.google.com/bpu-wxry-avf), solely to sign off on the merged documentation before submission.",email_65
pn2,mg33,attends,"Please confirm your availability for a brief Google Meet on 21 June between 16:30 and 17:00 IST (link: https://meet.google.com/bpu-wxry-avf), solely to sign off on the merged documentation before submission.",email_65
pn1,mg327,attends,our 1 August meeting,email_771
pn5,mg327,attends,our 1 August meeting,email_771
pn19,mg327,attends,our 1 August meeting,email_771
pn2,mg327,attends,our 1 August meeting,email_771
pn19,mg380,attends,Stanford Zoom seminar registration is now live,email_916
pn1,mg380,attends,Stanford Zoom seminar registration is now live,email_916
pn5,mg380,attends,Stanford Zoom seminar registration is now live,email_916
pn19,mg381,attends,advance Q&A survey is also ready,email_916
pn1,mg381,attends,advance Q&A survey is also ready,email_916
pn5,mg381,attends,advance Q&A survey is also ready,email_916
pn1,mg4,attends,"Attendees: Sunita Sen, Prof. Ramesh Bhatia, Dr. Michael Bradley, Dr. Ananya Chatterjee",email_6
pn2,mg4,attends,"Attendees: Sunita Sen, Prof. Ramesh Bhatia, Dr. Michael Bradley, Dr. Ananya Chatterjee",email_6
pn19,mg4,attends,"Attendees: Sunita Sen, Prof. Ramesh Bhatia, Dr. Michael Bradley, Dr. Ananya Chatterjee",email_6
pn21,mg4,attends,"Attendees: Sunita Sen, Prof. Ramesh Bhatia, Dr. Michael Bradley, Dr. Ananya Chatterjee",email_6
pn5,mg125,attends,I am writing to reiterate our meeting slot for 14:30 IST (10:00 BST / 2:00 PDT) today via our established Zoom link.,email_284
pn2,mg125,attends,I am writing to reiterate our meeting slot for 14:30 IST (10:00 BST / 2:00 PDT) today via our established Zoom link.,email_284
pn1,mg125,attends,I am writing to reiterate our meeting slot for 14:30 IST (10:00 BST / 2:00 PDT) today via our established Zoom link.,email_284
pn19,mg125,attends,I am writing to reiterate our meeting slot for 14:30 IST (10:00 BST / 2:00 PDT) today via our established Zoom link.,email_284
pn1,mg121,attends,Please confirm your availability for a brief sync meeting next week (perhaps 22 or 23 September),email_279
pn15,mg121,attends,Please confirm your availability for a brief sync meeting next week (perhaps 22 or 23 September),email_279
pn14,mg121,attends,Please confirm your availability for a brief sync meeting next week (perhaps 22 or 23 September),email_279
pn16,mg121,attends,Please confirm your availability for a brief sync meeting next week (perhaps 22 or 23 September),email_279
pn5,mg67,attends,Looking forward to delivering this session with you all at JCDL 2020!,email_157
pn19,mg67,attends,Looking forward to delivering this session with you all at JCDL 2020!,email_157
pn1,mg67,attends,Looking forward to delivering this session with you all at JCDL 2020!,email_157
pn2,mg67,attends,Looking forward to delivering this session with you all at JCDL 2020!,email_157
pn5,c19,attends,proactive outreach to the JCDL 2022 organizing committee on technical requirements,email_539
pn19,c19,attends,proactive outreach to the JCDL 2022 organizing committee on technical requirements,email_539
pn2,c19,attends,proactive outreach to the JCDL 2022 organizing committee on technical requirements,email_539
pn1,c19,attends,proactive outreach to the JCDL 2022 organizing committee on technical requirements,email_539
pn1,mg35,attends,I will be available for the Google Meet today at 16:30 IST,email_67
pn2,mg35,attends,I will be available for the Google Meet today at 16:30 IST,email_67
pn16,mg35,attends,I will be available for the Google Meet today at 16:30 IST,email_67
pn19,mg35,attends,I will be available for the Google Meet today at 16:30 IST,email_67
pn1,mg302,attends,Looking forward to seeing everyone at 6:30 PM IST for our rehearsal.,email_705
pn5,mg302,attends,Looking forward to seeing everyone at 6:30 PM IST for our rehearsal.,email_705
pn19,mg302,attends,Looking forward to seeing everyone at 6:30 PM IST for our rehearsal.,email_705
pn1,c30,attends,I am confident that this rehearsal will sharpen our delivery and refine our collaborative approach for the JCDL 2023 session.,email_705
pn5,c30,attends,I am confident that this rehearsal will sharpen our delivery and refine our collaborative approach for the JCDL 2023 session.,email_705
pn19,c30,attends,I am confident that this rehearsal will sharpen our delivery and refine our collaborative approach for the JCDL 2023 session.,email_705
pn5,mg226,attends,Ananya: moderation/press highlights,email_525
pn1,mg226,attends,Sunita: analytics,email_525
pn19,mg226,attends,Michael: deck + FAQ,email_525
pn2,mg226,attends,Ramesh: NDAI feedback,email_525
pn1,mg2,attends,Looking forward to robust discussions and another round of productive collaboration on 24 April.,email_874
pn2,mg2,attends,Looking forward to robust discussions and another round of productive collaboration on 24 April.,email_874
pn19,mg2,attends,Looking forward to robust discussions and another round of productive collaboration on 24 April.,email_874
pn10,mg2,attends,Looking forward to robust discussions and another round of productive collaboration on 24 April.,email_874
pn19,mg392,attends,Looking forward to our revision sprint meeting scheduled for today at 17:00 IST / 12:30 BST / 04:30 PDT.,email_940
pn1,mg392,attends,Looking forward to our revision sprint meeting scheduled for today at 17:00 IST / 12:30 BST / 04:30 PDT.,email_940
pn5,mg392,attends,Looking forward to our revision sprint meeting scheduled for today at 17:00 IST / 12:30 BST / 04:30 PDT.,email_940
pn2,mg392,attends,Looking forward to our revision sprint meeting scheduled for today at 17:00 IST / 12:30 BST / 04:30 PDT.,email_940
pn1,mg20,attends,I recommend we convene a focused session later this week (suggested date: 13th May),email_31
pn19,mg20,attends,I recommend we convene a focused session later this week (suggested date: 13th May),email_31
pn5,mg20,attends,I recommend we convene a focused session later this week (suggested date: 13th May),email_31
pn2,mg20,attends,I recommend we convene a focused session later this week (suggested date: 13th May),email_31
pn1,mg197,attends,I confirm that 16 October at 15:30 IST (11:00 BST / 03:00 PDT) works well for me,email_442
pn5,mg197,attends,Thank you all for aligning your schedules and for the detailed updates regarding the press office preparations at Oxford and Stanford,email_442
pn19,mg197,attends,Thank you all for aligning your schedules and for the detailed updates regarding the press office preparations at Oxford and Stanford,email_442
pn2,mg197,attends,Thank you all for aligning your schedules and for the detailed updates regarding the press office preparations at Oxford and Stanford,email_442
pn5,c19,attends,"I agree with adding a short discussion segment on possible joint presentations for JCDL 2022, as Ananya suggested",email_442
pn1,c19,attends,"I agree with adding a short discussion segment on possible joint presentations for JCDL 2022, as Ananya suggested",email_442
pn19,c19,attends,"I agree with adding a short discussion segment on possible joint presentations for JCDL 2022, as Ananya suggested",email_442
pn2,c19,attends,"I agree with adding a short discussion segment on possible joint presentations for JCDL 2022, as Ananya suggested",email_442
pn1,mg270,attends,Please share your availability for a potential discussion the week of August 12th.,email_625
pn2,mg270,attends,Please share your availability for a potential discussion the week of August 12th.,email_625
pn19,mg270,attends,Please share your availability for a potential discussion the week of August 12th.,email_625
pn5,mg270,attends,Please share your availability for a potential discussion the week of August 12th.,email_625
pn1,mg27,attends,"Wednesday, 2nd June, at 16:30 IST (which is 12:00 BST/04:00 PDT)",email_52
pn2,mg27,attends,"Wednesday, 2nd June, at 16:30 IST (which is 12:00 BST/04:00 PDT)",email_52
pn19,mg27,attends,"Wednesday, 2nd June, at 16:30 IST (which is 12:00 BST/04:00 PDT)",email_52
pn5,mg27,attends,"Wednesday, 2nd June, at 16:30 IST (which is 12:00 BST/04:00 PDT)",email_52
pn5,mg346,attends,"Please confirm if 14:30 GMT, 1 March, works for everyone—I can arrange a Zoom call and circulate the invite once we agree on the slot.",email_841;email_840
pn1,mg346,attends,"Please confirm if 14:30 GMT, 1 March, works for everyone—I can arrange a Zoom call and circulate the invite once we agree on the slot.",email_841;email_840
pn19,mg346,attends,"Please confirm if 14:30 GMT, 1 March, works for everyone—I can arrange a Zoom call and circulate the invite once we agree on the slot.",email_841;email_840
pn5,c6,attends,"Ananya, for broader impact statements, JCDL’s latest template appears to support flexible structuring...",email_654
pn5,mg319,attends,I am available on 19 or 20 July between 14:00–18:00 BST,email_762
pn1,mg319,attends,"Sunita, perhaps you can consolidate preferences and circulate a final time and Zoom link.",email_762
pn19,mg319,attends,I am available on 19 or 20 July between 14:00–18:00 BST,email_762
pn2,mg319,attends,I am available on 19 or 20 July between 14:00–18:00 BST,email_762
pn5,mg14,attends,3rd May: 10:30 AM - 1:00 PM,email_20
pn5,mg14,attends,5th May: 2:30 PM - 5:00 PM,email_20
pn5,mg14,attends,6th May: 10:00 AM - 12:00 PM,email_20
pn1,mg14,attends,3rd May: 10:30 AM - 1:00 PM,email_20
pn1,mg14,attends,5th May: 2:30 PM - 5:00 PM,email_20
pn1,mg14,attends,6th May: 10:00 AM - 12:00 PM,email_20
pn19,mg14,attends,3rd May: 10:30 AM - 1:00 PM,email_20
pn19,mg14,attends,5th May: 2:30 PM - 5:00 PM,email_20
pn19,mg14,attends,6th May: 10:00 AM - 12:00 PM,email_20
pn2,mg14,attends,3rd May: 10:30 AM - 1:00 PM,email_20
pn2,mg14,attends,5th May: 2:30 PM - 5:00 PM,email_20
pn1,mg113,attends,"Participants: Sunita Sen, Dr. Ananya Chatterjee, Prof. Ramesh Bhatia, Dr. Michael Bradley",email_264
pn5,mg113,attends,"Participants: Sunita Sen, Dr. Ananya Chatterjee, Prof. Ramesh Bhatia, Dr. Michael Bradley",email_264
pn2,mg113,attends,"Participants: Sunita Sen, Dr. Ananya Chatterjee, Prof. Ramesh Bhatia, Dr. Michael Bradley",email_264
pn19,mg113,attends,"Participants: Sunita Sen, Dr. Ananya Chatterjee, Prof. Ramesh Bhatia, Dr. Michael Bradley",email_264
pn5,mg132,attends,I look forward to a productive discussion this afternoon.,email_297
pn19,mg132,attends,I look forward to a productive discussion this afternoon.,email_297
pn1,mg132,attends,I look forward to a productive discussion this afternoon.,email_297
pn2,mg132,attends,I look forward to a productive discussion this afternoon.,email_297
pn19,mg325,attends,"Looking forward to everyone’s thoughts, and please advise on any further improvements before our review and final sign-off.",email_768
pn1,mg325,attends,"Looking forward to everyone’s thoughts, and please advise on any further improvements before our review and final sign-off.",email_768
pn2,mg325,attends,"Looking forward to everyone’s thoughts, and please advise on any further improvements before our review and final sign-off.",email_768
pn5,mg325,attends,"Looking forward to everyone’s thoughts, and please advise on any further improvements before our review and final sign-off.",email_768
pn1,mg265,attends,Regarding the Zoom walkthrough on 24 June at 17:00 IST: I am available at the proposed time and look forward to the session.,email_609
pn2,mg265,attends,Regarding the Zoom walkthrough on 24 June at 17:00 IST: I am available at the proposed time and look forward to the session.,email_609
pn1,c11,attends,"On behalf of all co-authors, we are grateful for the opportunity to present at ACL 2021",email_339
pn1,mg244,attends,Thank you all for joining today’s check-in call,email_577
pn2,mg244,attends,Thank you all for joining today’s check-in call,email_577
pn10,mg244,attends,Thank you all for joining today’s check-in call,email_577
pn19,mg244,attends,Thank you all for joining today’s check-in call,email_577
pn2,mg283,attends,"Regarding the proposed Zoom meeting, I am available on 4 and 5 December, preferably after 14:00 GMT.",email_651
pn5,mg283,attends,"Regarding the proposed Zoom meeting, I am available on 4 and 5 December, preferably after 14:00 GMT.",email_651
pn1,mg191,attends,our 26 September call (15:30 IST / 11:00 BST),email_436
pn2,mg191,attends,our 26 September call (15:30 IST / 11:00 BST),email_436
pn19,mg191,attends,our 26 September call (15:30 IST / 11:00 BST),email_436
pn5,mg191,attends,our 26 September call (15:30 IST / 11:00 BST),email_436
pn5,mg313,attends,"Michael, thank you for confirming the 6 May Zoom sync.",email_723
pn19,mg313,attends,"Michael, thank you for confirming the 6 May Zoom sync.",email_723
pn1,mg100,attends,"I propose we proceed with the planned final checks, and unless there are critical concerns from others, the materials are ready for a team sign-off at the Zoom meeting on 12 June.",email_240
pn1,mg53,attends,"Sunita, perhaps you could create a Google Meet invitation using the following draft link:",email_121
pn2,mg53,attends,"Sunita, perhaps you could create a Google Meet invitation using the following draft link:",email_121
pn19,mg53,attends,"Sunita, perhaps you could create a Google Meet invitation using the following draft link:",email_121
pn5,mg53,attends,"Sunita, perhaps you could create a Google Meet invitation using the following draft link:",email_121
pn2,mg83,attends,I am pleased to confirm my availability for the revision meeting on 6 November,email_195
pn5,mg83,attends,I am pleased to confirm my availability for the revision meeting on 6 November,email_195
pn1,mg83,attends,I am pleased to confirm my availability for the revision meeting on 6 November,email_195
pn1,mg221,attends,Looking forward to speaking in a few hours,email_517
pn5,mg221,attends,Looking forward to speaking in a few hours,email_517
pn19,mg221,attends,Looking forward to speaking in a few hours,email_517
pn1,mg2,attends,"I have just marked my availability for both proposed dates, with a slight preference for the August 13th afternoon IST window",email_632
pn5,mg2,attends,"I have just marked my availability for both proposed dates, with a slight preference for the August 13th afternoon IST window",email_632
pn19,mg2,attends,"I have just marked my availability for both proposed dates, with a slight preference for the August 13th afternoon IST window",email_632
pn2,mg2,attends,"I have just marked my availability for both proposed dates, with a slight preference for the August 13th afternoon IST window",email_632
pn1,mg140,attends,"Michael, perhaps you could coordinate a brief 30-minute Zoom session on 19 October to review harmonized compliance language and resolve any lingering points ahead of formal manuscript circulation?",email_311
pn9,mg140,attends,"Michael, perhaps you could coordinate a brief 30-minute Zoom session on 19 October to review harmonized compliance language and resolve any lingering points ahead of formal manuscript circulation?",email_311
pn19,mg140,attends,"Michael, perhaps you could coordinate a brief 30-minute Zoom session on 19 October to review harmonized compliance language and resolve any lingering points ahead of formal manuscript circulation?",email_311
pn2,mg140,attends,"Michael, perhaps you could coordinate a brief 30-minute Zoom session on 19 October to review harmonized compliance language and resolve any lingering points ahead of formal manuscript circulation?",email_311
pn5,mg264,attends,"I propose a short internal Zoom walkthrough on 24 June at 17:00 IST (09:30 UTC, 02:30 PDT, 10:30 BST)",email_608
pn1,mg264,attends,"I propose a short internal Zoom walkthrough on 24 June at 17:00 IST (09:30 UTC, 02:30 PDT, 10:30 BST)",email_608
pn2,mg264,attends,"I propose a short internal Zoom walkthrough on 24 June at 17:00 IST (09:30 UTC, 02:30 PDT, 10:30 BST)",email_608
pn19,mg264,attends,"I propose a short internal Zoom walkthrough on 24 June at 17:00 IST (09:30 UTC, 02:30 PDT, 10:30 BST)",email_608
pn1,mg155,attends,"To ensure we have ample opportunity for thorough discussion and refinement, I propose the following time slots for our virtual dry run via Zoom:",email_355
pn2,mg155,attends,"To ensure we have ample opportunity for thorough discussion and refinement, I propose the following time slots for our virtual dry run via Zoom:",email_355
pn19,mg155,attends,"To ensure we have ample opportunity for thorough discussion and refinement, I propose the following time slots for our virtual dry run via Zoom:",email_355
pn5,mg155,attends,"To ensure we have ample opportunity for thorough discussion and refinement, I propose the following time slots for our virtual dry run via Zoom:",email_355
pn1,c11,attends,I look forward to everyone’s confirmation and to a productive rehearsal session as we approach the final stages of our ACL 2021 contribution.,email_355
pn2,c11,attends,I look forward to everyone’s confirmation and to a productive rehearsal session as we approach the final stages of our ACL 2021 contribution.,email_355
pn19,c11,attends,I look forward to everyone’s confirmation and to a productive rehearsal session as we approach the final stages of our ACL 2021 contribution.,email_355
pn5,c11,attends,I look forward to everyone’s confirmation and to a productive rehearsal session as we approach the final stages of our ACL 2021 contribution.,email_355
pn19,mg158,attends,Looking ahead to the dry run on 24 April at 5:30 pm IST (using the previously circulated Zoom link),email_358
pn1,mg158,attends,Looking ahead to the dry run on 24 April at 5:30 pm IST (using the previously circulated Zoom link),email_358
pn2,mg158,attends,Looking ahead to the dry run on 24 April at 5:30 pm IST (using the previously circulated Zoom link),email_358
pn5,mg158,attends,Looking ahead to the dry run on 24 April at 5:30 pm IST (using the previously circulated Zoom link),email_358
pn2,c8,attends,I have reviewed the latest instructions from the Organizing Committee and want to summarize our final checklist and confirm logistics to ensure everything proceeds smoothly tomorrow.,email_159
pn19,c8,attends,"Dear Michael, Ananya, and Sunita,",email_159
pn5,c8,attends,"Dear Michael, Ananya, and Sunita,",email_159
pn1,c8,attends,"Dear Michael, Ananya, and Sunita,",email_159
pn2,mg69,attends,Please join the official Zoom session (link provided by the committee) no later than 13:15 UTC for the pre-session sound check with the conference technician.,email_159
pn19,mg69,attends,Please join the official Zoom session (link provided by the committee) no later than 13:15 UTC for the pre-session sound check with the conference technician.,email_159
pn5,mg69,attends,Please join the official Zoom session (link provided by the committee) no later than 13:15 UTC for the pre-session sound check with the conference technician.,email_159
pn1,mg69,attends,Please join the official Zoom session (link provided by the committee) no later than 13:15 UTC for the pre-session sound check with the conference technician.,email_159
pn1,c19,attends,This document will be a vital part of our press engagement for JCDL 2022.,email_468
pn9,c19,attends,This document will be a vital part of our press engagement for JCDL 2022.,email_468
pn8,c19,attends,This document will be a vital part of our press engagement for JCDL 2022.,email_468
pn1,mg241,attends,internal pre-event demo run-through scheduled for today,email_572
pn5,mg241,attends,internal pre-event demo run-through scheduled for today,email_572
pn2,mg241,attends,internal pre-event demo run-through scheduled for today,email_572
pn19,mg241,attends,internal pre-event demo run-through scheduled for today,email_572
pn1,mg68,attends,Please find below the official Zoom link and session details for your tutorial:,email_158
pn19,mg68,attends,Please find below the official Zoom link and session details for your tutorial:,email_158
pn5,mg68,attends,Please find below the official Zoom link and session details for your tutorial:,email_158
pn2,mg68,attends,Please find below the official Zoom link and session details for your tutorial:,email_158
pn1,mg343,attends,"Meeting Date & Time: 3rd March 2022, 15:00–16:05 GMT",email_825
pn2,mg343,attends,"Meeting Date & Time: 3rd March 2022, 15:00–16:05 GMT",email_825
pn19,mg343,attends,"Meeting Date & Time: 3rd March 2022, 15:00–16:05 GMT",email_825
pn9,mg343,attends,"Meeting Date & Time: 3rd March 2022, 15:00–16:05 GMT",email_825
pn1,mg328,attends,"To keep our final review session focused and efficient, I propose the following streamlined agenda for our meeting tomorrow (1 August):",email_772
pn2,mg328,attends,"To keep our final review session focused and efficient, I propose the following streamlined agenda for our meeting tomorrow (1 August):",email_772
pn9,mg328,attends,"To keep our final review session focused and efficient, I propose the following streamlined agenda for our meeting tomorrow (1 August):",email_772
pn8,mg328,attends,"To keep our final review session focused and efficient, I propose the following streamlined agenda for our meeting tomorrow (1 August):",email_772
pn19,mg340,attends,"I am available for a Zoom meeting on 3, 4, and 4th March 2022, between 14:00–18:00 GMT",email_821
pn1,mg340,attends,"I am available for a Zoom meeting on 3, 4, and 4th March 2022, between 14:00–18:00 GMT",email_821
pn2,mg340,attends,"I am available for a Zoom meeting on 3, 4, and 4th March 2022, between 14:00–18:00 GMT",email_821
pn5,mg340,attends,"I am available for a Zoom meeting on 3, 4, and 4th March 2022, between 14:00–18:00 GMT",email_821
pn5,mg73,attends,"Based on everyone’s stated preferences and availability, I am pleased to confirm our meeting for 22nd May 2019 at 15:30 UTC.",email_163
pn19,mg73,attends,"Based on everyone’s stated preferences and availability, I am pleased to confirm our meeting for 22nd May 2019 at 15:30 UTC.",email_163
pn2,mg73,attends,"Based on everyone’s stated preferences and availability, I am pleased to confirm our meeting for 22nd May 2019 at 15:30 UTC.",email_163
pn1,mg73,attends,"Based on everyone’s stated preferences and availability, I am pleased to confirm our meeting for 22nd May 2019 at 15:30 UTC.",email_163
pn2,c6,attends,"Thank you, Ananya, for your efficient communication with the JCDL organizing team",email_540
pn5,c6,attends,"Thank you, Ananya, for your efficient communication with the JCDL organizing team",email_540
pn19,c6,attends,"Thank you, Ananya, for your efficient communication with the JCDL organizing team",email_540
pn1,c6,attends,"Thank you, Ananya, for your efficient communication with the JCDL organizing team",email_540
pn1,mg290,attends,final live walkthrough during the 4 December Zoom session,email_659
pn2,mg290,attends,final live walkthrough during the 4 December Zoom session,email_659
pn19,mg290,attends,final live walkthrough during the 4 December Zoom session,email_659
pn5,mg290,attends,final live walkthrough during the 4 December Zoom session,email_659
pn1,mg335,attends,I propose we schedule a brief (30–40 min) call in the first week of November.,email_798
pn1,mg63,attends,"Thursday, 11th April 2019, at 16:00 BST / 20:30 IST / 8:00 PDT",email_143
pn5,mg63,attends,"Thursday, 11th April 2019, at 16:00 BST / 20:30 IST / 8:00 PDT",email_143
pn2,mg63,attends,"Thursday, 11th April 2019, at 16:00 BST / 20:30 IST / 8:00 PDT",email_143
pn8,mg63,attends,"Thursday, 11th April 2019, at 16:00 BST / 20:30 IST / 8:00 PDT",email_143
pn5,mg83,attends,I've scheduled a Zoom session for us according to the agreed timing (10:00–13:00 IST / 05:30–08:30 BST / 21:30–00:30 PDT),email_196
pn1,mg83,attends,I've scheduled a Zoom session for us according to the agreed timing (10:00–13:00 IST / 05:30–08:30 BST / 21:30–00:30 PDT),email_196
pn19,mg83,attends,I've scheduled a Zoom session for us according to the agreed timing (10:00–13:00 IST / 05:30–08:30 BST / 21:30–00:30 PDT),email_196
pn2,mg83,attends,I've scheduled a Zoom session for us according to the agreed timing (10:00–13:00 IST / 05:30–08:30 BST / 21:30–00:30 PDT),email_196
pn2,mg330,attends,I am available on 10 or 11 October (IST late afternoon/UK morning/US early AM),email_782
pn1,mg371,attends,"I suggest we schedule a group call to finalize authorship and distribution for the preprint, and review the virtual seminar format options for October",email_907
pn19,mg371,attends,"I suggest we schedule a group call to finalize authorship and distribution for the preprint, and review the virtual seminar format options for October",email_907
pn2,mg371,attends,"I suggest we schedule a group call to finalize authorship and distribution for the preprint, and review the virtual seminar format options for October",email_907
pn5,mg371,attends,"I suggest we schedule a group call to finalize authorship and distribution for the preprint, and review the virtual seminar format options for October",email_907
pn5,mg182,attends,My availability for a 20-30 min call next week is generally open on 15 or 16 August (any time after 2pm BST / 6:30pm IST works for me),email_412
pn19,mg182,attends,"Michael, if you could suggest a couple of slots that accommodate your schedule, we can quickly finalize the meeting",email_412
pn2,c19,attends,I believe our materials will set a model example for accessibility at JCDL 2022.,email_544
pn1,c19,attends,I believe our materials will set a model example for accessibility at JCDL 2022.,email_544
pn19,c19,attends,I believe our materials will set a model example for accessibility at JCDL 2022.,email_544
pn5,c19,attends,I believe our materials will set a model example for accessibility at JCDL 2022.,email_544
pn1,c11,attends,We appreciate your collaboration and look forward to welcoming you at ACL 2021.,email_343
pn2,c11,attends,We appreciate your collaboration and look forward to welcoming you at ACL 2021.,email_343
pn19,mg254,attends,I have blocked my calendar for the 17:00 BST / 21:30 IST / 09:00 PDT Zoom session and am looking forward to a comprehensive review together.,email_588
pn5,mg254,attends,"Thank you, Ananya, for synthesizing the initial analytics and outlining our discussion framework for the debrief later today.",email_588
pn2,mg254,attends,"Ramesh, I second your suggestion to map our next steps for documentation and collaborative writing, drawing on these detailed records.",email_588
pn1,mg254,attends,"Sunita, your real-time resource verification and escalation notes were thorough and are now housed alongside my materials in “Workshop2022_Analytics.”",email_588
pn5,mg50,attends,I support Michael’s suggestion for a brief Zoom check-in on 2 March at our previous meeting time,email_112
pn19,mg50,attends,I support Michael’s suggestion for a brief Zoom check-in on 2 March at our previous meeting time,email_112
pn1,mg50,attends,I support Michael’s suggestion for a brief Zoom check-in on 2 March at our previous meeting time,email_112
pn2,mg50,attends,I support Michael’s suggestion for a brief Zoom check-in on 2 March at our previous meeting time,email_112
pn2,mg177,attends,"Tuesday, 30 July at 4:00 PM IST (11:30 AM BST / 3:30 AM PDT) works for me as well, so let’s move forward with that slot.",email_403
pn19,mg177,attends,"Tuesday, 30 July at 4:00 PM IST (11:30 AM BST / 3:30 AM PDT) works for me as well, so let’s move forward with that slot.",email_403
pn1,mg177,attends,"Tuesday, 30 July at 4:00 PM IST (11:30 AM BST / 3:30 AM PDT) works for me as well, so let’s move forward with that slot.",email_403
pn5,mg177,attends,"Tuesday, 30 July at 4:00 PM IST (11:30 AM BST / 3:30 AM PDT) works for me as well, so let’s move forward with that slot.",email_403
pn19,mg109,attends,Ramesh’s suggestion of 15:00 IST / 10:30 BST / 02:30 PDT works for me,email_260
pn2,mg109,attends,Ramesh’s suggestion of 15:00 IST / 10:30 BST / 02:30 PDT works for me,email_260
pn5,mg109,attends,Ramesh’s suggestion of 15:00 IST / 10:30 BST / 02:30 PDT works for me,email_260
pn1,mg109,attends,Ramesh’s suggestion of 15:00 IST / 10:30 BST / 02:30 PDT works for me,email_260
pn19,mg109,attends,"if that proves too early for anyone, I can also do 16:00 IST / 11:30 BST / 03:30 PDT on either the 9th or 10th of August",email_260
pn2,mg109,attends,"if that proves too early for anyone, I can also do 16:00 IST / 11:30 BST / 03:30 PDT on either the 9th or 10th of August",email_260
pn5,mg109,attends,"if that proves too early for anyone, I can also do 16:00 IST / 11:30 BST / 03:30 PDT on either the 9th or 10th of August",email_260
pn1,mg109,attends,"if that proves too early for anyone, I can also do 16:00 IST / 11:30 BST / 03:30 PDT on either the 9th or 10th of August",email_260
pn1,mg65,attends,I am pleased to confirm my availability on 8 April between 10:00–12:00 GMT for the rehearsal,email_524
pn19,mg65,attends,I am pleased to confirm my availability on 8 April between 10:00–12:00 GMT for the rehearsal,email_524
pn5,mg65,attends,I am pleased to confirm my availability on 8 April between 10:00–12:00 GMT for the rehearsal,email_524
pn2,mg65,attends,I am pleased to confirm my availability on 8 April between 10:00–12:00 GMT for the rehearsal,email_524
pn19,mg403,attends,I am pleased to confirm my availability for the Google Meet call on 8 March at 2:30 PST / 16:00 IST / 10:30 GMT,email_976
pn1,mg403,attends,I am pleased to confirm my availability for the Google Meet call on 8 March at 2:30 PST / 16:00 IST / 10:30 GMT,email_976
pn2,mg403,attends,I am pleased to confirm my availability for the Google Meet call on 8 March at 2:30 PST / 16:00 IST / 10:30 GMT,email_976
pn5,mg104,attends,"I propose we meet on Zoom next week to plan this in greater detail—perhaps midweek, after receiving the official DOI?",email_255
pn2,mg104,attends,"I propose we meet on Zoom next week to plan this in greater detail—perhaps midweek, after receiving the official DOI?",email_255
pn1,mg104,attends,"I propose we meet on Zoom next week to plan this in greater detail—perhaps midweek, after receiving the official DOI?",email_255
pn1,mg305,attends,Looking forward to a focused and productive rehearsal together.,email_704
pn5,mg305,attends,Looking forward to a focused and productive rehearsal together.,email_704
pn19,mg305,attends,Looking forward to a focused and productive rehearsal together.,email_704
pn2,mg305,attends,Looking forward to a focused and productive rehearsal together.,email_704
pn1,mg150,attends,camera-ready revision coordination meeting held on 22 January,email_327
pn2,mg150,attends,camera-ready revision coordination meeting held on 22 January,email_327
pn19,mg150,attends,camera-ready revision coordination meeting held on 22 January,email_327
pn5,mg388,attends,"Attendees: Dr. Michael Bradley, Sunita Sen, Prof. Ramesh Bhatia, Dr. Ananya Chatterjee",email_929
pn19,mg388,attends,"Attendees: Dr. Michael Bradley, Sunita Sen, Prof. Ramesh Bhatia, Dr. Ananya Chatterjee",email_929
pn1,mg388,attends,"Attendees: Dr. Michael Bradley, Sunita Sen, Prof. Ramesh Bhatia, Dr. Ananya Chatterjee",email_929
pn2,mg388,attends,"Attendees: Dr. Michael Bradley, Sunita Sen, Prof. Ramesh Bhatia, Dr. Ananya Chatterjee",email_929
pn19,mg117,attends,Looking forward to seeing everyone on 5th September for the full trial run,email_272
pn1,mg117,attends,Looking forward to seeing everyone on 5th September for the full trial run,email_272
pn5,mg117,attends,Looking forward to seeing everyone on 5th September for the full trial run,email_272
pn2,mg117,attends,Looking forward to seeing everyone on 5th September for the full trial run,email_272
pn1,mg199,attends,calendar reminder for our next virtual check-in on 15 November,email_941
pn5,mg199,attends,calendar reminder for our next virtual check-in on 15 November,email_941
pn19,mg199,attends,calendar reminder for our next virtual check-in on 15 November,email_941
pn2,mg199,attends,calendar reminder for our next virtual check-in on 15 November,email_941
pn1,mg5,attends,Regarding our progress check-in: I am available for a call on 9 February between 11:30–14:00 GMT,email_210
pn2,mg5,attends,Regarding our progress check-in: I am available for a call on 9 February between 11:30–14:00 GMT,email_210
pn1,mg302,attends,Looking forward to seeing the draft decks come together and to our rehearsal session.,email_691
pn9,mg302,attends,Looking forward to seeing the draft decks come together and to our rehearsal session.,email_691
pn8,mg302,attends,Looking forward to seeing the draft decks come together and to our rehearsal session.,email_691
pn1,mg363,attends,Thank you all for your commitment to advance our work and for the resources being gathered ahead of the 24 April planning session,email_873
pn2,mg363,attends,Thank you all for your commitment to advance our work and for the resources being gathered ahead of the 24 April planning session,email_873
pn5,mg363,attends,Thank you all for your commitment to advance our work and for the resources being gathered ahead of the 24 April planning session,email_873
pn2,c30,attends,Thank you all for the thoughtful reviews and your continuous commitment to quality as we prepare for our JCDL 2023 rehearsal.,email_695
pn5,c30,attends,Thank you all for the thoughtful reviews and your continuous commitment to quality as we prepare for our JCDL 2023 rehearsal.,email_695
pn1,c30,attends,Thank you all for the thoughtful reviews and your continuous commitment to quality as we prepare for our JCDL 2023 rehearsal.,email_695
pn19,c30,attends,Thank you all for the thoughtful reviews and your continuous commitment to quality as we prepare for our JCDL 2023 rehearsal.,email_695
pn2,mg303,attends,Looking forward to delivering a seamless and engaging rehearsal with this team.,email_695
pn5,mg303,attends,Looking forward to delivering a seamless and engaging rehearsal with this team.,email_695
pn1,mg303,attends,Looking forward to delivering a seamless and engaging rehearsal with this team.,email_695
pn19,mg303,attends,Looking forward to delivering a seamless and engaging rehearsal with this team.,email_695
pn5,mg337,attends,"Thursday, 6 November at 14:00 IST (8:30 AM BST / 0:30 AM PST) is preferred by all.",email_801
pn2,mg337,attends,"Thursday, 6 November at 14:00 IST (8:30 AM BST / 0:30 AM PST) is preferred by all.",email_801
pn19,mg337,attends,"Thursday, 6 November at 14:00 IST (8:30 AM BST / 0:30 AM PST) is preferred by all.",email_801
pn1,mg337,attends,"Thursday, 6 November at 14:00 IST (8:30 AM BST / 0:30 AM PST) is preferred by all.",email_801
pn1,mg64,attends,I suggest we schedule a 60-minute Zoom meeting on either 20 or 21 July for this rehearsal.,email_152
pn5,mg64,attends,I suggest we schedule a 60-minute Zoom meeting on either 20 or 21 July for this rehearsal.,email_152
pn2,mg64,attends,I suggest we schedule a 60-minute Zoom meeting on either 20 or 21 July for this rehearsal.,email_152
pn1,mg281,attends,"Ananya, please let us know your preferences for the Zoom meeting in early December",email_649
pn1,mg354,attends,"Attendees: Dr. Ananya Chatterjee, Dr. Michael Bradley, Prof. Ramesh Bhatia, Sunita Sen",email_853
pn5,mg354,attends,"Attendees: Dr. Ananya Chatterjee, Dr. Michael Bradley, Prof. Ramesh Bhatia, Sunita Sen",email_853
pn2,mg354,attends,"Attendees: Dr. Ananya Chatterjee, Dr. Michael Bradley, Prof. Ramesh Bhatia, Sunita Sen",email_853
pn19,mg354,attends,"Attendees: Dr. Ananya Chatterjee, Dr. Michael Bradley, Prof. Ramesh Bhatia, Sunita Sen",email_853
pn1,mg295,attends,I am pleased to confirm our internal review meeting for 18th June 2021 at 16:30 IST / 11:00 GMT / 03:00 PST,email_672
pn2,mg295,attends,I am pleased to confirm our internal review meeting for 18th June 2021 at 16:30 IST / 11:00 GMT / 03:00 PST,email_672
pn19,mg295,attends,I am pleased to confirm our internal review meeting for 18th June 2021 at 16:30 IST / 11:00 GMT / 03:00 PST,email_672
pn5,mg295,attends,I am pleased to confirm our internal review meeting for 18th June 2021 at 16:30 IST / 11:00 GMT / 03:00 PST,email_672
pn1,mg1,attends,"If everyone agrees, I propose scheduling a meeting next week to finalize the project details.",email_2
pn2,mg1,attends,"If everyone agrees, I propose scheduling a meeting next week to finalize the project details.",email_2
pn1,mg379,attends,"A gentle reminder: the technical note’s first full draft will integrate figures and supplementary legal templates by 19 September, so input on both the event description and registration materials by the end of tomorrow would be immensely helpful to keep all deliverables on schedule.",email_915
pn19,mg379,attends,"A gentle reminder: the technical note’s first full draft will integrate figures and supplementary legal templates by 19 September, so input on both the event description and registration materials by the end of tomorrow would be immensely helpful to keep all deliverables on schedule.",email_915
pn5,mg379,attends,"A gentle reminder: the technical note’s first full draft will integrate figures and supplementary legal templates by 19 September, so input on both the event description and registration materials by the end of tomorrow would be immensely helpful to keep all deliverables on schedule.",email_915
pn2,mg379,attends,"A gentle reminder: the technical note’s first full draft will integrate figures and supplementary legal templates by 19 September, so input on both the event description and registration materials by the end of tomorrow would be immensely helpful to keep all deliverables on schedule.",email_915
pn1,mg376,attends,I am pleased to confirm my availability for a short preparatory call on 16 September;,email_911
pn19,mg376,attends,I am pleased to confirm my availability for a short preparatory call on 16 September;,email_911
pn5,mg376,attends,I am pleased to confirm my availability for a short preparatory call on 16 September;,email_911
pn2,mg376,attends,I am pleased to confirm my availability for a short preparatory call on 16 September;,email_911
pn1,mg409,attends,Thank you all for an extremely efficient and focused Zoom meeting yesterday.,email_986
pn2,mg409,attends,Thank you all for an extremely efficient and focused Zoom meeting yesterday.,email_986
pn5,mg409,attends,Thank you all for an extremely efficient and focused Zoom meeting yesterday.,email_986
pn19,mg409,attends,Thank you all for an extremely efficient and focused Zoom meeting yesterday.,email_986
pn5,mg332,attends,Our meeting will take place on 10 October at 11:00 UK / 15:30 IST / 03:00 US Pacific.,email_784
pn2,mg332,attends,Our meeting will take place on 10 October at 11:00 UK / 15:30 IST / 03:00 US Pacific.,email_784
pn1,mg332,attends,Our meeting will take place on 10 October at 11:00 UK / 15:30 IST / 03:00 US Pacific.,email_784
pn19,mg332,attends,Our meeting will take place on 10 October at 11:00 UK / 15:30 IST / 03:00 US Pacific.,email_784
pn1,mg116,attends,Looking forward to your feedback and to a seamless rehearsal next week.,email_271
pn5,mg116,attends,Looking forward to your feedback and to a seamless rehearsal next week.,email_271
pn2,mg116,attends,Looking forward to your feedback and to a seamless rehearsal next week.,email_271
pn19,mg116,attends,Looking forward to your feedback and to a seamless rehearsal next week.,email_271
pn5,mg351,attends,midday 6 March (12:30 GMT) works well for me.,email_850
pn1,mg351,attends,"Sunita, once I circulate my compliance summary tomorrow, you can incorporate any required editorial changes prior to our meeting.",email_850
pn19,mg351,attends,"Michael, please let us know if this fits your schedule.",email_850
pn2,mg351,attends,"Ramesh, for confirming the status of the repository and your rapid accessibility check.",email_850
pn19,mg78,attends,Ahead of our discussion on 16 August,email_171
pn1,mg78,attends,Ahead of our discussion on 16 August,email_171
pn5,mg78,attends,Ahead of our discussion on 16 August,email_171
pn2,mg78,attends,Ahead of our discussion on 16 August,email_171
pn1,mg57,attends,Google Meet session,email_126
pn2,mg57,attends,Google Meet session,email_126
pn19,mg57,attends,Google Meet session,email_126
pn1,mg200,attends,"I propose Friday, 15 November, at 15:00 IST / 09:30 BST / 01:30 PST",email_458
pn5,mg200,attends,"I propose Friday, 15 November, at 15:00 IST / 09:30 BST / 01:30 PST",email_458
pn19,mg200,attends,"I propose Friday, 15 November, at 15:00 IST / 09:30 BST / 01:30 PST",email_458
pn5,mg42,attends,"If everyone agrees, I am happy to set up a Google Meet and circulate the link later today.",email_88
pn2,mg42,attends,"If everyone agrees, I am happy to set up a Google Meet and circulate the link later today.",email_88
pn1,mg42,attends,"If everyone agrees, I am happy to set up a Google Meet and circulate the link later today.",email_88
pn19,mg42,attends,"If everyone agrees, I am happy to set up a Google Meet and circulate the link later today.",email_88
pn2,mg354,attends,articulation of all discussion points and action items from our 6 March camera-ready coordination call.,email_854
pn1,mg354,attends,articulation of all discussion points and action items from our 6 March camera-ready coordination call.,email_854
pn9,mg354,attends,articulation of all discussion points and action items from our 6 March camera-ready coordination call.,email_854
pn1,mg251,attends,chat/email support channel verification at 11:00 BST,email_585
pn19,c13,attends,"Sunita, please count me in for preparation of slides or demonstration snippets if needed for the IACS media team/webinar.",email_256
pn1,c13,attends,"Sunita, please count me in for preparation of slides or demonstration snippets if needed for the IACS media team/webinar.",email_256
pn1,mg199,attends,progress review on 16 October,email_445
pn5,mg199,attends,progress review on 16 October,email_445
pn19,mg199,attends,progress review on 16 October,email_445
pn2,mg199,attends,progress review on 16 October,email_445
pn1,mg322,attends,I am pleased to confirm our meeting is scheduled for 19 July at 18:30 IST / 14:00 BST / 06:00 PDT.,email_765
pn15,mg322,attends,"Thank you, Ramesh, for consolidating everyone’s availability and outlining such a comprehensive agenda for tomorrow’s Project Retrospective & Workflow Reference review.",email_765
pn16,mg322,attends,"Ananya and Ramesh, if you could prepare your lesson highlights, it will streamline our oral summaries and actionable takeaways.",email_765
pn14,mg322,attends,"Michael, thank you for offering to walk us through your visual workflow draft – it’s uploaded and ready for collaborative annotation.",email_765
pn1,mg10,attends,"For the 23rd April check-in at 3 PM IST, I propose the following agenda:",email_14
pn19,mg10,attends,"For the 23rd April check-in at 3 PM IST, I propose the following agenda:",email_14
pn9,mg10,attends,"For the 23rd April check-in at 3 PM IST, I propose the following agenda:",email_14
pn2,mg10,attends,"For the 23rd April check-in at 3 PM IST, I propose the following agenda:",email_14
pn5,mg10,attends,"For the 23rd April check-in at 3 PM IST, I propose the following agenda:",email_14
pn19,mg320,attends,I am also available on 19 or 20 July between 06:00–09:30 PDT,email_763
pn9,mg320,attends,I am also available on 19 or 20 July between 06:00–09:30 PDT,email_763
pn1,mg320,attends,I am also available on 19 or 20 July between 06:00–09:30 PDT,email_763
pn2,mg320,attends,I am also available on 19 or 20 July between 06:00–09:30 PDT,email_763
pn1,mg80,attends,could we schedule a 45-minute Google Meet on 6 September at 16:30 IST / 12:00 BST / 04:00 PDT?,email_184
pn2,mg80,attends,could we schedule a 45-minute Google Meet on 6 September at 16:30 IST / 12:00 BST / 04:00 PDT?,email_184
pn19,mg80,attends,could we schedule a 45-minute Google Meet on 6 September at 16:30 IST / 12:00 BST / 04:00 PDT?,email_184
pn5,mg80,attends,could we schedule a 45-minute Google Meet on 6 September at 16:30 IST / 12:00 BST / 04:00 PDT?,email_184
pn1,c30,attends,I look forward to a polished rehearsal and our upcoming contribution to JCDL 2023!,email_693
pn19,c30,attends,I look forward to a polished rehearsal and our upcoming contribution to JCDL 2023!,email_693
pn2,c30,attends,I look forward to a polished rehearsal and our upcoming contribution to JCDL 2023!,email_693
pn5,c30,attends,I look forward to a polished rehearsal and our upcoming contribution to JCDL 2023!,email_693
pn5,mg84,attends,I am happy to report that I can accommodate a meeting on either 5 or 6 November during the proposed time slot (10:00–13:00 IST / 05:30–08:30 BST / 21:30–00:30 PDT),email_194
pn1,mg84,attends,I am happy to report that I can accommodate a meeting on either 5 or 6 November during the proposed time slot (10:00–13:00 IST / 05:30–08:30 BST / 21:30–00:30 PDT),email_194
pn19,mg84,attends,I am happy to report that I can accommodate a meeting on either 5 or 6 November during the proposed time slot (10:00–13:00 IST / 05:30–08:30 BST / 21:30–00:30 PDT),email_194
pn2,mg84,attends,I am happy to report that I can accommodate a meeting on either 5 or 6 November during the proposed time slot (10:00–13:00 IST / 05:30–08:30 BST / 21:30–00:30 PDT),email_194
pn1,mg24,attends,ahead of our group review on the 23rd,email_43
pn2,mg24,attends,ahead of our group review on the 23rd,email_43
pn19,mg24,attends,ahead of our group review on the 23rd,email_43
pn19,mg154,attends,"For the virtual meeting, late afternoons IST are generally workable for me.",email_354
pn19,mg263,attends,"Once these steps are complete, I will coordinate a short Zoom meeting for an internal walkthrough and final checklist validation before uploading to JOCCH.",email_607
pn1,mg263,attends,"Once these steps are complete, I will coordinate a short Zoom meeting for an internal walkthrough and final checklist validation before uploading to JOCCH.",email_607
pn5,mg263,attends,"Once these steps are complete, I will coordinate a short Zoom meeting for an internal walkthrough and final checklist validation before uploading to JOCCH.",email_607
pn2,mg263,attends,"Once these steps are complete, I will coordinate a short Zoom meeting for an internal walkthrough and final checklist validation before uploading to JOCCH.",email_607
pn1,mg387,attends,I confirm my availability for the 16:30 IST / 12:00 BST / 04:00 PDT slot.,email_928
pn2,mg387,attends,I confirm my availability for the 16:30 IST / 12:00 BST / 04:00 PDT slot.,email_928
pn5,mg387,attends,I confirm my availability for the 16:30 IST / 12:00 BST / 04:00 PDT slot.,email_928
pn5,mg398,attends,"The proposed meeting time on Friday (5 January, 16:00–17:00 IST) is convenient for me as well.",email_956
pn1,mg398,attends,"The proposed meeting time on Friday (5 January, 16:00–17:00 IST) is convenient for me as well.",email_956
pn2,mg398,attends,"The proposed meeting time on Friday (5 January, 16:00–17:00 IST) is convenient for me as well.",email_956
pn19,mg398,attends,"The proposed meeting time on Friday (5 January, 16:00–17:00 IST) is convenient for me as well.",email_956
pn19,mg233,attends,I’m pleased to confirm that 7 May at 12:00 noon BST / 4:30pm IST / 7:00am PST works well for me for a brief team check-in.,email_558
pn5,mg233,attends,I’m pleased to confirm that 7 May at 12:00 noon BST / 4:30pm IST / 7:00am PST works well for me for a brief team check-in.,email_558
pn1,mg233,attends,I’m pleased to confirm that 7 May at 12:00 noon BST / 4:30pm IST / 7:00am PST works well for me for a brief team check-in.,email_558
pn2,mg233,attends,I’m pleased to confirm that 7 May at 12:00 noon BST / 4:30pm IST / 7:00am PST works well for me for a brief team check-in.,email_558
pn1,mg178,attends,I am keen to discuss both the substantive feedback we received at ACL and the best pathway for a full journal article.,email_401
pn2,mg178,attends,"Dear Michael, Prof. Bhatia, and Ananya,",email_401
pn5,mg178,attends,"Dear Michael, Prof. Bhatia, and Ananya,",email_401
pn19,mg178,attends,"Dear Michael, Prof. Bhatia, and Ananya,",email_401
pn1,c1,attends,substantive feedback we received at ACL,email_401
pn1,mg236,attends,Sunita and I have scheduled a focused working session tomorrow to finalize the draft agenda for the tutorial/workshop.,email_561
pn2,mg236,attends,Sunita and I have scheduled a focused working session tomorrow to finalize the draft agenda for the tutorial/workshop.,email_561
pn1,mg323,attends,"Sunita Sen, Prof. Ramesh Bhatia, Dr. Michael Bradley, Dr. Ananya Chatterjee",email_766
pn2,mg323,attends,"Sunita Sen, Prof. Ramesh Bhatia, Dr. Michael Bradley, Dr. Ananya Chatterjee",email_766
pn19,mg323,attends,"Sunita Sen, Prof. Ramesh Bhatia, Dr. Michael Bradley, Dr. Ananya Chatterjee",email_766
pn5,mg323,attends,"Sunita Sen, Prof. Ramesh Bhatia, Dr. Michael Bradley, Dr. Ananya Chatterjee",email_766
pn9,mg34,attends,"I support Ananya’s proposal to meet today, 21 June, at 16:30–17:00 IST via Google Meet (https://meet.google.com/bpu-wxry-avf)",email_66
pn11,mg34,attends,"I support Ananya’s proposal to meet today, 21 June, at 16:30–17:00 IST via Google Meet (https://meet.google.com/bpu-wxry-avf)",email_66
pn8,mg34,attends,"I support Ananya’s proposal to meet today, 21 June, at 16:30–17:00 IST via Google Meet (https://meet.google.com/bpu-wxry-avf)",email_66
pn1,mg339,attends,Could you all please indicate your broad availability for a meeting between 3–5th March 2022?,email_820
pn2,mg339,attends,Could you all please indicate your broad availability for a meeting between 3–5th March 2022?,email_820
pn5,mg339,attends,Could you all please indicate your broad availability for a meeting between 3–5th March 2022?,email_820
pn19,mg339,attends,Could you all please indicate your broad availability for a meeting between 3–5th March 2022?,email_820
pn1,mg144,attends,Please let me know your availability for a brief Zoom meeting early next week to align on responsibilities,email_321
pn2,mg144,attends,Please let me know your availability for a brief Zoom meeting early next week to align on responsibilities,email_321
pn19,mg144,attends,Please let me know your availability for a brief Zoom meeting early next week to align on responsibilities,email_321
pn5,mg144,attends,Please let me know your availability for a brief Zoom meeting early next week to align on responsibilities,email_321
pn1,mg149,attends,Zoom Meeting Link: https://us02web.zoom.us/j/88546712309?pwd=Z2VjMDNmWkZjUUpEN05HVVhiZzRXQT09 Meeting ID: 885 4671 2309 Passcode: histNLP23,email_326
pn7,mg149,attends,Zoom Meeting Link: https://us02web.zoom.us/j/88546712309?pwd=Z2VjMDNmWkZjUUpEN05HVVhiZzRXQT09 Meeting ID: 885 4671 2309 Passcode: histNLP23,email_326
pn8,mg149,attends,Zoom Meeting Link: https://us02web.zoom.us/j/88546712309?pwd=Z2VjMDNmWkZjUUpEN05HVVhiZzRXQT09 Meeting ID: 885 4671 2309 Passcode: histNLP23,email_326
pn9,mg149,attends,Zoom Meeting Link: https://us02web.zoom.us/j/88546712309?pwd=Z2VjMDNmWkZjUUpEN05HVVhiZzRXQT09 Meeting ID: 885 4671 2309 Passcode: histNLP23,email_326
pn10,mg2,attends,"I am available for a video meeting on any day between 10 and 13 June, preferably in the afternoon IST (which conveniently aligns with my late morning/early afternoon here in Oxford).",email_368
pn1,mg2,attends,"I am available for a video meeting on any day between 10 and 13 June, preferably in the afternoon IST (which conveniently aligns with my late morning/early afternoon here in Oxford).",email_368
pn1,mg2,attends,before our 24 April meeting.,email_876
pn2,mg2,attends,before our 24 April meeting.,email_876
pn5,mg2,attends,before our 24 April meeting.,email_876
pn19,mg2,attends,before our 24 April meeting.,email_876
pn1,mg377,attends,To ensure an efficient and focused meeting during our 16:00–17:00 IST call today,email_913
pn19,mg377,attends,To ensure an efficient and focused meeting during our 16:00–17:00 IST call today,email_913
pn5,mg377,attends,To ensure an efficient and focused meeting during our 16:00–17:00 IST call today,email_913
pn2,mg377,attends,To ensure an efficient and focused meeting during our 16:00–17:00 IST call today,email_913
pn2,c38,attends,Confirmation of most suitable session slot (18th–22nd September),email_913
pn5,mg36,attends,"For the coordination meeting, I am available both Monday (30 August) and Tuesday (31 August) after 14:00 IST, but I am flexible if there are other preferences.",email_73
pn1,mg160,attends,"If there are urgent issues or if a brief call is preferred, I am available (with short notice) throughout today and tomorrow morning",email_363
pn1,c36,attends,I have now accessed the ACL2024 author portal and completed the presenter confirmation form as required.,email_862
pn1,mg357,attends,I propose we use our 25 March Zoom review for a quick walkthrough and final sign-off before uploading the full camera-ready package.,email_862
pn5,mg357,attends,I propose we use our 25 March Zoom review for a quick walkthrough and final sign-off before uploading the full camera-ready package.,email_862
pn19,mg357,attends,I propose we use our 25 March Zoom review for a quick walkthrough and final sign-off before uploading the full camera-ready package.,email_862
pn1,mg181,attends,Let’s aim to review all materials and finalize integration plans during a short call mid-next week.,email_411
pn2,mg181,attends,Let’s aim to review all materials and finalize integration plans during a short call mid-next week.,email_411
pn19,mg181,attends,Let’s aim to review all materials and finalize integration plans during a short call mid-next week.,email_411
pn9,mg181,attends,Let’s aim to review all materials and finalize integration plans during a short call mid-next week.,email_411
pn1,mg129,attends,Perhaps we could schedule a short meeting next week to make a final decision and delineate writing responsibilities?,email_293
pn2,mg129,attends,Perhaps we could schedule a short meeting next week to make a final decision and delineate writing responsibilities?,email_293
pn5,mg129,attends,Perhaps we could schedule a short meeting next week to make a final decision and delineate writing responsibilities?,email_293
pn19,mg129,attends,"Please share your availability for 3–5 October, and Michael, let us know if you need any specific data points or feedback as you prepare the comparative matrix.",email_293
pn1,mg112,attends,Sunita Sen is the sender of the email and is expected to attend the meeting.,email_263
pn19,mg112,attends,Dr. Michael Bradley is listed in the header and is expected to attend the meeting.,email_263
pn5,mg112,attends,Ananya Chatterjee drafted the agenda and is expected to attend the meeting.,email_263
pn2,mg112,attends,Prof. Ramesh Bhatia is listed in the header and is expected to attend the meeting.,email_263
pn1,mg173,attends,Please be online at least 30 minutes before the session starts to allow for any last-minute technical checks (I suggest 1:00 PM BST / 5:30 PM IST / 5:00 AM PDT).,email_395
pn19,mg173,attends,Please be online at least 30 minutes before the session starts to allow for any last-minute technical checks (I suggest 1:00 PM BST / 5:30 PM IST / 5:00 AM PDT).,email_395
pn5,mg173,attends,Please be online at least 30 minutes before the session starts to allow for any last-minute technical checks (I suggest 1:00 PM BST / 5:30 PM IST / 5:00 AM PDT).,email_395
pn2,mg147,attends,I confirm my availability for the Zoom meeting on 22 January at 16:00 UTC.,email_324
pn1,mg147,attends,I confirm my availability for the Zoom meeting on 22 January at 16:00 UTC.,email_324
pn1,mg261,attends,See you all on Zoom shortly.,email_598
pn5,mg361,attends,"Regarding the planning call, 24 April at 16:00 GMT works perfectly for me",email_870
pn19,mg361,attends,"Thank you, Michael, for offering to host; I look forward to receiving the Zoom invite",email_870
pn1,mg361,attends,"Dear Michael, Sunita, and Ramesh",email_870
pn2,mg361,attends,"Dear Michael, Sunita, and Ramesh",email_870
pn1,mg289,attends,look forward to our 4 December meeting for a comprehensive submission review,email_658
pn2,mg289,attends,look forward to our 4 December meeting for a comprehensive submission review,email_658
pn9,mg289,attends,look forward to our 4 December meeting for a comprehensive submission review,email_658
pn19,mg289,attends,look forward to our 4 December meeting for a comprehensive submission review,email_658
pn1,mg300,attends,"Dear Sunita, Ramesh, and Ananya, Thank you all for your enthusiastic responses and confirmations of availability for our coordination meeting.",email_688
pn2,mg300,attends,"Dear Sunita, Ramesh, and Ananya, Thank you all for your enthusiastic responses and confirmations of availability for our coordination meeting.",email_688
pn5,mg300,attends,"Dear Sunita, Ramesh, and Ananya, Thank you all for your enthusiastic responses and confirmations of availability for our coordination meeting.",email_688
pn19,mg300,attends,Looking forward to a productive conversation and propelling our preparations for JCDL 2023.,email_688
pn1,c30,attends,Looking forward to a productive conversation and propelling our preparations for JCDL 2023.,email_688
pn2,c30,attends,Looking forward to a productive conversation and propelling our preparations for JCDL 2023.,email_688
pn5,c30,attends,Looking forward to a productive conversation and propelling our preparations for JCDL 2023.,email_688
pn1,mg87,attends,I am also available for asynchronous discussions and will be happy to adjust the drafts based on your specific feedback ahead of our progress meeting on 9 February.,email_211
pn19,mg87,attends,I am also available for asynchronous discussions and will be happy to adjust the drafts based on your specific feedback ahead of our progress meeting on 9 February.,email_211
pn2,mg87,attends,I am also available for asynchronous discussions and will be happy to adjust the drafts based on your specific feedback ahead of our progress meeting on 9 February.,email_211
pn5,mg87,attends,I am also available for asynchronous discussions and will be happy to adjust the drafts based on your specific feedback ahead of our progress meeting on 9 February.,email_211
pn1,mg83,attends,I am available for a Zoom call on any of the following dates: 5 November (10:00–13:00 IST),email_193
pn1,mg210,attends,"Attendance: Ananya Chatterjee, Ramesh Bhatia, Michael Bradley, Sunita Sen",email_474
pn5,mg210,attends,"Attendance: Ananya Chatterjee, Ramesh Bhatia, Michael Bradley, Sunita Sen",email_474
pn2,mg210,attends,"Attendance: Ananya Chatterjee, Ramesh Bhatia, Michael Bradley, Sunita Sen",email_474
pn19,mg210,attends,"Attendance: Ananya Chatterjee, Ramesh Bhatia, Michael Bradley, Sunita Sen",email_474
pn2,mg248,attends,I confirm my availability for the proposed virtual huddle at 18:00 BST / 22:30 IST / 10:00 PDT on 28 May,email_581
pn1,mg248,attends,"Sunita and Ananya, please let us know if this slot works for you as well",email_581
pn5,mg248,attends,"Sunita and Ananya, please let us know if this slot works for you as well",email_581
pn19,mg38,attends,Looking forward to seeing everyone virtually and making further progress toward submission!,email_75
pn1,mg38,attends,Looking forward to seeing everyone virtually and making further progress toward submission!,email_75
pn2,mg38,attends,Looking forward to seeing everyone virtually and making further progress toward submission!,email_75
pn9,mg38,attends,Looking forward to seeing everyone virtually and making further progress toward submission!,email_75
pn5,mg2,attends,"Dear Ananya, Ramesh, and Sunita, Thank you all for your excellent participation in yesterday’s session.",email_635
pn2,mg2,attends,"Dear Ananya, Ramesh, and Sunita, Thank you all for your excellent participation in yesterday’s session.",email_635
pn1,mg2,attends,"Dear Ananya, Ramesh, and Sunita, Thank you all for your excellent participation in yesterday’s session.",email_635
pn19,mg2,attends,"Dear Ananya, Ramesh, and Sunita, Thank you all for your excellent participation in yesterday’s session.",email_635
pn5,mg253,attends,"I confirm my availability for the suggested debrief session at 17:00 BST / 21:30 IST / 09:00 PDT today, 1 June, via the provided Zoom link.",email_587
pn2,mg253,attends,"Thank you, Ramesh, for your kind acknowledgment and for proposing a timely debrief.",email_587
pn1,mg253,attends,"Thank you, Ramesh, for your kind acknowledgment and for proposing a timely debrief.",email_587
pn19,mg253,attends,"Thank you, Ramesh, for your kind acknowledgment and for proposing a timely debrief.",email_587
pn1,mg89,attends,Please let me know if this aligns with your upcoming compliance and data handling updates.,email_213
pn19,mg89,attends,Please let me know if this aligns with your upcoming compliance and data handling updates.,email_213
pn2,mg89,attends,Please let me know if this aligns with your upcoming compliance and data handling updates.,email_213
pn1,mg40,attends,"Sunita Sen, Prof. Ramesh Bhatia, Dr. Michael Bradley, Dr. Ananya Chatterjee",email_77
pn2,mg40,attends,"Sunita Sen, Prof. Ramesh Bhatia, Dr. Michael Bradley, Dr. Ananya Chatterjee",email_77
pn19,mg40,attends,"Sunita Sen, Prof. Ramesh Bhatia, Dr. Michael Bradley, Dr. Ananya Chatterjee",email_77
pn5,mg40,attends,"Sunita Sen, Prof. Ramesh Bhatia, Dr. Michael Bradley, Dr. Ananya Chatterjee",email_77
pn5,mg18,attends,"Thank you, Ananya, for confirming the meeting time and circulating both the Google Meet link and your exceptionally detailed interpretability memo.",email_24
pn19,mg18,attends,"Michael, I appreciate your willingness to contact Stanford colleagues regarding the pilot annotation exercise.",email_24
pn1,mg18,attends,"Sunita, your suggestion to root this pilot in explanations associated with residual error illustrates our commitment to actionable evaluation.",email_24
pn2,mg18,attends,Looking forward to our discussion and the next phase of our project.,email_24
pn1,mg138,attends,"Our next coordination meeting will take place on Thursday, 12 October at 17:00 CET",email_307
pn2,mg138,attends,"Our next coordination meeting will take place on Thursday, 12 October at 17:00 CET",email_307
pn5,mg138,attends,"Our next coordination meeting will take place on Thursday, 12 October at 17:00 CET",email_307
pn19,mg138,attends,"Our next coordination meeting will take place on Thursday, 12 October at 17:00 CET",email_307
pn1,mg22,attends,Looking forward to seeing everyone at the synthesis session,email_33
pn2,mg22,attends,Looking forward to seeing everyone at the synthesis session,email_33
pn19,mg22,attends,Looking forward to seeing everyone at the synthesis session,email_33
pn5,mg22,attends,Looking forward to seeing everyone at the synthesis session,email_33
pn1,mg2,attends,"I am available on both 25 and 26 November, preferably between 14:00–16:00 GMT",email_469
pn2,mg2,attends,"I am available on both 25 and 26 November, preferably between 14:00–16:00 GMT",email_469
pn19,mg2,attends,"I am available on both 25 and 26 November, preferably between 14:00–16:00 GMT",email_469
pn8,mg134,attends,Thank you all for the clear action points and the encouraging momentum following our October 3rd meeting.,email_300
pn1,mg134,attends,Thank you all for the clear action points and the encouraging momentum following our October 3rd meeting.,email_300
pn2,mg134,attends,Thank you all for the clear action points and the encouraging momentum following our October 3rd meeting.,email_300
pn5,mg134,attends,Thank you all for the clear action points and the encouraging momentum following our October 3rd meeting.,email_300
pn2,mg369,attends,"may I propose a short Zoom check-in to address any final queries, discuss manuscript assembly logistics, and resolve outstanding checklist points?",email_886
pn19,mg369,attends,"may I propose a short Zoom check-in to address any final queries, discuss manuscript assembly logistics, and resolve outstanding checklist points?",email_886
pn5,mg369,attends,"may I propose a short Zoom check-in to address any final queries, discuss manuscript assembly logistics, and resolve outstanding checklist points?",email_886
pn1,mg369,attends,"may I propose a short Zoom check-in to address any final queries, discuss manuscript assembly logistics, and resolve outstanding checklist points?",email_886
pn2,mg287,attends,I look forward to our live Zoom review on 4 December,email_656
pn5,mg287,attends,I look forward to our live Zoom review on 4 December,email_656
pn1,mg287,attends,I look forward to our live Zoom review on 4 December,email_656
pn19,mg287,attends,I look forward to our live Zoom review on 4 December,email_656
pn2,mg309,attends,"I am pleased to confirm the arrangements for our debrief call scheduled for Friday, 28 April at 5:00 PM IST / 12:30 PM BST / 4:30 AM PDT.",email_714
pn1,mg309,attends,"I am pleased to confirm the arrangements for our debrief call scheduled for Friday, 28 April at 5:00 PM IST / 12:30 PM BST / 4:30 AM PDT.",email_714
pn19,mg309,attends,"I am pleased to confirm the arrangements for our debrief call scheduled for Friday, 28 April at 5:00 PM IST / 12:30 PM BST / 4:30 AM PDT.",email_714
pn5,mg309,attends,"I am pleased to confirm the arrangements for our debrief call scheduled for Friday, 28 April at 5:00 PM IST / 12:30 PM BST / 4:30 AM PDT.",email_714
pn1,mg151,attends,"Your oral presentation, ""Provenance-Aware NLP for Historical Texts: Annotation, Compliance, and Synthetic Instance Protocols"" (Submission ID: SUB-ACL-2021-0471), is scheduled as follows:",email_346
pn13,mg151,attends,"Your oral presentation, ""Provenance-Aware NLP for Historical Texts: Annotation, Compliance, and Synthetic Instance Protocols"" (Submission ID: SUB-ACL-2021-0471), is scheduled as follows:",email_346
pn5,mg276,attends,Zoom Link for the Meeting: https://us02web.zoom.us/j/88271927388?pwd=collabsession,email_634
pn19,mg276,attends,Zoom Link for the Meeting: https://us02web.zoom.us/j/88271927388?pwd=collabsession,email_634
pn2,mg276,attends,Zoom Link for the Meeting: https://us02web.zoom.us/j/88271927388?pwd=collabsession,email_634
pn1,mg276,attends,Zoom Link for the Meeting: https://us02web.zoom.us/j/88271927388?pwd=collabsession,email_634
pn19,mg390,attends,"Tuesday, 31 October, at 17:00 IST works for me.",email_936
pn5,mg390,attends,"Tuesday, 31 October, at 17:00 IST works for me.",email_936
pn1,mg390,attends,"Tuesday, 31 October, at 17:00 IST works for me.",email_936
pn2,mg390,attends,"Tuesday, 31 October, at 17:00 IST works for me.",email_936
pn1,mg285,attends,Thank you for the consolidated update and the Doodle link for our meeting.,email_653
pn5,mg285,attends,Thank you for the consolidated update and the Doodle link for our meeting.,email_653
pn2,mg285,attends,Thank you for the consolidated update and the Doodle link for our meeting.,email_653
pn19,mg285,attends,Thank you for the consolidated update and the Doodle link for our meeting.,email_653
pn1,mg408,attends,Thank you for confirming participation in the pre-consolidation Zoom call scheduled for 19:30 IST today.,email_985
pn2,mg408,attends,Thank you for confirming participation in the pre-consolidation Zoom call scheduled for 19:30 IST today.,email_985
pn5,mg408,attends,Thank you for confirming participation in the pre-consolidation Zoom call scheduled for 19:30 IST today.,email_985
pn19,mg408,attends,Thank you for confirming participation in the pre-consolidation Zoom call scheduled for 19:30 IST today.,email_985
pn1,mg294,attends,"I suggest scheduling a team meeting (week of 4 March) to synchronize on progress, share feedback, and confirm all revision points have been comprehensively addressed.",email_665
pn2,mg294,attends,"I suggest scheduling a team meeting (week of 4 March) to synchronize on progress, share feedback, and confirm all revision points have been comprehensively addressed.",email_665
pn19,mg294,attends,"I suggest scheduling a team meeting (week of 4 March) to synchronize on progress, share feedback, and confirm all revision points have been comprehensively addressed.",email_665
pn1,mg65,attends,"Based on the feedback, it appears that 20 April in the late afternoon IST will accommodate everyone’s preferences and time zones most comfortably.",email_703
pn19,mg65,attends,"Based on the feedback, it appears that 20 April in the late afternoon IST will accommodate everyone’s preferences and time zones most comfortably.",email_703
pn2,mg65,attends,"Based on the feedback, it appears that 20 April in the late afternoon IST will accommodate everyone’s preferences and time zones most comfortably.",email_703
pn5,mg65,attends,"Based on the feedback, it appears that 20 April in the late afternoon IST will accommodate everyone’s preferences and time zones most comfortably.",email_703
pn1,c30,attends,continuing our preparations for a successful JCDL 2023 session.,email_703
pn19,c30,attends,continuing our preparations for a successful JCDL 2023 session.,email_703
pn2,c30,attends,continuing our preparations for a successful JCDL 2023 session.,email_703
pn5,c30,attends,continuing our preparations for a successful JCDL 2023 session.,email_703
pn2,mg96,attends,"Attendees: Ananya, Sunita, Michael, Ramesh",email_226
pn1,mg96,attends,"Attendees: Ananya, Sunita, Michael, Ramesh",email_226
pn19,mg96,attends,"Attendees: Ananya, Sunita, Michael, Ramesh",email_226
pn5,mg96,attends,"Attendees: Ananya, Sunita, Michael, Ramesh",email_226
pn1,mg367,attends,Looking forward to tomorrow’s session and to collectively finalizing our submission strategy.,email_879
pn1,mg36,attends,"On the coordination meeting, the proposed slot—15 December, 15:30–16:00 IST—works perfectly for me.",email_89
pn2,mg36,attends,Thank you for the coordinated action plan and your swift responses regarding the JOCCH minor revisions.,email_89
pn19,mg36,attends,Thank you for the coordinated action plan and your swift responses regarding the JOCCH minor revisions.,email_89
pn5,mg36,attends,"On the coordination meeting, the proposed slot—15 December, 15:30–16:00 IST—works perfectly for me.",email_89
pn1,mg103,attends,"Meeting Summary (12 June, 2021)",email_243
pn2,mg103,attends,"Meeting Summary (12 June, 2021)",email_243
pn19,mg103,attends,"Meeting Summary (12 June, 2021)",email_243
pn5,mg103,attends,"Meeting Summary (12 June, 2021)",email_243
pn2,mg11,attends,I am pleased to see such coordinated preparation from each of you.,email_15
pn19,mg11,attends,"Thank you, Michael, for outlining an excellent agenda for tomorrow’s check-in and confirming receipt of the relevant materials from Sunita.",email_15
pn1,mg11,attends,"Thank you, Michael, for outlining an excellent agenda for tomorrow’s check-in and confirming receipt of the relevant materials from Sunita.",email_15
pn5,mg11,attends,"Thank you, Michael, for outlining an excellent agenda for tomorrow’s check-in and confirming receipt of the relevant materials from Sunita.",email_15
pn2,c1,attends,"I am confident that our coordinated approach and transparent communication will lead to a strong, well-argued response for the ACL reviewers.",email_826
pn1,c1,attends,"I am confident that our coordinated approach and transparent communication will lead to a strong, well-argued response for the ACL reviewers.",email_826
pn19,c1,attends,"I am confident that our coordinated approach and transparent communication will lead to a strong, well-argued response for the ACL reviewers.",email_826
pn5,c1,attends,"I am confident that our coordinated approach and transparent communication will lead to a strong, well-argued response for the ACL reviewers.",email_826
pn19,mg52,attends,Looking forward to refining our materials and to our joint discussion on Thursday,email_125
pn1,mg52,attends,Looking forward to refining our materials and to our joint discussion on Thursday,email_125
pn2,mg52,attends,Looking forward to refining our materials and to our joint discussion on Thursday,email_125
pn5,mg52,attends,Looking forward to refining our materials and to our joint discussion on Thursday,email_125
pn2,mg37,attends,"If the majority is available on Monday (30 August), I suggest we finalize for then.",email_74
pn1,mg37,attends,"If the majority is available on Monday (30 August), I suggest we finalize for then.",email_74
pn9,mg37,attends,"If the majority is available on Monday (30 August), I suggest we finalize for then.",email_74
pn19,mg37,attends,"If the majority is available on Monday (30 August), I suggest we finalize for then.",email_74
pn2,mg37,attends,"Otherwise, Tuesday works equally well.",email_74
pn1,mg37,attends,"Otherwise, Tuesday works equally well.",email_74
pn9,mg37,attends,"Otherwise, Tuesday works equally well.",email_74
pn19,mg37,attends,"Otherwise, Tuesday works equally well.",email_74
pn1,mg340,attends,"Wednesday, 3rd March 2022, at 15:00 GMT",email_823
pn2,mg340,attends,"Wednesday, 3rd March 2022, at 15:00 GMT",email_823
pn19,mg340,attends,"Wednesday, 3rd March 2022, at 15:00 GMT",email_823
pn5,mg340,attends,"Wednesday, 3rd March 2022, at 15:00 GMT",email_823
pn5,c19,attends,I am looking forward to seeing the announcement go live and to our session at JCDL 2022.,email_490
pn1,c19,attends,I am looking forward to seeing the announcement go live and to our session at JCDL 2022.,email_490
pn2,c19,attends,I am looking forward to seeing the announcement go live and to our session at JCDL 2022.,email_490
pn5,mg54,attends,"The 12:00–16:00 UK window works well on both days for me, and this should indeed be convenient across our time zones.",email_122
pn1,mg54,attends,"Once Sunita confirms her availability, I suggest we finalize the exact date and time",email_122
pn2,mg54,attends,"The 12:00–16:00 UK window works well on both days for me, and this should indeed be convenient across our time zones.",email_122
pn19,mg54,attends,"The 12:00–16:00 UK window works well on both days for me, and this should indeed be convenient across our time zones.",email_122
pn1,mg246,attends,"As the official pre-event communication is scheduled to be disseminated to all registered participants today at 09:00 BST / 13:30 IST,",email_579
pn15,mg246,attends,"Ramesh, I’ll coordinate with you to promptly log and triage any responses regarding session access or last-minute technical concerns.",email_579
pn14,mg246,attends,"Michael, your appended troubleshooting checklist and attached PDF are both clear and accessible;",email_579
pn19,mg145,attends,The proposed Zoom meeting on 22 January at 16:00 UTC works well for me.,email_322
pn1,mg145,attends,The proposed Zoom meeting on 22 January at 16:00 UTC works well for me.,email_322
pn2,mg145,attends,The proposed Zoom meeting on 22 January at 16:00 UTC works well for me.,email_322
pn5,mg145,attends,The proposed Zoom meeting on 22 January at 16:00 UTC works well for me.,email_322
pn1,mg195,attends,"I am generally available on 15, 16, and 17 October between 15:00-17:00 IST (10:30-12:30 BST / 02:30-04:30 PDT).",email_440
pn5,mg195,attends,"I am generally available on 15, 16, and 17 October between 15:00-17:00 IST (10:30-12:30 BST / 02:30-04:30 PDT).",email_440
pn19,mg32,attends,"If you encounter any challenges during integration, please let me know so we can coordinate a quick troubleshooting session—perhaps via Google Meet on short notice.",email_63
pn1,mg32,attends,"If you encounter any challenges during integration, please let me know so we can coordinate a quick troubleshooting session—perhaps via Google Meet on short notice.",email_63
pn19,mg206,attends,Looking forward to synthesizing our ideas during the meeting on 15 November.,email_464
pn1,mg206,attends,Looking forward to synthesizing our ideas during the meeting on 15 November.,email_464
pn5,mg206,attends,Looking forward to synthesizing our ideas during the meeting on 15 November.,email_464
pn2,mg206,attends,Looking forward to synthesizing our ideas during the meeting on 15 November.,email_464
pn1,mg164,attends,Looking forward to our meeting and to finalizing a high-quality submission.,email_372
pn2,mg164,attends,Looking forward to our meeting and to finalizing a high-quality submission.,email_372
pn19,mg164,attends,Looking forward to our meeting and to finalizing a high-quality submission.,email_372
pn9,mg164,attends,Looking forward to our meeting and to finalizing a high-quality submission.,email_372
pn19,mg8,attends,"I will make my comments and preliminary analysis available ahead of our 23rd April check-in, so that we may align on next steps.",email_12
pn1,mg8,attends,"I will make my comments and preliminary analysis available ahead of our 23rd April check-in, so that we may align on next steps.",email_12
pn2,mg8,attends,"I will make my comments and preliminary analysis available ahead of our 23rd April check-in, so that we may align on next steps.",email_12
pn1,mg153,attends,I am generally available for a Zoom session between 22 and 27 April,email_353
pn19,mg153,attends,I am generally available for a Zoom session between 22 and 27 April,email_353
pn5,mg153,attends,I am generally available for a Zoom session between 22 and 27 April,email_353
pn19,mg14,attends,Thank you for your prompt attendance and engagement in today’s check-in meeting.,email_560
pn5,mg266,attends,"Could we also possibly arrange a 30-minute coordination call on Friday, 8 March, at 16:00 IST / 10:30 GMT / 2:30 PST, via Google Meet (https://meet.google.com/nlp-jocch-revision)?",email_975
pn1,mg266,attends,"Could we also possibly arrange a 30-minute coordination call on Friday, 8 March, at 16:00 IST / 10:30 GMT / 2:30 PST, via Google Meet (https://meet.google.com/nlp-jocch-revision)?",email_975
pn2,mg266,attends,"Could we also possibly arrange a 30-minute coordination call on Friday, 8 March, at 16:00 IST / 10:30 GMT / 2:30 PST, via Google Meet (https://meet.google.com/nlp-jocch-revision)?",email_975
pn19,mg266,attends,"Could we also possibly arrange a 30-minute coordination call on Friday, 8 March, at 16:00 IST / 10:30 GMT / 2:30 PST, via Google Meet (https://meet.google.com/nlp-jocch-revision)?",email_975
pn1,mg82,attends,schedule a follow-up Zoom meeting,email_192
pn2,mg82,attends,schedule a follow-up Zoom meeting,email_192
pn5,mg82,attends,schedule a follow-up Zoom meeting,email_192
pn19,mg82,attends,schedule a follow-up Zoom meeting,email_192
pn1,mg41,attends,Please reply with your earliest availability for a 30-minute slot between 14–17 December,email_86
pn2,mg41,attends,Please reply with your earliest availability for a 30-minute slot between 14–17 December,email_86
pn19,mg41,attends,Please reply with your earliest availability for a 30-minute slot between 14–17 December,email_86
pn5,mg41,attends,Please reply with your earliest availability for a 30-minute slot between 14–17 December,email_86
pn1,mg185,attends,Meeting Minutes—17th February 2020,email_415
pn2,mg185,attends,Meeting Minutes—17th February 2020,email_415
pn19,mg185,attends,Meeting Minutes—17th February 2020,email_415
pn5,mg185,attends,Meeting Minutes—17th February 2020,email_415
pn19,mg207,attends,"If convenient for all, 25 November at 14:30 GMT (20:00 IST / 06:30 PST) would work well for me;",email_470
pn19,mg94,attends,I am available for the Zoom call on 26 March,email_224
pn5,c2,attends,Ananya’s suggestion to align our short-form dissemination with forthcoming EMNLP or JDoc technical forums aligns well with the project’s objectives and practical impact.,email_1001
pn5,c45,attends,Ananya’s suggestion to align our short-form dissemination with forthcoming EMNLP or JDoc technical forums aligns well with the project’s objectives and practical impact.,email_1001
pn2,mg370,attends,"The suggested check-in slot—11 May, 16:00–17:00 IST / 11:30–12:30 BST / 03:30–04:30 PDT—works perfectly for me. Pending Michael’s and Sunita’s confirmation, I have provisionally set up a Zoom call at that time",email_887
pn19,mg370,attends,"The suggested check-in slot—11 May, 16:00–17:00 IST / 11:30–12:30 BST / 03:30–04:30 PDT—works perfectly for me. Pending Michael’s and Sunita’s confirmation, I have provisionally set up a Zoom call at that time",email_887
pn1,mg370,attends,"The suggested check-in slot—11 May, 16:00–17:00 IST / 11:30–12:30 BST / 03:30–04:30 PDT—works perfectly for me. Pending Michael’s and Sunita’s confirmation, I have provisionally set up a Zoom call at that time",email_887
pn5,mg370,attends,"The suggested check-in slot—11 May, 16:00–17:00 IST / 11:30–12:30 BST / 03:30–04:30 PDT—works perfectly for me. Pending Michael’s and Sunita’s confirmation, I have provisionally set up a Zoom call at that time",email_887
pn1,mg43,attends,"I have scheduled our Google Meet session for 7th November 2019, from 15:30 to 16:00 IST.",email_90
pn2,mg43,attends,"I have scheduled our Google Meet session for 7th November 2019, from 15:30 to 16:00 IST.",email_90
pn19,mg43,attends,"I have scheduled our Google Meet session for 7th November 2019, from 15:30 to 16:00 IST.",email_90
pn5,mg43,attends,"I have scheduled our Google Meet session for 7th November 2019, from 15:30 to 16:00 IST.",email_90
pn1,mg247,attends,could we schedule a brief virtual huddle at 18:00 BST / 22:30 IST / 10:00 PDT on 28 May (tomorrow)?,email_580
pn2,mg247,attends,could we schedule a brief virtual huddle at 18:00 BST / 22:30 IST / 10:00 PDT on 28 May (tomorrow)?,email_580
pn5,mg247,attends,could we schedule a brief virtual huddle at 18:00 BST / 22:30 IST / 10:00 PDT on 28 May (tomorrow)?,email_580
pn2,mg88,attends,"For the upcoming meeting, I am generally available 8–10 February between 11:00–17:00 IST.",email_209
pn1,mg249,attends,I confirm that the proposed meeting time today—18:00 BST / 22:30 IST / 10:00 PDT—works perfectly for me.,email_582
pn2,mg249,attends,I confirm that the proposed meeting time today—18:00 BST / 22:30 IST / 10:00 PDT—works perfectly for me.,email_582
pn19,mg249,attends,I confirm that the proposed meeting time today—18:00 BST / 22:30 IST / 10:00 PDT—works perfectly for me.,email_582
pn5,mg249,attends,I confirm that the proposed meeting time today—18:00 BST / 22:30 IST / 10:00 PDT—works perfectly for me.,email_582
pn1,mg152,attends,Please indicate your availability for a Zoom meeting between 22 and 27 April.,email_352
pn19,mg152,attends,Please indicate your availability for a Zoom meeting between 22 and 27 April.,email_352
pn5,mg152,attends,Please indicate your availability for a Zoom meeting between 22 and 27 April.,email_352
pn1,mg199,attends,"As promised, I am sharing the Google Meet link for our progress review, scheduled for 16 October at 15:30 IST / 11:00 BST / 03:00 PDT:",email_444
pn19,mg199,attends,"As promised, I am sharing the Google Meet link for our progress review, scheduled for 16 October at 15:30 IST / 11:00 BST / 03:00 PDT:",email_444
pn2,mg199,attends,"As promised, I am sharing the Google Meet link for our progress review, scheduled for 16 October at 15:30 IST / 11:00 BST / 03:00 PDT:",email_444
pn5,mg199,attends,"As promised, I am sharing the Google Meet link for our progress review, scheduled for 16 October at 15:30 IST / 11:00 BST / 03:00 PDT:",email_444
pn19,mg49,attends,"perhaps we can schedule a short Zoom call next week (2 March, same time as our previous meeting)",email_111
pn2,mg49,attends,"perhaps we can schedule a short Zoom call next week (2 March, same time as our previous meeting)",email_111
pn1,mg49,attends,"perhaps we can schedule a short Zoom call next week (2 March, same time as our previous meeting)",email_111
pn5,mg49,attends,"perhaps we can schedule a short Zoom call next week (2 March, same time as our previous meeting)",email_111
pn1,mg334,attends,Could we perhaps set up a brief synchronous call in early November to finalize the division of topics and clarify any institutional segments?,email_797
pn5,mg334,attends,Could we perhaps set up a brief synchronous call in early November to finalize the division of topics and clarify any institutional segments?,email_797
pn19,mg334,attends,Could we perhaps set up a brief synchronous call in early November to finalize the division of topics and clarify any institutional segments?,email_797
pn2,mg334,attends,Could we perhaps set up a brief synchronous call in early November to finalize the division of topics and clarify any institutional segments?,email_797
pn10,mg232,attends,"I am available for a brief check-in on either 7 or 8 May, preferably 12:00 noon BST",email_557
pn16,mg259,attends,"Thank you, Ananya, for putting together such a comprehensive and well-structured draft agenda for our upcoming 10 June sync call.",email_596
pn21,mg259,attends,"Dear Ananya, Sunita, and Ramesh,",email_596
pn15,mg259,attends,"Dear Ananya, Sunita, and Ramesh,",email_596
pn19,mg259,attends,"Looking forward to an efficient, collegial meeting and to continuing our progress towards a robust, well-integrated report.",email_596
pn19,mg119,attends,"As a final logistical note: on the day, I will join the Zoom webinar room 30 minutes ahead of schedule to confirm A/V, screen sharing, and backup recording.",email_276
pn2,mg1,attends,"I have registered my slot preferences and am available on 4, 5, and 8 March as indicated",email_670
pn2,mg2,attends,"I have registered my slot preferences and am available on 4, 5, and 8 March as indicated",email_670
pn2,mg3,attends,"I have registered my slot preferences and am available on 4, 5, and 8 March as indicated",email_670
pn1,mg256,attends,I’ve placed preliminary deadline and formatting comparison tables in the “Submission_Planning” folder for our review ahead of the 10 June meeting.,email_592
pn2,mg256,attends,I’ve placed preliminary deadline and formatting comparison tables in the “Submission_Planning” folder for our review ahead of the 10 June meeting.,email_592
pn16,mg256,attends,I’ve placed preliminary deadline and formatting comparison tables in the “Submission_Planning” folder for our review ahead of the 10 June meeting.,email_592
pn19,mg256,attends,I’ve placed preliminary deadline and formatting comparison tables in the “Submission_Planning” folder for our review ahead of the 10 June meeting.,email_592
pn19,mg142,attends,Meeting Attendees: Dr. Michael Bradley (Stanford),email_313
pn5,mg142,attends,Meeting Attendees: Dr. Ananya Chatterjee (Oxford),email_313
pn2,mg142,attends,Meeting Attendees: Prof. Ramesh Bhatia (IACS),email_313
pn1,mg142,attends,Meeting Attendees: Sunita Sen (IACS),email_313
pn1,mg62,attends,Looking forward to connecting on Zoom as soon as the poll consensus emerges,email_142
pn2,mg62,attends,Looking forward to connecting on Zoom as soon as the poll consensus emerges,email_142
pn5,mg62,attends,Looking forward to connecting on Zoom as soon as the poll consensus emerges,email_142
pn1,mg71,attends,"I am available on 2 and 4 August between 14:00–17:00 UTC, with a slight preference for Google Meet",email_161
pn9,mg71,attends,"I am available on 2 and 4 August between 14:00–17:00 UTC, with a slight preference for Google Meet",email_161
pn2,mg71,attends,"I am available on 2 and 4 August between 14:00–17:00 UTC, with a slight preference for Google Meet",email_161
pn19,mg71,attends,"I am available on 2 and 4 August between 14:00–17:00 UTC, with a slight preference for Google Meet",email_161
pn14,mg133,attends,Thank you all for your active engagement during yesterday’s meeting,email_298
pn16,mg133,attends,Thank you all for your active engagement during yesterday’s meeting,email_298
pn15,mg133,attends,Thank you all for your active engagement during yesterday’s meeting,email_298
pn1,mg133,attends,Thank you all for your active engagement during yesterday’s meeting,email_298
pn1,mg311,attends,Meeting Minutes – JCDL 2023 Debrief (2nd August 2021),email_717
pn2,mg311,attends,Meeting Minutes – JCDL 2023 Debrief (2nd August 2021),email_717
pn19,mg311,attends,Meeting Minutes – JCDL 2023 Debrief (2nd August 2021),email_717
pn5,mg311,attends,Meeting Minutes – JCDL 2023 Debrief (2nd August 2021),email_717
pn1,mg102,attends,"Based on everyone’s availability, our sign-off meeting is set for 12 June, 16:00 IST / 11:30 BST / 3:30 AM PDT.",email_242
pn2,mg102,attends,"Based on everyone’s availability, our sign-off meeting is set for 12 June, 16:00 IST / 11:30 BST / 3:30 AM PDT.",email_242
pn19,mg102,attends,"Based on everyone’s availability, our sign-off meeting is set for 12 June, 16:00 IST / 11:30 BST / 3:30 AM PDT.",email_242
pn5,mg102,attends,"Based on everyone’s availability, our sign-off meeting is set for 12 June, 16:00 IST / 11:30 BST / 3:30 AM PDT.",email_242
pn1,mg282,attends,I echo Sunita’s proposal regarding a Zoom meeting—afternoons between 2–6 December (GMT) work for me as well.,email_650
pn2,mg282,attends,I echo Sunita’s proposal regarding a Zoom meeting—afternoons between 2–6 December (GMT) work for me as well.,email_650
pn5,mg282,attends,I echo Sunita’s proposal regarding a Zoom meeting—afternoons between 2–6 December (GMT) work for me as well.,email_650
pn19,mg282,attends,I echo Sunita’s proposal regarding a Zoom meeting—afternoons between 2–6 December (GMT) work for me as well.,email_650
pn5,mg212,attends,"Let’s schedule a brief (max. 20-minute) Google Meet or Zoom call tomorrow to finalize the announcement date, ensuring seamless coordination across international time zones and media teams.",email_498
pn1,mg212,attends,"Let’s schedule a brief (max. 20-minute) Google Meet or Zoom call tomorrow to finalize the announcement date, ensuring seamless coordination across international time zones and media teams.",email_498
pn2,mg212,attends,"Let’s schedule a brief (max. 20-minute) Google Meet or Zoom call tomorrow to finalize the announcement date, ensuring seamless coordination across international time zones and media teams.",email_498
pn19,mg212,attends,"Let’s schedule a brief (max. 20-minute) Google Meet or Zoom call tomorrow to finalize the announcement date, ensuring seamless coordination across international time zones and media teams.",email_498
pn1,mg317,attends,"For our consolidation meeting (16 May, 14:30 IST)",email_732
pn2,mg317,attends,"For our consolidation meeting (16 May, 14:30 IST)",email_732
pn5,mg317,attends,"For our consolidation meeting (16 May, 14:30 IST)",email_732
pn19,mg317,attends,"For our consolidation meeting (16 May, 14:30 IST)",email_732
pn5,mg28,attends,"I am happy to confirm my availability for Wednesday, 2nd June, at 16:30 IST (12:00 BST / 04:00 PDT)",email_53
pn2,mg28,attends,"Ramesh, your proposed agenda captures all the key action points and should provide a solid framework for our discussion.",email_53
pn19,mg28,attends,"Michael, your proposed agenda captures all the key action points and should provide a solid framework for our discussion.",email_53
pn1,mg28,attends,"Sunita, your proposed agenda captures all the key action points and should provide a solid framework for our discussion.",email_53
pn1,mg120,attends,"I am pleased to confirm that the public registration link for our “NLP Methods for Historical Data: Global Challenges, Local Contexts” webinar is now live and accessible to all invitees:",email_277
pn19,mg120,attends,"I am pleased to confirm that the public registration link for our “NLP Methods for Historical Data: Global Challenges, Local Contexts” webinar is now live and accessible to all invitees:",email_277
pn5,mg120,attends,"I am pleased to confirm that the public registration link for our “NLP Methods for Historical Data: Global Challenges, Local Contexts” webinar is now live and accessible to all invitees:",email_277
pn2,mg120,attends,"I am pleased to confirm that the public registration link for our “NLP Methods for Historical Data: Global Challenges, Local Contexts” webinar is now live and accessible to all invitees:",email_277
pn1,mg47,attends,confirm my availability for the Zoom review call on 20 January at 4:00 pm IST,email_106
pn2,mg47,attends,confirm my availability for the Zoom review call on 20 January at 4:00 pm IST,email_106
pn19,mg47,attends,confirm my availability for the Zoom review call on 20 January at 4:00 pm IST,email_106
pn5,mg47,attends,confirm my availability for the Zoom review call on 20 January at 4:00 pm IST,email_106
pn19,c30,attends,I am looking forward to sharing the fruits of our collaboration with the wider community at JCDL 2023.,email_710
pn15,c30,attends,I am looking forward to sharing the fruits of our collaboration with the wider community at JCDL 2023.,email_710
pn21,c30,attends,I am looking forward to sharing the fruits of our collaboration with the wider community at JCDL 2023.,email_710
pn16,c30,attends,I am looking forward to sharing the fruits of our collaboration with the wider community at JCDL 2023.,email_710
pn1,mg240,attends,Let us monitor registration numbers over the next few days and reconvene after the internal demo run-through on 19 May to review initial outreach impacts and address any logistical concerns.,email_571
pn19,mg240,attends,Let us monitor registration numbers over the next few days and reconvene after the internal demo run-through on 19 May to review initial outreach impacts and address any logistical concerns.,email_571
pn5,mg240,attends,Let us monitor registration numbers over the next few days and reconvene after the internal demo run-through on 19 May to review initial outreach impacts and address any logistical concerns.,email_571
pn2,mg240,attends,Let us monitor registration numbers over the next few days and reconvene after the internal demo run-through on 19 May to review initial outreach impacts and address any logistical concerns.,email_571
pn1,c25,attends,"Internal registration for presenters and panelists is pre-filled, so everyone on this email is already confirmed for the event.",email_571
pn19,c25,attends,"Internal registration for presenters and panelists is pre-filled, so everyone on this email is already confirmed for the event.",email_571
pn5,c25,attends,"Internal registration for presenters and panelists is pre-filled, so everyone on this email is already confirmed for the event.",email_571
pn2,c25,attends,"Internal registration for presenters and panelists is pre-filled, so everyone on this email is already confirmed for the event.",email_571
pn1,mg277,attends,"Can you please advise your preferred time for a quick meeting (either August 17th, late afternoon IST, or August 18th morning IST)?",email_637
pn9,mg277,attends,"Can you please advise your preferred time for a quick meeting (either August 17th, late afternoon IST, or August 18th morning IST)?",email_637
pn1,mg55,attends,"consolidation call, data sharing/archival considerations, outlining immediate next steps for a potential tutorial proposal",email_123
pn2,mg55,attends,"consolidation call, data sharing/archival considerations, outlining immediate next steps for a potential tutorial proposal",email_123
pn5,mg55,attends,"consolidation call, data sharing/archival considerations, outlining immediate next steps for a potential tutorial proposal",email_123
pn19,mg55,attends,"consolidation call, data sharing/archival considerations, outlining immediate next steps for a potential tutorial proposal",email_123
pn1,mg168,attends,I have set up a Zoom meeting for our convenience,email_385
pn2,mg168,attends,I have set up a Zoom meeting for our convenience,email_385
pn19,mg168,attends,I have set up a Zoom meeting for our convenience,email_385
pn5,mg168,attends,I have set up a Zoom meeting for our convenience,email_385
pn19,mg36,attends,"I am available for a coordination meeting any day between 2–4 April, preferably between 16:00–18:00 BST / 08:00–10:00 PDT / 20:30–22:30 IST.",email_685
pn5,mg196,attends,"I would like to confirm my general availability on 15 and 16 October between 10:30–12:30 BST, which should align well with the windows noted by Prof. Bhatia.",email_441
pn1,mg196,attends,"Michael and Sunita, please confirm if the suggested slot suits your respective time zones.",email_441
pn19,mg196,attends,"Michael and Sunita, please confirm if the suggested slot suits your respective time zones.",email_441
pn2,mg196,attends,"I would like to confirm my general availability on 15 and 16 October between 10:30–12:30 BST, which should align well with the windows noted by Prof. Bhatia.",email_441
pn5,c19,attends,"For the agenda, I propose we add a brief segment to discuss future joint presentations—perhaps at JCDL 2022—now that our JOCCH procedures are well-documented.",email_441
pn1,c19,attends,"For the agenda, I propose we add a brief segment to discuss future joint presentations—perhaps at JCDL 2022—now that our JOCCH procedures are well-documented.",email_441
pn19,c19,attends,"For the agenda, I propose we add a brief segment to discuss future joint presentations—perhaps at JCDL 2022—now that our JOCCH procedures are well-documented.",email_441
pn2,c19,attends,"For the agenda, I propose we add a brief segment to discuss future joint presentations—perhaps at JCDL 2022—now that our JOCCH procedures are well-documented.",email_441
pn1,mg288,attends,As for the upcoming Zoom review on 4 December,email_657
pn2,mg288,attends,As for the upcoming Zoom review on 4 December,email_657
pn5,mg288,attends,As for the upcoming Zoom review on 4 December,email_657
pn19,mg288,attends,As for the upcoming Zoom review on 4 December,email_657
pn2,mg189,attends,"I propose we tentatively set our next internal call for Thursday, 26 September, at the same time slot as our previous session (15:30 IST / 11:00 BST)",email_432
pn1,mg189,attends,"I propose we tentatively set our next internal call for Thursday, 26 September, at the same time slot as our previous session (15:30 IST / 11:00 BST)",email_432
pn9,mg189,attends,"I propose we tentatively set our next internal call for Thursday, 26 September, at the same time slot as our previous session (15:30 IST / 11:00 BST)",email_432
pn8,mg189,attends,"I propose we tentatively set our next internal call for Thursday, 26 September, at the same time slot as our previous session (15:30 IST / 11:00 BST)",email_432
pn1,mg404,attends,"Thank you all for your dedicated preparations and for confirming your availability for our revision coordination call today, 8 March, at the scheduled time (16:00 IST / 10:30 GMT / 2:30 PST)",email_977
pn9,mg404,attends,"Thank you all for your dedicated preparations and for confirming your availability for our revision coordination call today, 8 March, at the scheduled time (16:00 IST / 10:30 GMT / 2:30 PST)",email_977
pn8,mg404,attends,"Thank you all for your dedicated preparations and for confirming your availability for our revision coordination call today, 8 March, at the scheduled time (16:00 IST / 10:30 GMT / 2:30 PST)",email_977
pn19,mg271,attends,"I am available for a discussion the week of August 12th, except for the 14th",email_626
pn2,mg271,attends,"I am available for a discussion the week of August 12th, except for the 14th",email_626
pn1,mg271,attends,"I am available for a discussion the week of August 12th, except for the 14th",email_626
pn5,mg271,attends,"I am available for a discussion the week of August 12th, except for the 14th",email_626
pn5,mg245,attends,I will proceed with sending the official pre-event communication to all registered participants on 26 May at 09:00 BST / 13:30 IST / 1:00 PDT.,email_578
pn1,c6,attends,IACS’s prior experience with JCDL logistics,email_535
pn2,c6,attends,IACS’s prior experience with JCDL logistics,email_535
pn5,c6,attends,"I also support proactively reaching out to the JCDL organizers—Ananya, if you have a contact, perhaps we can request clarification on any new tech requirements in advance.",email_535
pn19,mg66,attends,"Based on everyone’s availability, it appears that a session on 21 July at 16:00 UK / 20:30 IST / 08:00 PDT would work best for all.",email_155
pn5,mg66,attends,"Based on everyone’s availability, it appears that a session on 21 July at 16:00 UK / 20:30 IST / 08:00 PDT would work best for all.",email_155
pn2,mg66,attends,"Based on everyone’s availability, it appears that a session on 21 July at 16:00 UK / 20:30 IST / 08:00 PDT would work best for all.",email_155
pn1,mg66,attends,I will serve as the host for the rehearsal and coordinate timing cues.,email_155
pn1,mg399,attends,"I am writing to confirm our planning meeting for Friday, 5 January, from 16:00–17:00 IST.",email_957
pn19,mg399,attends,"I am writing to confirm our planning meeting for Friday, 5 January, from 16:00–17:00 IST.",email_957
pn5,mg399,attends,"I am writing to confirm our planning meeting for Friday, 5 January, from 16:00–17:00 IST.",email_957
pn2,mg399,attends,"I am writing to confirm our planning meeting for Friday, 5 January, from 16:00–17:00 IST.",email_957
pn1,mg234,attends,I am looking forward to our check-in on 7 May at 12:00 noon BST / 4:30pm IST / 7:00am PST.,email_559
pn19,mg234,attends,I am looking forward to our check-in on 7 May at 12:00 noon BST / 4:30pm IST / 7:00am PST.,email_559
pn5,mg234,attends,I am looking forward to our check-in on 7 May at 12:00 noon BST / 4:30pm IST / 7:00am PST.,email_559
pn2,mg234,attends,I am looking forward to our check-in on 7 May at 12:00 noon BST / 4:30pm IST / 7:00am PST.,email_559
pn19,mg2,attends,with a slight preference for 11:00–11:30 IST,email_87
pn19,mg2,attends,or 15:30–16:00 IST,email_87
pn19,c6,attends,given the significant feedback we received from JCDL participants,email_166
pn1,mg98,attends,"If everyone agrees, we can convene for a quick Zoom call on 12 June to sign off on the package before Sunita submits.",email_238
pn19,mg98,attends,"If everyone agrees, we can convene for a quick Zoom call on 12 June to sign off on the package before Sunita submits.",email_238
pn5,mg98,attends,"If everyone agrees, we can convene for a quick Zoom call on 12 June to sign off on the package before Sunita submits.",email_238
pn19,mg198,attends,I will be present and available,email_443
pn5,mg198,attends,"Ananya, thank you for offering to circulate the new Google Meet link by 9 October.",email_443
pn1,mg198,attends,"Dear Ananya, Sunita, and Prof. Bhatia,",email_443
pn2,mg198,attends,"Dear Ananya, Sunita, and Prof. Bhatia,",email_443
pn1,mg199,attends,"Participants: Prof. Ramesh Bhatia (chair), Dr. Ananya Chatterjee, Dr. Michael Bradley, Ms. Sunita Sen",email_446
pn5,mg199,attends,"Participants: Prof. Ramesh Bhatia (chair), Dr. Ananya Chatterjee, Dr. Michael Bradley, Ms. Sunita Sen",email_446
pn19,mg199,attends,"Participants: Prof. Ramesh Bhatia (chair), Dr. Ananya Chatterjee, Dr. Michael Bradley, Ms. Sunita Sen",email_446
pn2,mg199,attends,"Participants: Prof. Ramesh Bhatia (chair), Dr. Ananya Chatterjee, Dr. Michael Bradley, Ms. Sunita Sen",email_446
pn1,mg127,attends,yesterday’s sync meeting,email_286
pn1,mg238,attends,I will share the Zoom invitation separately and encourage anyone available to join for technical and flow feedback.,email_569
pn19,mg238,attends,"Michael, thank you for confirming your participation in the demo run-through scheduled for 19 May.",email_569
pn19,mg222,attends,do we want to schedule a brief internal rehearsal via Zoom after materials are finalized,email_519
pn5,mg222,attends,do we want to schedule a brief internal rehearsal via Zoom after materials are finalized,email_519
pn1,mg222,attends,do we want to schedule a brief internal rehearsal via Zoom after materials are finalized,email_519
pn2,mg222,attends,do we want to schedule a brief internal rehearsal via Zoom after materials are finalized,email_519
pn19,mg169,attends,Let’s plan a brief sync call the day before rehearsal if you want to test transitions live.,email_386
pn1,mg169,attends,Let’s plan a brief sync call the day before rehearsal if you want to test transitions live.,email_386
pn19,c18,attends,being part of the “Historical Data & Societal NLP” session should provide good thematic alignment and visibility for our work.,email_386
pn1,c18,attends,being part of the “Historical Data & Societal NLP” session should provide good thematic alignment and visibility for our work.,email_386
pn2,c18,attends,being part of the “Historical Data & Societal NLP” session should provide good thematic alignment and visibility for our work.,email_386
pn5,c18,attends,being part of the “Historical Data & Societal NLP” session should provide good thematic alignment and visibility for our work.,email_386
pn19,mg411,attends,I am available for a Zoom meeting on either 10 or 11 April,email_1003
pn5,mg331,attends,Would 11:00 UK / 15:30 IST / 03:00 US Pacific suit everyone?,email_783
pn2,mg331,attends,Would 11:00 UK / 15:30 IST / 03:00 US Pacific suit everyone?,email_783
pn1,mg331,attends,Would 11:00 UK / 15:30 IST / 03:00 US Pacific suit everyone?,email_783
pn19,mg331,attends,Would 11:00 UK / 15:30 IST / 03:00 US Pacific suit everyone?,email_783
pn1,c30,attends,I look forward to shifting focus to the presentation development and session coordination for the London event.,email_679
pn2,c30,attends,I look forward to shifting focus to the presentation development and session coordination for the London event.,email_679
pn5,c30,attends,I look forward to shifting focus to the presentation development and session coordination for the London event.,email_679
pn19,c30,attends,I look forward to shifting focus to the presentation development and session coordination for the London event.,email_679
pn1,mg383,attends,I’ll join the meeting room at 17:45 IST for a technical check and to coordinate last-minute adjustments with all of you.,email_919
pn2,mg383,attends,"Thank you, Ramesh, for distributing this comprehensive final checklist and for your thoughtful contingency planning.",email_919
pn2,mg350,attends,I would vote for a 6 March midday slot (suggesting 12:30 GMT),email_849
pn5,mg350,attends,allowing Ananya time to finalize her compliance check and document any necessary edits.,email_849
pn19,mg350,attends,Regarding Sunita’s suggestion for a brief sync call: both 5 and 6 March are feasible for me.,email_849
pn5,mg394,attends,"Regarding a virtual meeting on 7 November: I am available between 16:00 and 18:00 IST (10:30–12:30 GMT) and can make time for a focused 30-minute call within that window, either on Google Meet or Zoom.",email_947
pn1,mg394,attends,"Regarding a virtual meeting on 7 November: I am available between 16:00 and 18:00 IST (10:30–12:30 GMT) and can make time for a focused 30-minute call within that window, either on Google Meet or Zoom.",email_947
pn2,mg394,attends,"Regarding a virtual meeting on 7 November: I am available between 16:00 and 18:00 IST (10:30–12:30 GMT) and can make time for a focused 30-minute call within that window, either on Google Meet or Zoom.",email_947
pn19,mg394,attends,"Regarding a virtual meeting on 7 November: I am available between 16:00 and 18:00 IST (10:30–12:30 GMT) and can make time for a focused 30-minute call within that window, either on Google Meet or Zoom.",email_947
pn1,mg223,attends,"Let’s use the rehearsal to practice speaker transitions, gauge session timing, and troubleshoot any technical aspects with slides or internet connectivity, ensuring our presentation is seamless for the JCDL live spotlight.",email_520
pn5,mg223,attends,"Let’s use the rehearsal to practice speaker transitions, gauge session timing, and troubleshoot any technical aspects with slides or internet connectivity, ensuring our presentation is seamless for the JCDL live spotlight.",email_520
pn2,mg223,attends,"Let’s use the rehearsal to practice speaker transitions, gauge session timing, and troubleshoot any technical aspects with slides or internet connectivity, ensuring our presentation is seamless for the JCDL live spotlight.",email_520
pn1,mg124,attends,The 14:30 IST (10:00 BST / 2:00 PDT) slot on 22 September works well for me,email_283
pn2,mg124,attends,The 14:30 IST (10:00 BST / 2:00 PDT) slot on 22 September works well for me,email_283
pn5,mg124,attends,The 14:30 IST (10:00 BST / 2:00 PDT) slot on 22 September works well for me,email_283
pn5,mg412,attends,"May I propose 17:30 IST (13:00 BST, 05:00 PST), as this seems a reasonable window for all time zones?",email_1004
pn2,mg412,attends,"May I propose 17:30 IST (13:00 BST, 05:00 PST), as this seems a reasonable window for all time zones?",email_1004
pn1,mg412,attends,"May I propose 17:30 IST (13:00 BST, 05:00 PST), as this seems a reasonable window for all time zones?",email_1004
pn19,mg412,attends,"May I propose 17:30 IST (13:00 BST, 05:00 PST), as this seems a reasonable window for all time zones?",email_1004
pn1,mg407,attends,"To ensure our consolidation and final review remain efficient, I propose we gather for a brief Zoom call at 19:30 IST (15:00 CET / 7:00 PST) on 17 March to address any remaining cross-sectional issues and finalize our unified response letter.",email_984
pn9,mg407,attends,"To ensure our consolidation and final review remain efficient, I propose we gather for a brief Zoom call at 19:30 IST (15:00 CET / 7:00 PST) on 17 March to address any remaining cross-sectional issues and finalize our unified response letter.",email_984
pn19,mg407,attends,"To ensure our consolidation and final review remain efficient, I propose we gather for a brief Zoom call at 19:30 IST (15:00 CET / 7:00 PST) on 17 March to address any remaining cross-sectional issues and finalize our unified response letter.",email_984
pn1,mg22,attends,Thank you all for a highly productive synthesis meeting yesterday.,email_35
pn5,mg22,attends,Thank you all for a highly productive synthesis meeting yesterday.,email_35
pn2,mg22,attends,Thank you all for a highly productive synthesis meeting yesterday.,email_35
pn19,mg22,attends,Thank you all for a highly productive synthesis meeting yesterday.,email_35
pn1,c30,attends,Looking forward to our final preparations and a successful JCDL 2023 presentation,email_708
pn5,c30,attends,Looking forward to our final preparations and a successful JCDL 2023 presentation,email_708
pn19,c30,attends,Looking forward to our final preparations and a successful JCDL 2023 presentation,email_708
pn2,c30,attends,Looking forward to our final preparations and a successful JCDL 2023 presentation,email_708
pn1,mg306,attends,I will set reminders—per our plan—for everyone to join the Zoom session 20 minutes early,email_708
pn5,mg306,attends,I will set reminders—per our plan—for everyone to join the Zoom session 20 minutes early,email_708
pn19,mg306,attends,I will set reminders—per our plan—for everyone to join the Zoom session 20 minutes early,email_708
pn2,mg306,attends,I will set reminders—per our plan—for everyone to join the Zoom session 20 minutes early,email_708
pn5,mg336,attends,"Looking forward to seeing everyone’s outline contributions and to a constructive, focused meeting later this week.",email_800
pn2,mg336,attends,"Looking forward to seeing everyone’s outline contributions and to a constructive, focused meeting later this week.",email_800
pn19,mg336,attends,"Looking forward to seeing everyone’s outline contributions and to a constructive, focused meeting later this week.",email_800
pn1,mg336,attends,"Looking forward to seeing everyone’s outline contributions and to a constructive, focused meeting later this week.",email_800
pn1,mg228,attends,"Since Sunita suggests 11:00–13:00 IST, and Ramesh is available across a broad window, I propose we schedule for 11:30 IST on 15 April (07:00 BST / 23:00 PDT 14 April) to accommodate all time zones efficiently.",email_536
pn2,mg228,attends,"Since Sunita suggests 11:00–13:00 IST, and Ramesh is available across a broad window, I propose we schedule for 11:30 IST on 15 April (07:00 BST / 23:00 PDT 14 April) to accommodate all time zones efficiently.",email_536
pn1,c19,attends,"Ramesh, your insights from IACS’s previous JCDL involvement are especially helpful; I will draft a brief message to the conference organizers today, inquiring about any new technical or accessibility guidelines for spotlight sessions in 2022.",email_536
pn2,c19,attends,"Ramesh, your insights from IACS’s previous JCDL involvement are especially helpful; I will draft a brief message to the conference organizers today, inquiring about any new technical or accessibility guidelines for spotlight sessions in 2022.",email_536
pn19,c30,attends,as we prepare for our upcoming JCDL 2023 session,email_702
pn11,c30,attends,as we prepare for our upcoming JCDL 2023 session,email_702
pn12,c30,attends,as we prepare for our upcoming JCDL 2023 session,email_702
pn10,c30,attends,as we prepare for our upcoming JCDL 2023 session,email_702
pn19,c1,attends,having supported and attended a number of panels at previous JCDLs and ACL,email_702
pn1,mg308,attends,"debrief call on Friday, 28 April (5:00 PM IST / 12:30 PM BST / 4:30 AM PDT)",email_713
pn5,mg308,attends,"debrief call on Friday, 28 April (5:00 PM IST / 12:30 PM BST / 4:30 AM PDT)",email_713
pn19,mg308,attends,"debrief call on Friday, 28 April (5:00 PM IST / 12:30 PM BST / 4:30 AM PDT)",email_713
pn5,mg308,attends,"Ananya, could you please set up the Zoom link for our meeting and circulate it along with a calendar invite?",email_713
pn5,mg87,attends,I confirm my availability for a progress meeting during the week of 8 February.,email_208
pn1,c30,attends,As we enter the final countdown to our JCDL 2023 presentation,email_711
pn2,c30,attends,As we enter the final countdown to our JCDL 2023 presentation,email_711
pn19,c30,attends,As we enter the final countdown to our JCDL 2023 presentation,email_711
pn5,c30,attends,As we enter the final countdown to our JCDL 2023 presentation,email_711
pn1,mg190,attends,"Regarding the proposed internal call on 26 September: the timing works for me, and I look forward to our synthesis review and planning for external dissemination.",email_435
pn9,mg190,attends,"Regarding the proposed internal call on 26 September: the timing works for me, and I look forward to our synthesis review and planning for external dissemination.",email_435
pn2,mg190,attends,"Regarding the proposed internal call on 26 September: the timing works for me, and I look forward to our synthesis review and planning for external dissemination.",email_435
pn19,mg190,attends,"Regarding the proposed internal call on 26 September: the timing works for me, and I look forward to our synthesis review and planning for external dissemination.",email_435
pn1,mg353,attends,Google Meet link: https://meet.google.com/acl-cam-ready2024,email_852
pn19,mg353,attends,Google Meet link: https://meet.google.com/acl-cam-ready2024,email_852
pn2,mg353,attends,Google Meet link: https://meet.google.com/acl-cam-ready2024,email_852
pn5,mg353,attends,Google Meet link: https://meet.google.com/acl-cam-ready2024,email_852
pn1,mg111,attends,"Sunita, thank you for taking charge of sending out the Zoom invitation",email_262
pn5,mg111,attends,Looking forward to our productive meeting and to launching HistocrNLP with visibility and impact.,email_262
pn19,mg312,attends,"Let’s proceed with a Zoom call on 6 May, as you suggested, to jointly outline the interface between semantic metrics and error taxonomy",email_720
pn5,mg312,attends,"Let’s proceed with a Zoom call on 6 May, as you suggested, to jointly outline the interface between semantic metrics and error taxonomy",email_720
pn1,mg295,attends,internal review meeting conducted yesterday (18th June 2021),email_673
pn2,mg295,attends,internal review meeting conducted yesterday (18th June 2021),email_673
pn10,mg295,attends,internal review meeting conducted yesterday (18th June 2021),email_673
pn19,mg295,attends,internal review meeting conducted yesterday (18th June 2021),email_673
pn1,c30,attends,I wanted to extend my heartfelt gratitude to each of you for your immense effort and professionalism during our JCDL 2023 session earlier today.,email_712
pn5,c30,attends,I wanted to extend my heartfelt gratitude to each of you for your immense effort and professionalism during our JCDL 2023 session earlier today.,email_712
pn19,c30,attends,I wanted to extend my heartfelt gratitude to each of you for your immense effort and professionalism during our JCDL 2023 session earlier today.,email_712
pn2,c30,attends,I wanted to extend my heartfelt gratitude to each of you for your immense effort and professionalism during our JCDL 2023 session earlier today.,email_712
pn1,mg307,attends,"I propose a debrief call later this week (tentatively Friday, 28 April, 5:00 PM IST / 12:30 PM BST / 4:30 AM PDT)",email_712
pn5,mg307,attends,"I propose a debrief call later this week (tentatively Friday, 28 April, 5:00 PM IST / 12:30 PM BST / 4:30 AM PDT)",email_712
pn19,mg307,attends,"I propose a debrief call later this week (tentatively Friday, 28 April, 5:00 PM IST / 12:30 PM BST / 4:30 AM PDT)",email_712
pn2,mg307,attends,"I propose a debrief call later this week (tentatively Friday, 28 April, 5:00 PM IST / 12:30 PM BST / 4:30 AM PDT)",email_712
pn1,mg165,attends,"Sunita, Ananya, and Michael, our final camera-ready submission review meeting, scheduled for today, 11 June, from 3–5 PM IST.",email_373
pn5,mg165,attends,"Sunita, Ananya, and Michael, our final camera-ready submission review meeting, scheduled for today, 11 June, from 3–5 PM IST.",email_373
pn19,mg165,attends,"Sunita, Ananya, and Michael, our final camera-ready submission review meeting, scheduled for today, 11 June, from 3–5 PM IST.",email_373
pn2,mg165,attends,"Sunita, Ananya, and Michael, our final camera-ready submission review meeting, scheduled for today, 11 June, from 3–5 PM IST.",email_373
pn19,mg177,attends,"Tuesday, 30 July: 4:00 PM IST / 11:30 AM BST / 3:30 AM PDT",email_400
pn1,mg231,attends,I am fully flexible for a team call between 10–13 June (IST evenings).,email_555
pn1,mg107,attends,I propose Wednesday 9 August or Thursday 10 August for our Zoom meeting,email_258
pn19,mg107,attends,I propose Wednesday 9 August or Thursday 10 August for our Zoom meeting,email_258
pn2,mg107,attends,I propose Wednesday 9 August or Thursday 10 August for our Zoom meeting,email_258
pn1,mg48,attends,Review call scheduled for 20 January,email_107
pn2,mg48,attends,Review call scheduled for 20 January,email_107
pn19,mg48,attends,Review call scheduled for 20 January,email_107
pn9,mg48,attends,Review call scheduled for 20 January,email_107
pn1,mg51,attends,I am available for the 2 March Zoom meeting and would be glad to address any questions then.,email_113
pn5,mg239,attends,I am excited for our internal run-through on 19 May and will be present to help test survey distribution and breakout flows.,email_570
pn1,mg172,attends,"Sunita led the presentation smoothly, maintaining clear articulation and appropriate pacing.",email_391
pn2,mg172,attends,Michael delivered the dataset demo with well-timed transitions between slides and live asset display.,email_391
pn19,mg172,attends,"Ananya fielded practice Q&A segments, providing concise responses to questions around historical corpus provenance and dataset representativeness.",email_391
pn1,c15,attends,Please confirm your readiness for the conference session on 25 July.,email_391
pn2,c15,attends,Please confirm your readiness for the conference session on 25 July.,email_391
pn19,c15,attends,Please confirm your readiness for the conference session on 25 July.,email_391
pn5,c15,attends,Please confirm your readiness for the conference session on 25 July.,email_391
pn1,mg368,attends,Thank you all for attending today’s planning and internal review session.,email_880
pn2,mg368,attends,Thank you all for attending today’s planning and internal review session.,email_880
pn19,mg368,attends,Thank you all for attending today’s planning and internal review session.,email_880
pn5,mg368,attends,Thank you all for attending today’s planning and internal review session.,email_880
pn1,mg321,attends,"Based on everyone's indicated preferences, the optimal window for our review meeting appears to be 19 July at 18:30 IST / 14:00 BST / 06:00 PDT.",email_764
pn5,mg321,attends,"Based on everyone's indicated preferences, the optimal window for our review meeting appears to be 19 July at 18:30 IST / 14:00 BST / 06:00 PDT.",email_764
pn19,mg321,attends,"Based on everyone's indicated preferences, the optimal window for our review meeting appears to be 19 July at 18:30 IST / 14:00 BST / 06:00 PDT.",email_764
pn2,mg321,attends,"Based on everyone's indicated preferences, the optimal window for our review meeting appears to be 19 July at 18:30 IST / 14:00 BST / 06:00 PDT.",email_764
pn5,mg61,attends,I look forward to locking in our meeting time to finalize the division of tasks.,email_141
pn1,mg242,attends,"Please confirm availability at your earliest convenience, and feel free to propose an alternative if this time is inconvenient.",email_575
pn2,mg242,attends,"Please confirm availability at your earliest convenience, and feel free to propose an alternative if this time is inconvenient.",email_575
pn19,mg242,attends,"Please confirm availability at your earliest convenience, and feel free to propose an alternative if this time is inconvenient.",email_575
pn5,mg242,attends,"Please confirm availability at your earliest convenience, and feel free to propose an alternative if this time is inconvenient.",email_575
pn19,mg91,attends,Thank you for your active participation in yesterday’s progress call and for your detailed pre-meeting updates.,email_216
pn1,mg91,attends,Thank you for your active participation in yesterday’s progress call and for your detailed pre-meeting updates.,email_216
pn2,mg91,attends,Thank you for your active participation in yesterday’s progress call and for your detailed pre-meeting updates.,email_216
pn5,mg91,attends,Thank you for your active participation in yesterday’s progress call and for your detailed pre-meeting updates.,email_216
pn5,mg130,attends,"Ananya, your insights into digital humanities publication trends will be valuable when we make the final decision.",email_294
pn19,mg130,attends,"Michael, once you have a draft of the matrix ready, feel free to circulate it beforehand or present during the call.",email_294
pn1,mg130,attends,"Sunita, please let us know if your timeline aligns with the above, and if there are any additional institutional constraints or preferences to factor in regarding submission.",email_294
pn2,mg130,attends,I am available on both 3 and 5 October between 14:00–17:00 IST (09:30–12:30 BST / 01:30–04:30 PDT),email_294
pn1,mg215,attends,Sunita Sen (IACS),email_501
pn2,mg215,attends,Prof. Ramesh Bhatia (IACS),email_501
pn5,mg215,attends,Dr. Ananya Chatterjee (Oxford),email_501
pn19,mg215,attends,Dr. Michael Bradley (Stanford),email_501
pn5,mg202,attends,the originally suggested time on 15 November (15:00 IST / 09:30 BST / 01:30 PST) is perfectly workable for me.,email_460
pn19,mg202,attends,the originally suggested time on 15 November (15:00 IST / 09:30 BST / 01:30 PST) is perfectly workable for me.,email_460
pn5,mg202,attends,"However, I am happy to shift the meeting by 30 minutes later to 15:30 IST if that would be more comfortable for Michael and others.",email_460
pn19,mg202,attends,"However, I am happy to shift the meeting by 30 minutes later to 15:30 IST if that would be more comfortable for Michael and others.",email_460
pn5,c19,attends,I am confident that our joint efforts will lead to an FAQ annex that genuinely strengthens our communications infrastructure for JCDL 2022 and other forthcoming collaborations.,email_460
pn1,mg183,attends,"Based on your preferences, I propose we meet on 15 August at 2:30pm BST / 7pm IST / 6:30am PDT (Stanford)",email_413
pn16,mg183,attends,"Based on your preferences, I propose we meet on 15 August at 2:30pm BST / 7pm IST / 6:30am PDT (Stanford)",email_413
pn2,mg183,attends,"Based on your preferences, I propose we meet on 15 August at 2:30pm BST / 7pm IST / 6:30am PDT (Stanford)",email_413
pn19,mg183,attends,"Based on your preferences, I propose we meet on 15 August at 2:30pm BST / 7pm IST / 6:30am PDT (Stanford)",email_413
pn1,mg137,attends,"The scheduled time (12 October, 17:00 CET/21:30 IST) works for me.",email_306
pn5,mg137,attends,"The scheduled time (12 October, 17:00 CET/21:30 IST) works for me.",email_306
pn19,mg137,attends,"The scheduled time (12 October, 17:00 CET/21:30 IST) works for me.",email_306
pn9,mg122,attends,"Regarding a sync-up meeting, both 22 and 23 September are currently open in my diary;",email_280
pn1,mg122,attends,"Regarding a sync-up meeting, both 22 and 23 September are currently open in my diary;",email_280
pn1,c19,attends,I look forward to our continued collaboration as we prepare for the JCDL 2022 conference program and future research outputs.,email_504
pn5,c19,attends,I look forward to our continued collaboration as we prepare for the JCDL 2022 conference program and future research outputs.,email_504
pn2,c19,attends,I look forward to our continued collaboration as we prepare for the JCDL 2022 conference program and future research outputs.,email_504
pn19,c19,attends,I look forward to our continued collaboration as we prepare for the JCDL 2022 conference program and future research outputs.,email_504
pn5,mg77,attends,"Ananya, Ramesh, and Michael, I am sharing the Google Meet link for our session: Google Meet on 16 August, 15:00 UTC",email_170
pn19,mg77,attends,"Ananya, Ramesh, and Michael, I am sharing the Google Meet link for our session: Google Meet on 16 August, 15:00 UTC",email_170
pn2,mg77,attends,"Ananya, Ramesh, and Michael, I am sharing the Google Meet link for our session: Google Meet on 16 August, 15:00 UTC",email_170
pn5,mg262,attends,Meeting Minutes (30th October 2020):,email_599
pn1,mg262,attends,Meeting Minutes (30th October 2020):,email_599
pn2,mg262,attends,Meeting Minutes (30th October 2020):,email_599
pn1,mg186,attends,"I suggest we meet on Thursday, 12 September, at 15:30 IST (11:00 BST, 03:00 PDT)",email_429
pn16,mg186,attends,"I suggest we meet on Thursday, 12 September, at 15:30 IST (11:00 BST, 03:00 PDT)",email_429
pn19,mg186,attends,"I suggest we meet on Thursday, 12 September, at 15:30 IST (11:00 BST, 03:00 PDT)",email_429
pn2,mg186,attends,"I suggest we meet on Thursday, 12 September, at 15:30 IST (11:00 BST, 03:00 PDT)",email_429
pn1,mg162,attends,"group call on 11 June, 3–5 PM IST",email_370
pn2,mg162,attends,"group call on 11 June, 3–5 PM IST",email_370
pn9,mg162,attends,"group call on 11 June, 3–5 PM IST",email_370
pn19,mg162,attends,"group call on 11 June, 3–5 PM IST",email_370
pn21,mg2,attends,The meeting on April 8th suits my schedule as well,email_4
pn2,mg2,attends,The meeting on April 8th suits my schedule as well,email_4
pn1,mg400,attends,Meeting Minutes – 10th January 2022 (16:00–17:00 IST),email_958
pn2,mg400,attends,Meeting Minutes – 10th January 2022 (16:00–17:00 IST),email_958
pn19,mg218,attends,"both proposed timeframes—Monday, 31 March (late morning GMT)",email_514
pn1,mg218,attends,"both proposed timeframes—Monday, 31 March (late morning GMT)",email_514
pn5,mg218,attends,"both proposed timeframes—Monday, 31 March (late morning GMT)",email_514
pn2,mg218,attends,"both proposed timeframes—Monday, 31 March (late morning GMT)",email_514
pn19,mg218,attends,"Tuesday, 1 April (afternoon GMT)",email_514
pn1,mg218,attends,"Tuesday, 1 April (afternoon GMT)",email_514
pn5,mg218,attends,"Tuesday, 1 April (afternoon GMT)",email_514
pn1,mg292,attends,"I am pleased to confirm our JCDL 2023 submission review and coordination meeting for today, 4 December, at 14:30 GMT as scheduled.",email_661
pn2,mg292,attends,"I am pleased to confirm our JCDL 2023 submission review and coordination meeting for today, 4 December, at 14:30 GMT as scheduled.",email_661
pn19,mg292,attends,"I am pleased to confirm our JCDL 2023 submission review and coordination meeting for today, 4 December, at 14:30 GMT as scheduled.",email_661
pn5,mg292,attends,"I am pleased to confirm our JCDL 2023 submission review and coordination meeting for today, 4 December, at 14:30 GMT as scheduled.",email_661
pn19,mg25,attends,I propose we schedule a virtual debrief meeting in the coming week to touch base on these points and to formally mark this submission milestone.,email_50
pn1,mg143,attends,"Please submit your revised, camera-ready version addressing the reviewers’ minor comments via the Softconf START system by 14th September 2019, 23:59 UTC.",email_320
pn13,mg143,attends,"Please submit your revised, camera-ready version addressing the reviewers’ minor comments via the Softconf START system by 14th September 2019, 23:59 UTC.",email_320
pn5,mg274,attends,I have created a Doodle poll to accommodate all our time zones for August 13th and 15th,email_631
pn19,mg274,attends,I have created a Doodle poll to accommodate all our time zones for August 13th and 15th,email_631
pn2,mg274,attends,I have created a Doodle poll to accommodate all our time zones for August 13th and 15th,email_631
pn1,mg274,attends,I have created a Doodle poll to accommodate all our time zones for August 13th and 15th,email_631
pn5,mg2,attends,"Once JCDL notification is out, I propose aiming for the week of 9–13 June for our all-hands sync.",email_553
pn2,mg2,attends,"Once JCDL notification is out, I propose aiming for the week of 9–13 June for our all-hands sync.",email_553
pn1,mg2,attends,"Once JCDL notification is out, I propose aiming for the week of 9–13 June for our all-hands sync.",email_553
pn19,mg2,attends,"Once JCDL notification is out, I propose aiming for the week of 9–13 June for our all-hands sync.",email_553
pn5,mg272,attends,August 13th or 15th preferred as I have existing commitments on the 14th.,email_627
pn1,mg272,attends,August 13th or 15th preferred as I have existing commitments on the 14th.,email_627
pn2,mg272,attends,August 13th or 15th preferred as I have existing commitments on the 14th.,email_627
pn5,mg175,attends,I confirm my availability and will log in well in advance as planned (1:00 PM BST),email_398
pn1,mg175,attends,"Sunita, your coordination with the session chair and readiness as the lead presenter ensures a smooth launch.",email_398
pn2,mg175,attends,"Prof. Bhatia, I look forward to your introduction cue ahead of Sunita’s opening slides.",email_398
pn19,mg175,attends,"Michael, thank you again for setting up the backup Zoom environment",email_398
pn1,mg12,attends,"Meeting Minutes (19th April 2019, 3-4:30 PM IST)",email_16
pn19,mg12,attends,"Meeting Minutes (19th April 2019, 3-4:30 PM IST)",email_16
pn9,mg12,attends,"Meeting Minutes (19th April 2019, 3-4:30 PM IST)",email_16
pn1,mg9,attends,I propose our next check-in for the week of 3rd May,email_16
pn19,mg9,attends,I propose our next check-in for the week of 3rd May,email_16
pn9,mg9,attends,I propose our next check-in for the week of 3rd May,email_16
pn2,mg3,attends,"I have set up the Zoom meeting for April 6th, 2019, from 3 PM to 4 PM IST.",email_5
pn1,mg3,attends,"Please ensure that you have reviewed the datasets and methodologies proposed, as well as any insights you would like to share during the meeting.",email_5
pn19,mg3,attends,"Please ensure that you have reviewed the datasets and methodologies proposed, as well as any insights you would like to share during the meeting.",email_5
pn21,mg3,attends,"Please ensure that you have reviewed the datasets and methodologies proposed, as well as any insights you would like to share during the meeting.",email_5
pn1,c11,attends,look forward to your presentation at the upcoming conference.,email_350
pn13,c11,attends,look forward to your presentation at the upcoming conference.,email_350
pn1,mg385,attends,"I propose we hold a brief consolidation meeting on 25 September (tomorrow), aiming for a 16:30 IST / 12:00 BST / 04:00 PDT slot.",email_926
pn5,mg385,attends,"I propose we hold a brief consolidation meeting on 25 September (tomorrow), aiming for a 16:30 IST / 12:00 BST / 04:00 PDT slot.",email_926
pn19,mg385,attends,"I propose we hold a brief consolidation meeting on 25 September (tomorrow), aiming for a 16:30 IST / 12:00 BST / 04:00 PDT slot.",email_926
pn2,mg385,attends,"I propose we hold a brief consolidation meeting on 25 September (tomorrow), aiming for a 16:30 IST / 12:00 BST / 04:00 PDT slot.",email_926
pn1,mg194,attends,I recommend that we plan a brief progress review call around the week of 14 October,email_439
pn5,mg194,attends,I recommend that we plan a brief progress review call around the week of 14 October,email_439
pn2,mg194,attends,I recommend that we plan a brief progress review call around the week of 14 October,email_439
pn19,mg194,attends,I recommend that we plan a brief progress review call around the week of 14 October,email_439
pn1,mg159,attends,"Ahead of tomorrow’s dry run (24 April, 5:30–7:00 pm IST, link: https://stanford.zoom.us/j/94728615327)",email_360
pn2,mg159,attends,"Ahead of tomorrow’s dry run (24 April, 5:30–7:00 pm IST, link: https://stanford.zoom.us/j/94728615327)",email_360
pn19,mg159,attends,"Ahead of tomorrow’s dry run (24 April, 5:30–7:00 pm IST, link: https://stanford.zoom.us/j/94728615327)",email_360
pn5,mg159,attends,"Ahead of tomorrow’s dry run (24 April, 5:30–7:00 pm IST, link: https://stanford.zoom.us/j/94728615327)",email_360
pn1,mg93,attends,Looking forward to the 26 March call,email_223
pn5,mg93,attends,Looking forward to the 26 March call,email_223
pn19,mg93,attends,Looking forward to the 26 March call,email_223
pn2,mg93,attends,Looking forward to the 26 March call,email_223
pn19,mg22,attends,Looking forward to seeing everyone’s input ahead of our synthesis meeting,email_638
pn5,mg22,attends,Looking forward to seeing everyone’s input ahead of our synthesis meeting,email_638
pn1,mg22,attends,Looking forward to seeing everyone’s input ahead of our synthesis meeting,email_638
pn2,mg22,attends,Looking forward to seeing everyone’s input ahead of our synthesis meeting,email_638
pn19,mg65,attends,"Regarding the upcoming internal rehearsal, I have marked my availability in the Doodle poll for 10 April and am also open to an alternative slot should we need to adjust.",email_692
pn1,mg65,attends,"Regarding the upcoming internal rehearsal, I have marked my availability in the Doodle poll for 10 April and am also open to an alternative slot should we need to adjust.",email_692
pn10,mg266,attends,following the 8 March coordination call.,email_979
pn1,mg266,attends,following the 8 March coordination call.,email_979
pn2,mg266,attends,following the 8 March coordination call.,email_979
pn19,mg266,attends,following the 8 March coordination call.,email_979
pn19,mg2,attends,The meeting on April 8th works for me.,email_3
pn2,mg2,attends,The meeting on April 8th works for me.,email_3
pn5,mg356,attends,"Once everyone confirms their preferred time for the final internal review, I can send out a Zoom link and detailed agenda",email_860
pn19,mg356,attends,"Michael, thank you for volunteering to oversee repository consistency and for offering flexibility for the 25 March meeting",email_860
pn2,mg356,attends,"Ramesh, if you anticipate any obstacles during the metadata validation phase",email_860
pn1,mg356,attends,"Sunita, please let us know if you need assistance initiating the copyright or presenter confirmation processes",email_860
pn5,mg126,attends,Looking forward to seeing everyone soon and finalizing our roadmap for a robust and open knowledge base.,email_285
pn1,mg126,attends,Looking forward to seeing everyone soon and finalizing our roadmap for a robust and open knowledge base.,email_285
pn2,mg126,attends,Looking forward to seeing everyone soon and finalizing our roadmap for a robust and open knowledge base.,email_285
pn5,mg131,attends,let’s confirm our Google Meet for 3 October at 14:30 IST;,email_296
pn1,mg131,attends,let’s confirm our Google Meet for 3 October at 14:30 IST;,email_296
pn2,mg131,attends,let’s confirm our Google Meet for 3 October at 14:30 IST;,email_296
pn5,c15,attends,I’m highlighting IACS-aligned reporting and presentation opportunities in the matrix.,email_296
pn9,mg131,attends,"Ananya, your experience with staged submissions in digital humanities is potentially invaluable as we deliberate;",email_296
pn1,mg44,attends,Thank you all for attending yesterday’s Google Meet and for your exceptional commitment to finalizing our manuscript for the JOCCH minor revisions.,email_91
pn2,mg44,attends,Thank you all for attending yesterday’s Google Meet and for your exceptional commitment to finalizing our manuscript for the JOCCH minor revisions.,email_91
pn19,mg44,attends,Thank you all for attending yesterday’s Google Meet and for your exceptional commitment to finalizing our manuscript for the JOCCH minor revisions.,email_91
pn5,mg44,attends,Thank you all for attending yesterday’s Google Meet and for your exceptional commitment to finalizing our manuscript for the JOCCH minor revisions.,email_91
pn9,mg15,attends,My preference would be 3rd May (3 PM IST / 10:30 AM BST),email_21
pn8,mg15,attends,"Michael and Ramesh, please confirm if these times work for you.",email_21
pn7,mg15,attends,"Michael and Ramesh, please confirm if these times work for you.",email_21
pn1,mg268,attends,Looking forward to our collaborative session and finalizing robust preparation ahead of the peer review phase.,email_620
pn5,mg268,attends,Looking forward to our collaborative session and finalizing robust preparation ahead of the peer review phase.,email_620
pn2,mg268,attends,Looking forward to our collaborative session and finalizing robust preparation ahead of the peer review phase.,email_620
pn19,mg268,attends,Looking forward to our collaborative session and finalizing robust preparation ahead of the peer review phase.,email_620
pn2,mg324,attends,Looking forward to your updates and to shaping a best-practices reference that will serve as a model for cross-border and multi-disciplinary NLP collaborations.,email_767
pn1,mg324,attends,Looking forward to your updates and to shaping a best-practices reference that will serve as a model for cross-border and multi-disciplinary NLP collaborations.,email_767
pn9,mg324,attends,Looking forward to your updates and to shaping a best-practices reference that will serve as a model for cross-border and multi-disciplinary NLP collaborations.,email_767
pn19,mg324,attends,Looking forward to your updates and to shaping a best-practices reference that will serve as a model for cross-border and multi-disciplinary NLP collaborations.,email_767
pn2,mg205,attends,"Google Meet link for our FAQ annex working session, scheduled for Friday, 15 November at 15:30 IST",email_463
pn5,mg205,attends,"Google Meet link for our FAQ annex working session, scheduled for Friday, 15 November at 15:30 IST",email_463
pn19,mg205,attends,"Google Meet link for our FAQ annex working session, scheduled for Friday, 15 November at 15:30 IST",email_463
pn5,mg36,attends,"Following the productive discussion during our 12 October coordination meeting and the subsequent distribution of minutes and action points, I wanted to update you all on the progress with the evaluation metrics narrative and compliance annotations.",email_309
pn1,mg203,attends,Looking forward to reviewing your uploads and to our continued productive collaboration.,email_461
pn5,mg203,attends,Looking forward to reviewing your uploads and to our continued productive collaboration.,email_461
pn19,mg203,attends,Looking forward to reviewing your uploads and to our continued productive collaboration.,email_461
pn2,mg203,attends,Looking forward to reviewing your uploads and to our continued productive collaboration.,email_461
pn2,mg108,attends,"Regarding the proposed Zoom planning session for our webinar, either Wednesday 9 August or Thursday 10 August works for me.",email_259
pn19,mg108,attends,"Regarding the proposed Zoom planning session for our webinar, either Wednesday 9 August or Thursday 10 August works for me.",email_259
pn1,mg108,attends,"Regarding the proposed Zoom planning session for our webinar, either Wednesday 9 August or Thursday 10 August works for me.",email_259
pn1,mg2,attends,I am free both 3 and 5 October between 14:00–17:00 IST,email_295
pn1,mg101,attends,"I am circulating a Doodle poll to finalize the timing of our brief Zoom meeting on 12 June, where we will collectively sign off on the manuscript and supplementary files before ScholarOne upload.",email_241
pn2,mg101,attends,"I am circulating a Doodle poll to finalize the timing of our brief Zoom meeting on 12 June, where we will collectively sign off on the manuscript and supplementary files before ScholarOne upload.",email_241
pn19,mg101,attends,"I am circulating a Doodle poll to finalize the timing of our brief Zoom meeting on 12 June, where we will collectively sign off on the manuscript and supplementary files before ScholarOne upload.",email_241
pn5,mg375,attends,"Looking forward to a robust seminar and a cohesive, practical technical note.",email_917
pn19,mg375,attends,"Looking forward to a robust seminar and a cohesive, practical technical note.",email_917
pn1,mg375,attends,"Looking forward to a robust seminar and a cohesive, practical technical note.",email_917
pn2,mg375,attends,"Looking forward to a robust seminar and a cohesive, practical technical note.",email_917
pn19,mg123,attends,"Regarding the sync meeting, 22 September at our regular Zoom link works excellently for me.",email_281
pn1,mg123,attends,"Sunita, if you could confirm the preferred time slot, I’ll block my calendar and circulate a Google Doc for live note-taking and action tracking.",email_281
pn2,mg123,attends,"Sunita, if you could confirm the preferred time slot, I’ll block my calendar and circulate a Google Doc for live note-taking and action tracking.",email_281
pn5,mg123,attends,"Sunita, if you could confirm the preferred time slot, I’ll block my calendar and circulate a Google Doc for live note-taking and action tracking.",email_281
pn19,mg355,attends,"If that works for everyone, perhaps we can schedule a one-hour Zoom call to walk through the submission packet and checklist one last time before upload.",email_859
pn1,mg355,attends,"If that works for everyone, perhaps we can schedule a one-hour Zoom call to walk through the submission packet and checklist one last time before upload.",email_859
pn19,mg16,attends,"The 3rd May slot (3 PM IST / 10:30 AM BST / 2:30 AM PDT) works for me, albeit a bit early on my end—I will make it work and look forward to an engaging discussion.",email_22
pn5,mg16,attends,"The 3rd May slot (3 PM IST / 10:30 AM BST / 2:30 AM PDT) works for me, albeit a bit early on my end—I will make it work and look forward to an engaging discussion.",email_22
pn1,mg16,attends,"The 3rd May slot (3 PM IST / 10:30 AM BST / 2:30 AM PDT) works for me, albeit a bit early on my end—I will make it work and look forward to an engaging discussion.",email_22
pn2,mg16,attends,"The 3rd May slot (3 PM IST / 10:30 AM BST / 2:30 AM PDT) works for me, albeit a bit early on my end—I will make it work and look forward to an engaging discussion.",email_22
pn1,c14,attends,"I am in touch with the IACS events team regarding support for the September webinar, particularly around registration logistics and technical hosting.",email_265
pn2,c14,attends,"I am in touch with the IACS events team regarding support for the September webinar, particularly around registration logistics and technical hosting.",email_265
pn19,c14,attends,"I am in touch with the IACS events team regarding support for the September webinar, particularly around registration logistics and technical hosting.",email_265
pn5,c14,attends,"I am in touch with the IACS events team regarding support for the September webinar, particularly around registration logistics and technical hosting.",email_265
pn1,mg179,attends,"I’m available for the Tuesday, 30 July slot at 4:00 PM IST (11:30 AM BST / 3:30 AM PDT)",email_402
pn19,mg179,attends,"I’m available for the Tuesday, 30 July slot at 4:00 PM IST (11:30 AM BST / 3:30 AM PDT)",email_402
pn2,mg179,attends,"I’m available for the Tuesday, 30 July slot at 4:00 PM IST (11:30 AM BST / 3:30 AM PDT)",email_402
pn10,mg179,attends,"I’m available for the Tuesday, 30 July slot at 4:00 PM IST (11:30 AM BST / 3:30 AM PDT)",email_402
pn1,mg2,attends,Thank you all for the rapid confirmation of both the revision task division and our upcoming meeting on the 31st,email_938
pn1,mg176,attends,Let’s discuss our next steps and possible timeline during a brief catch-up meeting next week.,email_399
pn19,mg176,attends,Let’s discuss our next steps and possible timeline during a brief catch-up meeting next week.,email_399
pn5,mg176,attends,Let’s discuss our next steps and possible timeline during a brief catch-up meeting next week.,email_399
pn1,c30,attends,to collaboratively refining our session for a memorable JCDL 2023 presentation.,email_701
pn2,c30,attends,to collaboratively refining our session for a memorable JCDL 2023 presentation.,email_701
pn19,mg110,attends,"Regarding the Zoom meeting, it seems 15:00 IST / 10:30 BST / 02:30 PDT on 9 August suits most.",email_261
pn2,mg110,attends,"Regarding the Zoom meeting, it seems 15:00 IST / 10:30 BST / 02:30 PDT on 9 August suits most.",email_261
pn5,mg110,attends,"Regarding the Zoom meeting, it seems 15:00 IST / 10:30 BST / 02:30 PDT on 9 August suits most.",email_261
pn5,mg83,attends,"our Zoom revision meeting on Tuesday, 31 October at 17:00 IST",email_937
pn1,mg83,attends,"our Zoom revision meeting on Tuesday, 31 October at 17:00 IST",email_937
pn19,mg83,attends,"our Zoom revision meeting on Tuesday, 31 October at 17:00 IST",email_937
pn7,mg83,attends,"our Zoom revision meeting on Tuesday, 31 October at 17:00 IST",email_937
pn1,mg209,attends,confirming your availability for our final check-in at 14:30 GMT today,email_473
pn2,mg209,attends,confirming your availability for our final check-in at 14:30 GMT today,email_473
pn19,mg209,attends,confirming your availability for our final check-in at 14:30 GMT today,email_473
pn5,mg209,attends,confirming your availability for our final check-in at 14:30 GMT today,email_473
pn1,c19,attends,designation of corresponding author for JCDL 2022 portal upload (I propose Sunita),email_473
pn1,mg23,attends,I am pleased to circulate the details for our upcoming synthesis session as requested:,email_34
pn2,mg23,attends,"Thank you, Prof. Bhatia, for confirming the meeting agenda and structure.",email_34
pn19,mg23,attends,"Michael, please bring along the most recent feedback or queries from Dr. Patel",email_34
pn5,mg23,attends,"Ananya and Prof. Bhatia, your remarks on visual representation approaches and supplementary figures",email_34
pn1,c1,attends,"I am confirmed as the presenting author for our oral session, I will draft the official confirmation note to ACL and circulate it to the team for comment before submission.",email_845
pn19,c1,attends,Kudos to everyone for keeping us on track toward a confident and polished ACL presentation.,email_362
pn1,c1,attends,Kudos to everyone for keeping us on track toward a confident and polished ACL presentation.,email_362
pn2,c1,attends,Kudos to everyone for keeping us on track toward a confident and polished ACL presentation.,email_362
pn5,c1,attends,Kudos to everyone for keeping us on track toward a confident and polished ACL presentation.,email_362
pn1,mg325,attends,Propose an internal Zoom/Google Meet on 25 March (please share availability) for a final review and sign-off before uploading all documents to the submission portal.,email_858
pn5,mg325,attends,Propose an internal Zoom/Google Meet on 25 March (please share availability) for a final review and sign-off before uploading all documents to the submission portal.,email_858
pn2,mg325,attends,Propose an internal Zoom/Google Meet on 25 March (please share availability) for a final review and sign-off before uploading all documents to the submission portal.,email_858
pn19,mg325,attends,Propose an internal Zoom/Google Meet on 25 March (please share availability) for a final review and sign-off before uploading all documents to the submission portal.,email_858
pn19,mg227,attends,Please let me know your availability for a short coordination call,email_533
pn5,mg227,attends,Please let me know your availability for a short coordination call,email_533
pn2,mg227,attends,Please let me know your availability for a short coordination call,email_533
pn1,mg227,attends,Please let me know your availability for a short coordination call,email_533
pn1,mg301,attends,Thank you all for attending our Zoom coordination meeting yesterday and for your active engagement throughout the discussion.,email_689
pn2,mg301,attends,Thank you all for attending our Zoom coordination meeting yesterday and for your active engagement throughout the discussion.,email_689
pn19,mg301,attends,Thank you all for attending our Zoom coordination meeting yesterday and for your active engagement throughout the discussion.,email_689
pn5,mg301,attends,Thank you all for attending our Zoom coordination meeting yesterday and for your active engagement throughout the discussion.,email_689
pn5,mg188,attends,"Attendees: Sunita Sen, Dr. Michael Bradley, Prof. Ramesh Bhatia, Dr. Ananya Chatterjee",email_431
pn1,mg188,attends,"Attendees: Sunita Sen, Dr. Michael Bradley, Prof. Ramesh Bhatia, Dr. Ananya Chatterjee",email_431
pn19,mg188,attends,"Attendees: Sunita Sen, Dr. Michael Bradley, Prof. Ramesh Bhatia, Dr. Ananya Chatterjee",email_431
pn2,mg5,attends,"I propose a group call next Friday, 19th April 2019, at 3 PM IST",email_8
pn19,mg5,attends,"I propose a group call next Friday, 19th April 2019, at 3 PM IST",email_8
pn1,mg5,attends,"I propose a group call next Friday, 19th April 2019, at 3 PM IST",email_8
pn21,mg5,attends,"I propose a group call next Friday, 19th April 2019, at 3 PM IST",email_8
pn5,mg250,attends,I am pleased to summarize the outcomes of our final pre-workshop huddle,email_583
pn1,mg250,attends,I am pleased to summarize the outcomes of our final pre-workshop huddle,email_583
pn2,mg250,attends,I am pleased to summarize the outcomes of our final pre-workshop huddle,email_583
pn19,mg250,attends,I am pleased to summarize the outcomes of our final pre-workshop huddle,email_583
pn1,mg349,attends,Thank you all for confirming your availability for our organizational video call at 14:30 GMT today.,email_844
pn19,mg349,attends,Thank you all for confirming your availability for our organizational video call at 14:30 GMT today.,email_844
pn2,mg349,attends,Thank you all for confirming your availability for our organizational video call at 14:30 GMT today.,email_844
pn10,mg349,attends,Thank you all for confirming your availability for our organizational video call at 14:30 GMT today.,email_844
pn2,mg362,attends,I confirm my availability for the planning meeting on 24 April at 16:00 GMT,email_871
pn2,c1,attends,during the ACL submission,email_871
pn1,mg220,attends,"I am pleased to confirm that the 11:30 GMT slot works for both myself and Ramesh, so we are set for today’s call.",email_516
pn2,mg220,attends,"I am pleased to confirm that the 11:30 GMT slot works for both myself and Ramesh, so we are set for today’s call.",email_516
pn5,mg220,attends,"Thank you all for your swift coordination and for outlining a focused, actionable agenda for our JCDL live project spotlight strategy meeting.",email_516
pn19,mg220,attends,"Thank you all for your swift coordination and for outlining a focused, actionable agenda for our JCDL live project spotlight strategy meeting.",email_516
pn5,mg347,attends,"Ananya, please do circulate the Zoom link and preliminary agenda",email_842
pn1,mg347,attends,"Sunita, Ramesh—can you please confirm your availability as well?",email_842
pn2,mg347,attends,"Sunita, Ramesh—can you please confirm your availability as well?",email_842
pn1,mg215,attends,"I am pleased to confirm my attendance for the meeting today, 16:00–17:00 IST.",email_888
pn9,mg215,attends,"Thank you, Ananya, for taking the initiative to organize the final coordination call and for circulating the Zoom details and a clear agenda.",email_888
pn7,mg215,attends,"Dear Ananya, Ramesh, and Michael,",email_888
pn8,mg215,attends,"Dear Ananya, Ramesh, and Michael,",email_888
pn5,mg215,attends,"Dear Ananya, Ramesh, and Michael,",email_888
pn2,mg215,attends,"Dear Ananya, Ramesh, and Michael,",email_888
pn19,mg215,attends,"Dear Ananya, Ramesh, and Michael,",email_888
pn2,mg348,attends,I am happy to confirm my availability for today’s call at 14:30 GMT,email_843
pn1,mg348,attends,I am happy to confirm my availability for today’s call at 14:30 GMT,email_843
pn19,mg348,attends,I am happy to confirm my availability for today’s call at 14:30 GMT,email_843
pn5,mg348,attends,I am happy to confirm my availability for today’s call at 14:30 GMT,email_843
pn2,mg65,attends,I am pleased to confirm my general availability for a rehearsal on both 20 and 21 July.,email_154
pn19,mg65,attends,I am pleased to confirm my general availability for a rehearsal on both 20 and 21 July.,email_154
pn5,mg65,attends,I am pleased to confirm my general availability for a rehearsal on both 20 and 21 July.,email_154
pn1,mg65,attends,I am pleased to confirm my general availability for a rehearsal on both 20 and 21 July.,email_154
pn1,mg26,attends,Meeting Minutes Recap (3rd February 2020),email_405
pn19,mg26,attends,Meeting Minutes Recap (3rd February 2020),email_405
pn2,mg26,attends,Meeting Minutes Recap (3rd February 2020),email_405
pn1,mg187,attends,Thursday’s Google Meet,email_430
pn5,mg187,attends,Thursday’s Google Meet,email_430
pn2,mg187,attends,Thursday’s Google Meet,email_430
pn2,mg224,attends,On rehearsal scheduling: I am available for a Zoom run-through on either 8 April (Monday) or 9 April (Tuesday) between 10:00–12:00 GMT,email_521
pn1,mg224,attends,On rehearsal scheduling: I am available for a Zoom run-through on either 8 April (Monday) or 9 April (Tuesday) between 10:00–12:00 GMT,email_521
pn19,mg224,attends,On rehearsal scheduling: I am available for a Zoom run-through on either 8 April (Monday) or 9 April (Tuesday) between 10:00–12:00 GMT,email_521
pn5,mg224,attends,On rehearsal scheduling: I am available for a Zoom run-through on either 8 April (Monday) or 9 April (Tuesday) between 10:00–12:00 GMT,email_521
pn1,mg293,attends,"All team members present: Ananya, Sunita, Michael, and myself.",email_662
pn2,mg293,attends,"All team members present: Ananya, Sunita, Michael, and myself.",email_662
pn5,mg293,attends,"All team members present: Ananya, Sunita, Michael, and myself.",email_662
pn1,mg252,attends,Could we reconvene on Zoom at either 17:00 BST / 21:30 IST / 09:00 PDT tomorrow (1 June),email_586
pn2,mg252,attends,Could we reconvene on Zoom at either 17:00 BST / 21:30 IST / 09:00 PDT tomorrow (1 June),email_586
pn19,mg252,attends,Could we reconvene on Zoom at either 17:00 BST / 21:30 IST / 09:00 PDT tomorrow (1 June),email_586
pn5,mg252,attends,Could we reconvene on Zoom at either 17:00 BST / 21:30 IST / 09:00 PDT tomorrow (1 June),email_586
pn1,mg342,attends,"I am pleased to confirm our ACL revision planning session for Wednesday, 3rd March 2022, at 15:00 GMT.",email_824
pn2,mg342,attends,"I am pleased to confirm our ACL revision planning session for Wednesday, 3rd March 2022, at 15:00 GMT.",email_824
pn5,mg342,attends,"I am pleased to confirm our ACL revision planning session for Wednesday, 3rd March 2022, at 15:00 GMT.",email_824
pn19,mg342,attends,"I am pleased to confirm our ACL revision planning session for Wednesday, 3rd March 2022, at 15:00 GMT.",email_824
pn5,mg225,attends,"Once all have confirmed, I will circulate the Zoom invite and a rehearsal agenda so we can address flows, transitions, and any last-minute adjustments.",email_522
pn2,mg225,attends,"Once all have confirmed, I will circulate the Zoom invite and a rehearsal agenda so we can address flows, transitions, and any last-minute adjustments.",email_522
pn1,mg225,attends,"Once all have confirmed, I will circulate the Zoom invite and a rehearsal agenda so we can address flows, transitions, and any last-minute adjustments.",email_522
pn19,mg225,attends,"Once all have confirmed, I will circulate the Zoom invite and a rehearsal agenda so we can address flows, transitions, and any last-minute adjustments.",email_522
pn1,mg39,attends,"confirm my availability for the meeting today, 30 August, at 15:15 IST.",email_76
pn2,mg39,attends,I appreciate everyone’s prompt responses and flexibility in scheduling.,email_76
pn19,mg39,attends,"Thank you, Michael, for organizing the Zoom meeting and providing a clear agenda.",email_76
pn5,mg39,attends,I appreciate everyone’s prompt responses and flexibility in scheduling.,email_76
pn1,mg180,attends,"I’ve scheduled our Zoom session for Tuesday, 30 July, at 4:00 PM IST (11:30 AM BST / 3:30 AM PDT) as agreed by everyone.",email_404
pn2,mg180,attends,"I’ve scheduled our Zoom session for Tuesday, 30 July, at 4:00 PM IST (11:30 AM BST / 3:30 AM PDT) as agreed by everyone.",email_404
pn9,mg180,attends,"I’ve scheduled our Zoom session for Tuesday, 30 July, at 4:00 PM IST (11:30 AM BST / 3:30 AM PDT) as agreed by everyone.",email_404
pn1,mg260,attends,See you all at the call!,email_597
pn19,mg260,attends,See you all at the call!,email_597
pn5,mg260,attends,See you all at the call!,email_597
pn2,mg260,attends,See you all at the call!,email_597
pn2,mg329,attends,"Thank you, Ramesh, for circulating the proposed agenda and synthesizing our feedback so efficiently.",email_773
pn1,mg329,attends,"Sunita, given your role as document lead, the choice of chair/moderator is entirely yours—just indicate your preference at the top of the session.",email_773
pn5,mg329,attends,"Ananya, your compliance summaries will set the stage for a smooth submission process, whichever journal or conference we choose.",email_773
pn19,mg329,attends,I am happy to facilitate the meeting logistics.,email_773
pn19,mg326,attends,Final review meeting: 1 August (timing to be reconfirmed),email_769
pn2,mg326,attends,Final review meeting: 1 August (timing to be reconfirmed),email_769
pn5,mg326,attends,Final review meeting: 1 August (timing to be reconfirmed),email_769
pn1,c1,attends,post-ACL,email_872
pn19,mg397,attends,"The proposed meeting time this Friday, 16:00–17:00 IST, works well for me.",email_955
pn1,mg201,attends,"Regarding the meeting, the proposed slot of Friday, 15 November at 15:00 IST (09:30 BST / 01:30 PST) is suitable for me",email_459
pn2,mg201,attends,"Regarding the meeting, the proposed slot of Friday, 15 November at 15:00 IST (09:30 BST / 01:30 PST) is suitable for me",email_459
pn11,mg201,attends,"Regarding the meeting, the proposed slot of Friday, 15 November at 15:00 IST (09:30 BST / 01:30 PST) is suitable for me",email_459
pn10,mg201,attends,"Regarding the meeting, the proposed slot of Friday, 15 November at 15:00 IST (09:30 BST / 01:30 PST) is suitable for me",email_459
pn19,mg201,attends,"Regarding the meeting, the proposed slot of Friday, 15 November at 15:00 IST (09:30 BST / 01:30 PST) is suitable for me",email_459
pn1,c19,attends,especially as inquiries intensify with the JCDL 2022 cycle and potential cross-institutional submissions,email_459
pn2,c19,attends,especially as inquiries intensify with the JCDL 2022 cycle and potential cross-institutional submissions,email_459
pn11,c19,attends,especially as inquiries intensify with the JCDL 2022 cycle and potential cross-institutional submissions,email_459
pn10,c19,attends,especially as inquiries intensify with the JCDL 2022 cycle and potential cross-institutional submissions,email_459
pn19,c19,attends,especially as inquiries intensify with the JCDL 2022 cycle and potential cross-institutional submissions,email_459
pn1,mg396,attends,could everyone please confirm their availability for a virtual planning meeting this coming Friday,email_954
pn2,mg396,attends,could everyone please confirm their availability for a virtual planning meeting this coming Friday,email_954
pn5,mg396,attends,could everyone please confirm their availability for a virtual planning meeting this coming Friday,email_954
pn19,mg396,attends,could everyone please confirm their availability for a virtual planning meeting this coming Friday,email_954
pn1,mg298,attends,Could we schedule a virtual meeting (Zoom or Google Meet) during the week of 1–5 April to kick off the preparation and agree on the timeline for draft review?,email_684
pn2,mg298,attends,Could we schedule a virtual meeting (Zoom or Google Meet) during the week of 1–5 April to kick off the preparation and agree on the timeline for draft review?,email_684
pn2,c30,attends,We look forward to your participation in London and to the contributions your work will make to the community.,email_683
pn2,mg79,attends,I propose allocating the final 10 minutes of our meeting to collectively draft a compliance and licensing statement,email_172
pn1,mg79,attends,I propose allocating the final 10 minutes of our meeting to collectively draft a compliance and licensing statement,email_172
pn5,mg79,attends,I propose allocating the final 10 minutes of our meeting to collectively draft a compliance and licensing statement,email_172
pn5,mg275,attends,"Wednesday, August 13th, 3:30pm IST/11:00am BST/3:00am PDT works best for all",email_633
pn1,mg208,attends,"Barring any urgent late-breaking edits, I am prepared to approve the annex for consortium submission at our check-in on 25 November (14:30 GMT)",email_472
pn5,mg208,attends,"Barring any urgent late-breaking edits, I am prepared to approve the annex for consortium submission at our check-in on 25 November (14:30 GMT)",email_472
pn19,mg208,attends,"Barring any urgent late-breaking edits, I am prepared to approve the annex for consortium submission at our check-in on 25 November (14:30 GMT)",email_472
pn2,mg208,attends,"Barring any urgent late-breaking edits, I am prepared to approve the annex for consortium submission at our check-in on 25 November (14:30 GMT)",email_472
pn19,mg314,attends,I am pleased to confirm my attendance at the Zoom session scheduled for 15:00 BST/07:00 PDT.,email_724
pn5,mg314,attends,"Thank you, Ananya, for initiating the logistics for today's sync and for sharing detailed preparatory notes.",email_724
pn1,mg314,attends,"Sunita, the visualizations folder is helpful—if you have any prior templates (especially for timeline or workflow visualizations), please share your recommendations before our group’s writing sprint.",email_724
pn2,mg314,attends,"Ramesh, I echo Ananya’s query regarding preferred referencing style (inline vs. consolidated) and the division of “Limitations & Future Work.”",email_724
pn1,mg219,attends,"I propose we meet today—Monday, 31 March—at 11:30 GMT.",email_515
pn19,mg219,attends,"I propose we meet today—Monday, 31 March—at 11:30 GMT.",email_515
pn1,c15,attends,ACL 2022 Session,email_397
pn2,c15,attends,ACL 2022 Session,email_397
pn19,c15,attends,ACL 2022 Session,email_397
pn5,c15,attends,ACL 2022 Session,email_397
pn19,mg171,attends,I confirm my availability for the pre-rehearsal transitions check at 4:30 PM IST / 8:00 AM PDT / 12:00 PM BST on 17 July,email_390
pn1,mg192,attends,"Our internal call remains confirmed for Thursday, 26 September at 15:30 IST / 11:00 BST.",email_437
pn19,mg192,attends,"Our internal call remains confirmed for Thursday, 26 September at 15:30 IST / 11:00 BST.",email_437
pn2,mg192,attends,"Our internal call remains confirmed for Thursday, 26 September at 15:30 IST / 11:00 BST.",email_437
pn5,mg24,attends,I will participate in the March 17 group review,email_983
pn1,mg24,attends,I will participate in the March 17 group review,email_983
pn19,mg24,attends,I will participate in the March 17 group review,email_983
pn2,mg24,attends,I will participate in the March 17 group review,email_983
pn5,mg406,attends,and am available for a Zoom call on March 16 if any of you feel further real-time discussion would expedite the final integration.,email_983
pn1,mg406,attends,and am available for a Zoom call on March 16 if any of you feel further real-time discussion would expedite the final integration.,email_983
pn19,mg406,attends,and am available for a Zoom call on March 16 if any of you feel further real-time discussion would expedite the final integration.,email_983
pn2,mg406,attends,and am available for a Zoom call on March 16 if any of you feel further real-time discussion would expedite the final integration.,email_983
pn5,mg211,attends,"Pending Oxford’s sign-off, I recommend a brief Google Meet/Zoom (20 minutes)",email_497
pn1,mg211,attends,"Pending Oxford’s sign-off, I recommend a brief Google Meet/Zoom (20 minutes)",email_497
pn2,mg211,attends,"Pending Oxford’s sign-off, I recommend a brief Google Meet/Zoom (20 minutes)",email_497
pn1,mg59,attends,Shall we schedule a brief coordination call (30–40 minutes) before the end of the week to finalize division of tasks and discuss the camera-ready submission plan?,email_139
pn2,mg59,attends,Shall we schedule a brief coordination call (30–40 minutes) before the end of the week to finalize division of tasks and discuss the camera-ready submission plan?,email_139
pn16,mg59,attends,Shall we schedule a brief coordination call (30–40 minutes) before the end of the week to finalize division of tasks and discuss the camera-ready submission plan?,email_139
pn19,mg59,attends,Shall we schedule a brief coordination call (30–40 minutes) before the end of the week to finalize division of tasks and discuss the camera-ready submission plan?,email_139
pn5,c30,attends,Looking forward to seeing everyone’s presentation ideas and collaborating further as we prepare for the London event.,email_680
pn1,c30,attends,Looking forward to seeing everyone’s presentation ideas and collaborating further as we prepare for the London event.,email_680
pn2,c30,attends,Looking forward to seeing everyone’s presentation ideas and collaborating further as we prepare for the London event.,email_680
pn19,c30,attends,Looking forward to seeing everyone’s presentation ideas and collaborating further as we prepare for the London event.,email_680
pn5,mg72,attends,"both 2 and 4 August are feasible for me, with a slight preference for the 2nd between 15:00–17:00 UTC.",email_162
pn1,mg72,attends,"both 2 and 4 August are feasible for me, with a slight preference for the 2nd between 15:00–17:00 UTC.",email_162
pn19,mg72,attends,"both 2 and 4 August are feasible for me, with a slight preference for the 2nd between 15:00–17:00 UTC.",email_162
pn2,mg72,attends,"both 2 and 4 August are feasible for me, with a slight preference for the 2nd between 15:00–17:00 UTC.",email_162
pn5,c1,attends,Brainstorming opportunities for future workshops or tutorials at venues like ACL or EMNLP.,email_162
pn1,mg2,attends,"On scheduling, the proposed slot of 25 November at 14:30 GMT (20:00 IST / 06:30 PST) works very well for me.",email_471
pn1,mg341,attends,"I am available for a Zoom meeting on 4 and 4th March 2022, between 14:00–17:00 GMT",email_822
pn5,mg341,attends,which should also suit Ananya’s schedule as previously discussed.,email_822
pn2,mg341,attends,Looking forward to everyone’s responses and to another productive phase of collaboration.,email_822
pn1,mg151,attends,"Your presentation is part of the ""NLP for Historical Data and Digital Heritage"" oral session on 28th January 2019, 10:30–12:00, in Conference Hall B.",email_351
pn5,mg146,attends,"I am available for the Zoom meeting on 22 January at 16:00 UTC, and look forward to discussing the division of tasks in more detail.",email_323
pn1,mg146,attends,"I am available for the Zoom meeting on 22 January at 16:00 UTC, and look forward to discussing the division of tasks in more detail.",email_323
pn2,mg146,attends,"I am available for the Zoom meeting on 22 January at 16:00 UTC, and look forward to discussing the division of tasks in more detail.",email_323
pn19,mg146,attends,"I am available for the Zoom meeting on 22 January at 16:00 UTC, and look forward to discussing the division of tasks in more detail.",email_323
pn1,mg170,attends,"Michael, I suggest we connect at 4:30 PM IST (8:00 AM PDT / 12:00 PM BST) on 17 July for a brief 20-minute call to ensure all animations and transitions run smoothly.",email_389
pn19,mg170,attends,"Michael, I suggest we connect at 4:30 PM IST (8:00 AM PDT / 12:00 PM BST) on 17 July for a brief 20-minute call to ensure all animations and transitions run smoothly.",email_389
pn1,mg65,attends,"Let’s aim for a full run-through: targeting a total speaking duration under 17 minutes (Sunita 10 min, Michael 4 min, transition/Q&A setup 3 min).",email_389
pn1,mg230,attends,Looking forward to our coordination call at 11:30 IST and to collectively reviewing the session summary and asset checklist.,email_538
pn19,mg230,attends,Looking forward to our coordination call at 11:30 IST and to collectively reviewing the session summary and asset checklist.,email_538
pn5,mg230,attends,Looking forward to our coordination call at 11:30 IST and to collectively reviewing the session summary and asset checklist.,email_538
pn2,mg230,attends,Looking forward to our coordination call at 11:30 IST and to collectively reviewing the session summary and asset checklist.,email_538
pn1,c19,attends,for the JCDL 2022 spotlight session.,email_538
pn19,c19,attends,for the JCDL 2022 spotlight session.,email_538
pn5,c19,attends,for the JCDL 2022 spotlight session.,email_538
pn2,c19,attends,for the JCDL 2022 spotlight session.,email_538
pn2,mg213,attends,I have completed the Doodle poll with my availability for the suggested Google Meet and hope we can identify a 20-minute slot that works for everyone tomorrow.,email_499
pn1,mg213,attends,I have completed the Doodle poll with my availability for the suggested Google Meet and hope we can identify a 20-minute slot that works for everyone tomorrow.,email_499
pn19,mg213,attends,I have completed the Doodle poll with my availability for the suggested Google Meet and hope we can identify a 20-minute slot that works for everyone tomorrow.,email_499
pn5,mg213,attends,I have completed the Doodle poll with my availability for the suggested Google Meet and hope we can identify a 20-minute slot that works for everyone tomorrow.,email_499
pn5,c19,attends,I am looking forward to this final coordination step—let’s ensure our JCDL 2022 announcement achieves the reach and impact our research deserves.,email_499
pn1,c19,attends,I am looking forward to this final coordination step—let’s ensure our JCDL 2022 announcement achieves the reach and impact our research deserves.,email_499
pn19,c19,attends,I am looking forward to this final coordination step—let’s ensure our JCDL 2022 announcement achieves the reach and impact our research deserves.,email_499
pn2,c19,attends,I am looking forward to this final coordination step—let’s ensure our JCDL 2022 announcement achieves the reach and impact our research deserves.,email_499
pn2,mg6,attends,"Ramesh, kindly share the Google Meet link once confirmed.",email_9
pn19,mg6,attends,The proposed check-in on 23rd April at 3 PM IST works well for me.,email_9
pn10,mg6,attends,The proposed check-in on 23rd April at 3 PM IST works well for me.,email_9
pn1,mg6,attends,The proposed check-in on 23rd April at 3 PM IST works well for me.,email_9
pn1,mg2,attends,I am pleased to confirm my availability for 16 August at 15:00 UTC,email_168
pn5,mg2,attends,I am pleased to confirm my availability for 16 August at 15:00 UTC,email_168
pn19,mg2,attends,I am pleased to confirm my availability for 16 August at 15:00 UTC,email_168
pn2,mg2,attends,I am pleased to confirm my availability for 16 August at 15:00 UTC,email_168
pn1,mg46,attends,Let’s aim for at least a brief Zoom call on 20 January (10:30 am GMT / 4:00 pm IST / 8:30 am PST),email_105
pn2,mg46,attends,Let’s aim for at least a brief Zoom call on 20 January (10:30 am GMT / 4:00 pm IST / 8:30 am PST),email_105
pn5,mg46,attends,Let’s aim for at least a brief Zoom call on 20 January (10:30 am GMT / 4:00 pm IST / 8:30 am PST),email_105
pn1,mg135,attends,"I propose a brief Zoom coordination on 12 October at 17:00 CET (21:30 IST, 13:00 EDT, 10:00 PDT) to address any outstanding questions and update on action items ahead of the target for a full manuscript draft by end-October.",email_304
pn2,mg135,attends,"I propose a brief Zoom coordination on 12 October at 17:00 CET (21:30 IST, 13:00 EDT, 10:00 PDT) to address any outstanding questions and update on action items ahead of the target for a full manuscript draft by end-October.",email_304
pn5,mg135,attends,"I propose a brief Zoom coordination on 12 October at 17:00 CET (21:30 IST, 13:00 EDT, 10:00 PDT) to address any outstanding questions and update on action items ahead of the target for a full manuscript draft by end-October.",email_304
pn1,mg124,attends,"For the upcoming sync meeting, I would like to suggest 14:30 IST (10:00 BST / 2:00 PDT) on 22 September, using our established Zoom link unless anyone has alternate preferences.",email_282
pn2,mg124,attends,"For the upcoming sync meeting, I would like to suggest 14:30 IST (10:00 BST / 2:00 PDT) on 22 September, using our established Zoom link unless anyone has alternate preferences.",email_282
pn19,mg124,attends,"For the upcoming sync meeting, I would like to suggest 14:30 IST (10:00 BST / 2:00 PDT) on 22 September, using our established Zoom link unless anyone has alternate preferences.",email_282
pn5,mg124,attends,"For the upcoming sync meeting, I would like to suggest 14:30 IST (10:00 BST / 2:00 PDT) on 22 September, using our established Zoom link unless anyone has alternate preferences.",email_282
pn19,mg237,attends,"Additionally, I am available to join the internal run-through on 19 May, particularly to help test the live captioning and screen sharing on Zoom.",email_568
pn5,mg17,attends,"I am delighted to confirm our check-in for Monday, 3rd May at 3 PM IST / 10:30 AM BST / 2:30 AM PDT.",email_23
pn1,mg17,attends,"I am delighted to confirm our check-in for Monday, 3rd May at 3 PM IST / 10:30 AM BST / 2:30 AM PDT.",email_23
pn19,mg17,attends,"I am delighted to confirm our check-in for Monday, 3rd May at 3 PM IST / 10:30 AM BST / 2:30 AM PDT.",email_23
pn2,mg17,attends,"I am delighted to confirm our check-in for Monday, 3rd May at 3 PM IST / 10:30 AM BST / 2:30 AM PDT.",email_23
pn1,mg316,attends,Regarding the final consolidation meeting: 14:30 IST on 16 May works perfectly for me.,email_730
pn2,mg316,attends,Regarding the final consolidation meeting: 14:30 IST on 16 May works perfectly for me.,email_730
pn19,mg316,attends,Regarding the final consolidation meeting: 14:30 IST on 16 May works perfectly for me.,email_730
pn5,mg316,attends,Regarding the final consolidation meeting: 14:30 IST on 16 May works perfectly for me.,email_730
pn1,mg148,attends,coordination meeting scheduled for 22 January at 16:00 UTC,email_325
pn2,mg148,attends,coordination meeting scheduled for 22 January at 16:00 UTC,email_325
pn19,mg148,attends,coordination meeting scheduled for 22 January at 16:00 UTC,email_325
pn5,mg148,attends,coordination meeting scheduled for 22 January at 16:00 UTC,email_325
pn19,mg174,attends,primary session settings,email_396
pn2,mg174,attends,primary session settings,email_396
pn1,mg174,attends,primary session settings,email_396
pn5,mg174,attends,primary session settings,email_396
pn1,mg279,attends,I am available for a short Google Meet on August 19th between 3:00pm–5:00pm IST.,email_640
pn2,mg279,attends,I am available for a short Google Meet on August 19th between 3:00pm–5:00pm IST.,email_640
pn5,mg279,attends,I am available for a short Google Meet on August 19th between 3:00pm–5:00pm IST.,email_640
pn19,mg279,attends,I am available for a short Google Meet on August 19th between 3:00pm–5:00pm IST.,email_640
pn1,mg413,attends,"On the meeting, 17:30 IST (13:00 BST, 05:00 PST) on either 10 or 11 April works for me.",email_1005
pn5,mg413,attends,"On the meeting, 17:30 IST (13:00 BST, 05:00 PST) on either 10 or 11 April works for me.",email_1005
pn2,mg413,attends,"On the meeting, 17:30 IST (13:00 BST, 05:00 PST) on either 10 or 11 April works for me.",email_1005
pn19,mg413,attends,"On the meeting, 17:30 IST (13:00 BST, 05:00 PST) on either 10 or 11 April works for me.",email_1005
pn19,c28,attends,many thanks for uploading the ACL D&I materials and initiating the cover letter draft,email_603
pn1,mg115,attends,Please confirm your availability for a brief trial run (technical and content rehearsal) in the first week of September,email_268
pn19,mg115,attends,Please confirm your availability for a brief trial run (technical and content rehearsal) in the first week of September,email_268
pn9,mg115,attends,Please confirm your availability for a brief trial run (technical and content rehearsal) in the first week of September,email_268
pn1,mg284,attends,since both 4 and 5 December after 14:00 GMT seem suitable for everyone,email_652
pn2,mg284,attends,since both 4 and 5 December after 14:00 GMT seem suitable for everyone,email_652
pn19,mg284,attends,since both 4 and 5 December after 14:00 GMT seem suitable for everyone,email_652
pn5,mg284,attends,since both 4 and 5 December after 14:00 GMT seem suitable for everyone,email_652
pn1,mg85,attends,as discussed during our 6 November meeting.,email_198
pn5,mg85,attends,as discussed during our 6 November meeting.,email_198
pn19,mg85,attends,as discussed during our 6 November meeting.,email_198
pn2,mg85,attends,as discussed during our 6 November meeting.,email_198
pn1,mg296,attends,https://doodle.com/meeting/participate/id/abcd1234,email_668
pn2,mg296,attends,https://doodle.com/meeting/participate/id/abcd1234,email_668
pn19,mg296,attends,https://doodle.com/meeting/participate/id/abcd1234,email_668
pn12,mg364,attends,Looking forward to synthesizing everyone’s input ahead of our 24 April call,email_875
pn5,mg364,attends,Looking forward to synthesizing everyone’s input ahead of our 24 April call,email_875
pn19,mg364,attends,Looking forward to synthesizing everyone’s input ahead of our 24 April call,email_875
pn1,mg364,attends,Looking forward to synthesizing everyone’s input ahead of our 24 April call,email_875
pn19,mg7,attends,"Looking forward to resolving these bottlenecks and making steady progress. Happy to do a brief demonstration of my correction workflow during our upcoming meeting, if that would be helpful.",email_11
pn2,mg31,attends,internal review meeting today,email_61
pn1,mg31,attends,internal review meeting today,email_61
pn5,mg31,attends,internal review meeting today,email_61
pn19,mg31,attends,internal review meeting today,email_61
pn1,c30,attends,I am confident that our joint contribution will be well received at JCDL 2023.,email_696
pn2,c30,attends,I am confident that our joint contribution will be well received at JCDL 2023.,email_696
pn19,c30,attends,I am confident that our joint contribution will be well received at JCDL 2023.,email_696
pn5,c30,attends,I am confident that our joint contribution will be well received at JCDL 2023.,email_696
pn1,c1,attends,"Additionally, I would welcome discussing ideas for short workshop proposals at ACL or JCDL, should everyone be interested.",email_119
pn5,c1,attends,"Additionally, I would welcome discussing ideas for short workshop proposals at ACL or JCDL, should everyone be interested.",email_119
pn19,c1,attends,"Additionally, I would welcome discussing ideas for short workshop proposals at ACL or JCDL, should everyone be interested.",email_119
pn2,c1,attends,"Additionally, I would welcome discussing ideas for short workshop proposals at ACL or JCDL, should everyone be interested.",email_119
pn1,c6,attends,"Additionally, I would welcome discussing ideas for short workshop proposals at ACL or JCDL, should everyone be interested.",email_119
pn5,c6,attends,"Additionally, I would welcome discussing ideas for short workshop proposals at ACL or JCDL, should everyone be interested.",email_119
pn19,c6,attends,"Additionally, I would welcome discussing ideas for short workshop proposals at ACL or JCDL, should everyone be interested.",email_119
pn1,mg86,attends,I suggest we schedule a check-in call during the week of 8 February to review progress and resolve any overlapping issues,email_207
pn2,mg86,attends,I suggest we schedule a check-in call during the week of 8 February to review progress and resolve any overlapping issues,email_207
pn19,mg86,attends,I suggest we schedule a check-in call during the week of 8 February to review progress and resolve any overlapping issues,email_207
pn5,mg86,attends,I suggest we schedule a check-in call during the week of 8 February to review progress and resolve any overlapping issues,email_207
pn2,mg2,attends,both 15 and 16 April work on my end (any time between 10:00–17:00 IST is suitable),email_534
pn1,mg318,attends,I propose we organize a brief internal review meeting next week.,email_761
pn5,mg318,attends,I propose we organize a brief internal review meeting next week.,email_761
pn19,mg318,attends,I propose we organize a brief internal review meeting next week.,email_761
pn2,mg318,attends,I propose we organize a brief internal review meeting next week.,email_761
pn1,c11,attends,Congratulations once again on your forthcoming presentation at ACL 2021.,email_340
pn13,c11,attends,Congratulations once again on your forthcoming presentation at ACL 2021.,email_340
pn1,mg97,attends,"If all are satisfied, I suggest we move ahead with the full consolidation for the upcoming team review on 7 April.",email_230
pn2,mg97,attends,"If all are satisfied, I suggest we move ahead with the full consolidation for the upcoming team review on 7 April.",email_230
pn5,mg97,attends,"If all are satisfied, I suggest we move ahead with the full consolidation for the upcoming team review on 7 April.",email_230
pn1,mg217,attends,"Could you each indicate your availability for a call on either Monday, 31 March (morning or afternoon GMT), or Tuesday, 1 April?",email_513
pn5,mg217,attends,"Could you each indicate your availability for a call on either Monday, 31 March (morning or afternoon GMT), or Tuesday, 1 April?",email_513
pn19,mg217,attends,"Could you each indicate your availability for a call on either Monday, 31 March (morning or afternoon GMT), or Tuesday, 1 April?",email_513
pn2,mg217,attends,"Could you each indicate your availability for a call on either Monday, 31 March (morning or afternoon GMT), or Tuesday, 1 April?",email_513
pn5,c14,attends,"Regarding the September webinar, I am delighted to hear the IACS events team is progressing with registration logistics.",email_266
pn1,mg9,attends,"I look forward to your interpretability memo, Ananya, and any further input ahead of our 23rd April check-in.",email_13
pn5,mg9,attends,"I look forward to your interpretability memo, Ananya, and any further input ahead of our 23rd April check-in.",email_13
pn19,mg9,attends,"I look forward to your interpretability memo, Ananya, and any further input ahead of our 23rd April check-in.",email_13
pn2,mg9,attends,"I look forward to your interpretability memo, Ananya, and any further input ahead of our 23rd April check-in.",email_13
pn5,mg76,attends,Looking forward to seeing everyone on the 16th!,email_169
pn1,mg76,attends,Looking forward to seeing everyone on the 16th!,email_169
pn19,mg76,attends,Looking forward to seeing everyone on the 16th!,email_169
pn2,mg76,attends,Looking forward to seeing everyone on the 16th!,email_169
pn7,mg384,attends,I look forward to today’s meeting at 16:00 IST,email_922
pn2,mg384,attends,I look forward to today’s meeting at 16:00 IST,email_922
pn5,mg384,attends,I look forward to today’s meeting at 16:00 IST,email_922
pn19,mg384,attends,I look forward to today’s meeting at 16:00 IST,email_922
pn1,mg384,attends,I look forward to today’s meeting at 16:00 IST,email_922
pn19,mg29,attends,We will reconvene for a short check-in on 17 June at the same time (pending everyone's continued availability).,email_54
pn2,mg29,attends,We will reconvene for a short check-in on 17 June at the same time (pending everyone's continued availability).,email_54
pn9,mg29,attends,We will reconvene for a short check-in on 17 June at the same time (pending everyone's continued availability).,email_54
pn11,mg29,attends,We will reconvene for a short check-in on 17 June at the same time (pending everyone's continued availability).,email_54
pn19,mg229,attends,"Our coordination call is set for 11:30 IST / 07:00 BST / 23:00 PDT (14 April for me) today, 15 April.",email_537
pn5,mg229,attends,"Our coordination call is set for 11:30 IST / 07:00 BST / 23:00 PDT (14 April for me) today, 15 April.",email_537
pn2,mg229,attends,"Our coordination call is set for 11:30 IST / 07:00 BST / 23:00 PDT (14 April for me) today, 15 April.",email_537
pn1,mg229,attends,"Our coordination call is set for 11:30 IST / 07:00 BST / 23:00 PDT (14 April for me) today, 15 April.",email_537
pn5,mg136,attends,I confirm my availability for the proposed Zoom coordination on 12 October at 17:00 CET.,email_305
pn19,mg136,attends,Michael Bradley is involved in the manuscript's iterative build and coordination.,email_305
pn1,mg136,attends,Sunita Sen is involved in the manuscript's iterative build and coordination.,email_305
pn2,mg136,attends,Ramesh Bhatia is involved in the manuscript's iterative build and coordination.,email_305
