:START_ID,:END_ID,:TYPE,context,source
pa465,pn1,hasAuthor,"Thank you, Ananya, for your initiative in consolidating all revision materials and synthesizing our collective modifications for the JOCCH resource note.",email_903
pa465,pn2,hasAuthor,"Thank you, Ananya, for your initiative in consolidating all revision materials and synthesizing our collective modifications for the JOCCH resource note.",email_903
pa465,pn19,hasAuthor,"Thank you, Ananya, for your initiative in consolidating all revision materials and synthesizing our collective modifications for the JOCCH resource note.",email_903
pa465,pn9,hasAuthor,"Thank you, Ananya, for your initiative in consolidating all revision materials and synthesizing our collective modifications for the JOCCH resource note.",email_903
pa45,pn1,hasAuthor,"Thank you, Sunita, for your thorough accessibility review and the comprehensive documentation you have kindly shared.",email_97
pa45,pn2,hasAuthor,"I have now carefully skimmed the integrated Ethical Considerations section in the full camera-ready manuscript, with particular attention to in-text cross-references and pagination per Ramesh’s suggestion.",email_97
pa45,pn19,hasAuthor,"If Michael can make these minor visual adjustments today, it will further future-proof the file for open access standards.",email_97
pa45,pn5,hasAuthor,Looking forward to crossing this final milestone together.,email_97
pa199,pn1,hasAuthor,I am pleased to acknowledge receipt of your summary and confirm my agreement with the documented action points.,email_392
pa199,pn2,hasAuthor,I am pleased to acknowledge receipt of your summary and confirm my agreement with the documented action points.,email_392
pa199,pn19,hasAuthor,I am pleased to acknowledge receipt of your summary and confirm my agreement with the documented action points.,email_392
pa199,pn5,hasAuthor,I am pleased to acknowledge receipt of your summary and confirm my agreement with the documented action points.,email_392
pa234,pn1,hasAuthor,I have thoroughly reviewed the latest “Working_Draft_Scenarios” in the shared folder and appreciate the inclusion of both Stanford’s and Oxford’s compliance perspectives.,email_453
pa234,pn5,hasAuthor,I have thoroughly reviewed the latest “Working_Draft_Scenarios” in the shared folder and appreciate the inclusion of both Stanford’s and Oxford’s compliance perspectives.,email_453
pa234,pn19,hasAuthor,I have thoroughly reviewed the latest “Working_Draft_Scenarios” in the shared folder and appreciate the inclusion of both Stanford’s and Oxford’s compliance perspectives.,email_453
pa234,pn2,hasAuthor,I have thoroughly reviewed the latest “Working_Draft_Scenarios” in the shared folder and appreciate the inclusion of both Stanford’s and Oxford’s compliance perspectives.,email_453
pa136,pn1,hasAuthor,Thank you for your email and for proactively addressing the final steps prior to your oral presentation at ACL 2021.,email_348
pa480,pn1,hasAuthor,"I am aligned with the plan, and would like to offer a few specific inputs on both the document outline and the event logistics.",email_909
pa480,pn2,hasAuthor,"I am aligned with the plan, and would like to offer a few specific inputs on both the document outline and the event logistics.",email_909
pa480,pn5,hasAuthor,"I am aligned with the plan, and would like to offer a few specific inputs on both the document outline and the event logistics.",email_909
pa482,pn2,hasAuthor,I have located annotated drafts of our MOU negotiation summary (de-identified per institutional guidelines),email_909
pa483,pn2,hasAuthor,"it may be useful to include a real example from our January 2024 compliance negotiation, where ambiguities in data access periods almost delayed our Zenodo release.",email_909
pa484,pn2,hasAuthor,"I have been exploring scripting possibilities via Google Apps Script tied to our team calendar, which might offer a simple replicable solution for others.",email_909
pa133,pn1,hasAuthor,"Dear Dr. Sen and co-authors, This is to confirm that we have received your consolidated list of minor corrections and the marked PDF for your article, ""HistocrNLP: A Reproducible NLP Pipeline for Historical Texts across Domains""",email_251
pa133,pn13,hasAuthor,"Dear Dr. Sen and co-authors, This is to confirm that we have received your consolidated list of minor corrections and the marked PDF for your article, ""HistocrNLP: A Reproducible NLP Pipeline for Historical Texts across Domains""",email_251
pa519,pn1,hasAuthor,"Thank you, Michael, for promptly sharing your expanded draft of the annotation metadata section and the glossary proposal.",email_982
pa519,pn2,hasAuthor,"Ramesh, your comments on integration and terminology have been very helpful as I began aligning the ongoing drafts for the consolidated manuscript structure.",email_982
pa519,pn5,hasAuthor,"Ananya, I have isolated the specific feedback regarding “consent revalidation” and the need to clarify archival authority within the Chilean dataset workflow.",email_982
pa526,pn1,hasAuthor,"Sunita (lead, and contact)",email_996
pa526,pn5,hasAuthor,myself (for Oxford),email_996
pa526,pn19,hasAuthor,Michael (for the Stanford/international collaboration angle),email_996
pa106,pn1,hasAuthor,"As agreed, I am sharing my updated materials for the JOCCH revision, with focused attention to points raised in our last meeting and in the reviewer feedback.",email_787
pa106,pn19,hasAuthor,"As agreed, I am sharing my updated materials for the JOCCH revision, with focused attention to points raised in our last meeting and in the reviewer feedback.",email_787
pa106,pn2,hasAuthor,"As agreed, I am sharing my updated materials for the JOCCH revision, with focused attention to points raised in our last meeting and in the reviewer feedback.",email_787
pa106,pn5,hasAuthor,"As agreed, I am sharing my updated materials for the JOCCH revision, with focused attention to points raised in our last meeting and in the reviewer feedback.",email_787
pa443,pn1,hasAuthor,I echo your congratulations and appreciation—it is truly rewarding to see our joint work recognized in this way.,email_839
pa443,pn19,hasAuthor,I echo your congratulations and appreciation—it is truly rewarding to see our joint work recognized in this way.,email_839
pa443,pn2,hasAuthor,I echo your congratulations and appreciation—it is truly rewarding to see our joint work recognized in this way.,email_839
pa443,pn5,hasAuthor,I echo your congratulations and appreciation—it is truly rewarding to see our joint work recognized in this way.,email_839
pa322,pn1,hasAuthor,our manuscript submission to the ACM Journal on Computing and Cultural Heritage,email_624
pa322,pn19,hasAuthor,our manuscript submission to the ACM Journal on Computing and Cultural Heritage,email_624
pa322,pn2,hasAuthor,our manuscript submission to the ACM Journal on Computing and Cultural Heritage,email_624
pa322,pn5,hasAuthor,our manuscript submission to the ACM Journal on Computing and Cultural Heritage,email_624
pa499,pn1,hasAuthor,"Thank you, Sunita, for summarizing the meeting minutes so accurately and for driving our timeline for the JOCCH major revision.",email_942
pa499,pn9,hasAuthor,"Thank you, Sunita, for summarizing the meeting minutes so accurately and for driving our timeline for the JOCCH major revision.",email_942
pa499,pn19,hasAuthor,"Thank you, Sunita, for summarizing the meeting minutes so accurately and for driving our timeline for the JOCCH major revision.",email_942
pa499,pn2,hasAuthor,"Thank you, Sunita, for summarizing the meeting minutes so accurately and for driving our timeline for the JOCCH major revision.",email_942
pa403,pn19,hasAuthor,"I have prepared a draft matrix comparing the GDPR/IRB/HREC requirements at Oxford, IACS, and Stanford",email_786
pa403,pn1,hasAuthor,"I have prepared a draft matrix comparing the GDPR/IRB/HREC requirements at Oxford, IACS, and Stanford",email_786
pa403,pn2,hasAuthor,"I have prepared a draft matrix comparing the GDPR/IRB/HREC requirements at Oxford, IACS, and Stanford",email_786
pa403,pn5,hasAuthor,"I have prepared a draft matrix comparing the GDPR/IRB/HREC requirements at Oxford, IACS, and Stanford",email_786
pa404,pn19,hasAuthor,"Once I receive your summary statistics and plots, I will rerun our meta-analysis scripts to ensure complete incorporation in Section 4",email_786
pa404,pn1,hasAuthor,"Once I receive your summary statistics and plots, I will rerun our meta-analysis scripts to ensure complete incorporation in Section 4",email_786
pa404,pn2,hasAuthor,"Once I receive your summary statistics and plots, I will rerun our meta-analysis scripts to ensure complete incorporation in Section 4",email_786
pa404,pn5,hasAuthor,"Once I receive your summary statistics and plots, I will rerun our meta-analysis scripts to ensure complete incorporation in Section 4",email_786
pa523,pn1,hasAuthor,"Sunita, your outlined approach for the ‘Lessons Learned’ memo is comprehensive and well-aligned with the technical and collaborative nuances we navigated during our JOCCH project.",email_993
pa523,pn2,hasAuthor,"Ramesh’s idea to identify replicable process elements is especially timely—not only could our compliance harmonization and provenance checkpoint strategies aid other teams, but they also help articulate the distinct requirements of historical data NLP as opposed to other domains.",email_993
pa523,pn19,hasAuthor,"Michael, I particularly appreciate your points regarding a reproducible template for multi-author version management and the suggestion to formally document our method of dealing with conflicting annotations under time constraints.",email_993
pa26,pn1,hasAuthor,"Thank you, Sunita, for your immediate response and for committing to the Section 4.4 clarifications.",email_667
pa26,pn9,hasAuthor,"As per Ananya’s action plan, I will take the lead in identifying a suitable, highly-cited recent reference on archival interoperability frameworks to strengthen our related work section.",email_667
pa26,pn2,hasAuthor,"Ramesh, I will coordinate with you to ensure our reference list aligns with the finalized appendix caption formatting.",email_667
pa284,pn1,hasAuthor,"Thank you all for your meticulous and insightful feedback, which proved invaluable as I worked through the final revisions of our JCDL pre-recorded spotlight video.",email_546
pa284,pn19,hasAuthor,"Thank you all for your meticulous and insightful feedback, which proved invaluable as I worked through the final revisions of our JCDL pre-recorded spotlight video.",email_546
pa284,pn5,hasAuthor,"Thank you all for your meticulous and insightful feedback, which proved invaluable as I worked through the final revisions of our JCDL pre-recorded spotlight video.",email_546
pa18,pn5,hasAuthor,"our manuscript, titled “Evaluation Pipelines and Visualization Methodologies for NLP on Noisy Historical Data,” has been successfully submitted to ACL 2019.",email_49
pa18,pn19,hasAuthor,"our manuscript, titled “Evaluation Pipelines and Visualization Methodologies for NLP on Noisy Historical Data,” has been successfully submitted to ACL 2019.",email_49
pa18,pn1,hasAuthor,"our manuscript, titled “Evaluation Pipelines and Visualization Methodologies for NLP on Noisy Historical Data,” has been successfully submitted to ACL 2019.",email_49
pa18,pn2,hasAuthor,"our manuscript, titled “Evaluation Pipelines and Visualization Methodologies for NLP on Noisy Historical Data,” has been successfully submitted to ACL 2019.",email_49
pa106,pn1,hasAuthor,"Our focused call today (held at 16:30–17:00 IST) was extremely productive, and I want to recap our agreed integration workflow so we are all clear on deliverables for this stage of the JOCCH revision.",email_948
pa106,pn9,hasAuthor,"Our focused call today (held at 16:30–17:00 IST) was extremely productive, and I want to recap our agreed integration workflow so we are all clear on deliverables for this stage of the JOCCH revision.",email_948
pa106,pn5,hasAuthor,"Our focused call today (held at 16:30–17:00 IST) was extremely productive, and I want to recap our agreed integration workflow so we are all clear on deliverables for this stage of the JOCCH revision.",email_948
pa106,pn2,hasAuthor,"Our focused call today (held at 16:30–17:00 IST) was extremely productive, and I want to recap our agreed integration workflow so we are all clear on deliverables for this stage of the JOCCH revision.",email_948
pa106,pn19,hasAuthor,"Our focused call today (held at 16:30–17:00 IST) was extremely productive, and I want to recap our agreed integration workflow so we are all clear on deliverables for this stage of the JOCCH revision.",email_948
pa402,pn1,hasAuthor,"Dear Sunita Sen and co-authors, ... your manuscript entitled “Transparent Documentation Pipelines for Multilingual NLP on Historical Data: Compliance and Workflow Reflections”",email_779
pa402,pn13,hasAuthor,"Dear Sunita Sen and co-authors, ... your manuscript entitled “Transparent Documentation Pipelines for Multilingual NLP on Historical Data: Compliance and Workflow Reflections”",email_779
pa319,pn5,hasAuthor,"Dear Dr. Chatterjee and co-authors,",email_612
pa319,pn13,hasAuthor,"Dear Dr. Chatterjee and co-authors,",email_612
pa258,pn5,hasAuthor,"Dear Dr. Chatterjee, Ms. Sen, Prof. Bhatia, and Dr. Bradley,",email_503
pa258,pn1,hasAuthor,"Dear Dr. Chatterjee, Ms. Sen, Prof. Bhatia, and Dr. Bradley,",email_503
pa258,pn2,hasAuthor,"Dear Dr. Chatterjee, Ms. Sen, Prof. Bhatia, and Dr. Bradley,",email_503
pa258,pn19,hasAuthor,"Dear Dr. Chatterjee, Ms. Sen, Prof. Bhatia, and Dr. Bradley,",email_503
pa257,pn1,hasAuthor,"I wanted to inform the group that as of this morning, the finalized press release file (“JCDL2022_Press_Release_Final.docx”) has been uploaded and formally submitted to the IACS Press and Public Relations Office, following the standard workflow.",email_492
pa257,pn5,hasAuthor,"Thank you very much, Ananya, for circulating the finalized draft and managing the integration of all institutional feedback so seamlessly.",email_492
pa257,pn2,hasAuthor,"I wanted to inform the group that as of this morning, the finalized press release file (“JCDL2022_Press_Release_Final.docx”) has been uploaded and formally submitted to the IACS Press and Public Relations Office, following the standard workflow.",email_492
pa257,pn19,hasAuthor,"I wanted to inform the group that as of this morning, the finalized press release file (“JCDL2022_Press_Release_Final.docx”) has been uploaded and formally submitted to the IACS Press and Public Relations Office, following the standard workflow.",email_492
pa67,pn1,hasAuthor,Thank you all for the momentum and thoughtful suggestions following the wonderful news from JCDL 2020.,email_140
pa67,pn19,hasAuthor,Thank you all for the momentum and thoughtful suggestions following the wonderful news from JCDL 2020.,email_140
pa67,pn5,hasAuthor,Thank you all for the momentum and thoughtful suggestions following the wonderful news from JCDL 2020.,email_140
pa67,pn2,hasAuthor,Thank you all for the momentum and thoughtful suggestions following the wonderful news from JCDL 2020.,email_140
pa236,pn5,hasAuthor,"I confirm, on behalf of the University of Oxford, our full endorsement of the finalized resource.",email_456
pa236,pn2,hasAuthor,Thank you all for your swift endorsements and for the exceptional collaboration that has gone into preparing the “Unified_PressQuery_ResponseTemplate_with_ScenarioAnnex.docx.”,email_456
pa236,pn1,hasAuthor,Thank you all for your swift endorsements and for the exceptional collaboration that has gone into preparing the “Unified_PressQuery_ResponseTemplate_with_ScenarioAnnex.docx.”,email_456
pa236,pn19,hasAuthor,Thank you all for your swift endorsements and for the exceptional collaboration that has gone into preparing the “Unified_PressQuery_ResponseTemplate_with_ScenarioAnnex.docx.”,email_456
pa163,pn1,hasAuthor,"Sunita Sen, Prof. Ramesh Bhatia, Dr. Michael Bradley, Dr. Ananya Chatterjee",email_374
pa163,pn2,hasAuthor,"Sunita Sen, Prof. Ramesh Bhatia, Dr. Michael Bradley, Dr. Ananya Chatterjee",email_374
pa163,pn19,hasAuthor,"Sunita Sen, Prof. Ramesh Bhatia, Dr. Michael Bradley, Dr. Ananya Chatterjee",email_374
pa163,pn5,hasAuthor,"Sunita Sen, Prof. Ramesh Bhatia, Dr. Michael Bradley, Dr. Ananya Chatterjee",email_374
pa163,pn16,hasAuthor,"Sunita Sen, Prof. Ramesh Bhatia, Dr. Michael Bradley, Dr. Ananya Chatterjee",email_374
pa32,pn19,hasAuthor,"I concur that Ananya is now clear to compile, lock, and circulate the final documents (main manuscript, compliance appendix, cover letter, and Zenodo metadata PDF) for universal sign-off by the 28 May milestone.",email_893
pa32,pn5,hasAuthor,"I concur that Ananya is now clear to compile, lock, and circulate the final documents (main manuscript, compliance appendix, cover letter, and Zenodo metadata PDF) for universal sign-off by the 28 May milestone.",email_893
pa32,pn2,hasAuthor,"I concur that Ananya is now clear to compile, lock, and circulate the final documents (main manuscript, compliance appendix, cover letter, and Zenodo metadata PDF) for universal sign-off by the 28 May milestone.",email_893
pa32,pn1,hasAuthor,"I concur that Ananya is now clear to compile, lock, and circulate the final documents (main manuscript, compliance appendix, cover letter, and Zenodo metadata PDF) for universal sign-off by the 28 May milestone.",email_893
pa27,pn19,hasAuthor,"I concur that Ananya is now clear to compile, lock, and circulate the final documents (main manuscript, compliance appendix, cover letter, and Zenodo metadata PDF) for universal sign-off by the 28 May milestone.",email_893
pa27,pn5,hasAuthor,"I concur that Ananya is now clear to compile, lock, and circulate the final documents (main manuscript, compliance appendix, cover letter, and Zenodo metadata PDF) for universal sign-off by the 28 May milestone.",email_893
pa27,pn2,hasAuthor,"I concur that Ananya is now clear to compile, lock, and circulate the final documents (main manuscript, compliance appendix, cover letter, and Zenodo metadata PDF) for universal sign-off by the 28 May milestone.",email_893
pa27,pn1,hasAuthor,"I concur that Ananya is now clear to compile, lock, and circulate the final documents (main manuscript, compliance appendix, cover letter, and Zenodo metadata PDF) for universal sign-off by the 28 May milestone.",email_893
pa473,pn19,hasAuthor,"I concur that Ananya is now clear to compile, lock, and circulate the final documents (main manuscript, compliance appendix, cover letter, and Zenodo metadata PDF) for universal sign-off by the 28 May milestone.",email_893
pa473,pn5,hasAuthor,"I concur that Ananya is now clear to compile, lock, and circulate the final documents (main manuscript, compliance appendix, cover letter, and Zenodo metadata PDF) for universal sign-off by the 28 May milestone.",email_893
pa524,pn1,hasAuthor,Thank you all for your constructive feedback and concrete suggestions regarding both the scope and intended use of our ‘Lessons Learned’ documentation.,email_994
pa524,pn2,hasAuthor,Thank you all for your constructive feedback and concrete suggestions regarding both the scope and intended use of our ‘Lessons Learned’ documentation.,email_994
pa524,pn5,hasAuthor,Thank you all for your constructive feedback and concrete suggestions regarding both the scope and intended use of our ‘Lessons Learned’ documentation.,email_994
pa524,pn19,hasAuthor,Thank you all for your constructive feedback and concrete suggestions regarding both the scope and intended use of our ‘Lessons Learned’ documentation.,email_994
pa87,pn5,hasAuthor,"Thank you, Ananya, for promptly uploading the lay abstract draft",email_179
pa87,pn1,hasAuthor,"Thank you, Ananya, for promptly uploading the lay abstract draft",email_179
pa87,pn2,hasAuthor,"Thank you, Ananya, for promptly uploading the lay abstract draft",email_179
pa274,pn1,hasAuthor,"Following our discussion, I have uploaded the condensed set of regional engagement charts to the shared drive",email_527
pa274,pn2,hasAuthor,"Following our discussion, I have uploaded the condensed set of regional engagement charts to the shared drive",email_527
pa274,pn5,hasAuthor,"Following our discussion, I have uploaded the condensed set of regional engagement charts to the shared drive",email_527
pa274,pn19,hasAuthor,"Following our discussion, I have uploaded the condensed set of regional engagement charts to the shared drive",email_527
pa397,pn1,hasAuthor,"Ananya, your compliance and data governance notes are integrated clearly and cross-referenced exactly as outlined in our style guide.",email_771
pa397,pn5,hasAuthor,"Michael, the user-guide paragraphs on navigating between the workflow diagram and process checklists greatly enhance clarity.",email_771
pa397,pn19,hasAuthor,"Ramesh, your annotated real-world escalation case studies are now linked at the relevant nodes throughout the document.",email_771
pa397,pn2,hasAuthor,"Ramesh, your annotated real-world escalation case studies are now linked at the relevant nodes throughout the document.",email_771
pa501,pn1,hasAuthor,"Thank you, Ramesh, for uploading the legal protocol matrix and for providing such a clear and thorough narrative summary",email_946
pa501,pn2,hasAuthor,"Thank you, Ramesh, for uploading the legal protocol matrix and for providing such a clear and thorough narrative summary",email_946
pa501,pn16,hasAuthor,"Ananya, I recommend we meet virtually (even briefly) on 7 November to confirm placement of the comparative legal table",email_946
pa501,pn14,hasAuthor,"Michael, the data points highlighted with an asterisk—do you require additional annotation metadata from me",email_946
pa525,pn1,hasAuthor,"Thank you, Sunita, for sharing the collaborative workspace and for your thoughtful structuring of both the ‘Lessons Learned’ memo and the colloquium abstract draft.",email_995
pa525,pn5,hasAuthor,"Ananya, as previously agreed, you could take the lead here, especially with comparative Oxford/IACS perspectives and diagram annotation strategies.",email_995
pa525,pn19,hasAuthor,"Michael, your earlier proposal to formalize a reproducible version-management workflow is most welcome—please elaborate this section and append concrete checklist items.",email_995
pa525,pn2,hasAuthor,I am also open to co-writing any segment where joint perspective would be especially helpful.,email_995
pa285,pn1,hasAuthor,"Sunita, for the comprehensive summary of all final revisions and for taking such care to integrate the collective feedback.",email_547
pa285,pn19,hasAuthor,"Michael, your technical suggestions added much-needed clarity on dataset specifics and the denoising has markedly improved the listening experience.",email_547
pa285,pn2,hasAuthor,"Ramesh, your diligence in accessibility matters shows throughout the assets, and Sunita, your execution is exemplary.",email_547
pa172,pn1,hasAuthor,"Dear Sunita Sen and co-authors, On behalf of the ACL 2021 Camera-Ready Compliance Team, we are pleased to inform you that your camera-ready submission titled, ""Provenance-Aware NLP for Historical Texts: Annotation, Compliance, and Synthetic Instance Protocols"" (Submission ID: SUB-ACL-2021-0471), has passed the final compliance review and has been officially accepted for publication in the ACL 2021 conference proceedings.",email_338
pa172,pn13,hasAuthor,"Dear Sunita Sen and co-authors, On behalf of the ACL 2021 Camera-Ready Compliance Team, we are pleased to inform you that your camera-ready submission titled, ""Provenance-Aware NLP for Historical Texts: Annotation, Compliance, and Synthetic Instance Protocols"" (Submission ID: SUB-ACL-2021-0471), has passed the final compliance review and has been officially accepted for publication in the ACL 2021 conference proceedings.",email_338
pa184,pn1,hasAuthor,Corresponding author: Sunita Sen (on behalf of the team),email_365
pa184,pn2,hasAuthor,"Dear Prof. Bhatia, Michael, and Ananya,",email_365
pa184,pn14,hasAuthor,"Dear Prof. Bhatia, Michael, and Ananya,",email_365
pa184,pn5,hasAuthor,"Dear Prof. Bhatia, Michael, and Ananya,",email_365
pa235,pn1,hasAuthor,"Sunita, your inclusion of India’s RTI pathways, as well as the advisory on region-specific translation workflows, demonstrates outstanding foresight and ensures our approach is holistically attuned to both global standards and local realities.",email_454
pa235,pn9,hasAuthor,"Ananya and Michael, your thoughtful comments on GDPR integration and open-access/data governance issues have notably strengthened this unified resource.",email_454
pa235,pn19,hasAuthor,"Ananya and Michael, your thoughtful comments on GDPR integration and open-access/data governance issues have notably strengthened this unified resource.",email_454
pa78,pn5,hasAuthor,I have re-tested both segments of my tutorial presentation: the walkthrough of the historical corpus annotation workflow and the normalization demo scripts.,email_157
pa78,pn19,hasAuthor,"Michael, your moderation cues were clear in the dry run.",email_157
pa78,pn1,hasAuthor,"Sunita, thank you for handling the AV logistics and co-host assignments so effectively.",email_157
pa78,pn2,hasAuthor,"Ramesh, I appreciate your vigilance on backup procedures",email_157
pa209,pn1,hasAuthor,"Following our agreed action items and timeline, I am circulating two key resources:",email_407
pa209,pn19,hasAuthor,"Thank you, Michael, for promptly sharing the OCR post-processing references and annotated PDFs;",email_407
pa209,pn2,hasAuthor,"Thank you, Michael, for promptly sharing the OCR post-processing references and annotated PDFs;",email_407
pa209,pn9,hasAuthor,"Thank you, Michael, for promptly sharing the OCR post-processing references and annotated PDFs;",email_407
pa96,pn1,hasAuthor,"Thank you, Ananya, for your prompt and thorough documentation of our finalization meeting’s minutes. We are now in the home stretch. As per our agreed schedule, I am pleased to circulate the compiled “camera-ready” version of our manuscript for the ACM Journal on Computing and Cultural Heritage (JOCCH).",email_187
pa96,pn2,hasAuthor,"Thank you, Ananya, for your prompt and thorough documentation of our finalization meeting’s minutes. We are now in the home stretch. As per our agreed schedule, I am pleased to circulate the compiled “camera-ready” version of our manuscript for the ACM Journal on Computing and Cultural Heritage (JOCCH).",email_187
pa96,pn19,hasAuthor,"Thank you, Ananya, for your prompt and thorough documentation of our finalization meeting’s minutes. We are now in the home stretch. As per our agreed schedule, I am pleased to circulate the compiled “camera-ready” version of our manuscript for the ACM Journal on Computing and Cultural Heritage (JOCCH).",email_187
pa96,pn5,hasAuthor,"Thank you, Ananya, for your prompt and thorough documentation of our finalization meeting’s minutes. We are now in the home stretch. As per our agreed schedule, I am pleased to circulate the compiled “camera-ready” version of our manuscript for the ACM Journal on Computing and Cultural Heritage (JOCCH).",email_187
pa518,pn1,hasAuthor,"Sunita, from an editorial standpoint, the current compliance draft integrates smoothly with your point-by-point response plan",email_980
pa518,pn2,hasAuthor,Thanks all for your collaborative spirit and attention to detail at this critical revision juncture.,email_980
pa518,pn19,hasAuthor,"Michael, perhaps you can propose a unified glossary for recurring metadata and compliance terms",email_980
pa518,pn5,hasAuthor,"Thank you, Ananya, for your prompt and comprehensive upload of the revised Chilean and Japanese compliance subsections",email_980
pa505,pn2,hasAuthor,"I am pleased to inform you that our revised manuscript, along with all supplementary materials and the expanded legal compliance appendix, has been successfully submitted to the ACM Journal on Computing and Cultural Heritage (JOCCH)",email_951
pa505,pn11,hasAuthor,"I am pleased to inform you that our revised manuscript, along with all supplementary materials and the expanded legal compliance appendix, has been successfully submitted to the ACM Journal on Computing and Cultural Heritage (JOCCH)",email_951
pa505,pn10,hasAuthor,"I am pleased to inform you that our revised manuscript, along with all supplementary materials and the expanded legal compliance appendix, has been successfully submitted to the ACM Journal on Computing and Cultural Heritage (JOCCH)",email_951
pa505,pn19,hasAuthor,"I am pleased to inform you that our revised manuscript, along with all supplementary materials and the expanded legal compliance appendix, has been successfully submitted to the ACM Journal on Computing and Cultural Heritage (JOCCH)",email_951
pa124,pn5,hasAuthor,"Dear Dr. Chatterjee, Prof. Bhatia, Ms. Sen, and Dr. Bradley,",email_233;email_234
pa124,pn2,hasAuthor,"Dear Dr. Chatterjee, Prof. Bhatia, Ms. Sen, and Dr. Bradley,",email_233;email_234
pa124,pn1,hasAuthor,"Dear Dr. Chatterjee, Prof. Bhatia, Ms. Sen, and Dr. Bradley,",email_233;email_234
pa124,pn19,hasAuthor,"Dear Dr. Chatterjee, Prof. Bhatia, Ms. Sen, and Dr. Bradley,",email_233;email_234
pa472,pn1,hasAuthor,"Sunita, your draft cover letter captures our project’s collaborative nature and robust legal governance remarkably well.",email_892
pa472,pn5,hasAuthor,I especially appreciate your delineation of the meta-annotation process and your attention to legal notices across all dataset components.,email_892
pa472,pn19,hasAuthor,"With Michael’s final endorsement, we will be ready for Ananya to assemble and lock the package for JOCCH submission per our planned timeline.",email_892
pa340,pn2,hasAuthor,I am writing to confirm that I have completed a detailed draft for the “Evaluation/Metrics” segment of our JCDL abstract,email_639
pa340,pn19,hasAuthor,I have referenced Michael’s adaptation of context reconstruction methods,email_639
pa340,pn5,hasAuthor,"Ananya, may I request that you glance over the transitions between the sections",email_639
pa340,pn1,hasAuthor,"Sunita, please review to ensure alignment with your datasets overview",email_639
pa467,pn5,hasAuthor,Thank you all for your substantial and timely contributions—especially to Ramesh for the “Student-Led Project Legal Notice”,email_883
pa467,pn2,hasAuthor,Thank you all for your substantial and timely contributions—especially to Ramesh for the “Student-Led Project Legal Notice”,email_883
pa467,pn19,hasAuthor,Thank you all for your substantial and timely contributions—especially to Ramesh for the “Student-Led Project Legal Notice”,email_883
pa467,pn1,hasAuthor,Thank you all for your substantial and timely contributions—especially to Ramesh for the “Student-Led Project Legal Notice”,email_883
pa466,pn2,hasAuthor,Thank you all for your substantial and timely contributions—especially to Ramesh for the “Student-Led Project Legal Notice”,email_883
pa236,pn19,hasAuthor,"Thank you, Prof. Bhatia, for your clear summary and for leading us through the finalization phase of our harmonized press query response protocol.",email_455
pa236,pn1,hasAuthor,"Sunita, your proactive contributions regarding RTI and regional translation are exemplary,",email_455
pa236,pn5,hasAuthor,Ananya’s integration of GDPR and EU research citation frameworks has created a genuinely multifaceted resource.,email_455
pa356,pn1,hasAuthor,"I confirm my availability to lead the clarifications in Section 4.4 regarding low-resource languages, as suggested.",email_666
pa356,pn5,hasAuthor,"Thank you, Ananya, for outlining our revision workflow and for your leadership in steering us through this crucial final phase.",email_666
pa356,pn2,hasAuthor,"I confirm my availability to lead the clarifications in Section 4.4 regarding low-resource languages, as suggested.",email_666
pa356,pn19,hasAuthor,"I confirm my availability to lead the clarifications in Section 4.4 regarding low-resource languages, as suggested.",email_666
pa286,pn1,hasAuthor,"our full JCDL 2022 spotlight session package—including the revised pre-recorded video, finalized session summary, speaker biographies, accessibility script, and all supporting files—has been successfully uploaded to the conference submission portal this morning.",email_548
pa286,pn19,hasAuthor,"Dear Michael, Ananya, and Ramesh,",email_548
pa286,pn5,hasAuthor,"Dear Michael, Ananya, and Ramesh,",email_548
pa286,pn2,hasAuthor,"Dear Michael, Ananya, and Ramesh,",email_548
pa426,pn1,hasAuthor,"Thank you, Ramesh, for your swift response and for taking the initiative to standardize the terminology and incorporate the additional cross-references.",email_815
pa426,pn2,hasAuthor,"Thank you, Ramesh, for your swift response and for taking the initiative to standardize the terminology and incorporate the additional cross-references.",email_815
pa426,pn19,hasAuthor,"Thank you, Ramesh, for your swift response and for taking the initiative to standardize the terminology and incorporate the additional cross-references.",email_815
pa426,pn5,hasAuthor,"Thank you, Ramesh, for your swift response and for taking the initiative to standardize the terminology and incorporate the additional cross-references.",email_815
pa83,pn5,hasAuthor,I will circulate an initial version to the group by 18 August.,email_174
pa83,pn1,hasAuthor,"Thank you, Sunita, for the thorough documentation of our meeting discussions",email_174
pa83,pn19,hasAuthor,There are no additional restrictions for joint open data releases as long as attribution is thorough and embargoed data are clearly marked—in alignment with the IACS and Stanford protocols presented by Ramesh and Michael.,email_174
pa83,pn2,hasAuthor,There are no additional restrictions for joint open data releases as long as attribution is thorough and embargoed data are clearly marked—in alignment with the IACS and Stanford protocols presented by Ramesh and Michael.,email_174
pa154,pn1,hasAuthor,"Thank you, Sunita, for proactively sharing the draft data/code transparency statement",email_303
pa154,pn2,hasAuthor,I concur that harmonizing the transparency narrative with our main impact and ethical considerations sections will be key.,email_303
pa154,pn19,hasAuthor,I concur that harmonizing the transparency narrative with our main impact and ethical considerations sections will be key.,email_303
pa154,pn5,hasAuthor,"if you could circulate the Oxford/UKRI template excerpts as referenced, it would be helpful for benchmarking global compliance",email_303
pa100,pn1,hasAuthor,Thank you all for your timely and detailed feedback on the code appendix and compliance documentation.,email_203
pa100,pn2,hasAuthor,Thank you all for your timely and detailed feedback on the code appendix and compliance documentation.,email_203
pa100,pn5,hasAuthor,Thank you all for your timely and detailed feedback on the code appendix and compliance documentation.,email_203
pa4,pn1,hasAuthor,Thank you all for your continued collaboration and support as we move into the critical integration and drafting phase.,email_31
pa4,pn19,hasAuthor,Thank you all for your continued collaboration and support as we move into the critical integration and drafting phase.,email_31
pa4,pn5,hasAuthor,Thank you all for your continued collaboration and support as we move into the critical integration and drafting phase.,email_31
pa4,pn2,hasAuthor,Thank you all for your continued collaboration and support as we move into the critical integration and drafting phase.,email_31
pa188,pn1,hasAuthor,"I am pleased that 11 June, 3–5 PM IST, works for everyone—let’s consider this time finalised for our camera-ready review session.",email_371
pa188,pn2,hasAuthor,"I am pleased that 11 June, 3–5 PM IST, works for everyone—let’s consider this time finalised for our camera-ready review session.",email_371
pa188,pn14,hasAuthor,"I am pleased that 11 June, 3–5 PM IST, works for everyone—let’s consider this time finalised for our camera-ready review session.",email_371
pa188,pn19,hasAuthor,"I am pleased that 11 June, 3–5 PM IST, works for everyone—let’s consider this time finalised for our camera-ready review session.",email_371
pa188,pn5,hasAuthor,"I am pleased that 11 June, 3–5 PM IST, works for everyone—let’s consider this time finalised for our camera-ready review session.",email_371
pa361,pn1,hasAuthor,"I am writing to confirm that I have completed consolidation of all tracked changes and integrated the minor edits discussed (including remaining typographical corrections in the appendix, enhanced legend notation consistency, and small clarifications in the reviewer responses).",email_674
pa361,pn2,hasAuthor,"I am writing to confirm that I have completed consolidation of all tracked changes and integrated the minor edits discussed (including remaining typographical corrections in the appendix, enhanced legend notation consistency, and small clarifications in the reviewer responses).",email_674
pa361,pn5,hasAuthor,"I am writing to confirm that I have completed consolidation of all tracked changes and integrated the minor edits discussed (including remaining typographical corrections in the appendix, enhanced legend notation consistency, and small clarifications in the reviewer responses).",email_674
pa361,pn14,hasAuthor,"I am writing to confirm that I have completed consolidation of all tracked changes and integrated the minor edits discussed (including remaining typographical corrections in the appendix, enhanced legend notation consistency, and small clarifications in the reviewer responses).",email_674
pa35,pn2,hasAuthor,"Dear Prof. Bhatia and Co-authors, ... entitled “Domain Adaptation and Evaluation Metrics for Historical NER and Topic Modeling across Multilingual Archives”",email_85
pa35,pn13,hasAuthor,"Dear Prof. Bhatia and Co-authors, ... entitled “Domain Adaptation and Evaluation Metrics for Historical NER and Topic Modeling across Multilingual Archives”",email_85
pa46,pn1,hasAuthor,"Dear Sunita, Ananya, and Michael, ... I am delighted to inform you that I have now formally submitted our revised manuscript",email_98
pa46,pn5,hasAuthor,"Dear Sunita, Ananya, and Michael, ... I am delighted to inform you that I have now formally submitted our revised manuscript",email_98
pa46,pn19,hasAuthor,"Dear Sunita, Ananya, and Michael, ... I am delighted to inform you that I have now formally submitted our revised manuscript",email_98
pa46,pn2,hasAuthor,"Dear Sunita, Ananya, and Michael, ... I am delighted to inform you that I have now formally submitted our revised manuscript",email_98
pa247,pn5,hasAuthor,"I am writing to share a draft of the scenario annotation addressing stakeholder engagement strategies for non-English-speaking press teams, as requested by Reviewer 2.",email_479
pa247,pn1,hasAuthor,"I am writing to share a draft of the scenario annotation addressing stakeholder engagement strategies for non-English-speaking press teams, as requested by Reviewer 2.",email_479
pa247,pn2,hasAuthor,"I am writing to share a draft of the scenario annotation addressing stakeholder engagement strategies for non-English-speaking press teams, as requested by Reviewer 2.",email_479
pa247,pn19,hasAuthor,"I am writing to share a draft of the scenario annotation addressing stakeholder engagement strategies for non-English-speaking press teams, as requested by Reviewer 2.",email_479
pa53,pn2,hasAuthor,This message is to confirm that we have received your camera-ready submission package for the manuscript entitled “NLP Approaches to Historical Entity Disambiguation: Lessons from Bengali-English Colonial Gazetteers”,email_117
pa53,pn1,hasAuthor,This message is to confirm that we have received your camera-ready submission package for the manuscript entitled “NLP Approaches to Historical Entity Disambiguation: Lessons from Bengali-English Colonial Gazetteers”,email_117
pa53,pn19,hasAuthor,This message is to confirm that we have received your camera-ready submission package for the manuscript entitled “NLP Approaches to Historical Entity Disambiguation: Lessons from Bengali-English Colonial Gazetteers”,email_117
pa53,pn5,hasAuthor,This message is to confirm that we have received your camera-ready submission package for the manuscript entitled “NLP Approaches to Historical Entity Disambiguation: Lessons from Bengali-English Colonial Gazetteers”,email_117
pa351,pn1,hasAuthor,Thank you for your thoughtful coordination and for circulating the near-final draft of the “Related Work” section.,email_654
pa351,pn2,hasAuthor,Thank you for your thoughtful coordination and for circulating the near-final draft of the “Related Work” section.,email_654
pa351,pn5,hasAuthor,Thank you for your thoughtful coordination and for circulating the near-final draft of the “Related Work” section.,email_654
pa351,pn19,hasAuthor,Thank you for your thoughtful coordination and for circulating the near-final draft of the “Related Work” section.,email_654
pa171,pn1,hasAuthor,"Sunita, Ramesh, and Michael",email_335
pa171,pn2,hasAuthor,"Sunita, Ramesh, and Michael",email_335
pa171,pn19,hasAuthor,"Sunita, Ramesh, and Michael",email_335
pa43,pn1,hasAuthor,Sunita’s corrected and standardized hyperlink appendix alongside the detailed verification checklist.,email_95
pa43,pn5,hasAuthor,Ananya’s thoroughly revised Ethical Considerations section (18 Dec version),email_95
pa43,pn19,hasAuthor,Michael’s finalized Figure 3 caption and annotation table cross-reference (as of 17 Dec),email_95
pa3,pn5,hasAuthor,I will ensure that our analysis includes at least a pilot for these objectives.,email_20
pa3,pn1,hasAuthor,Building on Sunita and Michael’s curated clean subset,email_20
pa3,pn19,hasAuthor,Building on Sunita and Michael’s curated clean subset,email_20
pa495,pn1,hasAuthor,"our manuscript, ""Practical Workflows for NLP on International Historical Archival Data: Legal, Technical, and Community Lessons Learned,"" has been formally submitted to the ACM Journal on Computing and Cultural Heritage (JOCCH) today.",email_932
pa495,pn19,hasAuthor,"our manuscript, ""Practical Workflows for NLP on International Historical Archival Data: Legal, Technical, and Community Lessons Learned,"" has been formally submitted to the ACM Journal on Computing and Cultural Heritage (JOCCH) today.",email_932
pa495,pn5,hasAuthor,"our manuscript, ""Practical Workflows for NLP on International Historical Archival Data: Legal, Technical, and Community Lessons Learned,"" has been formally submitted to the ACM Journal on Computing and Cultural Heritage (JOCCH) today.",email_932
pa495,pn2,hasAuthor,"our manuscript, ""Practical Workflows for NLP on International Historical Archival Data: Legal, Technical, and Community Lessons Learned,"" has been formally submitted to the ACM Journal on Computing and Cultural Heritage (JOCCH) today.",email_932
pa394,pn1,hasAuthor,Thank you all for your timely contributions to the Project Retrospective & Workflow Reference.,email_768
pa394,pn2,hasAuthor,Thank you all for your timely contributions to the Project Retrospective & Workflow Reference.,email_768
pa394,pn5,hasAuthor,Thank you all for your timely contributions to the Project Retrospective & Workflow Reference.,email_768
pa113,pn1,hasAuthor,"Many thanks, Ananya, for completing the manuscript consistency review and for your meticulous standardization of terminology, bibliographic details, and reviewer comment mapping.",email_218
pa113,pn5,hasAuthor,"Many thanks, Ananya, for completing the manuscript consistency review and for your meticulous standardization of terminology, bibliographic details, and reviewer comment mapping.",email_218
pa113,pn19,hasAuthor,"Many thanks, Ananya, for completing the manuscript consistency review and for your meticulous standardization of terminology, bibliographic details, and reviewer comment mapping.",email_218
pa113,pn2,hasAuthor,"Many thanks, Ananya, for completing the manuscript consistency review and for your meticulous standardization of terminology, bibliographic details, and reviewer comment mapping.",email_218
pa114,pn1,hasAuthor,I have just uploaded the final PDF package containing all updated figures and tables (“FiguresTables_FinalPackage_Feb2021.pdf”) into the shared Drive.,email_218
pa114,pn5,hasAuthor,I have just uploaded the final PDF package containing all updated figures and tables (“FiguresTables_FinalPackage_Feb2021.pdf”) into the shared Drive.,email_218
pa114,pn19,hasAuthor,I have just uploaded the final PDF package containing all updated figures and tables (“FiguresTables_FinalPackage_Feb2021.pdf”) into the shared Drive.,email_218
pa114,pn2,hasAuthor,I have just uploaded the final PDF package containing all updated figures and tables (“FiguresTables_FinalPackage_Feb2021.pdf”) into the shared Drive.,email_218
pa115,pn2,hasAuthor,"Ramesh, could you verify that the revised author response now includes the citation for “IACS_ApprovalLetter.pdf” to satisfy Reviewer 3’s jurisdictional compliance concern?",email_218
pa116,pn19,hasAuthor,"Michael, the supplementary Jupyter notebook has passed my manual run-through with no errors.",email_218
pa317,pn1,hasAuthor,"I have carefully reviewed “Full_Draft_JOCCH.docx” and found the harmonization of style, references, and narrative flow to be excellent.",email_609
pa317,pn5,hasAuthor,"Thank you, Ananya, for circulating the integrated manuscript and for coordinating the next steps with such clarity.",email_609
pa317,pn19,hasAuthor,"Michael, the supplementary “Cover_Letter_JOCCH_Final_v2” is now perfectly aligned with our final structure and institutional attributions.",email_609
pa317,pn2,hasAuthor,"Ramesh, as per your suggestion, I double-checked the compliance statement and author contributions file.",email_609
pa217,pn1,hasAuthor,"Sunita, I appreciate your extensive review of the new README and the meticulous final sweep on cross-language consistency, resource transparency, and persistent hyperlinking.",email_425
pa217,pn2,hasAuthor,"Prof. Bhatia, following your request, I have re-reviewed Sunita’s proposed additions to the compliance statement draft, and they align well with the finalized ethics guidance from IACS.",email_425
pa217,pn9,hasAuthor,"Ananya, your markup on the Hindi/Urdu vignettes and contributions to harmonizing the cross-references in Section 4 were especially helpful.",email_425
pa217,pn19,hasAuthor,"Thank you all for your precise, thorough checks and rapid responses during this final pre-submission phase.",email_425
pa399,pn1,hasAuthor,"Sunita, Michael, and Ramesh, ... Sunita, they are ready for assembly with your final main-text draft.",email_775
pa399,pn19,hasAuthor,"Sunita, Michael, and Ramesh, ... Michael, thank you for your last-minute feedback on annotation workflow notes;",email_775
pa399,pn2,hasAuthor,"Sunita, Michael, and Ramesh, ... Ramesh, I believe the new appendix references now address your harmonization comments.",email_775
pa399,pn10,hasAuthor,"Ananya, ... I am pleased to confirm that the finalized versions of both the 'Data Licensing Table' and the 'Compliance FAQ' have been uploaded to our shared Drive folder ('Appendices – JOCCH Submission 2023').",email_775
pa255,pn1,hasAuthor,Special thanks to Sunita for uploading both the IACS press office template and the excellent sample releases;,email_488
pa255,pn2,hasAuthor,"Ramesh, your contextual statement on Indian RTI applications will fit well in the impact paragraph.",email_488
pa255,pn19,hasAuthor,"Michael, a brief note on the value of the Stanford repository for global archival research would be highly welcome.",email_488
pa255,pn5,hasAuthor,Attached to this email (“JCDL2022_Press_Release_Draft_v1.docx” in the shared folder),email_488
pa385,pn1,hasAuthor,"I am pleased to inform you that following our highly efficient consolidation meeting on 16 May, I have today initiated our manuscript submission to the ACM Journal on Computing and Cultural Heritage (JOCCH). The submission—entitled “NLP Pipelines for Semantic Analysis of 19th-century South Asian Legal Documents: Methods, Datasets, and Error Taxonomy”",email_734
pa385,pn2,hasAuthor,"I am pleased to inform you that following our highly efficient consolidation meeting on 16 May, I have today initiated our manuscript submission to the ACM Journal on Computing and Cultural Heritage (JOCCH). The submission—entitled “NLP Pipelines for Semantic Analysis of 19th-century South Asian Legal Documents: Methods, Datasets, and Error Taxonomy”",email_734
pa385,pn5,hasAuthor,"I am pleased to inform you that following our highly efficient consolidation meeting on 16 May, I have today initiated our manuscript submission to the ACM Journal on Computing and Cultural Heritage (JOCCH). The submission—entitled “NLP Pipelines for Semantic Analysis of 19th-century South Asian Legal Documents: Methods, Datasets, and Error Taxonomy”",email_734
pa385,pn19,hasAuthor,"I am pleased to inform you that following our highly efficient consolidation meeting on 16 May, I have today initiated our manuscript submission to the ACM Journal on Computing and Cultural Heritage (JOCCH). The submission—entitled “NLP Pipelines for Semantic Analysis of 19th-century South Asian Legal Documents: Methods, Datasets, and Error Taxonomy”",email_734
pa350,pn1,hasAuthor,"Sunita, your strategy for streamlining the “Related Work” section aligns well with my review.",email_651
pa350,pn2,hasAuthor,"Michael, I appreciate your willingness to detail the practical impact of our work in digital humanities environments.",email_651
pa350,pn19,hasAuthor,"Michael, I appreciate your willingness to detail the practical impact of our work in digital humanities environments.",email_651
pa350,pn5,hasAuthor,"Ananya, thank you for coordinating this final phase and for managing the compliance checklist.",email_651
pa48,pn5,hasAuthor,Ananya will complete the accessibility audit of the final PDF using the latest ACM guidelines by 5 March,email_114
pa48,pn19,hasAuthor,Michael will perform a rapid crosscheck of the metadata alignment and provide a final supplementary material checklist by 6 March,email_114
pa48,pn1,hasAuthor,"Sunita, thank you for your meticulous updates to the .tex files",email_114
pa48,pn2,hasAuthor,"I will finalize the author order, institutional affiliations, funding acknowledgments",email_114
pa427,pn2,hasAuthor,"our reflection memo, titled “Transnational NLP Reflection Memo: Protocol Harmonization and Compliance Lessons from Multinational Historical NLP Consortia,” has been officially submitted to ACL for review.",email_817
pa427,pn1,hasAuthor,"our reflection memo, titled “Transnational NLP Reflection Memo: Protocol Harmonization and Compliance Lessons from Multinational Historical NLP Consortia,” has been officially submitted to ACL for review.",email_817
pa427,pn19,hasAuthor,"our reflection memo, titled “Transnational NLP Reflection Memo: Protocol Harmonization and Compliance Lessons from Multinational Historical NLP Consortia,” has been officially submitted to ACL for review.",email_817
pa427,pn7,hasAuthor,"our reflection memo, titled “Transnational NLP Reflection Memo: Protocol Harmonization and Compliance Lessons from Multinational Historical NLP Consortia,” has been officially submitted to ACL for review.",email_817
pa37,pn5,hasAuthor,I have successfully accessed both platforms and can confirm that my segments of the “Related Work” section (with participatory annotation emphasis) and “Semantic Metrics Alignment” for Methodology are underway and on target for the 10 May milestone.,email_723
pa37,pn1,hasAuthor,"Thank you, Sunita, for setting up both the Google Drive architecture and the Overleaf project for our manuscript.",email_723
pa37,pn19,hasAuthor,"Michael, thank you for confirming the 6 May Zoom sync.",email_723
pa37,pn2,hasAuthor,"Ramesh, could you clarify whether we want in-line supplementary references in each section or a consolidated list?",email_723
pa128,pn1,hasAuthor,"Thank you, Sunita, for promptly implementing the corpus references and footnote updates, and for your meticulous work cross-linking supplementary materials in both the main manuscript and the Jupyter notebook.",email_240
pa128,pn2,hasAuthor,"Thank you, Sunita, for promptly implementing the corpus references and footnote updates, and for your meticulous work cross-linking supplementary materials in both the main manuscript and the Jupyter notebook.",email_240
pa128,pn5,hasAuthor,"Thank you, Sunita, for promptly implementing the corpus references and footnote updates, and for your meticulous work cross-linking supplementary materials in both the main manuscript and the Jupyter notebook.",email_240
pa50,pn1,hasAuthor,Thank you for your prompt updates on Overleaf and for the exemplary cross-institutional synthesis of compliance and evaluation protocols.,email_311
pa50,pn9,hasAuthor,Thank you for your prompt updates on Overleaf and for the exemplary cross-institutional synthesis of compliance and evaluation protocols.,email_311
pa50,pn19,hasAuthor,Thank you for your prompt updates on Overleaf and for the exemplary cross-institutional synthesis of compliance and evaluation protocols.,email_311
pa50,pn2,hasAuthor,Thank you for your prompt updates on Overleaf and for the exemplary cross-institutional synthesis of compliance and evaluation protocols.,email_311
pa317,pn5,hasAuthor,I am pleased to inform you that the integrated draft—“Full_Draft_JOCCH.docx”—has now been uploaded to the shared drive,email_608
pa317,pn19,hasAuthor,I am pleased to inform you that the integrated draft—“Full_Draft_JOCCH.docx”—has now been uploaded to the shared drive,email_608
pa317,pn1,hasAuthor,I am pleased to inform you that the integrated draft—“Full_Draft_JOCCH.docx”—has now been uploaded to the shared drive,email_608
pa317,pn2,hasAuthor,I am pleased to inform you that the integrated draft—“Full_Draft_JOCCH.docx”—has now been uploaded to the shared drive,email_608
pa180,pn1,hasAuthor,"Thank you, Sunita, for sharing the finalized slide deck and for thoughtfully integrating the feedback from all team members.",email_358
pa180,pn2,hasAuthor,"Thank you, Sunita, for sharing the finalized slide deck and for thoughtfully integrating the feedback from all team members.",email_358
pa180,pn5,hasAuthor,"Thank you, Sunita, for sharing the finalized slide deck and for thoughtfully integrating the feedback from all team members.",email_358
pa240,pn1,hasAuthor,"Thank you, Sunita, for circulating the integrated FAQ annex draft and for your meticulous work in harmonizing our contributions.",email_468
pa240,pn9,hasAuthor,Ananya’s bullet-point protocols are exceptionally clear.,email_468
pa240,pn8,hasAuthor,Michael’s disclaimers are incorporated thoroughly.,email_468
pa75,pn1,hasAuthor,"Dear Sunita Sen, Dr. Michael Bradley, Dr. Ananya Chatterjee, and Prof. Ramesh Bhatia, We are pleased to confirm your tutorial, ""NLP Methods for Large-Scale Historical Data: Annotation, Corpus Design, and Reproducibility,"" is scheduled as part of the JCDL 2020 main conference program on 16th May 2019, from 13:30 to 16:00 UTC.",email_158
pa75,pn19,hasAuthor,"Dear Sunita Sen, Dr. Michael Bradley, Dr. Ananya Chatterjee, and Prof. Ramesh Bhatia, We are pleased to confirm your tutorial, ""NLP Methods for Large-Scale Historical Data: Annotation, Corpus Design, and Reproducibility,"" is scheduled as part of the JCDL 2020 main conference program on 16th May 2019, from 13:30 to 16:00 UTC.",email_158
pa75,pn5,hasAuthor,"Dear Sunita Sen, Dr. Michael Bradley, Dr. Ananya Chatterjee, and Prof. Ramesh Bhatia, We are pleased to confirm your tutorial, ""NLP Methods for Large-Scale Historical Data: Annotation, Corpus Design, and Reproducibility,"" is scheduled as part of the JCDL 2020 main conference program on 16th May 2019, from 13:30 to 16:00 UTC.",email_158
pa75,pn2,hasAuthor,"Dear Sunita Sen, Dr. Michael Bradley, Dr. Ananya Chatterjee, and Prof. Ramesh Bhatia, We are pleased to confirm your tutorial, ""NLP Methods for Large-Scale Historical Data: Annotation, Corpus Design, and Reproducibility,"" is scheduled as part of the JCDL 2020 main conference program on 16th May 2019, from 13:30 to 16:00 UTC.",email_158
pa49,pn1,hasAuthor,"Thank you, Ramesh, for the summary and clear distribution of action items in response to the editorial office’s decision.",email_102
pa49,pn2,hasAuthor,"Thank you, Ramesh, for the summary and clear distribution of action items in response to the editorial office’s decision.",email_102
pa49,pn5,hasAuthor,"Thank you, Ramesh, for the summary and clear distribution of action items in response to the editorial office’s decision.",email_102
pa49,pn14,hasAuthor,"Thank you, Ramesh, for the summary and clear distribution of action items in response to the editorial office’s decision.",email_102
pa457,pn1,hasAuthor,"Thank you, Sunita, for your prompt summary and for actioning the mixed-script tagging decisions with transparency and reproducibility in mind.",email_863
pa457,pn9,hasAuthor,"I’ve now integrated the additional code-switch markers into the supplementary documentation and have annotated the justification process in our README, as discussed.",email_863
pa457,pn2,hasAuthor,"Thank you, Sunita, for your prompt summary and for actioning the mixed-script tagging decisions with transparency and reproducibility in mind.",email_863
pa457,pn19,hasAuthor,"I’ve now integrated the additional code-switch markers into the supplementary documentation and have annotated the justification process in our README, as discussed.",email_863
pa275,pn5,hasAuthor,I confirm that the press release synchronization between the Oxford and IACS communications teams is now finalized.,email_529
pa275,pn19,hasAuthor,I confirm that the press release synchronization between the Oxford and IACS communications teams is now finalized.,email_529
pa275,pn1,hasAuthor,I confirm that the press release synchronization between the Oxford and IACS communications teams is now finalized.,email_529
pa275,pn2,hasAuthor,I confirm that the press release synchronization between the Oxford and IACS communications teams is now finalized.,email_529
pa398,pn1,hasAuthor,Thank you for your swift and thorough engagement with the consolidated Google Doc over the last 24 hours.,email_772
pa398,pn9,hasAuthor,Thank you for your swift and thorough engagement with the consolidated Google Doc over the last 24 hours.,email_772
pa398,pn8,hasAuthor,Thank you for your swift and thorough engagement with the consolidated Google Doc over the last 24 hours.,email_772
pa398,pn2,hasAuthor,Thank you for your swift and thorough engagement with the consolidated Google Doc over the last 24 hours.,email_772
pa252,pn1,hasAuthor,"Dear Ananya, Ramesh, and Michael, I am pleased to confirm that our camera-ready manuscript for JCDL 2022",email_484
pa252,pn5,hasAuthor,"Dear Ananya, Ramesh, and Michael, I am pleased to confirm that our camera-ready manuscript for JCDL 2022",email_484
pa252,pn2,hasAuthor,"Dear Ananya, Ramesh, and Michael, I am pleased to confirm that our camera-ready manuscript for JCDL 2022",email_484
pa252,pn19,hasAuthor,"Dear Ananya, Ramesh, and Michael, I am pleased to confirm that our camera-ready manuscript for JCDL 2022",email_484
pa17,pn9,hasAuthor,"Thank you, Ananya, for compiling and integrating all final revisions with such attention to detail and for facilitating the administrative review process through the shared checklist.",email_48
pa17,pn8,hasAuthor,"Michael and Sunita, I appreciate your careful cross-verifications—there were no outstanding issues identified in the current version, and the package is well within the formatting and supplementary guidelines set by ACL 2019.",email_48
pa17,pn11,hasAuthor,"Michael and Sunita, I appreciate your careful cross-verifications—there were no outstanding issues identified in the current version, and the package is well within the formatting and supplementary guidelines set by ACL 2019.",email_48
pa362,pn1,hasAuthor,"Dear Sunita, Ramesh, and Ananya, ... I am pleased to inform you that the camera-ready manuscript, supplementary appendix, and response-to-reviewers sheet have now been successfully submitted to the JCDL 2023 portal.",email_675
pa362,pn2,hasAuthor,"Dear Sunita, Ramesh, and Ananya, ... I am pleased to inform you that the camera-ready manuscript, supplementary appendix, and response-to-reviewers sheet have now been successfully submitted to the JCDL 2023 portal.",email_675
pa362,pn5,hasAuthor,"Dear Sunita, Ramesh, and Ananya, ... I am pleased to inform you that the camera-ready manuscript, supplementary appendix, and response-to-reviewers sheet have now been successfully submitted to the JCDL 2023 portal.",email_675
pa407,pn5,hasAuthor,"Thank you, Ananya, for circulating both the final manuscript and the draft “Response to Reviewers” letter.",email_792
pa408,pn5,hasAuthor,"Thank you, Ananya, for circulating both the final manuscript and the draft “Response to Reviewers” letter.",email_792
pa407,pn1,hasAuthor,"I have now completed a careful, line-by-line review of both documents.",email_792
pa408,pn1,hasAuthor,"I have now completed a careful, line-by-line review of both documents.",email_792
pa407,pn2,hasAuthor,The acknowledgments section now cites the exact NDLI and Stanford IRB contacts as requested by Michael and Ramesh,email_792
pa408,pn2,hasAuthor,The acknowledgments section now cites the exact NDLI and Stanford IRB contacts as requested by Michael and Ramesh,email_792
pa407,pn19,hasAuthor,The acknowledgments section now cites the exact NDLI and Stanford IRB contacts as requested by Michael and Ramesh,email_792
pa408,pn19,hasAuthor,The acknowledgments section now cites the exact NDLI and Stanford IRB contacts as requested by Michael and Ramesh,email_792
pa330,pn1,hasAuthor,particularly those that touch on evaluation metrics for historical corpus adaptations,email_629
pa331,pn1,hasAuthor,interplay between semantic drift and named entity recognition,email_629
pa439,pn1,hasAuthor,Thank you for your comprehensive review and feedback on both the consolidated manuscript and the draft author response letter.,email_835
pa439,pn2,hasAuthor,Thank you for your comprehensive review and feedback on both the consolidated manuscript and the draft author response letter.,email_835
pa439,pn19,hasAuthor,Thank you for your comprehensive review and feedback on both the consolidated manuscript and the draft author response letter.,email_835
pa439,pn5,hasAuthor,Thank you for your comprehensive review and feedback on both the consolidated manuscript and the draft author response letter.,email_835
pa440,pn1,hasAuthor,Thank you for your comprehensive review and feedback on both the consolidated manuscript and the draft author response letter.,email_835
pa440,pn2,hasAuthor,Thank you for your comprehensive review and feedback on both the consolidated manuscript and the draft author response letter.,email_835
pa440,pn19,hasAuthor,Thank you for your comprehensive review and feedback on both the consolidated manuscript and the draft author response letter.,email_835
pa440,pn5,hasAuthor,Thank you for your comprehensive review and feedback on both the consolidated manuscript and the draft author response letter.,email_835
pa86,pn1,hasAuthor,I am writing to provide a brief progress update as well as to share the draft of our lay abstract for the ACM JOCCH submission.,email_178
pa86,pn2,hasAuthor,I am writing to provide a brief progress update as well as to share the draft of our lay abstract for the ACM JOCCH submission.,email_178
pa86,pn19,hasAuthor,I am writing to provide a brief progress update as well as to share the draft of our lay abstract for the ACM JOCCH submission.,email_178
pa26,pn1,hasAuthor,"Sunita, your summary under “Data Curation” and “Investigation”",email_738
pa26,pn19,hasAuthor,Michael’s extension in “Methodology”,email_738
pa26,pn5,hasAuthor,"Ananya, your sections on “Writing – Original Draft” and “Correspondence”",email_738
pa26,pn2,hasAuthor,I have now reviewed the draft author contribution statements,email_738
pa354,pn1,hasAuthor,"Authors (final order): Sunita Sen, Ramesh Bhatia, Michael Bradley, Ananya Chatterjee",email_659
pa354,pn2,hasAuthor,"Authors (final order): Sunita Sen, Ramesh Bhatia, Michael Bradley, Ananya Chatterjee",email_659
pa354,pn19,hasAuthor,"Authors (final order): Sunita Sen, Ramesh Bhatia, Michael Bradley, Ananya Chatterjee",email_659
pa354,pn5,hasAuthor,"Authors (final order): Sunita Sen, Ramesh Bhatia, Michael Bradley, Ananya Chatterjee",email_659
pa30,pn1,hasAuthor,"Sunita Sen, Dr. Ananya Chatterjee, Dr. Michael Bradley, Prof. Ramesh Bhatia",email_785
pa30,pn2,hasAuthor,"Sunita Sen, Dr. Ananya Chatterjee, Dr. Michael Bradley, Prof. Ramesh Bhatia",email_785
pa30,pn5,hasAuthor,"Sunita Sen, Dr. Ananya Chatterjee, Dr. Michael Bradley, Prof. Ramesh Bhatia",email_785
pa30,pn19,hasAuthor,"Sunita Sen, Dr. Ananya Chatterjee, Dr. Michael Bradley, Prof. Ramesh Bhatia",email_785
pa412,pn1,hasAuthor,"Thank you, Sunita, for your detailed outline of the IACS-side contributions.",email_798
pa412,pn9,hasAuthor,"Ananya and Ramesh, I likewise appreciate your willingness to coordinate the monitoring and support ongoing memo authorship.",email_798
pa412,pn2,hasAuthor,"Ananya and Ramesh, I likewise appreciate your willingness to coordinate the monitoring and support ongoing memo authorship.",email_798
pa412,pn19,hasAuthor,Looking forward to collaborating on this next phase with you all!,email_798
pa391,pn5,hasAuthor,"Dear Dr. Chatterjee and Co-authors,",email_756
pa391,pn2,hasAuthor,"Dear Dr. Chatterjee and Co-authors,",email_756
pa391,pn1,hasAuthor,"Dear Dr. Chatterjee and Co-authors,",email_756
pa391,pn19,hasAuthor,"Dear Dr. Chatterjee and Co-authors,",email_756
pa26,pn2,hasAuthor,"Thank you, Michael, for your detailed synthesis of the reviewer feedback and for outlining a clear plan for our revision process.",email_782
pa26,pn1,hasAuthor,I am happy to take responsibility for a comprehensive editorial pass once the primary content and data revisions are in place.,email_782
pa26,pn5,hasAuthor,do let us know if you anticipate any institutional approvals or additional information needed from our end for your expansion of the licensing tables.,email_782
pa103,pn1,hasAuthor,"Thank you, Ramesh, for consolidating all of the code appendix updates and clearly organizing the compliance supplement process.",email_202
pa103,pn2,hasAuthor,"Thank you, Ramesh, for consolidating all of the code appendix updates and clearly organizing the compliance supplement process.",email_202
pa103,pn9,hasAuthor,"Ananya, perhaps you could reference the checklist briefly in the graphical abstract caption, as Ramesh suggested, to reinforce our commitment to compliance.",email_202
pa103,pn19,hasAuthor,"Thank you, Ramesh, for consolidating all of the code appendix updates and clearly organizing the compliance supplement process.",email_202
pa231,pn1,hasAuthor,"Thank you, Ananya, for circulating the initial press release draft and so thoughtfully integrating not only the IACS template requirements but also the key achievements of our collaborative JCDL 2022 submission.",email_489
pa231,pn2,hasAuthor,"Thank you, Ananya, for circulating the initial press release draft and so thoughtfully integrating not only the IACS template requirements but also the key achievements of our collaborative JCDL 2022 submission.",email_489
pa231,pn19,hasAuthor,"Thank you, Ananya, for circulating the initial press release draft and so thoughtfully integrating not only the IACS template requirements but also the key achievements of our collaborative JCDL 2022 submission.",email_489
pa106,pn1,hasAuthor,I am enthused by the idea of documenting our compliance workflow and rolling embargo best practices in a focused preprint or repository note.,email_907
pa106,pn19,hasAuthor,I am enthused by the idea of documenting our compliance workflow and rolling embargo best practices in a focused preprint or repository note.,email_907
pa106,pn2,hasAuthor,I am enthused by the idea of documenting our compliance workflow and rolling embargo best practices in a focused preprint or repository note.,email_907
pa106,pn5,hasAuthor,I am enthused by the idea of documenting our compliance workflow and rolling embargo best practices in a focused preprint or repository note.,email_907
pa480,pn1,hasAuthor,"I propose we scope the document as a short, how-to guide—supplemented by annotated examples taken from our JOCCH revision",email_907
pa480,pn19,hasAuthor,"I propose we scope the document as a short, how-to guide—supplemented by annotated examples taken from our JOCCH revision",email_907
pa480,pn2,hasAuthor,"I propose we scope the document as a short, how-to guide—supplemented by annotated examples taken from our JOCCH revision",email_907
pa480,pn5,hasAuthor,"I propose we scope the document as a short, how-to guide—supplemented by annotated examples taken from our JOCCH revision",email_907
pa46,pn5,hasAuthor,"Dear Dr. Chatterjee and co-authors,",email_744
pa46,pn13,hasAuthor,"Dear Dr. Chatterjee and co-authors,",email_744
pa172,pn2,hasAuthor,"Dear Prof. Ramesh Bhatia and co-authors, ... for your paper: ""Provenance-Aware NLP for Historical Texts: Annotation, Compliance, and Synthetic Instance Protocols""",email_343
pa172,pn1,hasAuthor,Thank you for your prompt response and for confirming Sunita Sen as the presenting author for your paper,email_343
pa363,pn19,hasAuthor,"Dear Authors, Thank you once again for your timely and thorough camera-ready submission to JCDL 2023, titled “Semantic Drift Detection and Interoperability in Low-Resource Historical Corpora: An Annotated Benchmark and Evaluation Framework.”",email_677
pa363,pn1,hasAuthor,"Dear Authors, Thank you once again for your timely and thorough camera-ready submission to JCDL 2023, titled “Semantic Drift Detection and Interoperability in Low-Resource Historical Corpora: An Annotated Benchmark and Evaluation Framework.”",email_677
pa363,pn2,hasAuthor,"Dear Authors, Thank you once again for your timely and thorough camera-ready submission to JCDL 2023, titled “Semantic Drift Detection and Interoperability in Low-Resource Historical Corpora: An Annotated Benchmark and Evaluation Framework.”",email_677
pa363,pn5,hasAuthor,"Dear Authors, Thank you once again for your timely and thorough camera-ready submission to JCDL 2023, titled “Semantic Drift Detection and Interoperability in Low-Resource Historical Corpora: An Annotated Benchmark and Evaluation Framework.”",email_677
pa53,pn2,hasAuthor,"On behalf of my co-authors—Sunita Sen, Dr. Michael Bradley, and Dr. Ananya Chatterjee—I am submitting the camera-ready package for our manuscript entitled “NLP Approaches to Historical Entity Disambiguation: Lessons from Bengali-English Colonial Gazetteers”",email_116
pa53,pn1,hasAuthor,"On behalf of my co-authors—Sunita Sen, Dr. Michael Bradley, and Dr. Ananya Chatterjee—I am submitting the camera-ready package for our manuscript entitled “NLP Approaches to Historical Entity Disambiguation: Lessons from Bengali-English Colonial Gazetteers”",email_116
pa53,pn19,hasAuthor,"On behalf of my co-authors—Sunita Sen, Dr. Michael Bradley, and Dr. Ananya Chatterjee—I am submitting the camera-ready package for our manuscript entitled “NLP Approaches to Historical Entity Disambiguation: Lessons from Bengali-English Colonial Gazetteers”",email_116
pa53,pn5,hasAuthor,"On behalf of my co-authors—Sunita Sen, Dr. Michael Bradley, and Dr. Ananya Chatterjee—I am submitting the camera-ready package for our manuscript entitled “NLP Approaches to Historical Entity Disambiguation: Lessons from Bengali-English Colonial Gazetteers”",email_116
pa32,pn5,hasAuthor,"I am happy to take the lead on compiling the final, accessibility-verified PDF as per ACM guidelines (v2020)",email_112
pa32,pn19,hasAuthor,"Thank you, Michael, for outlining such a clear workflow and for highlighting the new requirements from the JOCCH editorial office",email_112
pa32,pn1,hasAuthor,it would be very helpful if you could finalize your review of the main manuscript’s references to all supplementary files by 27 February,email_112
pa32,pn2,hasAuthor,please let us know if you need any specific information for the acknowledgment and funding sections,email_112
pa515,pn1,hasAuthor,Corresponding Author: Sunita Sen,email_972
pa515,pn2,hasAuthor,"Co-authors: Prof. Ramesh Bhatia, Dr. Ananya Chatterjee, Dr. Michael Bradley",email_972
pa515,pn5,hasAuthor,"Co-authors: Prof. Ramesh Bhatia, Dr. Ananya Chatterjee, Dr. Michael Bradley",email_972
pa515,pn19,hasAuthor,"Co-authors: Prof. Ramesh Bhatia, Dr. Ananya Chatterjee, Dr. Michael Bradley",email_972
pa304,pn1,hasAuthor,"I have just uploaded my full session notes focusing on accessibility interventions, with a particular emphasis on how we triaged live requests (notably those from participants using screen readers and non-standard browsers).",email_589
pa304,pn19,hasAuthor,Thank you all for your readiness to participate in today’s debrief and for the extensive materials already shared in our “Workshop2022_Analytics” folder.,email_589
pa304,pn5,hasAuthor,Thank you all for your readiness to participate in today’s debrief and for the extensive materials already shared in our “Workshop2022_Analytics” folder.,email_589
pa304,pn2,hasAuthor,Thank you all for your readiness to participate in today’s debrief and for the extensive materials already shared in our “Workshop2022_Analytics” folder.,email_589
pa170,pn1,hasAuthor,"our ACL 2021 camera-ready manuscript, along with all supplementary materials and compliance checklists, has been successfully uploaded to Softconf",email_336
pa170,pn2,hasAuthor,"our ACL 2021 camera-ready manuscript, along with all supplementary materials and compliance checklists, has been successfully uploaded to Softconf",email_336
pa170,pn19,hasAuthor,"our ACL 2021 camera-ready manuscript, along with all supplementary materials and compliance checklists, has been successfully uploaded to Softconf",email_336
pa170,pn5,hasAuthor,"our ACL 2021 camera-ready manuscript, along with all supplementary materials and compliance checklists, has been successfully uploaded to Softconf",email_336
pa273,pn1,hasAuthor,"Thank you, Michael, for the timely integration of the final infographic slides, NDAI feedback summary, and press highlights into the master deck—I have reviewed “JCDL2022_FinalSpotlightDeck_v3.pptx”",email_524
pa273,pn19,hasAuthor,"Thank you, Michael, for the timely integration of the final infographic slides, NDAI feedback summary, and press highlights into the master deck—I have reviewed “JCDL2022_FinalSpotlightDeck_v3.pptx”",email_524
pa273,pn5,hasAuthor,"Thank you, Michael, for the timely integration of the final infographic slides, NDAI feedback summary, and press highlights into the master deck—I have reviewed “JCDL2022_FinalSpotlightDeck_v3.pptx”",email_524
pa273,pn2,hasAuthor,"Thank you, Michael, for the timely integration of the final infographic slides, NDAI feedback summary, and press highlights into the master deck—I have reviewed “JCDL2022_FinalSpotlightDeck_v3.pptx”",email_524
pa516,pn5,hasAuthor,"Ananya, I appreciate your initiative in outlining the enhancements for the Chilean and Japanese regulatory analysis",email_976
pa516,pn1,hasAuthor,"Sunita, thank you for organizing the response workflow and managing communication with the editorial office",email_976
pa516,pn2,hasAuthor,"Ramesh, if you have suggestions on how best to anchor the annotation discussion within the broader context of regulatory compliance",email_976
pa276,pn5,hasAuthor,Thank you all for your timely sign-offs and your dedication to making our JCDL 2022 spotlight submission as impactful as possible.,email_532
pa276,pn19,hasAuthor,Thank you all for your timely sign-offs and your dedication to making our JCDL 2022 spotlight submission as impactful as possible.,email_532
pa276,pn2,hasAuthor,Thank you all for your timely sign-offs and your dedication to making our JCDL 2022 spotlight submission as impactful as possible.,email_532
pa276,pn1,hasAuthor,Thank you all for your timely sign-offs and your dedication to making our JCDL 2022 spotlight submission as impactful as possible.,email_532
pa132,pn5,hasAuthor,"Thank you, Ramesh, for your thoughtful message and for outlining an excellent set of outreach actions now that our ""HistocrNLP"" paper is entering its publication phase.",email_255
pa132,pn2,hasAuthor,"Thank you, Ramesh, for your thoughtful message and for outlining an excellent set of outreach actions now that our ""HistocrNLP"" paper is entering its publication phase.",email_255
pa132,pn1,hasAuthor,"Thank you, Ramesh, for your thoughtful message and for outlining an excellent set of outreach actions now that our ""HistocrNLP"" paper is entering its publication phase.",email_255
pa132,pn19,hasAuthor,"Thank you, Ramesh, for your thoughtful message and for outlining an excellent set of outreach actions now that our ""HistocrNLP"" paper is entering its publication phase.",email_255
pa46,pn1,hasAuthor,"Sunita, your integration of the illustrative examples in Section 4.2 was both concise and illuminating",email_108
pa46,pn2,hasAuthor,"Michael, your technical summary has made the normalization workflow unambiguous",email_108
pa46,pn19,hasAuthor,"Ananya, your efforts in accessibility not only fulfilled the ACM’s updated requirements",email_108
pa46,pn5,hasAuthor,"Ananya, your efforts in accessibility not only fulfilled the ACM’s updated requirements",email_108
pa494,pn1,hasAuthor,I have thoroughly reviewed the final submission package as circulated by Sunita.,email_931
pa494,pn5,hasAuthor,I concur with Ananya that it will be a strong asset for both reviewers and potential readers.,email_931
pa494,pn2,hasAuthor,"Ramesh, your final compliance vignette updates in Appendix B are precise and successfully integrate the newly referenced international data stewardship guidelines.",email_931
pa47,pn2,hasAuthor,"Dear Prof. Ramesh Bhatia and co-authors, ... entitled “NER Methodology and Heritage Data: A Multilingual Benchmark for Bengali-English Colonial Documents”",email_100
pa47,pn13,hasAuthor,"Dear Prof. Ramesh Bhatia and co-authors, ... entitled “NER Methodology and Heritage Data: A Multilingual Benchmark for Bengali-English Colonial Documents”",email_100
pa166,pn1,hasAuthor,Sunita Sen,email_327
pa166,pn2,hasAuthor,Prof. Ramesh Bhatia,email_327
pa166,pn19,hasAuthor,Dr. Michael Bradley,email_327
pa166,pn5,hasAuthor,Dr. Ananya Chatterjee,email_327
pa388,pn19,hasAuthor,I have now completed updates to the figure legends for Figures 2 and 4 as per the editorial feedback for SUB-JOCCH-2023-0193.,email_741
pa388,pn5,hasAuthor,"Ananya, I recommend preparing a brief cover letter to the editors summarizing how we addressed each point in their minor revision request",email_741
pa388,pn2,hasAuthor,"Ramesh, please review the revised legends and overall manuscript edits at your earliest convenience.",email_741
pa388,pn1,hasAuthor,"Sunita, thank you again for coordinating the license clarifications.",email_741
pa488,pn1,hasAuthor,"Dear Michael, Ananya, and Ramesh, I am pleased to share the integrated first full draft of our technical note, “Practical Compliance and Data Release Workflows for NLP on Historical Collections,” for your review and feedback.",email_923
pa488,pn19,hasAuthor,"Dear Michael, Ananya, and Ramesh, I am pleased to share the integrated first full draft of our technical note, “Practical Compliance and Data Release Workflows for NLP on Historical Collections,” for your review and feedback.",email_923
pa488,pn5,hasAuthor,"Dear Michael, Ananya, and Ramesh, I am pleased to share the integrated first full draft of our technical note, “Practical Compliance and Data Release Workflows for NLP on Historical Collections,” for your review and feedback.",email_923
pa488,pn2,hasAuthor,"Dear Michael, Ananya, and Ramesh, I am pleased to share the integrated first full draft of our technical note, “Practical Compliance and Data Release Workflows for NLP on Historical Collections,” for your review and feedback.",email_923
pa253,pn1,hasAuthor,"Dear Sunita Sen and co-authors, ... your camera-ready submission for JCDL 2022, entitled “Cross-Jurisdictional Protocols in NLP: FAQ Annexation for Multilingual Historical Media”",email_485
pa253,pn13,hasAuthor,"Dear Sunita Sen and co-authors, ... your camera-ready submission for JCDL 2022, entitled “Cross-Jurisdictional Protocols in NLP: FAQ Annexation for Multilingual Historical Media”",email_485
pa141,pn19,hasAuthor,I have just uploaded my latest slide revisions to the shared drive. Please review the new demo visualization on sequence labelling for noisy historical OCR,email_272
pa141,pn1,hasAuthor,Please review the new demo visualization on sequence labelling for noisy historical OCR,email_272
pa141,pn5,hasAuthor,"Thanks, Ananya and Ramesh, for aligning on the structure and cross-referencing your South Asian and European datasets",email_272
pa141,pn2,hasAuthor,"Thanks, Ananya and Ramesh, for aligning on the structure and cross-referencing your South Asian and European datasets",email_272
pa498,pn1,hasAuthor,All authors present.,email_941
pa498,pn5,hasAuthor,All authors present.,email_941
pa498,pn19,hasAuthor,All authors present.,email_941
pa498,pn2,hasAuthor,All authors present.,email_941
pa106,pn1,hasAuthor,Thank you all for the excellent coordination on our JOCCH revision efforts,email_210
pa106,pn2,hasAuthor,Thank you all for the excellent coordination on our JOCCH revision efforts,email_210
pa106,pn9,hasAuthor,Thank you all for the excellent coordination on our JOCCH revision efforts,email_210
pa489,pn1,hasAuthor,"Thank you, Sunita, for your timely circulation of the integrated technical note draft",email_924
pa489,pn19,hasAuthor,"Michael and Ramesh, I may reach out in the next day or so if points arise requiring clarification on the diagrams",email_924
pa489,pn2,hasAuthor,"Michael and Ramesh, I may reach out in the next day or so if points arise requiring clarification on the diagrams",email_924
pa489,pn10,hasAuthor,Looking forward to seeing the next round of improvements,email_924
pa97,pn1,hasAuthor,"our manuscript, “Cross-Institutional Methods for NLP on Historical Data: Dataset Profiling, Transfer Approaches, and Compliance”",email_189
pa97,pn2,hasAuthor,"our manuscript, “Cross-Institutional Methods for NLP on Historical Data: Dataset Profiling, Transfer Approaches, and Compliance”",email_189
pa97,pn19,hasAuthor,"our manuscript, “Cross-Institutional Methods for NLP on Historical Data: Dataset Profiling, Transfer Approaches, and Compliance”",email_189
pa97,pn5,hasAuthor,"our manuscript, “Cross-Institutional Methods for NLP on Historical Data: Dataset Profiling, Transfer Approaches, and Compliance”",email_189
pa24,pn1,hasAuthor,"Dear Ms. Sen and co-authors, ... Your manuscript, titled “A Harmonized NLP Dataset and Documentation Protocol for OCR’d Historical Texts,”",email_69
pa442,pn1,hasAuthor,"First, a heartfelt congratulations to the entire team for our acceptance at ACL 2024!",email_838
pa442,pn2,hasAuthor,"First, a heartfelt congratulations to the entire team for our acceptance at ACL 2024!",email_838
pa442,pn19,hasAuthor,"First, a heartfelt congratulations to the entire team for our acceptance at ACL 2024!",email_838
pa442,pn5,hasAuthor,"First, a heartfelt congratulations to the entire team for our acceptance at ACL 2024!",email_838
pa264,pn1,hasAuthor,Thank you for your prompt and comprehensive submission of the consolidated content and visual assets for the forthcoming JCDL 2022 program newsletter.,email_510
pa264,pn5,hasAuthor,Thank you for your prompt and comprehensive submission of the consolidated content and visual assets for the forthcoming JCDL 2022 program newsletter.,email_510
pa264,pn19,hasAuthor,Thank you for your prompt and comprehensive submission of the consolidated content and visual assets for the forthcoming JCDL 2022 program newsletter.,email_510
pa264,pn2,hasAuthor,Thank you for your prompt and comprehensive submission of the consolidated content and visual assets for the forthcoming JCDL 2022 program newsletter.,email_510
pa93,pn1,hasAuthor,"I will coordinate the technical merging of the Stanford, Oxford, and IACS compliance statements into a single, submission-ready PDF, as proposed.",email_181
pa93,pn2,hasAuthor,"I will coordinate the technical merging of the Stanford, Oxford, and IACS compliance statements into a single, submission-ready PDF, as proposed.",email_181
pa93,pn19,hasAuthor,"I will coordinate the technical merging of the Stanford, Oxford, and IACS compliance statements into a single, submission-ready PDF, as proposed.",email_181
pa93,pn5,hasAuthor,"I will coordinate the technical merging of the Stanford, Oxford, and IACS compliance statements into a single, submission-ready PDF, as proposed.",email_181
pa413,pn5,hasAuthor,"Thank you, Ananya, for your clear agenda and logistical suggestions in advance of our upcoming call.",email_801
pa413,pn2,hasAuthor,"Ramesh, thank you for offering to supply anonymized ethics committee documents.",email_801
pa413,pn19,hasAuthor,"I am pleased to share that the preliminary outline for our reflection memo (“Cross-Institutional Reflection Memo Outline”) is now uploaded as a Google Doc in our shared Drive under the “Reflection_Memo” folder, per our agreed workflow.",email_801
pa413,pn1,hasAuthor,"Please feel free to begin adding your comments and intended section contributions by end of day, as previously discussed.",email_801
pa384,pn1,hasAuthor,Thank you all for your detailed and constructive engagement during this internal peer review phase.,email_731
pa384,pn2,hasAuthor,Thank you all for your detailed and constructive engagement during this internal peer review phase.,email_731
pa384,pn19,hasAuthor,Thank you all for your detailed and constructive engagement during this internal peer review phase.,email_731
pa384,pn5,hasAuthor,Thank you all for your detailed and constructive engagement during this internal peer review phase.,email_731
pa332,pn1,hasAuthor,"Ananya, once you have your selected ACL/EMNLP articles in mind, please feel free to annotate as you go.",email_630
pa332,pn2,hasAuthor,"Sunita and Ramesh, thank you for specifying your focus areas—your input on diachronic alignment, corpus augmentation, and evaluation metrics for historical NLP will provide an excellent foundation for our group review.",email_630
pa332,pn5,hasAuthor,"Ananya, once you have your selected ACL/EMNLP articles in mind, please feel free to annotate as you go.",email_630
pa369,pn1,hasAuthor,"Thank you, Sunita, for coordinating the latest round of reviews and for consolidating the Q&A resource with such attention to detail.",email_694
pa369,pn19,hasAuthor,"Michael, your graphical representations in the evaluation section are particularly striking;",email_694
pa369,pn2,hasAuthor,I’ve just completed my review of the most recent document version and have left a few minor comments on phrasing in the responses regarding dataset accessibility and our protocols around annotator calibration.,email_694
pa369,pn5,hasAuthor,I’ve just completed my review of the most recent document version and have left a few minor comments on phrasing in the responses regarding dataset accessibility and our protocols around annotator calibration.,email_694
pa76,pn1,hasAuthor,Congratulations once again on the successful acceptance of our JCDL 2020 camera-ready materials,email_152
pa76,pn5,hasAuthor,Congratulations once again on the successful acceptance of our JCDL 2020 camera-ready materials,email_152
pa76,pn2,hasAuthor,Congratulations once again on the successful acceptance of our JCDL 2020 camera-ready materials,email_152
pa26,pn1,hasAuthor,"Thank you, Ananya, for your leadership and for clearly outlining the plan for our camera-ready submission.",email_649
pa26,pn2,hasAuthor,Ramesh and I have already discussed potential ways to streamline the “Related Work” section.,email_649
pa26,pn19,hasAuthor,"Michael, your expertise in real-world deployment scenarios will be invaluable in illustrating downstream applications.",email_649
pa26,pn5,hasAuthor,"Thank you, Ananya, for your leadership and for clearly outlining the plan for our camera-ready submission.",email_649
pa450,pn1,hasAuthor,"Attendees: Dr. Ananya Chatterjee, Dr. Michael Bradley, Prof. Ramesh Bhatia, Sunita Sen",email_853
pa450,pn5,hasAuthor,"Attendees: Dr. Ananya Chatterjee, Dr. Michael Bradley, Prof. Ramesh Bhatia, Sunita Sen",email_853
pa450,pn2,hasAuthor,"Attendees: Dr. Ananya Chatterjee, Dr. Michael Bradley, Prof. Ramesh Bhatia, Sunita Sen",email_853
pa450,pn19,hasAuthor,"Attendees: Dr. Ananya Chatterjee, Dr. Michael Bradley, Prof. Ramesh Bhatia, Sunita Sen",email_853
pa359,pn1,hasAuthor,"Based on your indicated availabilities in the Doodle poll, I am pleased to confirm our internal review meeting",email_672
pa359,pn2,hasAuthor,"Based on your indicated availabilities in the Doodle poll, I am pleased to confirm our internal review meeting",email_672
pa359,pn19,hasAuthor,"Based on your indicated availabilities in the Doodle poll, I am pleased to confirm our internal review meeting",email_672
pa359,pn5,hasAuthor,"Based on your indicated availabilities in the Doodle poll, I am pleased to confirm our internal review meeting",email_672
pa1,pn1,hasAuthor,Sunita proposes that we do a Temporal Sentiment Analysis in Historical Archives.,email_2
pa1,pn21,hasAuthor,Sunita proposes that we do a Temporal Sentiment Analysis in Historical Archives.,email_2
pa487,pn1,hasAuthor,"A gentle reminder: the technical note’s first full draft will integrate figures and supplementary legal templates by 19 September, so input on both the event description and registration materials by the end of tomorrow would be immensely helpful to keep all deliverables on schedule.",email_915
pa487,pn19,hasAuthor,"A gentle reminder: the technical note’s first full draft will integrate figures and supplementary legal templates by 19 September, so input on both the event description and registration materials by the end of tomorrow would be immensely helpful to keep all deliverables on schedule.",email_915
pa487,pn5,hasAuthor,"A gentle reminder: the technical note’s first full draft will integrate figures and supplementary legal templates by 19 September, so input on both the event description and registration materials by the end of tomorrow would be immensely helpful to keep all deliverables on schedule.",email_915
pa487,pn2,hasAuthor,"A gentle reminder: the technical note’s first full draft will integrate figures and supplementary legal templates by 19 September, so input on both the event description and registration materials by the end of tomorrow would be immensely helpful to keep all deliverables on schedule.",email_915
pa486,pn1,hasAuthor,"I have structured the document to reflect the joint feedback shared over the past week, including:",email_911
pa486,pn19,hasAuthor,"I have structured the document to reflect the joint feedback shared over the past week, including:",email_911
pa486,pn5,hasAuthor,"I have structured the document to reflect the joint feedback shared over the past week, including:",email_911
pa486,pn2,hasAuthor,"I have structured the document to reflect the joint feedback shared over the past week, including:",email_911
pa239,pn1,hasAuthor,"Dear Michael, Ananya, and Prof. Bhatia, / I am pleased to share the integrated draft of our FAQ annex, incorporating all institutional attributions, resolved margin comments, and the regulatory disclaimer footnotes provided by Michael",email_467
pa239,pn19,hasAuthor,"Dear Michael, Ananya, and Prof. Bhatia, / I am pleased to share the integrated draft of our FAQ annex, incorporating all institutional attributions, resolved margin comments, and the regulatory disclaimer footnotes provided by Michael",email_467
pa239,pn5,hasAuthor,"Dear Michael, Ananya, and Prof. Bhatia, / I am pleased to share the integrated draft of our FAQ annex, incorporating all institutional attributions, resolved margin comments, and the regulatory disclaimer footnotes provided by Michael",email_467
pa239,pn2,hasAuthor,"Dear Michael, Ananya, and Prof. Bhatia, / I am pleased to share the integrated draft of our FAQ annex, incorporating all institutional attributions, resolved margin comments, and the regulatory disclaimer footnotes provided by Michael",email_467
pa499,pn1,hasAuthor,Sunita Sen,email_986
pa499,pn2,hasAuthor,Prof. Ramesh Bhatia,email_986
pa499,pn5,hasAuthor,Dr. Ananya Chatterjee,email_986
pa499,pn19,hasAuthor,Dr. Michael Bradley,email_986
pa157,pn1,hasAuthor,"Thank you, Ananya, for your rapid turnaround on the evaluation metrics narrative and for the detailed Overleaf annotations consolidating the UKRI, Oxford, and Stanford best practices.",email_310
pa157,pn5,hasAuthor,"Thank you, Ananya, for your rapid turnaround on the evaluation metrics narrative and for the detailed Overleaf annotations consolidating the UKRI, Oxford, and Stanford best practices.",email_310
pa157,pn19,hasAuthor,"Thank you, Ananya, for your rapid turnaround on the evaluation metrics narrative and for the detailed Overleaf annotations consolidating the UKRI, Oxford, and Stanford best practices.",email_310
pa157,pn2,hasAuthor,"Thank you, Ananya, for your rapid turnaround on the evaluation metrics narrative and for the detailed Overleaf annotations consolidating the UKRI, Oxford, and Stanford best practices.",email_310
pa60,pn1,hasAuthor,"Sunita, your comparative table of string matching methods is exceptionally clear",email_129
pa61,pn2,hasAuthor,"Michael, your FAIR guidelines exceed expectations",email_129
pa61,pn19,hasAuthor,"Michael, your FAIR guidelines exceed expectations",email_129
pa250,pn1,hasAuthor,"Thank you, Sunita, for so efficiently integrating all outstanding revisions and facilitating consensus on the Section 4 annotation.",email_482
pa250,pn9,hasAuthor,I have reviewed the latest unified scenario for non-English press engagement and am fully supportive of its inclusion in the camera-ready draft.,email_482
pa250,pn2,hasAuthor,"The addition of explicit legal counsel oversight, as suggested by Ramesh, meaningfully elevates our documentation standards and will speak directly to the reviewers’ request for increased procedural clarity.",email_482
pa250,pn19,hasAuthor,Congratulations again to the entire team for collaborative diligence and a truly well-rounded submission!,email_482
pa449,pn1,hasAuthor,"Sunita, I have started the technical compliance review on the latest Overleaf branch.",email_850
pa449,pn19,hasAuthor,"Michael, please let us know if this fits your schedule.",email_850
pa449,pn2,hasAuthor,"Ramesh, for confirming the status of the repository and your rapid accessibility check.",email_850
pa57,pn1,hasAuthor,Sunita: Cross-lingual entity normalization methods and related slides,email_126
pa57,pn2,hasAuthor,"Ramesh: Coordination, timeline tracking, and community engagement strategy",email_126
pa57,pn5,hasAuthor,Ananya: Metadata schema harmonization and overall slide deck integration,email_126
pa57,pn19,hasAuthor,Michael: Reproducibility frameworks and FAIR principles,email_126
pa427,pn2,hasAuthor,"Your manuscript, entitled: ""Transnational NLP Reflection Memo: Protocol Harmonization and Compliance Lessons from Multinational Historical NLP Consortia""",email_818
pa427,pn5,hasAuthor,"Your manuscript, entitled: ""Transnational NLP Reflection Memo: Protocol Harmonization and Compliance Lessons from Multinational Historical NLP Consortia""",email_818
pa427,pn19,hasAuthor,"Your manuscript, entitled: ""Transnational NLP Reflection Memo: Protocol Harmonization and Compliance Lessons from Multinational Historical NLP Consortia""",email_818
pa427,pn1,hasAuthor,"Your manuscript, entitled: ""Transnational NLP Reflection Memo: Protocol Harmonization and Compliance Lessons from Multinational Historical NLP Consortia""",email_818
pa394,pn1,hasAuthor,Sunita’s initiative and Ananya’s thoughtful recommendations regarding our proposed “Project Retrospective & Workflow Reference.”,email_759
pa394,pn5,hasAuthor,Sunita’s initiative and Ananya’s thoughtful recommendations regarding our proposed “Project Retrospective & Workflow Reference.”,email_759
pa394,pn2,hasAuthor,Sunita’s initiative and Ananya’s thoughtful recommendations regarding our proposed “Project Retrospective & Workflow Reference.”,email_759
pa38,pn5,hasAuthor,I am very pleased with the positive outcome and grateful for the meticulous teamwork.,email_88
pa38,pn2,hasAuthor,I am very pleased with the positive outcome and grateful for the meticulous teamwork.,email_88
pa38,pn1,hasAuthor,I am very pleased with the positive outcome and grateful for the meticulous teamwork.,email_88
pa38,pn19,hasAuthor,I am very pleased with the positive outcome and grateful for the meticulous teamwork.,email_88
pa251,pn1,hasAuthor,Thank you all for your swift and collegial efforts in finalizing our JCDL 2022 camera-ready submission.,email_483
pa251,pn2,hasAuthor,Thank you all for your swift and collegial efforts in finalizing our JCDL 2022 camera-ready submission.,email_483
pa251,pn19,hasAuthor,Thank you all for your swift and collegial efforts in finalizing our JCDL 2022 camera-ready submission.,email_483
pa251,pn5,hasAuthor,Thank you all for your swift and collegial efforts in finalizing our JCDL 2022 camera-ready submission.,email_483
pa184,pn1,hasAuthor,"Dear Sunita Sen and Co-authors, On behalf of the ACL 2021 Program Committee, we would like to thank you for your submission entitled ""A Provenance-Aware Annotation Protocol for NLP on Historical Document Corpora""",email_366
pa184,pn2,hasAuthor,"Dear Sunita Sen and Co-authors, On behalf of the ACL 2021 Program Committee, we would like to thank you for your submission entitled ""A Provenance-Aware Annotation Protocol for NLP on Historical Document Corpora""",email_366
pa184,pn19,hasAuthor,"Dear Sunita Sen and Co-authors, On behalf of the ACL 2021 Program Committee, we would like to thank you for your submission entitled ""A Provenance-Aware Annotation Protocol for NLP on Historical Document Corpora""",email_366
pa184,pn5,hasAuthor,"Dear Sunita Sen and Co-authors, On behalf of the ACL 2021 Program Committee, we would like to thank you for your submission entitled ""A Provenance-Aware Annotation Protocol for NLP on Historical Document Corpora""",email_366
pa238,pn1,hasAuthor,"Sunita to circulate an integrated draft FAQ annex (with institutional attributions and margin comments resolved) by 20 November, for one final review before inclusion in the broader Press Protocol document.",email_465
pa238,pn19,hasAuthor,Michael to supply concise US FERPA and Stanford-specific disclaimer footnotes by 18 November for possible annex incorporation.,email_465
pa238,pn9,hasAuthor,"Ananya (myself) to synthesize a bullet-point section for standard metadata dissemination protocols circulated for approval, also by 20 November.",email_465
pa238,pn2,hasAuthor,Prof. Bhatia to post the draft update protocol for consortium FAQ revisions.,email_465
pa169,pn1,hasAuthor,Thank you both for diligently uploading your drafts—Section 4 and the compliance appendix—well within our agreed timelines.,email_330
pa169,pn19,hasAuthor,Thank you both for diligently uploading your drafts—Section 4 and the compliance appendix—well within our agreed timelines.,email_330
pa169,pn5,hasAuthor,Thank you both for diligently uploading your drafts—Section 4 and the compliance appendix—well within our agreed timelines.,email_330
pa178,pn5,hasAuthor,"I am pleased to confirm my availability for both the 24 April (5:30–7:00 pm IST) and 25 April (6:00–7:30 pm IST) slots, with a preference for 24 April if that proves convenient for the majority.",email_356
pa178,pn2,hasAuthor,Thank you for circulating the proposed time slots for our upcoming dry run and for the ongoing collaborative energy as we finalize preparations for the ACL 2021 oral session.,email_356
pa178,pn1,hasAuthor,"Sunita, I look forward to reviewing your draft slides and echo Michael’s suggestion for a clear visual comparison between the traditional and provenance-aware metrics.",email_356
pa178,pn19,hasAuthor,"Sunita, I look forward to reviewing your draft slides and echo Michael’s suggestion for a clear visual comparison between the traditional and provenance-aware metrics.",email_356
pa30,pn1,hasAuthor,Thank you for outlining a clear revision plan following the positive JOCCH decision.,email_899
pa30,pn5,hasAuthor,Thank you for outlining a clear revision plan following the positive JOCCH decision.,email_899
pa30,pn2,hasAuthor,Thank you for outlining a clear revision plan following the positive JOCCH decision.,email_899
pa30,pn19,hasAuthor,Thank you for outlining a clear revision plan following the positive JOCCH decision.,email_899
pa506,pn2,hasAuthor,"Dear Prof. Bhatia and Co-authors,",email_952;email_953
pa506,pn1,hasAuthor,"Dear Prof. Bhatia and Co-authors,",email_952;email_953
pa506,pn19,hasAuthor,"Dear Prof. Bhatia and Co-authors,",email_952;email_953
pa506,pn5,hasAuthor,"Dear Prof. Bhatia and Co-authors,",email_952;email_953
pa468,pn1,hasAuthor,"Thank you, Ananya, for your detailed update and for expertly integrating everyone’s inputs into the manuscript and documentation.",email_884
pa468,pn2,hasAuthor,"Thank you, Ananya, for your detailed update and for expertly integrating everyone’s inputs into the manuscript and documentation.",email_884
pa468,pn19,hasAuthor,"Thank you, Ananya, for your detailed update and for expertly integrating everyone’s inputs into the manuscript and documentation.",email_884
pa468,pn9,hasAuthor,"Thank you, Ananya, for your detailed update and for expertly integrating everyone’s inputs into the manuscript and documentation.",email_884
pa395,pn1,hasAuthor,"Thank you, Sunita, for leading this initiative and for sharing such a meticulously organized draft outline",email_763
pa395,pn9,hasAuthor,"Thank you, Sunita, for leading this initiative and for sharing such a meticulously organized draft outline",email_763
pa395,pn2,hasAuthor,"Thank you, Sunita, for leading this initiative and for sharing such a meticulously organized draft outline",email_763
pa168,pn1,hasAuthor,I am sending this message to confirm that the expanded and revised draft of Section 4 (Annotation Provenance) is now available in our Overleaf folder (document titled “Section4_AnnotationProvenance_Jan26”),email_329
pa168,pn2,hasAuthor,"Ananya and Ramesh, please pay particular attention to the alignment of terminology (e.g., “historical record class,” “synthetic instance generation”) with the rest of the manuscript and flag any issues related to clarity or technical consistency.",email_329
pa168,pn19,hasAuthor,"Michael, I’ve incorporated pointers to the embargo and synthetic preview protocols from your revised compliance appendix.",email_329
pa168,pn5,hasAuthor,"Ananya and Ramesh, please pay particular attention to the alignment of terminology (e.g., “historical record class,” “synthetic instance generation”) with the rest of the manuscript and flag any issues related to clarity or technical consistency.",email_329
pa3,pn5,hasAuthor,Ananya presented the findings from her comparative evaluation of LIME and SHAP on our clean corpus subset.,email_25
pa3,pn19,hasAuthor,"Michael confirmed outreach to two digital history collaborators at Stanford, aiming for informal feedback on the selected explanation samples.",email_25
pa3,pn2,hasAuthor,Prof. Bhatia outlined a preliminary authorship map for the planned ACL/EMNLP submission:,email_25
pa3,pn1,hasAuthor,"Sunita to assist in preparing brief annotation instructions and a feedback form, targeting responses by 10th May.",email_25
pa4,pn1,hasAuthor,Sunita: Main corpus and annotation pipeline,email_25
pa4,pn5,hasAuthor,Ananya: Interpretability analysis,email_25
pa4,pn19,hasAuthor,Michael: Modeling & evaluation,email_25
pa4,pn2,hasAuthor,"Ramesh: Project oversight, literature review sections",email_25
pa159,pn1,hasAuthor,"Sunita, the manuscript is now, as agreed, ready for final pre-submission internal circulation.",email_314
pa159,pn2,hasAuthor,"Ramesh, your final compliance review comments are incorporated, and all checklist compliance points are affirmed as per your last Overleaf notes.",email_314
pa159,pn19,hasAuthor,"Michael, many thanks for cross-verifying the statistics in the Results section—the updated annotation counts and workflow descriptions seamlessly integrate with Sunita’s editorial improvements.",email_314
pa159,pn9,hasAuthor,"Ananya Chatterjee, Department of Computer Science, University of Oxford",email_314
pa127,pn5,hasAuthor,Thank you all for the collective progress on our camera-ready revision.,email_237
pa127,pn1,hasAuthor,Thank you all for the collective progress on our camera-ready revision.,email_237
pa127,pn19,hasAuthor,Thank you all for the collective progress on our camera-ready revision.,email_237
pa127,pn2,hasAuthor,Thank you all for the collective progress on our camera-ready revision.,email_237
pa153,pn1,hasAuthor,I am sharing the initial draft of the data/code transparency statement for our ACL 2022 resource track manuscript.,email_302
pa153,pn19,hasAuthor,I am sharing the initial draft of the data/code transparency statement for our ACL 2022 resource track manuscript.,email_302
pa153,pn5,hasAuthor,I am sharing the initial draft of the data/code transparency statement for our ACL 2022 resource track manuscript.,email_302
pa153,pn2,hasAuthor,I am sharing the initial draft of the data/code transparency statement for our ACL 2022 resource track manuscript.,email_302
pa447,pn1,hasAuthor,I am pleased to share the revised Section 4.3 and the updated Figure 2 workflow diagram.,email_848
pa447,pn19,hasAuthor,I am pleased to share the revised Section 4.3 and the updated Figure 2 workflow diagram.,email_848
pa447,pn5,hasAuthor,I am pleased to share the revised Section 4.3 and the updated Figure 2 workflow diagram.,email_848
pa447,pn2,hasAuthor,I am pleased to share the revised Section 4.3 and the updated Figure 2 workflow diagram.,email_848
pa13,pn1,hasAuthor,Thank you for the consolidated feedback and productive development of our visualization assets.,email_43
pa13,pn2,hasAuthor,Thank you for the consolidated feedback and productive development of our visualization assets.,email_43
pa13,pn19,hasAuthor,Thank you for the consolidated feedback and productive development of our visualization assets.,email_43
pa378,pn1,hasAuthor,"Thank you, Sunita, for your meticulous work in synthesizing the feedback and producing such a comprehensive draft outline for our ACM JOCCH manuscript.",email_719
pa378,pn19,hasAuthor,"I suggest we also include an appendix or supplementary document with sample annotation guidelines, in case the journal permits.",email_719
pa378,pn2,hasAuthor,"In the “Discussion & Future Work,” I recommend we briefly flag potential technical challenges with extending our models to morphologically rich language archives (e.g., Scottish Gaelic, Sanskrit), as raised by Dr. Fiona K. and others.",email_719
pa378,pn5,hasAuthor,"Thank you, Sunita, for your meticulous work in synthesizing the feedback and producing such a comprehensive draft outline for our ACM JOCCH manuscript.",email_719
pa177,pn1,hasAuthor,"Thank you, Sunita, for the update and your careful planning for the slide deck.",email_354
pa177,pn2,hasAuthor,I will await Prof. Bhatia’s circulation of possible slots and will indicate my preference accordingly.,email_354
pa177,pn9,hasAuthor,"Dear Sunita, Prof. Bhatia, and Ananya,",email_354
pa105,pn19,hasAuthor,"Dear Dr. Bradley, Prof. Bhatia, Ms. Sen, and Dr. Chatterjee, / We are pleased to inform you that the first round of peer review for your manuscript, “Cross-Lingual Transfer and Error Analysis in Privacy-Preserved Historical Data: Methodological and Compliance Supplement with Code Anchors,”",email_206
pa105,pn2,hasAuthor,"Dear Dr. Bradley, Prof. Bhatia, Ms. Sen, and Dr. Chatterjee, / We are pleased to inform you that the first round of peer review for your manuscript, “Cross-Lingual Transfer and Error Analysis in Privacy-Preserved Historical Data: Methodological and Compliance Supplement with Code Anchors,”",email_206
pa105,pn1,hasAuthor,"Dear Dr. Bradley, Prof. Bhatia, Ms. Sen, and Dr. Chatterjee, / We are pleased to inform you that the first round of peer review for your manuscript, “Cross-Lingual Transfer and Error Analysis in Privacy-Preserved Historical Data: Methodological and Compliance Supplement with Code Anchors,”",email_206
pa105,pn5,hasAuthor,"Dear Dr. Bradley, Prof. Bhatia, Ms. Sen, and Dr. Chatterjee, / We are pleased to inform you that the first round of peer review for your manuscript, “Cross-Lingual Transfer and Error Analysis in Privacy-Preserved Historical Data: Methodological and Compliance Supplement with Code Anchors,”",email_206
pa316,pn19,hasAuthor,"Thank you, Ramesh, for your meticulous review and clear next steps as we move toward final submission.",email_607
pa316,pn1,hasAuthor,"Sunita’s and Ananya’s detailed comments, as well as the phrasing regarding both the methodological integration and future directions, have been woven into the revised draft.",email_607
pa316,pn5,hasAuthor,"Sunita’s and Ananya’s detailed comments, as well as the phrasing regarding both the methodological integration and future directions, have been woven into the revised draft.",email_607
pa316,pn2,hasAuthor,"Thank you, Ramesh, for your meticulous review and clear next steps as we move toward final submission.",email_607
pa480,pn1,hasAuthor,Thank you all for the exemplary coordination and your candid assessments as we approach today’s consolidation meeting for the technical note.,email_928
pa480,pn2,hasAuthor,Thank you all for the exemplary coordination and your candid assessments as we approach today’s consolidation meeting for the technical note.,email_928
pa480,pn5,hasAuthor,Thank you all for the exemplary coordination and your candid assessments as we approach today’s consolidation meeting for the technical note.,email_928
pa491,pn1,hasAuthor,please find the finalized “lessons learned” appendices for both the technical note and the draft blog post in the shared folder under “Manuscript_Drafts/Final_Review_25Sept”.,email_928
pa491,pn2,hasAuthor,please find the finalized “lessons learned” appendices for both the technical note and the draft blog post in the shared folder under “Manuscript_Drafts/Final_Review_25Sept”.,email_928
pa491,pn5,hasAuthor,please find the finalized “lessons learned” appendices for both the technical note and the draft blog post in the shared folder under “Manuscript_Drafts/Final_Review_25Sept”.,email_928
pa425,pn1,hasAuthor,"Thank you, Ananya, for your thorough review and for the thoughtful synthesis points you have suggested as we approach the completion of our internal review.",email_814
pa425,pn2,hasAuthor,"Thank you, Ananya, for your thorough review and for the thoughtful synthesis points you have suggested as we approach the completion of our internal review.",email_814
pa425,pn5,hasAuthor,"Thank you, Ananya, for your thorough review and for the thoughtful synthesis points you have suggested as we approach the completion of our internal review.",email_814
pa425,pn19,hasAuthor,"Thank you, Ananya, for your thorough review and for the thoughtful synthesis points you have suggested as we approach the completion of our internal review.",email_814
pa301,pn1,hasAuthor,"Thank you, Ramesh, for the thoughtful and detailed summary of our internal demo, as well as your guidance on next steps.",email_574
pa301,pn2,hasAuthor,"Thank you, Ramesh, for the thoughtful and detailed summary of our internal demo, as well as your guidance on next steps.",email_574
pa301,pn19,hasAuthor,"Thank you, Ramesh, for the thoughtful and detailed summary of our internal demo, as well as your guidance on next steps.",email_574
pa301,pn5,hasAuthor,"Thank you, Ramesh, for the thoughtful and detailed summary of our internal demo, as well as your guidance on next steps.",email_574
pa513,pn1,hasAuthor,Thank you very much for the timely completion of bibliography harmonization and the careful resolution of all outstanding comments.,email_969
pa513,pn5,hasAuthor,Thank you very much for the timely completion of bibliography harmonization and the careful resolution of all outstanding comments.,email_969
pa513,pn2,hasAuthor,Thank you very much for the timely completion of bibliography harmonization and the careful resolution of all outstanding comments.,email_969
pa513,pn19,hasAuthor,Thank you very much for the timely completion of bibliography harmonization and the careful resolution of all outstanding comments.,email_969
pa37,pn1,hasAuthor,"Thank you, Sunita, for circulating such a comprehensive action plan, and Michael for promptly outlining your approach to the non-Western data protection expansion.",email_956
pa37,pn2,hasAuthor,"Thank you, Sunita, for circulating such a comprehensive action plan, and Michael for promptly outlining your approach to the non-Western data protection expansion.",email_956
pa37,pn19,hasAuthor,"Thank you, Sunita, for circulating such a comprehensive action plan, and Michael for promptly outlining your approach to the non-Western data protection expansion.",email_956
pa37,pn5,hasAuthor,"Thank you, Sunita, for circulating such a comprehensive action plan, and Michael for promptly outlining your approach to the non-Western data protection expansion.",email_956
pa471,pn1,hasAuthor,"Thank you, Sunita, for promptly finalizing the compliance appendix and for your meticulous work in clarifying the embargo terms as well as drafting the JOCCH cover letter.",email_891
pa471,pn19,hasAuthor,"If Michael and Ramesh could also review and endorse or comment on the latest drafts by 24 May as planned, I will proceed with compiling the complete final submission package immediately thereafter.",email_891
pa471,pn2,hasAuthor,"If Michael and Ramesh could also review and endorse or comment on the latest drafts by 24 May as planned, I will proceed with compiling the complete final submission package immediately thereafter.",email_891
pa230,pn1,hasAuthor,I have now completed an initial review with special attention to the terminology and process alignment in the sections relevant to the IACS press office and our India-facing communications.,email_448
pa230,pn19,hasAuthor,"Thank you, Michael, for your prompt harmonization efforts and for sharing the draft update to the embargo monitoring log (ver. 18Oct2022) as agreed in our last call.",email_448
pa230,pn5,hasAuthor,"Ananya, I noted your points in the “Pending Legal Review” column.",email_448
pa230,pn2,hasAuthor,"Prof. Bhatia, thank you for setting the subsequent action of circulating the press query response template this week;",email_448
pa216,pn2,hasAuthor,"Michael, Ananya, and Sunita, as well as Ramesh Bhatia",email_423
pa216,pn19,hasAuthor,"Michael, Ananya, and Sunita, as well as Ramesh Bhatia",email_423
pa216,pn5,hasAuthor,"Michael, Ananya, and Sunita, as well as Ramesh Bhatia",email_423
pa216,pn1,hasAuthor,"Michael, Ananya, and Sunita, as well as Ramesh Bhatia",email_423
pa216,pn7,hasAuthor,"Michael, Ananya, and Sunita, as well as Ramesh Bhatia",email_423
pa22,pn9,hasAuthor,"Thank you, Ananya, for your prompt update and for uploading the finalized “Sensitive Data & Risk Assessment” section",email_66
pa22,pn11,hasAuthor,"Thank you, Ananya, for your prompt update and for uploading the finalized “Sensitive Data & Risk Assessment” section",email_66
pa22,pn8,hasAuthor,"Thank you, Ananya, for your prompt update and for uploading the finalized “Sensitive Data & Risk Assessment” section",email_66
pa12,pn1,hasAuthor,"Ananya, Sunita, and Michael have been engaged in reviewing the draft visualization figures.",email_42
pa12,pn2,hasAuthor,"Ananya, Sunita, and Michael have been engaged in reviewing the draft visualization figures.",email_42
pa12,pn5,hasAuthor,"Ananya, Sunita, and Michael have been engaged in reviewing the draft visualization figures.",email_42
pa428,pn1,hasAuthor,Thank you for promptly forwarding the ACL decision notification. I have thoroughly reviewed both the decision letter and the reviewer comments available on the submission portal.,email_820
pa428,pn2,hasAuthor,Thank you for promptly forwarding the ACL decision notification. I have thoroughly reviewed both the decision letter and the reviewer comments available on the submission portal.,email_820
pa428,pn5,hasAuthor,Thank you for promptly forwarding the ACL decision notification. I have thoroughly reviewed both the decision letter and the reviewer comments available on the submission portal.,email_820
pa428,pn19,hasAuthor,Thank you for promptly forwarding the ACL decision notification. I have thoroughly reviewed both the decision letter and the reviewer comments available on the submission portal.,email_820
pa427,pn2,hasAuthor,"Dear Authors, ... Title: ""Transnational NLP Reflection Memo: Protocol Harmonization and Compliance Lessons from Multinational Historical NLP Consortia""",email_819
pa427,pn5,hasAuthor,"Dear Authors, ... Title: ""Transnational NLP Reflection Memo: Protocol Harmonization and Compliance Lessons from Multinational Historical NLP Consortia""",email_819
pa427,pn19,hasAuthor,"Dear Authors, ... Title: ""Transnational NLP Reflection Memo: Protocol Harmonization and Compliance Lessons from Multinational Historical NLP Consortia""",email_819
pa427,pn1,hasAuthor,"Dear Authors, ... Title: ""Transnational NLP Reflection Memo: Protocol Harmonization and Compliance Lessons from Multinational Historical NLP Consortia""",email_819
pa36,pn1,hasAuthor,our manuscript SUB-JOCCH-2022-0421,email_614
pa36,pn19,hasAuthor,our manuscript SUB-JOCCH-2022-0421,email_614
pa36,pn5,hasAuthor,our manuscript SUB-JOCCH-2022-0421,email_614
pa36,pn2,hasAuthor,our manuscript SUB-JOCCH-2022-0421,email_614
pa11,pn1,hasAuthor,"Thank you, Ananya, for your excellent work on the visualization drafts and for incorporating all our feedback so promptly and thoroughly.",email_41
pa11,pn9,hasAuthor,"Thank you, Ananya, for your excellent work on the visualization drafts and for incorporating all our feedback so promptly and thoroughly.",email_41
pa11,pn19,hasAuthor,"Thank you, Ananya, for your excellent work on the visualization drafts and for incorporating all our feedback so promptly and thoroughly.",email_41
pa11,pn5,hasAuthor,"Thank you, Ananya, for your excellent work on the visualization drafts and for incorporating all our feedback so promptly and thoroughly.",email_41
pa11,pn2,hasAuthor,"Thank you, Ananya, for your excellent work on the visualization drafts and for incorporating all our feedback so promptly and thoroughly.",email_41
pa452,pn5,hasAuthor,"Dear Dr. Chatterjee, Ms. Sen, Prof. Bhatia, and Dr. Bradley,",email_856
pa452,pn1,hasAuthor,"Dear Dr. Chatterjee, Ms. Sen, Prof. Bhatia, and Dr. Bradley,",email_856
pa452,pn2,hasAuthor,"Dear Dr. Chatterjee, Ms. Sen, Prof. Bhatia, and Dr. Bradley,",email_856
pa452,pn19,hasAuthor,"Dear Dr. Chatterjee, Ms. Sen, Prof. Bhatia, and Dr. Bradley,",email_856
pa85,pn1,hasAuthor,"Thank you, Ramesh, for outlining a clear plan for consolidating our manuscript materials and for recommending a timeline that maximizes efficiency as we near the draft submission stage.",email_177
pa85,pn2,hasAuthor,"Thank you, Ramesh, for outlining a clear plan for consolidating our manuscript materials and for recommending a timeline that maximizes efficiency as we near the draft submission stage.",email_177
pa85,pn19,hasAuthor,"Thank you, Ramesh, for outlining a clear plan for consolidating our manuscript materials and for recommending a timeline that maximizes efficiency as we near the draft submission stage.",email_177
pa85,pn5,hasAuthor,"Thank you, Ramesh, for outlining a clear plan for consolidating our manuscript materials and for recommending a timeline that maximizes efficiency as we near the draft submission stage.",email_177
pa162,pn1,hasAuthor,Congratulations to the entire team on this milestone!,email_321
pa162,pn2,hasAuthor,Congratulations to the entire team on this milestone!,email_321
pa162,pn19,hasAuthor,Congratulations to the entire team on this milestone!,email_321
pa162,pn5,hasAuthor,Congratulations to the entire team on this milestone!,email_321
pa262,pn5,hasAuthor,"Ananya, the Oxford quotes strike an excellent balance between technical innovation and narrative appeal",email_508
pa262,pn2,hasAuthor,"Ramesh, the IACS summary statements read clearly and compellingly",email_508
pa262,pn1,hasAuthor,"Sunita, your coordination with the IACS media office and expeditious sharing of finalized documents",email_508
pa26,pn1,hasAuthor,"Thank you, Sunita and Michael, for your thorough and thoughtful approaches to post-submission outreach and collaborative plans.",email_552
pa26,pn2,hasAuthor,"Thank you, Sunita and Michael, for your thorough and thoughtful approaches to post-submission outreach and collaborative plans.",email_552
pa26,pn19,hasAuthor,"Thank you, Sunita and Michael, for your thorough and thoughtful approaches to post-submission outreach and collaborative plans.",email_552
pa26,pn5,hasAuthor,"Thank you, Sunita and Michael, for your thorough and thoughtful approaches to post-submission outreach and collaborative plans.",email_552
pa135,pn1,hasAuthor,Congratulations once again to everyone on the acceptance—this is a wonderful testament to the team’s effort and rigor!,email_368
pa135,pn2,hasAuthor,Congratulations once again to everyone on the acceptance—this is a wonderful testament to the team’s effort and rigor!,email_368
pa135,pn19,hasAuthor,Congratulations once again to everyone on the acceptance—this is a wonderful testament to the team’s effort and rigor!,email_368
pa135,pn10,hasAuthor,Congratulations once again to everyone on the acceptance—this is a wonderful testament to the team’s effort and rigor!,email_368
pa46,pn1,hasAuthor,I am pleased to report that I have received formal written approval from Dr. Mirit Farag at the National Library of Israel (NLI) to reference anonymized details from their open-access YIVO collection in our revised manuscript.,email_960
pa46,pn2,hasAuthor,I am pleased to report that I have received formal written approval from Dr. Mirit Farag at the National Library of Israel (NLI) to reference anonymized details from their open-access YIVO collection in our revised manuscript.,email_960
pa46,pn19,hasAuthor,I am pleased to report that I have received formal written approval from Dr. Mirit Farag at the National Library of Israel (NLI) to reference anonymized details from their open-access YIVO collection in our revised manuscript.,email_960
pa46,pn5,hasAuthor,I am pleased to report that I have received formal written approval from Dr. Mirit Farag at the National Library of Israel (NLI) to reference anonymized details from their open-access YIVO collection in our revised manuscript.,email_960
pa133,pn1,hasAuthor,"entire team on the forthcoming publication of our article, ""HistocrNLP: A Reproducible NLP Pipeline for Historical Texts across Domains,""",email_254
pa133,pn2,hasAuthor,"entire team on the forthcoming publication of our article, ""HistocrNLP: A Reproducible NLP Pipeline for Historical Texts across Domains,""",email_254
pa133,pn19,hasAuthor,"entire team on the forthcoming publication of our article, ""HistocrNLP: A Reproducible NLP Pipeline for Historical Texts across Domains,""",email_254
pa133,pn5,hasAuthor,"entire team on the forthcoming publication of our article, ""HistocrNLP: A Reproducible NLP Pipeline for Historical Texts across Domains,""",email_254
pa26,pn1,hasAuthor,Congratulations to all for the very positive assessment from the JOCCH reviewers—this is a testament to the rigor and collaborative spirit that shaped our submission.,email_73
pa26,pn2,hasAuthor,Congratulations to all for the very positive assessment from the JOCCH reviewers—this is a testament to the rigor and collaborative spirit that shaped our submission.,email_73
pa26,pn19,hasAuthor,Congratulations to all for the very positive assessment from the JOCCH reviewers—this is a testament to the rigor and collaborative spirit that shaped our submission.,email_73
pa26,pn5,hasAuthor,Congratulations to all for the very positive assessment from the JOCCH reviewers—this is a testament to the rigor and collaborative spirit that shaped our submission.,email_73
pa378,pn1,hasAuthor,"Thank you, Ramesh, for providing such a clear and actionable set of draft deadlines and formatting instructions for our ACM JOCCH manuscript.",email_722
pa378,pn19,hasAuthor,"Thank you, Ramesh, for providing such a clear and actionable set of draft deadlines and formatting instructions for our ACM JOCCH manuscript.",email_722
pa378,pn5,hasAuthor,"Thank you, Ramesh, for providing such a clear and actionable set of draft deadlines and formatting instructions for our ACM JOCCH manuscript.",email_722
pa378,pn2,hasAuthor,"Thank you, Ramesh, for providing such a clear and actionable set of draft deadlines and formatting instructions for our ACM JOCCH manuscript.",email_722
pa182,pn1,hasAuthor,"I am pleased to share the updated slide deck, which now includes:",email_363
pa182,pn2,hasAuthor,"I am pleased to share the updated slide deck, which now includes:",email_363
pa182,pn19,hasAuthor,"I am pleased to share the updated slide deck, which now includes:",email_363
pa182,pn5,hasAuthor,"I am pleased to share the updated slide deck, which now includes:",email_363
pa182,pn36,hasAuthor,"On slide 18, a direct quote from Dr. S. Mukhopadhyay",email_363
pa25,pn1,hasAuthor,"Thank you all for your exceptional teamwork throughout the review process, and for your attention to detail which has clearly contributed to the positive outcome in the JOCCH decision.",email_72
pa25,pn2,hasAuthor,"Thank you all for your exceptional teamwork throughout the review process, and for your attention to detail which has clearly contributed to the positive outcome in the JOCCH decision.",email_72
pa25,pn14,hasAuthor,"Thank you all for your exceptional teamwork throughout the review process, and for your attention to detail which has clearly contributed to the positive outcome in the JOCCH decision.",email_72
pa25,pn19,hasAuthor,"Thank you all for your exceptional teamwork throughout the review process, and for your attention to detail which has clearly contributed to the positive outcome in the JOCCH decision.",email_72
pa48,pn1,hasAuthor,Thank you for promptly forwarding the JOCCH decision letter and attached reviewer reports.,email_781
pa48,pn2,hasAuthor,Thank you for promptly forwarding the JOCCH decision letter and attached reviewer reports.,email_781
pa48,pn5,hasAuthor,Thank you for promptly forwarding the JOCCH decision letter and attached reviewer reports.,email_781
pa48,pn19,hasAuthor,Thank you for promptly forwarding the JOCCH decision letter and attached reviewer reports.,email_781
pa508,pn1,hasAuthor,Thank you all for your prompt feedback and coordinated efforts toward the Section 4.2 revision.,email_962
pa508,pn7,hasAuthor,Thank you all for your prompt feedback and coordinated efforts toward the Section 4.2 revision.,email_962
pa508,pn9,hasAuthor,Thank you all for your prompt feedback and coordinated efforts toward the Section 4.2 revision.,email_962
pa508,pn8,hasAuthor,Thank you all for your prompt feedback and coordinated efforts toward the Section 4.2 revision.,email_962
pa209,pn1,hasAuthor,I’m fully supportive of the structure you outlined—especially the inclusion of “lessons learned” to prompt reflective methodological discussion.,email_411
pa209,pn2,hasAuthor,"Prof. Bhatia, once I have an initial draft, I will circulate it to you for your critical feedback on clarity and completeness.",email_411
pa209,pn19,hasAuthor,"Thank you, Michael, for the detailed points and for sharing the preliminary case study template.",email_411
pa209,pn9,hasAuthor,"Ananya, perhaps you could share a Hindi and/or Urdu example for further diversity?",email_411
pa283,pn1,hasAuthor,"Sunita, the initial draft is highly impressive and aligns well with the technical standards outlined by JCDL",email_545
pa283,pn5,hasAuthor,"Both Ananya’s and Ramesh’s suggestions—expanding on manuscript image descriptions, brief voice credits for visuals, and harmonizing terminology across captions",email_545
pa283,pn2,hasAuthor,"Both Ananya’s and Ramesh’s suggestions—expanding on manuscript image descriptions, brief voice credits for visuals, and harmonizing terminology across captions",email_545
pa213,pn1,hasAuthor,"Thank you, Sunita, for your confirmation on the supplementary references and vignettes",email_420
pa213,pn2,hasAuthor,and Prof. Bhatia might receive from IACS,email_420
pa213,pn5,hasAuthor,"Ananya and Sunita, if time permits, a rapid cross-review of each other’s caption applications",email_420
pa213,pn19,hasAuthor,Michael Bradley,email_420
pa202,pn1,hasAuthor,"Thank you, Sunita, for promptly uploading the updated slide deck and ensuring consistency across all referenced materials.",email_395
pa202,pn19,hasAuthor,"Michael, please proceed with your compatibility and backup tests at your convenience.",email_395
pa202,pn5,hasAuthor,"Ananya, many thanks for synchronizing the references and for your continued support around outreach communications.",email_395
pa357,pn1,hasAuthor,"Thank you for your diligent work on the appendix figure captions, Ramesh, and for integrating the formatting improvements so thoroughly.",email_671
pa357,pn2,hasAuthor,"Thank you for your diligent work on the appendix figure captions, Ramesh, and for integrating the formatting improvements so thoroughly.",email_671
pa357,pn5,hasAuthor,"Thank you for your diligent work on the appendix figure captions, Ramesh, and for integrating the formatting improvements so thoroughly.",email_671
pa357,pn19,hasAuthor,"Thank you for your diligent work on the appendix figure captions, Ramesh, and for integrating the formatting improvements so thoroughly.",email_671
pa165,pn1,hasAuthor,Let me echo everyone’s congratulations on our ACL acceptance—this is a gratifying step for our team.,email_324
pa165,pn2,hasAuthor,Let me echo everyone’s congratulations on our ACL acceptance—this is a gratifying step for our team.,email_324
pa165,pn19,hasAuthor,Let me echo everyone’s congratulations on our ACL acceptance—this is a gratifying step for our team.,email_324
pa165,pn5,hasAuthor,Let me echo everyone’s congratulations on our ACL acceptance—this is a gratifying step for our team.,email_324
pa63,pn19,hasAuthor,"I’ve carefully reviewed Sunita’s anonymized mappings (which are clear and illustrative), and I have added the finalized one-slide FAIR pipeline summary, as requested, to the shared drive under “FAIR_Pipeline_Summary_Michael_19Apr2020.pptx.”",email_132
pa63,pn1,hasAuthor,I’ve carefully reviewed Sunita’s anonymized mappings (which are clear and illustrative),email_132
pa63,pn2,hasAuthor,"To further address Ramesh’s and Sunita’s comments, I’ve also added a brief footnote to the FAIR summary slide regarding risk management in colonial and sensitive contexts.",email_132
pa258,pn1,hasAuthor,I have received official written approval from the IACS Press and Public Relations Office for our JCDL 2022 press release.,email_496
pa258,pn5,hasAuthor,I have received official written approval from the IACS Press and Public Relations Office for our JCDL 2022 press release.,email_496
pa258,pn2,hasAuthor,I have received official written approval from the IACS Press and Public Relations Office for our JCDL 2022 press release.,email_496
pa258,pn19,hasAuthor,I have received official written approval from the IACS Press and Public Relations Office for our JCDL 2022 press release.,email_496
pa247,pn1,hasAuthor,"Thank you, Michael, for the well-considered roadmap. I am excited to see our project progress into a broader phase of dissemination and collaborative engagement following the JCDL submission.",email_551
pa247,pn19,hasAuthor,"Thank you, Michael, for the well-considered roadmap. I am excited to see our project progress into a broader phase of dissemination and collaborative engagement following the JCDL submission.",email_551
pa247,pn5,hasAuthor,"Thank you, Michael, for the well-considered roadmap. I am excited to see our project progress into a broader phase of dissemination and collaborative engagement following the JCDL submission.",email_551
pa247,pn2,hasAuthor,"Thank you, Michael, for the well-considered roadmap. I am excited to see our project progress into a broader phase of dissemination and collaborative engagement following the JCDL submission.",email_551
pa172,pn1,hasAuthor,"Dear Sunita Sen and co-authors, / Your submission, titled ""Provenance-Aware NLP for Historical Texts: Annotation, Compliance, and Synthetic Instance Protocols,""",email_337
pa172,pn13,hasAuthor,"Dear Sunita Sen and co-authors, / Your submission, titled ""Provenance-Aware NLP for Historical Texts: Annotation, Compliance, and Synthetic Instance Protocols,""",email_337
pa353,pn1,hasAuthor,"Sunita, Ramesh, and Ananya",email_658
pa353,pn2,hasAuthor,"Sunita, Ramesh, and Ananya",email_658
pa353,pn9,hasAuthor,"Sunita, Ramesh, and Ananya",email_658
pa353,pn19,hasAuthor,Michael's edits and review,email_658
pa466,pn2,hasAuthor,"Dear Michael, Sunita, and Ananya, ... I am pleased to confirm that the draft of the “Student-Led Project Legal Notice” has been completed ahead of schedule",email_882
pa466,pn1,hasAuthor,"Dear Michael, Sunita, and Ananya, ... I am pleased to confirm that the draft of the “Student-Led Project Legal Notice” has been completed ahead of schedule",email_882
pa466,pn5,hasAuthor,"Dear Michael, Sunita, and Ananya, ... I am pleased to confirm that the draft of the “Student-Led Project Legal Notice” has been completed ahead of schedule",email_882
pa433,pn5,hasAuthor,I have reviewed your feedback and am providing my responses and next action items below.,email_831
pa433,pn2,hasAuthor,"Thank you, Ramesh, for the succinct check-in summary and for consolidating our progress so far.",email_831
pa433,pn1,hasAuthor,I have reviewed your feedback and am providing my responses and next action items below.,email_831
pa433,pn19,hasAuthor,"Michael, your practice of using direct DOI links in captions greatly contributes to the document’s clarity.",email_831
pa106,pn1,hasAuthor,Thank you for confirming timelines and your readiness to collaborate on our JOCCH revision.,email_211
pa106,pn19,hasAuthor,Thank you for confirming timelines and your readiness to collaborate on our JOCCH revision.,email_211
pa106,pn2,hasAuthor,Thank you for confirming timelines and your readiness to collaborate on our JOCCH revision.,email_211
pa106,pn5,hasAuthor,Thank you for confirming timelines and your readiness to collaborate on our JOCCH revision.,email_211
pa30,pn5,hasAuthor,"Thank you, Sunita, for consolidating and circulating both the feedback synthesis and the reproducibility template—reviewing your materials has deepened my appreciation for the collective insights received from the ACL attendees and further clarified points of expansion for our JOCCH manuscript.",email_408
pa30,pn1,hasAuthor,"Thank you, Sunita, for consolidating and circulating both the feedback synthesis and the reproducibility template—reviewing your materials has deepened my appreciation for the collective insights received from the ACL attendees and further clarified points of expansion for our JOCCH manuscript.",email_408
pa30,pn19,hasAuthor,"Thank you, Sunita, for consolidating and circulating both the feedback synthesis and the reproducibility template—reviewing your materials has deepened my appreciation for the collective insights received from the ACL attendees and further clarified points of expansion for our JOCCH manuscript.",email_408
pa30,pn2,hasAuthor,"Thank you, Sunita, for consolidating and circulating both the feedback synthesis and the reproducibility template—reviewing your materials has deepened my appreciation for the collective insights received from the ACL attendees and further clarified points of expansion for our JOCCH manuscript.",email_408
pa99,pn1,hasAuthor,I am delighted to continue working with such a diligent and constructive team.,email_193
pa99,pn19,hasAuthor,I am delighted to continue working with such a diligent and constructive team.,email_193
pa99,pn2,hasAuthor,I am delighted to continue working with such a diligent and constructive team.,email_193
pa99,pn5,hasAuthor,I am delighted to continue working with such a diligent and constructive team.,email_193
pa243,pn1,hasAuthor,"Ananya Chatterjee, Ramesh Bhatia, Michael Bradley, Sunita Sen",email_474
pa243,pn5,hasAuthor,"Ananya Chatterjee, Ramesh Bhatia, Michael Bradley, Sunita Sen",email_474
pa243,pn2,hasAuthor,"Ananya Chatterjee, Ramesh Bhatia, Michael Bradley, Sunita Sen",email_474
pa243,pn19,hasAuthor,"Ananya Chatterjee, Ramesh Bhatia, Michael Bradley, Sunita Sen",email_474
pa347,pn5,hasAuthor,"Dear Dr. Chatterjee and Co-authors, ... your abstract, “Multilingual Historical Corpora for Semantic Drift Detection: A Hybrid Evaluation Approach,”",email_647
pa347,pn13,hasAuthor,"Dear Dr. Chatterjee and Co-authors, ... your abstract, “Multilingual Historical Corpora for Semantic Drift Detection: A Hybrid Evaluation Approach,”",email_647
pa37,pn2,hasAuthor,"I have now verified the JOCCH Editorial Manager confirmation and can confirm my author details, order, and contact information are correct.",email_427
pa37,pn19,hasAuthor,"Dear Michael, Sunita, and Ananya,",email_427
pa37,pn1,hasAuthor,"Dear Michael, Sunita, and Ananya,",email_427
pa37,pn5,hasAuthor,"Dear Michael, Sunita, and Ananya,",email_427
pa108,pn1,hasAuthor,"Thank you, Sunita, for sharing the domain shift analysis draft and the initial code anchor schematic",email_213
pa109,pn9,hasAuthor,I have now completed a draft for the code anchor methods subsection based on Reviewer 2’s request and the schematic figure provided.,email_213
pa109,pn1,hasAuthor,"Sunita, your diagram provided a strong foundation.",email_213
pa109,pn19,hasAuthor,"Michael, thank you for your suggestion to reference navigation in both the figure caption and the text",email_213
pa109,pn2,hasAuthor,"Ramesh, the methods text now includes a transitional paragraph inviting reviewers to cross-check code execution with in-text anchor references.",email_213
pa29,pn1,hasAuthor,"Sunita Sen, Prof. Ramesh Bhatia, Dr. Michael Bradley, Dr. Ananya Chatterjee",email_77
pa29,pn2,hasAuthor,"Sunita Sen, Prof. Ramesh Bhatia, Dr. Michael Bradley, Dr. Ananya Chatterjee",email_77
pa29,pn19,hasAuthor,"Sunita Sen, Prof. Ramesh Bhatia, Dr. Michael Bradley, Dr. Ananya Chatterjee",email_77
pa29,pn5,hasAuthor,"Sunita Sen, Prof. Ramesh Bhatia, Dr. Michael Bradley, Dr. Ananya Chatterjee",email_77
pa156,pn1,hasAuthor,"Thank you all for your timely feedback, collaborative manuscript updates, and responsiveness regarding compliance materials and section drafts.",email_307
pa156,pn2,hasAuthor,"Thank you all for your timely feedback, collaborative manuscript updates, and responsiveness regarding compliance materials and section drafts.",email_307
pa156,pn5,hasAuthor,"Thank you all for your timely feedback, collaborative manuscript updates, and responsiveness regarding compliance materials and section drafts.",email_307
pa156,pn19,hasAuthor,"Thank you all for your timely feedback, collaborative manuscript updates, and responsiveness regarding compliance materials and section drafts.",email_307
pa415,pn1,hasAuthor,"Thank you, Michael, for so promptly sharing the Stanford documentation and for your thorough adoption of the annotation standards suggested by Ananya.",email_806
pa415,pn19,hasAuthor,"Thank you, Michael, for so promptly sharing the Stanford documentation and for your thorough adoption of the annotation standards suggested by Ananya.",email_806
pa415,pn5,hasAuthor,"Thank you, Michael, for so promptly sharing the Stanford documentation and for your thorough adoption of the annotation standards suggested by Ananya.",email_806
pa415,pn2,hasAuthor,"Thank you, Michael, for so promptly sharing the Stanford documentation and for your thorough adoption of the annotation standards suggested by Ananya.",email_806
pa322,pn1,hasAuthor,"Thank you, Sunita, for your outstanding work in compiling the initial reviewer response points and for taking the initiative to structure our draft document in the shared drive.",email_619
pa322,pn2,hasAuthor,"I have just reviewed your uploaded “JOCCH2022_Reviewer_Response_Preparation” document, and your detailed explanations provide an excellent foundation for our coordinated responses.",email_619
pa322,pn19,hasAuthor,"Please, Michael and Ramesh, confirm your availability for this slot.",email_619
pa117,pn1,hasAuthor,"All of your individual efforts—Ananya’s cross-consistency pass, Michael’s supplementary validation, and Sunita’s integration and final packaging—were crucial in reaching this milestone ahead of our target date.",email_219
pa117,pn2,hasAuthor,"All of your individual efforts—Ananya’s cross-consistency pass, Michael’s supplementary validation, and Sunita’s integration and final packaging—were crucial in reaching this milestone ahead of our target date.",email_219
pa117,pn5,hasAuthor,"All of your individual efforts—Ananya’s cross-consistency pass, Michael’s supplementary validation, and Sunita’s integration and final packaging—were crucial in reaching this milestone ahead of our target date.",email_219
pa117,pn19,hasAuthor,"All of your individual efforts—Ananya’s cross-consistency pass, Michael’s supplementary validation, and Sunita’s integration and final packaging—were crucial in reaching this milestone ahead of our target date.",email_219
pa151,pn1,hasAuthor,Thank you all for the clear action points and the encouraging momentum following our October 3rd meeting.,email_300
pa151,pn2,hasAuthor,Thank you all for the clear action points and the encouraging momentum following our October 3rd meeting.,email_300
pa151,pn5,hasAuthor,Thank you all for the clear action points and the encouraging momentum following our October 3rd meeting.,email_300
pa151,pn8,hasAuthor,I have now set up the collaborative Overleaf project using the latest ACL 2022 template.,email_300
pa37,pn2,hasAuthor,"Thank you, Michael, for preparing the final pre-submission checklist and integrating the latest feedback into both our manuscript and shared documentation.",email_886
pa37,pn19,hasAuthor,"Thank you, Michael, for preparing the final pre-submission checklist and integrating the latest feedback into both our manuscript and shared documentation.",email_886
pa37,pn5,hasAuthor,"Thank you, Michael, for preparing the final pre-submission checklist and integrating the latest feedback into both our manuscript and shared documentation.",email_886
pa37,pn1,hasAuthor,"Thank you, Michael, for preparing the final pre-submission checklist and integrating the latest feedback into both our manuscript and shared documentation.",email_886
pa509,pn1,hasAuthor,"I am circulating the updated Section 4.2 draft, with all edits and suggestions tracked for transparent review.",email_965
pa509,pn2,hasAuthor,"I am circulating the updated Section 4.2 draft, with all edits and suggestions tracked for transparent review.",email_965
pa509,pn19,hasAuthor,"I am circulating the updated Section 4.2 draft, with all edits and suggestions tracked for transparent review.",email_965
pa509,pn5,hasAuthor,"I am circulating the updated Section 4.2 draft, with all edits and suggestions tracked for transparent review.",email_965
pa390,pn5,hasAuthor,"I am pleased to inform you that, following Ramesh’s thorough internal review and with all team inputs incorporated, I have now formally resubmitted our revised manuscript for JOCCH",email_743
pa390,pn2,hasAuthor,"I am pleased to inform you that, following Ramesh’s thorough internal review and with all team inputs incorporated, I have now formally resubmitted our revised manuscript for JOCCH",email_743
pa390,pn1,hasAuthor,"I am pleased to inform you that, following Ramesh’s thorough internal review and with all team inputs incorporated, I have now formally resubmitted our revised manuscript for JOCCH",email_743
pa390,pn19,hasAuthor,"I am pleased to inform you that, following Ramesh’s thorough internal review and with all team inputs incorporated, I have now formally resubmitted our revised manuscript for JOCCH",email_743
pa100,pn19,hasAuthor,"Thank you all for your full participation and engagement during today’s revision meeting, and Ananya, for facilitating the Zoom session and sharing the graphical abstract drafts.",email_197
pa100,pn5,hasAuthor,"Thank you all for your full participation and engagement during today’s revision meeting, and Ananya, for facilitating the Zoom session and sharing the graphical abstract drafts.",email_197
pa100,pn1,hasAuthor,"Thank you all for your full participation and engagement during today’s revision meeting, and Ananya, for facilitating the Zoom session and sharing the graphical abstract drafts.",email_197
pa100,pn2,hasAuthor,"Thank you all for your full participation and engagement during today’s revision meeting, and Ananya, for facilitating the Zoom session and sharing the graphical abstract drafts.",email_197
pa32,pn2,hasAuthor,"Michael, for the diligent integration of the workflow figures and for ensuring prompt access to finalized supplementary materials via GitHub.",email_418
pa32,pn1,hasAuthor,"Sunita and Ananya—your coordinated efforts to maintain consistency in vignette format, captioning, and terminology have contributed to a cohesive supplemental suite.",email_418
pa32,pn5,hasAuthor,"Sunita and Ananya—your coordinated efforts to maintain consistency in vignette format, captioning, and terminology have contributed to a cohesive supplemental suite.",email_418
pa212,pn2,hasAuthor,"Michael, for the diligent integration of the workflow figures and for ensuring prompt access to finalized supplementary materials via GitHub.",email_418
pa212,pn1,hasAuthor,"Sunita and Ananya—your coordinated efforts to maintain consistency in vignette format, captioning, and terminology have contributed to a cohesive supplemental suite.",email_418
pa212,pn5,hasAuthor,"Sunita and Ananya—your coordinated efforts to maintain consistency in vignette format, captioning, and terminology have contributed to a cohesive supplemental suite.",email_418
pa172,pn1,hasAuthor,"Dear Sunita Sen and co-authors, Your oral presentation, ""Provenance-Aware NLP for Historical Texts: Annotation, Compliance, and Synthetic Instance Protocols""",email_346
pa172,pn13,hasAuthor,"Dear Sunita Sen and co-authors, Your oral presentation, ""Provenance-Aware NLP for Historical Texts: Annotation, Compliance, and Synthetic Instance Protocols""",email_346
pa497,pn19,hasAuthor,I concur that the critiques are constructive and view this as a valuable opportunity to further strengthen our manuscript for JOCCH.,email_936
pa497,pn5,hasAuthor,"Thank you, Ananya, for your thoughtful synthesis of the reviewer feedback and for laying out a clear revision roadmap.",email_936
pa497,pn1,hasAuthor,"Sunita, let me know if you need additional statistical breakdowns from the raw corpus logs—I can easily extract these if it aids your methodological sections.",email_936
pa497,pn2,hasAuthor,"Ramesh, I look forward to coordinating with you and Ananya regarding the legal framework summary table.",email_936
pa352,pn1,hasAuthor,"Sunita, Ramesh, and Michael, thank you all for the efficient round of edits and your responsiveness during this crucial finalization period.",email_655
pa352,pn2,hasAuthor,"Sunita, Ramesh, and Michael, thank you all for the efficient round of edits and your responsiveness during this crucial finalization period.",email_655
pa352,pn19,hasAuthor,"Sunita, Ramesh, and Michael, thank you all for the efficient round of edits and your responsiveness during this crucial finalization period.",email_655
pa352,pn9,hasAuthor,"Sunita, Ramesh, and Michael, thank you all for the efficient round of edits and your responsiveness during this crucial finalization period.",email_655
pa305,pn1,hasAuthor,Special thanks to Sunita for taking the initiative to circulate a preliminary outline for our workshop report.,email_590
pa305,pn5,hasAuthor,Lead: Ananya,email_590
pa305,pn19,hasAuthor,Lead: Michael,email_590
pa305,pn2,hasAuthor,Lead: Ramesh,email_590
pa499,pn1,hasAuthor,Thank you for confirming participation in the pre-consolidation Zoom call scheduled for 19:30 IST today. As we approach the final stretch for our JOCCH major revision,email_985
pa499,pn2,hasAuthor,Thank you for confirming participation in the pre-consolidation Zoom call scheduled for 19:30 IST today. As we approach the final stretch for our JOCCH major revision,email_985
pa499,pn5,hasAuthor,Thank you for confirming participation in the pre-consolidation Zoom call scheduled for 19:30 IST today. As we approach the final stretch for our JOCCH major revision,email_985
pa499,pn19,hasAuthor,Thank you for confirming participation in the pre-consolidation Zoom call scheduled for 19:30 IST today. As we approach the final stretch for our JOCCH major revision,email_985
pa382,pn1,hasAuthor,"Sunita, I have now completed my detailed review of the “HistoricData_AnnotationGuidelines_v1.pdf” appendix and appreciate your thorough documentation and integration of both onboarding protocols and schema specificity for our historical corpus.",email_728
pa382,pn2,hasAuthor,"Ramesh, let me know if you want this included as a standalone section or appended to the main schema definitions.",email_728
pa382,pn19,hasAuthor,I have now completed my detailed review of the “HistoricData_AnnotationGuidelines_v1.pdf” appendix and appreciate your thorough documentation and integration of both onboarding protocols and schema specificity for our historical corpus.,email_728
pa355,pn1,hasAuthor,Congratulations to all on our acceptance to JCDL 2023!,email_665
pa355,pn2,hasAuthor,Congratulations to all on our acceptance to JCDL 2023!,email_665
pa355,pn19,hasAuthor,Congratulations to all on our acceptance to JCDL 2023!,email_665
pa355,pn9,hasAuthor,Congratulations to all on our acceptance to JCDL 2023!,email_665
pa346,pn1,hasAuthor,"I have registered all four of us as co-authors, linking our respective ORCID profiles where applicable.",email_645
pa346,pn2,hasAuthor,"I have registered all four of us as co-authors, linking our respective ORCID profiles where applicable.",email_645
pa346,pn19,hasAuthor,"I have registered all four of us as co-authors, linking our respective ORCID profiles where applicable.",email_645
pa346,pn5,hasAuthor,"I have registered all four of us as co-authors, linking our respective ORCID profiles where applicable.",email_645
pa464,pn1,hasAuthor,"Ananya, please feel free to integrate or annotate as needed;",email_879
pa464,pn2,hasAuthor,"Ananya, please feel free to integrate or annotate as needed;",email_879
pa464,pn5,hasAuthor,"Ananya, please feel free to integrate or annotate as needed;",email_879
pa464,pn19,hasAuthor,"Ananya, please feel free to integrate or annotate as needed;",email_879
pa406,pn5,hasAuthor,I have now incorporated the final edits shared by everyone up to this morning,email_791
pa406,pn2,hasAuthor,per Ramesh’s integration,email_791
pa406,pn1,hasAuthor,Sunita’s update to the licensing addendum,email_791
pa406,pn19,hasAuthor,Michael’s clarification on the US Immigration Letters corpus,email_791
pa39,pn1,hasAuthor,Thank you for the coordinated action plan and your swift responses regarding the JOCCH minor revisions.,email_89
pa39,pn2,hasAuthor,Thank you for the coordinated action plan and your swift responses regarding the JOCCH minor revisions.,email_89
pa39,pn19,hasAuthor,Thank you for the coordinated action plan and your swift responses regarding the JOCCH minor revisions.,email_89
pa39,pn5,hasAuthor,Thank you for the coordinated action plan and your swift responses regarding the JOCCH minor revisions.,email_89
pa495,pn1,hasAuthor,"Dear Sunita Sen and co-authors,",email_934
pa372,pn5,hasAuthor,"Dear Dr. Chatterjee, Ms. Sen, Prof. Bhatia, and Dr. Bradley,",email_699
pa372,pn1,hasAuthor,"Dear Dr. Chatterjee, Ms. Sen, Prof. Bhatia, and Dr. Bradley,",email_699
pa372,pn2,hasAuthor,"Dear Dr. Chatterjee, Ms. Sen, Prof. Bhatia, and Dr. Bradley,",email_699
pa372,pn19,hasAuthor,"Dear Dr. Chatterjee, Ms. Sen, Prof. Bhatia, and Dr. Bradley,",email_699
pa26,pn1,hasAuthor,"Thank you for your diligent efforts over the past week—the momentum and level of detail in your revisions are evident, and I am confident our submission will present a robust and reviewer-responsive package.",email_201
pa26,pn2,hasAuthor,"Thank you for your diligent efforts over the past week—the momentum and level of detail in your revisions are evident, and I am confident our submission will present a robust and reviewer-responsive package.",email_201
pa26,pn19,hasAuthor,"Thank you for your diligent efforts over the past week—the momentum and level of detail in your revisions are evident, and I am confident our submission will present a robust and reviewer-responsive package.",email_201
pa26,pn5,hasAuthor,"Thank you for your diligent efforts over the past week—the momentum and level of detail in your revisions are evident, and I am confident our submission will present a robust and reviewer-responsive package.",email_201
pa480,pn1,hasAuthor,I anticipate your initial outline and will ensure my annotated workflow schematic—incorporating the updated Zenodo iconography and staged embargo timeline—will be ready for draft inclusion by the end of the week.,email_910
pa480,pn19,hasAuthor,I anticipate your initial outline and will ensure my annotated workflow schematic—incorporating the updated Zenodo iconography and staged embargo timeline—will be ready for draft inclusion by the end of the week.,email_910
pa480,pn5,hasAuthor,I anticipate your initial outline and will ensure my annotated workflow schematic—incorporating the updated Zenodo iconography and staged embargo timeline—will be ready for draft inclusion by the end of the week.,email_910
pa485,pn1,hasAuthor,"I propose we use Stanford Zoom for the primary seminar, and I can set up registration as soon as the date is fixed.",email_910
pa485,pn19,hasAuthor,"I propose we use Stanford Zoom for the primary seminar, and I can set up registration as soon as the date is fixed.",email_910
pa485,pn5,hasAuthor,"I propose we use Stanford Zoom for the primary seminar, and I can set up registration as soon as the date is fixed.",email_910
pa131,pn1,hasAuthor,"Thank you all for attending the Zoom sign-off meeting yesterday and for the productive discussion. I am summarizing the key points and action items that emerged, to ensure we are aligned and fully ready for the final ScholarOne submission of our JOCCH camera-ready manuscript.",email_243
pa131,pn2,hasAuthor,"Thank you all for attending the Zoom sign-off meeting yesterday and for the productive discussion. I am summarizing the key points and action items that emerged, to ensure we are aligned and fully ready for the final ScholarOne submission of our JOCCH camera-ready manuscript.",email_243
pa131,pn19,hasAuthor,"Thank you all for attending the Zoom sign-off meeting yesterday and for the productive discussion. I am summarizing the key points and action items that emerged, to ensure we are aligned and fully ready for the final ScholarOne submission of our JOCCH camera-ready manuscript.",email_243
pa131,pn5,hasAuthor,"Thank you all for attending the Zoom sign-off meeting yesterday and for the productive discussion. I am summarizing the key points and action items that emerged, to ensure we are aligned and fully ready for the final ScholarOne submission of our JOCCH camera-ready manuscript.",email_243
pa27,pn1,hasAuthor,Thank you for the clear summary of revision steps and for coordinating the next actions.,email_74
pa27,pn9,hasAuthor,Thank you for the clear summary of revision steps and for coordinating the next actions.,email_74
pa27,pn19,hasAuthor,Thank you for the clear summary of revision steps and for coordinating the next actions.,email_74
pa27,pn2,hasAuthor,Thank you for the clear summary of revision steps and for coordinating the next actions.,email_74
pa30,pn1,hasAuthor,Congratulations to everyone on the conditional acceptance of our JOCCH manuscript (SUB-JOCCH-2020-0047),email_235
pa30,pn5,hasAuthor,Congratulations to everyone on the conditional acceptance of our JOCCH manuscript (SUB-JOCCH-2020-0047),email_235
pa30,pn19,hasAuthor,Congratulations to everyone on the conditional acceptance of our JOCCH manuscript (SUB-JOCCH-2020-0047),email_235
pa30,pn2,hasAuthor,Congratulations to everyone on the conditional acceptance of our JOCCH manuscript (SUB-JOCCH-2020-0047),email_235
pa429,pn1,hasAuthor,"Sunita, Ramesh, and Michael",email_823
pa429,pn2,hasAuthor,"Sunita, Ramesh, and Michael",email_823
pa429,pn19,hasAuthor,"Sunita, Ramesh, and Michael",email_823
pa429,pn5,hasAuthor,"Sunita, Ramesh, and Michael",email_823
pa125,pn33,hasAuthor,"Johnson, L. et al. (2020). ""The Global Historical Press Corpus (GHPC): Multilingual Newspapers, 1850–1950.""",email_236
pa126,pn34,hasAuthor,"Sánchez-Gijón, P. et al. (2021). ""HISTEXT-21: Annotated Parliamentary Debates and Legislative Documents, 1800–1930.""",email_236
pa174,pn1,hasAuthor,"excited to contribute to the oral session ""NLP for Historical Data and Digital Heritage.""",email_344
pa347,pn5,hasAuthor,corresponding author (Dr. Ananya Chatterjee),email_646
pa347,pn1,hasAuthor,All author metadata and ORCID profiles have been registered in our database,email_646
pa347,pn2,hasAuthor,All author metadata and ORCID profiles have been registered in our database,email_646
pa347,pn19,hasAuthor,All author metadata and ORCID profiles have been registered in our database,email_646
pa163,pn1,hasAuthor,Congratulations again to everyone on this successful outcome—our acceptance at ACL is a testament to the strength of our collective effort and rigorous approach.,email_322
pa163,pn2,hasAuthor,Congratulations again to everyone on this successful outcome—our acceptance at ACL is a testament to the strength of our collective effort and rigorous approach.,email_322
pa163,pn5,hasAuthor,Congratulations again to everyone on this successful outcome—our acceptance at ACL is a testament to the strength of our collective effort and rigorous approach.,email_322
pa163,pn19,hasAuthor,Congratulations again to everyone on this successful outcome—our acceptance at ACL is a testament to the strength of our collective effort and rigorous approach.,email_322
pa167,pn1,hasAuthor,Sunita and I have coordinated over the past two days on unifying the manuscript’s terminology and ensuring consistency between main text and appendices.,email_333
pa167,pn2,hasAuthor,I wanted to confirm that the harmonization phase for our ACL 2021 camera-ready submission is progressing on schedule.,email_333
pa167,pn19,hasAuthor,Michael: Could you please confirm by tomorrow whether the “synthetic instance generation protocol” description in the compliance appendix fully matches the latest text in Section 4?,email_333
pa167,pn5,hasAuthor,"Ananya: If you notice any remaining template or macro issues during your final scan, especially around reference list formatting or supplementary material links, please mark them directly in Overleaf by 12:00 UTC, 9 February.",email_333
pa228,pn1,hasAuthor,"Thank you, Michael, for the timely update regarding the JOCCH editorial team's progress and the establishment of our embargo monitoring log.",email_440
pa228,pn5,hasAuthor,"Thank you, Michael, for the timely update regarding the JOCCH editorial team's progress and the establishment of our embargo monitoring log.",email_440
pa228,pn19,hasAuthor,"Thank you, Michael, for the timely update regarding the JOCCH editorial team's progress and the establishment of our embargo monitoring log.",email_440
pa26,pn1,hasAuthor,"Thank you, Sunita, for the comprehensive update and for promptly sharing the revised Table 2 files.",email_228
pa26,pn9,hasAuthor,"Ananya, once you have integrated all section inputs into the response letter, I am happy to perform a last technical proofread before submission.",email_228
pa26,pn2,hasAuthor,"thank you to Sunita for uploading the sample OCR noise outputs—these have been referenced in the markdown blocks and code outputs directly, and I crosslinked the compliance protocol section per Ramesh's initial draft",email_228
pa26,pn19,hasAuthor,I have downloaded and reviewed the PDF sample on both Windows (Adobe Reader) and Linux (Okular).,email_228
pa180,pn1,hasAuthor,"Sunita, Michael, and Ananya, for your consistent efforts and collaboration as we finalize our preparations for the upcoming ACL presentation.",email_387
pa180,pn2,hasAuthor,"Sunita, Michael, and Ananya, for your consistent efforts and collaboration as we finalize our preparations for the upcoming ACL presentation.",email_387
pa180,pn19,hasAuthor,"Sunita, Michael, and Ananya, for your consistent efforts and collaboration as we finalize our preparations for the upcoming ACL presentation.",email_387
pa180,pn5,hasAuthor,"Sunita, Michael, and Ananya, for your consistent efforts and collaboration as we finalize our preparations for the upcoming ACL presentation.",email_387
pa314,pn1,hasAuthor,"Sunita Sen, Michael Bradley, Ananya Chatterjee, and Ramesh Bhatia are working on the paper.",email_605
pa314,pn19,hasAuthor,"Sunita Sen, Michael Bradley, Ananya Chatterjee, and Ramesh Bhatia are working on the paper.",email_605
pa314,pn5,hasAuthor,"Sunita Sen, Michael Bradley, Ananya Chatterjee, and Ramesh Bhatia are working on the paper.",email_605
pa314,pn2,hasAuthor,"Sunita Sen, Michael Bradley, Ananya Chatterjee, and Ramesh Bhatia are working on the paper.",email_605
pa160,pn1,hasAuthor,"I have conducted a thorough examination of all files in the ""FinalSubmission"" folder on Overleaf, including the manuscript, supplementary compliance documents, annotation workflow appendix, and formatted checklists.",email_317
pa160,pn2,hasAuthor,"I have conducted a thorough examination of all files in the ""FinalSubmission"" folder on Overleaf, including the manuscript, supplementary compliance documents, annotation workflow appendix, and formatted checklists.",email_317
pa160,pn5,hasAuthor,"I have conducted a thorough examination of all files in the ""FinalSubmission"" folder on Overleaf, including the manuscript, supplementary compliance documents, annotation workflow appendix, and formatted checklists.",email_317
pa160,pn19,hasAuthor,"I have conducted a thorough examination of all files in the ""FinalSubmission"" folder on Overleaf, including the manuscript, supplementary compliance documents, annotation workflow appendix, and formatted checklists.",email_317
pa441,pn1,hasAuthor,"Dear Sunita Sen and co-authors, ... titled “Generalizing Protocol Harmonization in Under-Resourced Historical NLP: Methods, Legal Interoperability, and Error Analysis”",email_837
pa441,pn13,hasAuthor,"Dear Sunita Sen and co-authors, ... titled “Generalizing Protocol Harmonization in Under-Resourced Historical NLP: Methods, Legal Interoperability, and Error Analysis”",email_837
pa189,pn1,hasAuthor,"Thank you, Sunita, for sharing the finalized checklist and compiling all relevant materials in the shared Drive folder.",email_372
pa189,pn2,hasAuthor,"Thank you, Sunita, for sharing the finalized checklist and compiling all relevant materials in the shared Drive folder.",email_372
pa189,pn19,hasAuthor,"Thank you, Sunita, for sharing the finalized checklist and compiling all relevant materials in the shared Drive folder.",email_372
pa189,pn9,hasAuthor,"Thank you, Sunita, for sharing the finalized checklist and compiling all relevant materials in the shared Drive folder.",email_372
pa133,pn1,hasAuthor,HistocrNLP: A Reproducible NLP Pipeline for Historical Texts across Domains,email_247
pa133,pn2,hasAuthor,HistocrNLP: A Reproducible NLP Pipeline for Historical Texts across Domains,email_247
pa133,pn19,hasAuthor,HistocrNLP: A Reproducible NLP Pipeline for Historical Texts across Domains,email_247
pa133,pn9,hasAuthor,HistocrNLP: A Reproducible NLP Pipeline for Historical Texts across Domains,email_247
pa354,pn2,hasAuthor,"Ramesh, Ananya, and Sunita",email_663
pa354,pn5,hasAuthor,"Ramesh, Ananya, and Sunita",email_663
pa354,pn1,hasAuthor,"Ramesh, Ananya, and Sunita",email_663
pa176,pn1,hasAuthor,I am currently finalizing the draft slides and will ensure they are ready and shared with all of you by 18 April as suggested.,email_353
pa176,pn2,hasAuthor,I am currently finalizing the draft slides and will ensure they are ready and shared with all of you by 18 April as suggested.,email_353
pa176,pn19,hasAuthor,I am currently finalizing the draft slides and will ensure they are ready and shared with all of you by 18 April as suggested.,email_353
pa176,pn5,hasAuthor,I am currently finalizing the draft slides and will ensure they are ready and shared with all of you by 18 April as suggested.,email_353
pa446,pn1,hasAuthor,Sunita’s outline,email_847
pa434,pn1,hasAuthor,"Thank you, Ananya, for your prompt responses and for drafting the legal interoperability addendum",email_832
pa434,pn5,hasAuthor,"Thank you, Ananya, for your prompt responses and for drafting the legal interoperability addendum",email_832
pa434,pn2,hasAuthor,"Thank you, Ananya, for your prompt responses and for drafting the legal interoperability addendum",email_832
pa434,pn19,hasAuthor,"Thank you, Ananya, for your prompt responses and for drafting the legal interoperability addendum",email_832
pa117,pn2,hasAuthor,"Dear Prof. Bhatia and co-authors, This is to formally acknowledge receipt of your revised manuscript submission",email_220
pa117,pn13,hasAuthor,"Dear Prof. Bhatia and co-authors, This is to formally acknowledge receipt of your revised manuscript submission",email_220
pa133,pn1,hasAuthor,"Dear Dr. Sen and co-authors,",email_253;email_245
pa133,pn13,hasAuthor,"Dear Dr. Sen and co-authors,",email_253
pa36,pn1,hasAuthor,"Thank you, Sunita, for your detailed synthesis of the reviewers’ reports and for so clearly outlining the action points for our major revision.",email_975
pa36,pn2,hasAuthor,"Ramesh, your guidance on the narrative re-integration of the provenance tables will be invaluable;",email_975
pa36,pn19,hasAuthor,"Michael, please let me know if you would welcome any references regarding long-term metadata standards in East Asian archives—happy to share resources if useful for your annotation metadata discussion.",email_975
pa36,pn5,hasAuthor,"I confirm that I will take the lead on strengthening the comparative regulatory analysis for the Chilean and Japanese datasets, as requested by the reviewers.",email_975
pa98,pn19,hasAuthor,I hope this message finds you all well and re-energized after our recent submission milestone.,email_192
pa98,pn2,hasAuthor,I hope this message finds you all well and re-energized after our recent submission milestone.,email_192
pa98,pn1,hasAuthor,I hope this message finds you all well and re-energized after our recent submission milestone.,email_192
pa98,pn5,hasAuthor,I hope this message finds you all well and re-energized after our recent submission milestone.,email_192
pa19,pn1,hasAuthor,"Thank you, Michael, for reviewing the submitted package and for outlining these thoughtful next steps.",email_51
pa19,pn5,hasAuthor,"Thank you, Michael, for reviewing the submitted package and for outlining these thoughtful next steps.",email_51
pa19,pn2,hasAuthor,"Thank you, Michael, for reviewing the submitted package and for outlining these thoughtful next steps.",email_51
pa36,pn1,hasAuthor,Let me begin by congratulating all of you on the positive decision from JOCCH on our manuscript,email_86
pa36,pn2,hasAuthor,Let me begin by congratulating all of you on the positive decision from JOCCH on our manuscript,email_86
pa36,pn19,hasAuthor,Let me begin by congratulating all of you on the positive decision from JOCCH on our manuscript,email_86
pa36,pn5,hasAuthor,Let me begin by congratulating all of you on the positive decision from JOCCH on our manuscript,email_86
pa394,pn1,hasAuthor,"Thank you, Sunita, for your thoughtful message and for taking the initiative to propose a structured approach to documentation.",email_758
pa394,pn2,hasAuthor,"Ramesh and Michael, perhaps each of us could append a “lessons learned” subsection respective to our institutional or task-specific roles?",email_758
pa394,pn19,hasAuthor,"Ramesh and Michael, perhaps each of us could append a “lessons learned” subsection respective to our institutional or task-specific roles?",email_758
pa394,pn9,hasAuthor,"I am happy to contribute my perspective, particularly regarding collaborative collation, communication with editorial offices, and compliance with international licensing and attribution protocols.",email_758
pa515,pn1,hasAuthor,Corresponding Author: Sunita Sen (on behalf of all co-authors),email_971
pa515,pn7,hasAuthor,"Dear Ramesh, Ananya, and Michael,",email_971
pa515,pn5,hasAuthor,"Dear Ramesh, Ananya, and Michael,",email_971
pa515,pn8,hasAuthor,"Dear Ramesh, Ananya, and Michael,",email_971
pa30,pn1,hasAuthor,"Sunita presented the Bengali/English examples, and Ananya reviewed the Hindi/Urdu vignettes.",email_415
pa30,pn2,hasAuthor,Prof. Bhatia will lead the cross-verification against the latest JOCCH guidelines.,email_415
pa30,pn19,hasAuthor,"Michael introduced his PPTX/PDF workflow draft, walking us through each stage (data ingestion, annotation, review/adjudication, archiving).",email_415
pa30,pn5,hasAuthor,Ananya reviewed the Hindi/Urdu vignettes.,email_415
pa231,pn9,hasAuthor,"Thank you, Ananya, for your detailed response and for taking the initiative to draft the illustrative use-case box on metadata disclosures.",email_470
pa231,pn11,hasAuthor,"Thank you, Ananya, for your detailed response and for taking the initiative to draft the illustrative use-case box on metadata disclosures.",email_470
pa231,pn12,hasAuthor,"Ramesh, your proposed clarifying sentence on the relationship between embargo end-dates and citation permissions in rolling co-publication scenarios is both timely and necessary.",email_470
pa231,pn19,hasAuthor,"I fully support its inclusion, as it will help preempt interpretative gaps for multi-disciplinary and non-technical press offices.",email_470
pa119,pn19,hasAuthor,I am writing to confirm my role in addressing Reviewer 1’s requests regarding the supplementary anchor-mapping Jupyter notebook,email_224
pa119,pn5,hasAuthor,"Ananya, I will update the “MinorRevision_ProgressTracker” as each notebook section is annotated",email_224
pa119,pn1,hasAuthor,"Sunita, thank you for offering to supply sample outputs related to the historical OCR noise thresholds",email_224
pa119,pn2,hasAuthor,"Ramesh, once your draft of the compliance/additional protocol section is available",email_224
pa490,pn1,hasAuthor,"Thank you, Sunita, for so promptly synthesizing our preliminary reflections and drafting a coherent outline for the ‘Lessons Learned’ memo.",email_992
pa490,pn2,hasAuthor,"Thank you, Sunita, for so promptly synthesizing our preliminary reflections and drafting a coherent outline for the ‘Lessons Learned’ memo.",email_992
pa490,pn9,hasAuthor,"Thank you, Sunita, for so promptly synthesizing our preliminary reflections and drafting a coherent outline for the ‘Lessons Learned’ memo.",email_992
pa490,pn19,hasAuthor,"Thank you, Sunita, for so promptly synthesizing our preliminary reflections and drafting a coherent outline for the ‘Lessons Learned’ memo.",email_992
pa490,pn1,hasAuthor,"co-authored and co-signed as agreed, has now been officially submitted to the IACS Computer Science Department's 2025 Research Colloquium.",email_1001
pa490,pn2,hasAuthor,"co-authored and co-signed as agreed, has now been officially submitted to the IACS Computer Science Department's 2025 Research Colloquium.",email_1001
pa490,pn5,hasAuthor,"co-authored and co-signed as agreed, has now been officially submitted to the IACS Computer Science Department's 2025 Research Colloquium.",email_1001
pa490,pn19,hasAuthor,"co-authored and co-signed as agreed, has now been officially submitted to the IACS Computer Science Department's 2025 Research Colloquium.",email_1001
pa48,pn1,hasAuthor,"We agreed to synchronize all institutional releases with the editorial office’s schedule, either upon formal acceptance or on embargo expiry (26th May 2020), whichever comes earlier.",email_438
pa48,pn5,hasAuthor,"We agreed to synchronize all institutional releases with the editorial office’s schedule, either upon formal acceptance or on embargo expiry (26th May 2020), whichever comes earlier.",email_438
pa48,pn19,hasAuthor,"We agreed to synchronize all institutional releases with the editorial office’s schedule, either upon formal acceptance or on embargo expiry (26th May 2020), whichever comes earlier.",email_438
pa48,pn2,hasAuthor,"We agreed to synchronize all institutional releases with the editorial office’s schedule, either upon formal acceptance or on embargo expiry (26th May 2020), whichever comes earlier.",email_438
pa339,pn5,hasAuthor,"Ananya, would you be able to circulate an initial outline or targeted bullet points for the JCDL abstract by the end of this week?",email_636
pa339,pn19,hasAuthor,"Michael, your recent notes on context expansion from the latest ACL papers are very intriguing—if you could add a condensed version to the shared doc",email_636
pa339,pn2,hasAuthor,"Ramesh, please also flag when you have a draft of the semantic drift evaluation portion ready for review.",email_636
pa200,pn5,hasAuthor,"I am writing to share the finalized Q&A answer sheet, now uploaded to our shared Google Drive under “ACL_2022_QA_Final_Ananya.pdf”.",email_393
pa200,pn1,hasAuthor,"The document compiles all anticipated audience questions, reflecting the most updated bullet-point responses from Sunita, Michael, and Prof. Bhatia.",email_393
pa200,pn2,hasAuthor,"The document compiles all anticipated audience questions, reflecting the most updated bullet-point responses from Sunita, Michael, and Prof. Bhatia.",email_393
pa200,pn19,hasAuthor,"The document compiles all anticipated audience questions, reflecting the most updated bullet-point responses from Sunita, Michael, and Prof. Bhatia.",email_393
pa26,pn1,hasAuthor,"Congratulations again to the team for reaching this important milestone, and for the sustained collaboration over the past months.",email_660
pa26,pn5,hasAuthor,"Congratulations again to the team for reaching this important milestone, and for the sustained collaboration over the past months.",email_660
pa26,pn2,hasAuthor,"Congratulations again to the team for reaching this important milestone, and for the sustained collaboration over the past months.",email_660
pa26,pn19,hasAuthor,"Congratulations again to the team for reaching this important milestone, and for the sustained collaboration over the past months.",email_660
pa292,pn1,hasAuthor,"Ramesh and I finalized the initial structure this afternoon, integrating the team's suggestions around interactivity, accessibility, and international engagement.",email_563
pa292,pn2,hasAuthor,"Ramesh and I finalized the initial structure this afternoon, integrating the team's suggestions around interactivity, accessibility, and international engagement.",email_563
pa292,pn5,hasAuthor,"Ramesh and I finalized the initial structure this afternoon, integrating the team's suggestions around interactivity, accessibility, and international engagement.",email_563
pa292,pn19,hasAuthor,"Ramesh and I finalized the initial structure this afternoon, integrating the team's suggestions around interactivity, accessibility, and international engagement.",email_563
pa387,pn1,hasAuthor,"I have prepared an updated Data Availability and Licensing segment in accordance with the ACM JOCCH open data policy, as outlined in the editorial feedback.",email_740
pa387,pn5,hasAuthor,"Thank you, Ananya, for circulating the editorial decision and for your clear breakdown of the minor revision requirements.",email_740
pa387,pn2,hasAuthor,"Dear Ananya, Ramesh, and Michael,",email_740
pa387,pn19,hasAuthor,"Dear Ananya, Ramesh, and Michael,",email_740
pa175,pn1,hasAuthor,"First, congratulations to the entire team on the seamless handling of the abstract revision process and its successful integration into the ACL 2021 proceedings.",email_352
pa175,pn2,hasAuthor,"First, congratulations to the entire team on the seamless handling of the abstract revision process and its successful integration into the ACL 2021 proceedings.",email_352
pa175,pn19,hasAuthor,"First, congratulations to the entire team on the seamless handling of the abstract revision process and its successful integration into the ACL 2021 proceedings.",email_352
pa175,pn5,hasAuthor,"First, congratulations to the entire team on the seamless handling of the abstract revision process and its successful integration into the ACL 2021 proceedings.",email_352
pa54,pn19,hasAuthor,Congratulations to everyone on receiving the formal acceptance (pending camera-ready files) from JOCCH,email_111
pa54,pn2,hasAuthor,Congratulations to everyone on receiving the formal acceptance (pending camera-ready files) from JOCCH,email_111
pa54,pn1,hasAuthor,Congratulations to everyone on receiving the formal acceptance (pending camera-ready files) from JOCCH,email_111
pa54,pn5,hasAuthor,Congratulations to everyone on receiving the formal acceptance (pending camera-ready files) from JOCCH,email_111
pa522,pn1,hasAuthor,Now that we have received formal acknowledgment from JOCCH regarding our submission (SUB-JOCCH-2025-0194),email_990
pa522,pn9,hasAuthor,Now that we have received formal acknowledgment from JOCCH regarding our submission (SUB-JOCCH-2025-0194),email_990
pa522,pn19,hasAuthor,Now that we have received formal acknowledgment from JOCCH regarding our submission (SUB-JOCCH-2025-0194),email_990
pa522,pn2,hasAuthor,Now that we have received formal acknowledgment from JOCCH regarding our submission (SUB-JOCCH-2025-0194),email_990
pa1,pn1,hasAuthor,"As we continue to explore innovative directions in NLP for historical data, I wanted to propose a new research project on Temporal Sentiment Analysis in Historical Archives.",email_1
pa1,pn2,hasAuthor,"As we continue to explore innovative directions in NLP for historical data, I wanted to propose a new research project on Temporal Sentiment Analysis in Historical Archives.",email_1
pa357,pn1,hasAuthor,"Dear Sunita, Ananya, and Michael, I am pleased to report that I have completed a thorough audit of our appendix figure captions in the “JCDL_CameraReady2023” draft",email_670
pa357,pn5,hasAuthor,"Dear Sunita, Ananya, and Michael, I am pleased to report that I have completed a thorough audit of our appendix figure captions in the “JCDL_CameraReady2023” draft",email_670
pa357,pn19,hasAuthor,"Dear Sunita, Ananya, and Michael, I am pleased to report that I have completed a thorough audit of our appendix figure captions in the “JCDL_CameraReady2023” draft",email_670
pa357,pn2,hasAuthor,"Dear Sunita, Ananya, and Michael, I am pleased to report that I have completed a thorough audit of our appendix figure captions in the “JCDL_CameraReady2023” draft",email_670
pa463,pn1,hasAuthor,"Sunita, your timely upload of the survey introduction and detailed annotation logs is greatly appreciated;",email_877
pa463,pn2,hasAuthor,Ramesh’s preliminary licensing appendix,email_877
pa463,pn5,hasAuthor,Ananya’s normalization guideline draft,email_877
pa463,pn19,hasAuthor,my own extended hosting comparison,email_877
pa161,pn1,hasAuthor,"Dear Sunita Sen and Co-authors, We are pleased to confirm receipt of your manuscript submission to the ACL 2021 Resource Track:",email_319
pa307,pn1,hasAuthor,"Thank you, Ananya, for your quick confirmation and the thoughtful suggestions regarding both section leadership and document coordination.",email_592
pa307,pn2,hasAuthor,"Thank you, Ananya, for your quick confirmation and the thoughtful suggestions regarding both section leadership and document coordination.",email_592
pa307,pn16,hasAuthor,"Thank you, Ananya, for your quick confirmation and the thoughtful suggestions regarding both section leadership and document coordination.",email_592
pa307,pn19,hasAuthor,"Thank you, Ananya, for your quick confirmation and the thoughtful suggestions regarding both section leadership and document coordination.",email_592
pa275,pn1,hasAuthor,I am very pleased to confirm my formal sign-off on both the presentation materials and the joint press releases.,email_531
pa275,pn5,hasAuthor,I am very pleased to confirm my formal sign-off on both the presentation materials and the joint press releases.,email_531
pa275,pn2,hasAuthor,I am very pleased to confirm my formal sign-off on both the presentation materials and the joint press releases.,email_531
pa275,pn19,hasAuthor,I am very pleased to confirm my formal sign-off on both the presentation materials and the joint press releases.,email_531
pa172,pn1,hasAuthor,"Dear Sunita Sen and co-authors, / Your accepted paper, ""Provenance-Aware NLP for Historical Texts: Annotation, Compliance, and Synthetic Instance Protocols""",email_341
pa172,pn2,hasAuthor,"Dear Sunita Sen and co-authors, / Your accepted paper, ""Provenance-Aware NLP for Historical Texts: Annotation, Compliance, and Synthetic Instance Protocols""",email_341
pa172,pn19,hasAuthor,"Dear Sunita Sen and co-authors, / Your accepted paper, ""Provenance-Aware NLP for Historical Texts: Annotation, Compliance, and Synthetic Instance Protocols""",email_341
pa172,pn5,hasAuthor,"Dear Sunita Sen and co-authors, / Your accepted paper, ""Provenance-Aware NLP for Historical Texts: Annotation, Compliance, and Synthetic Instance Protocols""",email_341
pa481,pn1,hasAuthor,"Thank you, Sunita, for taking the initiative to outline the technical note",email_908
pa481,pn19,hasAuthor,"Michael and Sunita, I agree that embedding our updated workflow schematic with Zenodo iconography and annotated embargo timelines will clarify best practices visually.",email_908
pa481,pn2,hasAuthor,"Ramesh, if you have archived annotated screenshots of our MOU negotiation process or legal communication templates, those could be de-identified and distilled as templates.",email_908
pa481,pn5,hasAuthor,"I fully support positioning our compliance methodology, Zenodo workflows, and rolling embargo documentation as exemplars for the broader historical NLP and DH community.",email_908
pa167,pn1,hasAuthor,"Dear Sunita, Ramesh, and Ananya, I am pleased to share the revised draft of the compliance appendix for our ACL 2021 camera-ready submission",email_328
pa167,pn2,hasAuthor,"Dear Sunita, Ramesh, and Ananya, I am pleased to share the revised draft of the compliance appendix for our ACL 2021 camera-ready submission",email_328
pa167,pn5,hasAuthor,"Dear Sunita, Ramesh, and Ananya, I am pleased to share the revised draft of the compliance appendix for our ACL 2021 camera-ready submission",email_328
pa68,pn1,hasAuthor,Thank you for your sustained teamwork and for keeping the revision process on track.,email_142
pa68,pn2,hasAuthor,Thank you for your sustained teamwork and for keeping the revision process on track.,email_142
pa68,pn5,hasAuthor,Thank you for your sustained teamwork and for keeping the revision process on track.,email_142
pa38,pn5,hasAuthor,"Thank you, Prof. Bhatia, for your timely summary of post-submission priorities and for flagging the temporary embargo requirement related to our supplementary dataset DOI.",email_428
pa38,pn2,hasAuthor,"Thank you, Prof. Bhatia, for your timely summary of post-submission priorities and for flagging the temporary embargo requirement related to our supplementary dataset DOI.",email_428
pa38,pn19,hasAuthor,"Michael, if you need input on configuring Zenodo’s embargo settings or wording for the reviewer-only access notice, please let me know;",email_428
pa38,pn1,hasAuthor,I am delighted to co-lead this with Sunita.,email_428
pa465,pn1,hasAuthor,All co-authors have been listed with corresponding affiliations and ORCID IDs,email_904
pa465,pn2,hasAuthor,All co-authors have been listed with corresponding affiliations and ORCID IDs,email_904
pa465,pn19,hasAuthor,All co-authors have been listed with corresponding affiliations and ORCID IDs,email_904
pa465,pn5,hasAuthor,All co-authors have been listed with corresponding affiliations and ORCID IDs,email_904
pa476,pn1,hasAuthor,"our manuscript, “Meta-Annotated Historical Texts: A Multi-Institutional Resource and Legal Protocol for South Asian Colonial Newspapers,” along with the complete compliance appendix, cover letter, and Zenodo metadata, has been formally submitted to the ACM Journal on Computing and Cultural Heritage (JOCCH).",email_895
pa476,pn2,hasAuthor,"our manuscript, “Meta-Annotated Historical Texts: A Multi-Institutional Resource and Legal Protocol for South Asian Colonial Newspapers,” along with the complete compliance appendix, cover letter, and Zenodo metadata, has been formally submitted to the ACM Journal on Computing and Cultural Heritage (JOCCH).",email_895
pa476,pn19,hasAuthor,"our manuscript, “Meta-Annotated Historical Texts: A Multi-Institutional Resource and Legal Protocol for South Asian Colonial Newspapers,” along with the complete compliance appendix, cover letter, and Zenodo metadata, has been formally submitted to the ACM Journal on Computing and Cultural Heritage (JOCCH).",email_895
pa476,pn10,hasAuthor,Corresponding Author: Dr. Ananya Chatterjee (University of Oxford),email_895
pa69,pn1,hasAuthor,"Thank you, Sunita, for your thoughtful summary and for initiating the discussion on potential follow-ups. I echo your sentiments regarding the success of our JCDL 2020 tutorial",email_161
pa69,pn9,hasAuthor,"Thank you, Sunita, for your thoughtful summary and for initiating the discussion on potential follow-ups. I echo your sentiments regarding the success of our JCDL 2020 tutorial",email_161
pa69,pn2,hasAuthor,"Thank you, Sunita, for your thoughtful summary and for initiating the discussion on potential follow-ups. I echo your sentiments regarding the success of our JCDL 2020 tutorial",email_161
pa112,pn1,hasAuthor,merged manuscript (“JOCCH_MinorRevision_Merged_Draft_Feb2021.docx”) and supplementary materials uploaded by Sunita and Michael,email_217
pa112,pn19,hasAuthor,merged manuscript (“JOCCH_MinorRevision_Merged_Draft_Feb2021.docx”) and supplementary materials uploaded by Sunita and Michael,email_217
pa112,pn2,hasAuthor,"Ramesh, I made minor edits to your draft author response",email_217
pa349,pn1,hasAuthor,"Thank you, Sunita, for the clear outline and update on your collaboration with Ramesh regarding condensing the “Related Work” section.",email_650
pa349,pn2,hasAuthor,"Thank you, Sunita, for the clear outline and update on your collaboration with Ramesh regarding condensing the “Related Work” section.",email_650
pa349,pn5,hasAuthor,I echo Sunita’s proposal regarding a Zoom meeting—afternoons between 2–6 December (GMT) work for me as well.,email_650
pa349,pn19,hasAuthor,My intention is to emphasize how our multilingual semantic drift detection framework informs tool development for large-scale archival digitization projects.,email_650
pa195,pn1,hasAuthor,"I have now carefully reviewed our final PDF on the ACL portal and can confirm that all author information, institutional affiliations, and metadata are correct.",email_383
pa195,pn2,hasAuthor,"I have now carefully reviewed our final PDF on the ACL portal and can confirm that all author information, institutional affiliations, and metadata are correct.",email_383
pa195,pn19,hasAuthor,"I have now carefully reviewed our final PDF on the ACL portal and can confirm that all author information, institutional affiliations, and metadata are correct.",email_383
pa195,pn5,hasAuthor,"I have now carefully reviewed our final PDF on the ACL portal and can confirm that all author information, institutional affiliations, and metadata are correct.",email_383
pa515,pn1,hasAuthor,Regarding your manuscript entitled “Cross-Jurisdictional Compliance in NLP Applications for Historical Data: A Comparative Analysis”,email_973
pa258,pn1,hasAuthor,I am pleased to confirm that we have now received official approval from the University of Oxford’s Public Affairs Directorate for our JCDL 2022 press release.,email_498
pa258,pn2,hasAuthor,I am pleased to confirm that we have now received official approval from the University of Oxford’s Public Affairs Directorate for our JCDL 2022 press release.,email_498
pa258,pn19,hasAuthor,I am pleased to confirm that we have now received official approval from the University of Oxford’s Public Affairs Directorate for our JCDL 2022 press release.,email_498
pa258,pn5,hasAuthor,I am pleased to confirm that we have now received official approval from the University of Oxford’s Public Affairs Directorate for our JCDL 2022 press release.,email_498
pa394,pn1,hasAuthor,"Sunita, I appreciate your offer to spearhead the initial draft",email_760
pa394,pn5,hasAuthor,"Ananya and Michael, your ideas around including bottleneck logs, annotated templates, and periodic review touchpoints are excellent.",email_760
pa394,pn19,hasAuthor,Michael’s suggestion to incorporate a visual workflow is especially compelling,email_760
pa394,pn2,hasAuthor,I am encouraged to see such consensus around the value of formalizing our collaborative process,email_760
pa490,pn1,hasAuthor,Sunita—your treatment of provenance checkpoints and identification of workflow bottlenecks provides exceptional clarity.,email_999
pa490,pn5,hasAuthor,"Ananya’s compliance harmonization details and best-practices checklist contribute essential institutional context,",email_999
pa490,pn19,hasAuthor,Michael’s version management schematic and reviewer response matrix give the memo a framework that is both actionable and broadly transferable.,email_999
pa526,pn1,hasAuthor,"Unless further edits arise, I suggest we proceed with the submission (authorship: Sunita, Ananya, Michael)",email_999
pa526,pn5,hasAuthor,"Unless further edits arise, I suggest we proceed with the submission (authorship: Sunita, Ananya, Michael)",email_999
pa526,pn19,hasAuthor,"Unless further edits arise, I suggest we proceed with the submission (authorship: Sunita, Ananya, Michael)",email_999
pa477,pn1,hasAuthor,"Sen, S., Chatterjee, A., Bradley, M., and Bhatia, R. (2024). Supplementary Historical Newspapers Dataset.",email_901
pa477,pn5,hasAuthor,"Sen, S., Chatterjee, A., Bradley, M., and Bhatia, R. (2024). Supplementary Historical Newspapers Dataset.",email_901
pa477,pn19,hasAuthor,"Sen, S., Chatterjee, A., Bradley, M., and Bhatia, R. (2024). Supplementary Historical Newspapers Dataset.",email_901
pa477,pn2,hasAuthor,"Sen, S., Chatterjee, A., Bradley, M., and Bhatia, R. (2024). Supplementary Historical Newspapers Dataset.",email_901
pa497,pn1,hasAuthor,Thank you all for your diligent work leading up to our JOCCH submission and for your continued support as we enter the revision phase.,email_974
pa497,pn2,hasAuthor,Thank you all for your diligent work leading up to our JOCCH submission and for your continued support as we enter the revision phase.,email_974
pa497,pn5,hasAuthor,Thank you all for your diligent work leading up to our JOCCH submission and for your continued support as we enter the revision phase.,email_974
pa497,pn19,hasAuthor,Thank you all for your diligent work leading up to our JOCCH submission and for your continued support as we enter the revision phase.,email_974
pa34,pn1,hasAuthor,Thank you all for your outstanding attention to detail and coordinated efforts over the past weeks.,email_82
pa34,pn2,hasAuthor,Thank you all for your outstanding attention to detail and coordinated efforts over the past weeks.,email_82
pa34,pn19,hasAuthor,Thank you all for your outstanding attention to detail and coordinated efforts over the past weeks.,email_82
pa34,pn5,hasAuthor,Thank you all for your outstanding attention to detail and coordinated efforts over the past weeks.,email_82
pa343,pn5,hasAuthor,"Thank you, Ananya, for your thorough review and strategic integration of everyone’s comments in the draft",email_642
pa343,pn1,hasAuthor,"Thank you, Ananya, for your thorough review and strategic integration of everyone’s comments in the draft",email_642
pa343,pn2,hasAuthor,"Thank you, Ananya, for your thorough review and strategic integration of everyone’s comments in the draft",email_642
pa343,pn19,hasAuthor,I have now completed my final review of the “Methods” and “Novelty” sections,email_642
pa145,pn1,hasAuthor,Thank you all for your confirmations regarding checklist completion and for the coordinated updates to presentation content and logistics.,email_277
pa145,pn19,hasAuthor,Thank you all for your confirmations regarding checklist completion and for the coordinated updates to presentation content and logistics.,email_277
pa145,pn5,hasAuthor,Thank you all for your confirmations regarding checklist completion and for the coordinated updates to presentation content and logistics.,email_277
pa145,pn2,hasAuthor,Thank you all for your confirmations regarding checklist completion and for the coordinated updates to presentation content and logistics.,email_277
pa51,pn1,hasAuthor,"Sunita Sen, Ramesh Bhatia, Michael Bradley, Ananya Chatterjee",email_106
pa51,pn2,hasAuthor,"Sunita Sen, Ramesh Bhatia, Michael Bradley, Ananya Chatterjee",email_106
pa51,pn19,hasAuthor,"Sunita Sen, Ramesh Bhatia, Michael Bradley, Ananya Chatterjee",email_106
pa51,pn5,hasAuthor,"Sunita Sen, Ramesh Bhatia, Michael Bradley, Ananya Chatterjee",email_106
pa51,pn15,hasAuthor,"Sunita Sen, Ramesh Bhatia, Michael Bradley, Ananya Chatterjee",email_106
pa51,pn14,hasAuthor,"Sunita Sen, Ramesh Bhatia, Michael Bradley, Ananya Chatterjee",email_106
pa51,pn16,hasAuthor,"Sunita Sen, Ramesh Bhatia, Michael Bradley, Ananya Chatterjee",email_106
pa511,pn1,hasAuthor,"Dear Sunita, Ananya, and Michael, I have completed my compliance audit of the revised Section 4.2 draft as circulated, with a particular focus on the new subsections for the National Library of Israel (NLI) and the Chilean National Library (BNCh)",email_967
pa511,pn5,hasAuthor,"Dear Sunita, Ananya, and Michael, I have completed my compliance audit of the revised Section 4.2 draft as circulated, with a particular focus on the new subsections for the National Library of Israel (NLI) and the Chilean National Library (BNCh)",email_967
pa511,pn19,hasAuthor,"Dear Sunita, Ananya, and Michael, I have completed my compliance audit of the revised Section 4.2 draft as circulated, with a particular focus on the new subsections for the National Library of Israel (NLI) and the Chilean National Library (BNCh)",email_967
pa511,pn2,hasAuthor,"Dear Sunita, Ananya, and Michael, I have completed my compliance audit of the revised Section 4.2 draft as circulated, with a particular focus on the new subsections for the National Library of Israel (NLI) and the Chilean National Library (BNCh)",email_967
pa392,pn1,hasAuthor,Congratulations once again on the acceptance of our manuscript in JOCCH.,email_747
pa392,pn2,hasAuthor,Congratulations once again on the acceptance of our manuscript in JOCCH.,email_747
pa392,pn19,hasAuthor,Congratulations once again on the acceptance of our manuscript in JOCCH.,email_747
pa392,pn5,hasAuthor,Congratulations once again on the acceptance of our manuscript in JOCCH.,email_747
pa100,pn1,hasAuthor,I am writing to provide an update regarding the Table 2 (ErrorPrivacy Summary) formatting revisions for our JOCCH minor revision package (SUB-JOCCH-2020-0047),email_227
pa100,pn5,hasAuthor,I am writing to provide an update regarding the Table 2 (ErrorPrivacy Summary) formatting revisions for our JOCCH minor revision package (SUB-JOCCH-2020-0047),email_227
pa100,pn19,hasAuthor,I am writing to provide an update regarding the Table 2 (ErrorPrivacy Summary) formatting revisions for our JOCCH minor revision package (SUB-JOCCH-2020-0047),email_227
pa100,pn2,hasAuthor,I am writing to provide an update regarding the Table 2 (ErrorPrivacy Summary) formatting revisions for our JOCCH minor revision package (SUB-JOCCH-2020-0047),email_227
pa514,pn1,hasAuthor,"Sunita, Ananya, and Michael",email_970
pa514,pn5,hasAuthor,"Sunita, Ananya, and Michael",email_970
pa514,pn19,hasAuthor,"Sunita, Ananya, and Michael",email_970
pa36,pn5,hasAuthor,I am writing to provide everyone with an update on the status of our JOCCH submission (SUB-JOCCH-2022-0421),email_616
pa36,pn2,hasAuthor,I am writing to provide everyone with an update on the status of our JOCCH submission (SUB-JOCCH-2022-0421),email_616
pa36,pn1,hasAuthor,I am writing to provide everyone with an update on the status of our JOCCH submission (SUB-JOCCH-2022-0421),email_616
pa36,pn19,hasAuthor,I am writing to provide everyone with an update on the status of our JOCCH submission (SUB-JOCCH-2022-0421),email_616
pa100,pn2,hasAuthor,Thank you all for your comprehensive and coordinated work on this revision cycle.,email_204
pa100,pn19,hasAuthor,Thank you all for your comprehensive and coordinated work on this revision cycle.,email_204
pa100,pn1,hasAuthor,Thank you all for your comprehensive and coordinated work on this revision cycle.,email_204
pa100,pn5,hasAuthor,Thank you all for your comprehensive and coordinated work on this revision cycle.,email_204
pa17,pn5,hasAuthor,I am delighted to confirm that I have implemented the final minor edits post-Michael’s narrative pass,email_47
pa17,pn1,hasAuthor,italicized the interpretive note in the vignette panel as suggested by Sunita,email_47
pa17,pn2,hasAuthor,and Prof. Bhatia,email_47
pa180,pn5,hasAuthor,"I have reviewed the newly uploaded version of Figure 3 in our shared folder, focusing on the color contrast and annotation clarity.",email_388
pa180,pn1,hasAuthor,"I have reviewed the newly uploaded version of Figure 3 in our shared folder, focusing on the color contrast and annotation clarity.",email_388
pa180,pn2,hasAuthor,"I have reviewed the newly uploaded version of Figure 3 in our shared folder, focusing on the color contrast and annotation clarity.",email_388
pa180,pn19,hasAuthor,"I have reviewed the newly uploaded version of Figure 3 in our shared folder, focusing on the color contrast and annotation clarity.",email_388
pa339,pn1,hasAuthor,Sunita (datasets),email_637
pa339,pn19,hasAuthor,Michael (methods/novelty),email_637
pa339,pn2,hasAuthor,Ramesh (evaluation/metrics),email_637
pa339,pn9,hasAuthor,"Ananya (overview, synthesis, conclusion)",email_637
pa370,pn1,hasAuthor,"Sunita, Ramesh, and Ananya",email_697
pa370,pn2,hasAuthor,"Sunita, Ramesh, and Ananya",email_697
pa370,pn5,hasAuthor,"Sunita, Ramesh, and Ananya",email_697
pa196,pn1,hasAuthor,Thank you all for the thorough preparation and your prompt confirmations on the final manuscript and presentation arrangements.,email_384
pa196,pn2,hasAuthor,Thank you all for the thorough preparation and your prompt confirmations on the final manuscript and presentation arrangements.,email_384
pa196,pn19,hasAuthor,Thank you all for the thorough preparation and your prompt confirmations on the final manuscript and presentation arrangements.,email_384
pa196,pn5,hasAuthor,Thank you all for the thorough preparation and your prompt confirmations on the final manuscript and presentation arrangements.,email_384
pa521,pn2,hasAuthor,"Dear Prof. Bhatia and co-authors, ... Corresponding Author: Prof. Ramesh Bhatia",email_989
pa521,pn13,hasAuthor,"Dear Prof. Bhatia and co-authors, ... Corresponding Author: Prof. Ramesh Bhatia",email_989
pa249,pn1,hasAuthor,"Dear Ananya, Ramesh, and Michael, Thank you both for your prompt and thoughtful contributions on the recent reviewer action points.",email_481
pa249,pn5,hasAuthor,"Dear Ananya, Ramesh, and Michael, Thank you both for your prompt and thoughtful contributions on the recent reviewer action points.",email_481
pa249,pn2,hasAuthor,"Dear Ananya, Ramesh, and Michael, Thank you both for your prompt and thoughtful contributions on the recent reviewer action points.",email_481
pa249,pn19,hasAuthor,"Dear Ananya, Ramesh, and Michael, Thank you both for your prompt and thoughtful contributions on the recent reviewer action points.",email_481
pa386,pn19,hasAuthor,I confirm that I have successfully accessed the ACM JOCCH submission portal using the co-author invitation,email_736
pa386,pn5,hasAuthor,I confirm that I have successfully accessed the ACM JOCCH submission portal using the co-author invitation,email_736
pa386,pn2,hasAuthor,I confirm that I have successfully accessed the ACM JOCCH submission portal using the co-author invitation,email_736
pa386,pn1,hasAuthor,I confirm that I have successfully accessed the ACM JOCCH submission portal using the co-author invitation,email_736
pa363,pn2,hasAuthor,"On behalf of our author team for submission ID SUB-JCDL-2023-0147, entitled “Semantic Drift Detection and Interoperability in Low-Resource Historical Corpora: An Annotated Benchmark and Evaluation Framework,”",email_682
pa363,pn1,hasAuthor,"On behalf of our author team for submission ID SUB-JCDL-2023-0147, entitled “Semantic Drift Detection and Interoperability in Low-Resource Historical Corpora: An Annotated Benchmark and Evaluation Framework,”",email_682
pa363,pn19,hasAuthor,"On behalf of our author team for submission ID SUB-JCDL-2023-0147, entitled “Semantic Drift Detection and Interoperability in Low-Resource Historical Corpora: An Annotated Benchmark and Evaluation Framework,”",email_682
pa363,pn5,hasAuthor,"On behalf of our author team for submission ID SUB-JCDL-2023-0147, entitled “Semantic Drift Detection and Interoperability in Low-Resource Historical Corpora: An Annotated Benchmark and Evaluation Framework,”",email_682
pa133,pn1,hasAuthor,"on behalf of Prof. Ramesh Bhatia, Dr. Michael Bradley, and Dr. Ananya Chatterjee",email_250
pa133,pn2,hasAuthor,"on behalf of Prof. Ramesh Bhatia, Dr. Michael Bradley, and Dr. Ananya Chatterjee",email_250
pa133,pn19,hasAuthor,"on behalf of Prof. Ramesh Bhatia, Dr. Michael Bradley, and Dr. Ananya Chatterjee",email_250
pa133,pn5,hasAuthor,"on behalf of Prof. Ramesh Bhatia, Dr. Michael Bradley, and Dr. Ananya Chatterjee",email_250
pa97,pn2,hasAuthor,"Dear Prof. Bhatia and Co-Authors, We are writing regarding your manuscript, “Cross-Institutional Methods for NLP on Historical Data: Dataset Profiling, Transfer Approaches, and Compliance,”",email_191
pa97,pn13,hasAuthor,"Dear Prof. Bhatia and Co-Authors, We are writing regarding your manuscript, “Cross-Institutional Methods for NLP on Historical Data: Dataset Profiling, Transfer Approaches, and Compliance,”",email_191
pa197,pn1,hasAuthor,"we have been assigned to the “Historical Data & Societal NLP” session on 30th January 2020, 11:00–11:20 AM (UTC+2)",email_385
pa197,pn2,hasAuthor,"we have been assigned to the “Historical Data & Societal NLP” session on 30th January 2020, 11:00–11:20 AM (UTC+2)",email_385
pa197,pn19,hasAuthor,"we have been assigned to the “Historical Data & Societal NLP” session on 30th January 2020, 11:00–11:20 AM (UTC+2)",email_385
pa197,pn5,hasAuthor,"we have been assigned to the “Historical Data & Societal NLP” session on 30th January 2020, 11:00–11:20 AM (UTC+2)",email_385
pa365,pn1,hasAuthor,"Thank you, Sunita, for outlining an excellent plan for our JCDL 2023 presentation preparation.",email_685
pa365,pn2,hasAuthor,"Thank you, Sunita, for outlining an excellent plan for our JCDL 2023 presentation preparation.",email_685
pa365,pn5,hasAuthor,"Thank you, Sunita, for outlining an excellent plan for our JCDL 2023 presentation preparation.",email_685
pa438,pn2,hasAuthor,"Thank you, Michael, for circulating the draft of our author response letter and for your careful attention to documenting each reviewer point.",email_834
pa438,pn1,hasAuthor,I have now reviewed both the consolidated manuscript and the response letter.,email_834
pa438,pn5,hasAuthor,"Ananya, your recent additions on legal interoperability are clear and concise.",email_834
pa438,pn19,hasAuthor,"Thank you, Michael, for circulating the draft of our author response letter and for your careful attention to documenting each reviewer point.",email_834
pa135,pn1,hasAuthor,Thank you all for your prompt responses and the outstanding collaboration as we approach the culmination of our camera-ready preparations.,email_851
pa135,pn5,hasAuthor,Thank you all for your prompt responses and the outstanding collaboration as we approach the culmination of our camera-ready preparations.,email_851
pa135,pn2,hasAuthor,Thank you all for your prompt responses and the outstanding collaboration as we approach the culmination of our camera-ready preparations.,email_851
pa135,pn19,hasAuthor,Thank you all for your prompt responses and the outstanding collaboration as we approach the culmination of our camera-ready preparations.,email_851
pa5,pn1,hasAuthor,"Sunita, Ananya, and Prof. Bhatia",email_26
pa5,pn5,hasAuthor,"Sunita, Ananya, and Prof. Bhatia",email_26
pa5,pn2,hasAuthor,"Sunita, Ananya, and Prof. Bhatia",email_26
pa372,pn5,hasAuthor,Thank you to each of you for your exceptional teamwork and attention to detail throughout the submission process.,email_700
pa372,pn19,hasAuthor,Thank you to each of you for your exceptional teamwork and attention to detail throughout the submission process.,email_700
pa372,pn1,hasAuthor,Thank you to each of you for your exceptional teamwork and attention to detail throughout the submission process.,email_700
pa372,pn2,hasAuthor,Thank you to each of you for your exceptional teamwork and attention to detail throughout the submission process.,email_700
pa26,pn1,hasAuthor,Thank you all for the ongoing attention to detail during this final stage.,email_657
pa26,pn2,hasAuthor,Thank you all for the ongoing attention to detail during this final stage.,email_657
pa26,pn5,hasAuthor,Thank you all for the ongoing attention to detail during this final stage.,email_657
pa26,pn19,hasAuthor,Thank you all for the ongoing attention to detail during this final stage.,email_657
pa233,pn5,hasAuthor,I have examined your annotated document and am supportive of including explicit mention of Stanford’s Data Governance office,email_452
pa233,pn19,hasAuthor,"Thank you, Michael, for your thoughtful review and practical suggestions for expanding the set of proactive outreach scenarios",email_452
pa233,pn2,hasAuthor,"Prof. Bhatia, please advise whether the collated scenario section should be appended as a supplement to the main response template",email_452
pa233,pn1,hasAuthor,"particularly if there are nuances from the IACS perspective or anticipated scenarios unique to the Indian press environment, Sunita",email_452
pa257,pn1,hasAuthor,Thank you for confirming the successful submission of the press release to both IACS and Stanford’s communications teams,email_494
pa257,pn2,hasAuthor,Thank you for confirming the successful submission of the press release to both IACS and Stanford’s communications teams,email_494
pa257,pn19,hasAuthor,Thank you for confirming the successful submission of the press release to both IACS and Stanford’s communications teams,email_494
pa66,pn5,hasAuthor,Dear Dr. Chatterjee and co-authors,email_137
pa66,pn13,hasAuthor,Dear Dr. Chatterjee and co-authors,email_137
pa357,pn19,hasAuthor,I am writing to confirm that I have completed my action item per our revision workflow and have added the reference and summary on archival interoperability frameworks to the shared “JCDL_CameraReady2023” document.,email_669
pa357,pn5,hasAuthor,I am writing to confirm that I have completed my action item per our revision workflow and have added the reference and summary on archival interoperability frameworks to the shared “JCDL_CameraReady2023” document.,email_669
pa357,pn1,hasAuthor,I am writing to confirm that I have completed my action item per our revision workflow and have added the reference and summary on archival interoperability frameworks to the shared “JCDL_CameraReady2023” document.,email_669
pa357,pn2,hasAuthor,I am writing to confirm that I have completed my action item per our revision workflow and have added the reference and summary on archival interoperability frameworks to the shared “JCDL_CameraReady2023” document.,email_669
pa322,pn1,hasAuthor,all assigned updates to our “JOCCH2022_Reviewer_Response_Preparation” document and supplementary materials,email_623
pa322,pn19,hasAuthor,all assigned updates to our “JOCCH2022_Reviewer_Response_Preparation” document and supplementary materials,email_623
pa322,pn5,hasAuthor,all assigned updates to our “JOCCH2022_Reviewer_Response_Preparation” document and supplementary materials,email_623
pa322,pn2,hasAuthor,all assigned updates to our “JOCCH2022_Reviewer_Response_Preparation” document and supplementary materials,email_623
pa33,pn5,hasAuthor,"Ananya, I’ve carefully reviewed your in-document suggestions and incorporated the minor textual clarifications concerning both European licensing protocols and explicit third-party reuse boundaries",email_81
pa33,pn2,hasAuthor,"Prof. Bhatia, as corresponding author, may I kindly request your final sign-off and the readiness to upload materials when cleared?",email_81
pa33,pn19,hasAuthor,Michael's previous annotation on the disclaimer section,email_81
pa345,pn1,hasAuthor,Thank you all for the diligent and thoughtful final edits,email_644
pa345,pn2,hasAuthor,Thank you all for the diligent and thoughtful final edits,email_644
pa345,pn5,hasAuthor,Thank you all for the diligent and thoughtful final edits,email_644
pa345,pn19,hasAuthor,Thank you all for the diligent and thoughtful final edits,email_644
pa400,pn1,hasAuthor,Sunita and I completed a section-by-section review this afternoon,email_776
pa400,pn5,hasAuthor,"All suggested clarifications on compliance, dataset licensing, and annotation workflow documentation from Ananya and Michael are included",email_776
pa400,pn19,hasAuthor,"All suggested clarifications on compliance, dataset licensing, and annotation workflow documentation from Ananya and Michael are included",email_776
pa400,pn2,hasAuthor,I am writing to confirm that the final editorial harmonization on the main text and appendices is now complete,email_776
pa348,pn1,hasAuthor,I am delighted to share the news of our ACCEPTANCE at JCDL 2023 and want to congratulate everyone for their outstanding contributions to this collaborative project.,email_648
pa348,pn2,hasAuthor,I am delighted to share the news of our ACCEPTANCE at JCDL 2023 and want to congratulate everyone for their outstanding contributions to this collaborative project.,email_648
pa348,pn19,hasAuthor,I am delighted to share the news of our ACCEPTANCE at JCDL 2023 and want to congratulate everyone for their outstanding contributions to this collaborative project.,email_648
pa348,pn5,hasAuthor,I am delighted to share the news of our ACCEPTANCE at JCDL 2023 and want to congratulate everyone for their outstanding contributions to this collaborative project.,email_648
pa246,pn1,hasAuthor,Congratulations to everyone on the successful JCDL 2022 decision! I am delighted to see our integrated FAQ annex recognized for its clarity and cross-regional rigor,email_478
pa246,pn5,hasAuthor,Congratulations to everyone on the successful JCDL 2022 decision! I am delighted to see our integrated FAQ annex recognized for its clarity and cross-regional rigor,email_478
pa246,pn2,hasAuthor,Congratulations to everyone on the successful JCDL 2022 decision! I am delighted to see our integrated FAQ annex recognized for its clarity and cross-regional rigor,email_478
pa246,pn19,hasAuthor,Congratulations to everyone on the successful JCDL 2022 decision! I am delighted to see our integrated FAQ annex recognized for its clarity and cross-regional rigor,email_478
pa23,pn1,hasAuthor,Sunita listed as corresponding author per our consensus in yesterday’s sign-off meeting.,email_68
pa23,pn2,hasAuthor,"Dear Sunita, Prof. Bhatia, and Ananya,",email_68
pa23,pn9,hasAuthor,"Dear Sunita, Prof. Bhatia, and Ananya,",email_68
pa23,pn19,hasAuthor,I am pleased to confirm that we have now successfully submitted our full dataset release package,email_68
pa324,pn19,hasAuthor,"I am very much in favor of making constructive use of this interval, and your suggestions about updating our annotated bibliography and exploring follow-up research avenues are particularly timely.",email_626
pa324,pn2,hasAuthor,"I am very much in favor of making constructive use of this interval, and your suggestions about updating our annotated bibliography and exploring follow-up research avenues are particularly timely.",email_626
pa324,pn1,hasAuthor,"I am very much in favor of making constructive use of this interval, and your suggestions about updating our annotated bibliography and exploring follow-up research avenues are particularly timely.",email_626
pa324,pn5,hasAuthor,"I am very much in favor of making constructive use of this interval, and your suggestions about updating our annotated bibliography and exploring follow-up research avenues are particularly timely.",email_626
pa257,pn19,hasAuthor,"The file was uploaded via our communications portal and attributed to all co-authors, with explicit reference to the embargo conditions and funding statements as reflected in the version circulated by Ananya.",email_493
pa257,pn5,hasAuthor,"The file was uploaded via our communications portal and attributed to all co-authors, with explicit reference to the embargo conditions and funding statements as reflected in the version circulated by Ananya.",email_493
pa257,pn1,hasAuthor,"The file was uploaded via our communications portal and attributed to all co-authors, with explicit reference to the embargo conditions and funding statements as reflected in the version circulated by Ananya.",email_493
pa257,pn2,hasAuthor,"The file was uploaded via our communications portal and attributed to all co-authors, with explicit reference to the embargo conditions and funding statements as reflected in the version circulated by Ananya.",email_493
pa303,pn5,hasAuthor,I am writing to share the results of this morning’s simulated pre-event communication send-through.,email_578
pa303,pn2,hasAuthor,"Ramesh, Michael, and Sunita",email_578
pa303,pn19,hasAuthor,"Ramesh, Michael, and Sunita",email_578
pa303,pn1,hasAuthor,"Ramesh, Michael, and Sunita",email_578
pa530,pn1,hasAuthor,"Thank you, Sunita, for confirming the colloquium abstract submission and for sharing both the finalized document and memo;",email_1002
pa530,pn5,hasAuthor,"Building on Ananya’s and Michael’s earlier messages,",email_1002
pa530,pn19,hasAuthor,"Building on Ananya’s and Michael’s earlier messages,",email_1002
pa530,pn2,hasAuthor,I want to take this opportunity to reiterate my appreciation for your rigorous input and collaborative engagement throughout the memo preparation and departmental submission processes.,email_1002
pa35,pn2,hasAuthor,"Dear Prof. Bhatia and Co-authors, We are pleased to inform you that your revised submission entitled “Domain Adaptation and Evaluation Metrics for Historical NER and Topic Modeling across Multilingual Archives”",email_84
pa35,pn1,hasAuthor,"Dear Prof. Bhatia and Co-authors, We are pleased to inform you that your revised submission entitled “Domain Adaptation and Evaluation Metrics for Historical NER and Topic Modeling across Multilingual Archives”",email_84
pa35,pn19,hasAuthor,"Dear Prof. Bhatia and Co-authors, We are pleased to inform you that your revised submission entitled “Domain Adaptation and Evaluation Metrics for Historical NER and Topic Modeling across Multilingual Archives”",email_84
pa35,pn5,hasAuthor,"Dear Prof. Bhatia and Co-authors, We are pleased to inform you that your revised submission entitled “Domain Adaptation and Evaluation Metrics for Historical NER and Topic Modeling across Multilingual Archives”",email_84
pa186,pn1,hasAuthor,"Thank you, Sunita, for your detailed coordination email and to Ananya for your prompt availability response and thoughtful suggestions regarding the checklist and figure resolution.",email_369
pa186,pn5,hasAuthor,"Thank you, Sunita, for your detailed coordination email and to Ananya for your prompt availability response and thoughtful suggestions regarding the checklist and figure resolution.",email_369
pa186,pn19,hasAuthor,"Thank you, Sunita, for your detailed coordination email and to Ananya for your prompt availability response and thoughtful suggestions regarding the checklist and figure resolution.",email_369
pa186,pn2,hasAuthor,"Thank you, Sunita, for your detailed coordination email and to Ananya for your prompt availability response and thoughtful suggestions regarding the checklist and figure resolution.",email_369
pa37,pn19,hasAuthor,I hereby confirm my acceptance of the task to revise the caption for Fig. 3.,email_87
pa37,pn2,hasAuthor,"Thank you, Ramesh, for outlining the revision roadmap so clearly, and congratulations once again to all on the motion towards publication!",email_87
pa37,pn1,hasAuthor,"Thank you, Ramesh, for outlining the revision roadmap so clearly, and congratulations once again to all on the motion towards publication!",email_87
pa37,pn5,hasAuthor,"Thank you, Ramesh, for outlining the revision roadmap so clearly, and congratulations once again to all on the motion towards publication!",email_87
pa82,pn5,hasAuthor,"Thank you, Ananya, for sharing the comprehensive draft structure for our proposed JOCCH article.",email_166
pa82,pn1,hasAuthor,I will work with Sunita to review our scripts and annotation templates within the next week,email_166
pa82,pn2,hasAuthor,Looking forward to further collaboration and everyone’s thoughts on these points!,email_166
pa172,pn1,hasAuthor,I have reviewed the session schedule and guidelines and would like to confirm my understanding of the next steps.,email_347
pa37,pn1,hasAuthor,"Before our meeting at 7pm IST (2:30pm BST, 6:30am PDT), I would like to share the preliminary agenda and highlight a few discussion priorities to help us make the most of our time together.",email_414
pa37,pn2,hasAuthor,"Before our meeting at 7pm IST (2:30pm BST, 6:30am PDT), I would like to share the preliminary agenda and highlight a few discussion priorities to help us make the most of our time together.",email_414
pa37,pn19,hasAuthor,"Before our meeting at 7pm IST (2:30pm BST, 6:30am PDT), I would like to share the preliminary agenda and highlight a few discussion priorities to help us make the most of our time together.",email_414
pa37,pn5,hasAuthor,"Before our meeting at 7pm IST (2:30pm BST, 6:30am PDT), I would like to share the preliminary agenda and highlight a few discussion priorities to help us make the most of our time together.",email_414
pa44,pn1,hasAuthor,I have completed the accessibility scan on the integrated camera-ready PDF,email_96
pa44,pn2,hasAuthor,I have completed the accessibility scan on the integrated camera-ready PDF,email_96
pa44,pn19,hasAuthor,I have completed the accessibility scan on the integrated camera-ready PDF,email_96
pa44,pn5,hasAuthor,I have completed the accessibility scan on the integrated camera-ready PDF,email_96
pa128,pn1,hasAuthor,"Sunita, kindly confirm once the references and footnote have been implemented in the latest LaTeX master.",email_238
pa128,pn19,hasAuthor,Michael’s summary sentences are well-calibrated for seamless integration,email_238
pa128,pn5,hasAuthor,Ananya’s footnote provides an accessible yet sufficiently technical description,email_238
pa66,pn5,hasAuthor,"Dear Dr. Chatterjee and co-authors, On behalf of the JCDL 2020 Tutorials Committee, we thank you for your submission:",email_138
pa66,pn13,hasAuthor,"Dear Dr. Chatterjee and co-authors, On behalf of the JCDL 2020 Tutorials Committee, we thank you for your submission:",email_138
pa189,pn5,hasAuthor,Ramesh and I met virtually this afternoon (Oxford/Kolkata time) to align our approach on the harmonization and generalization section,email_827
pa189,pn1,hasAuthor,Thank you all for your structured follow-up and clear allocation of responsibilities during the revision phase of our ACL submission,email_827
pa189,pn2,hasAuthor,Thank you all for your structured follow-up and clear allocation of responsibilities during the revision phase of our ACL submission,email_827
pa189,pn19,hasAuthor,Thank you all for your structured follow-up and clear allocation of responsibilities during the revision phase of our ACL submission,email_827
pa79,pn1,hasAuthor,"Dear Michael, Ananya, and Ramesh, / I want to thank each of you for your commitment and collegial effort leading up to and during our JCDL 2020 tutorial, ""NLP Methods for Large-Scale Historical Data.""",email_160
pa79,pn14,hasAuthor,"Dear Michael, Ananya, and Ramesh, / I want to thank each of you for your commitment and collegial effort leading up to and during our JCDL 2020 tutorial, ""NLP Methods for Large-Scale Historical Data.""",email_160
pa79,pn16,hasAuthor,"Dear Michael, Ananya, and Ramesh, / I want to thank each of you for your commitment and collegial effort leading up to and during our JCDL 2020 tutorial, ""NLP Methods for Large-Scale Historical Data.""",email_160
pa79,pn19,hasAuthor,"Dear Michael, Ananya, and Ramesh, / I want to thank each of you for your commitment and collegial effort leading up to and during our JCDL 2020 tutorial, ""NLP Methods for Large-Scale Historical Data.""",email_160
pa79,pn5,hasAuthor,"Dear Michael, Ananya, and Ramesh, / I want to thank each of you for your commitment and collegial effort leading up to and during our JCDL 2020 tutorial, ""NLP Methods for Large-Scale Historical Data.""",email_160
pa79,pn2,hasAuthor,"Dear Michael, Ananya, and Ramesh, / I want to thank each of you for your commitment and collegial effort leading up to and during our JCDL 2020 tutorial, ""NLP Methods for Large-Scale Historical Data.""",email_160
pa146,pn1,hasAuthor,Sunita has finalized the folder structure on the IACS-drive and GitHub Organization,email_286
pa146,pn2,hasAuthor,Ramesh will supply standardized dataset citation templates for IACS-affiliated corpora,email_286
pa146,pn19,hasAuthor,Michael will prepare a sample Dockerfile and coordinate notebook structure,email_286
pa146,pn5,hasAuthor,Ananya is drafting GDPR guidance and sample consent materials,email_286
pa531,pn2,hasAuthor,"Thank you, Ramesh, for putting forward a clear and actionable plan for the next phase of our collaboration.",email_1003
pa531,pn1,hasAuthor,"Thank you, Ramesh, for putting forward a clear and actionable plan for the next phase of our collaboration.",email_1003
pa531,pn5,hasAuthor,"Thank you, Ramesh, for putting forward a clear and actionable plan for the next phase of our collaboration.",email_1003
pa531,pn19,hasAuthor,"Thank you, Ramesh, for putting forward a clear and actionable plan for the next phase of our collaboration.",email_1003
pa50,pn19,hasAuthor,I have reviewed Reviewer 2’s request and the related sections of our manuscript and supplementary material.,email_103
pa50,pn2,hasAuthor,Thank you for the prompt and detailed breakdown of revision tasks.,email_103
pa50,pn1,hasAuthor,Thank you for the prompt and detailed breakdown of revision tasks.,email_103
pa50,pn5,hasAuthor,Thank you for the prompt and detailed breakdown of revision tasks.,email_103
pa75,pn1,hasAuthor,"Dear Sunita Sen, Dr. Michael Bradley, Dr. Ananya Chatterjee, and Prof. Ramesh Bhatia, ... your tutorial submission, 'NLP Methods for Large-Scale Historical Data: Annotation, Corpus Design, and Reproducibility'",email_151
pa75,pn19,hasAuthor,"Dear Sunita Sen, Dr. Michael Bradley, Dr. Ananya Chatterjee, and Prof. Ramesh Bhatia, ... your tutorial submission, 'NLP Methods for Large-Scale Historical Data: Annotation, Corpus Design, and Reproducibility'",email_151
pa75,pn5,hasAuthor,"Dear Sunita Sen, Dr. Michael Bradley, Dr. Ananya Chatterjee, and Prof. Ramesh Bhatia, ... your tutorial submission, 'NLP Methods for Large-Scale Historical Data: Annotation, Corpus Design, and Reproducibility'",email_151
pa75,pn2,hasAuthor,"Dear Sunita Sen, Dr. Michael Bradley, Dr. Ananya Chatterjee, and Prof. Ramesh Bhatia, ... your tutorial submission, 'NLP Methods for Large-Scale Historical Data: Annotation, Corpus Design, and Reproducibility'",email_151
pa48,pn1,hasAuthor,Thank you all for your outstanding responsiveness during this critical phase of our JOCCH submission.,email_183
pa48,pn2,hasAuthor,Thank you all for your outstanding responsiveness during this critical phase of our JOCCH submission.,email_183
pa48,pn5,hasAuthor,Thank you all for your outstanding responsiveness during this critical phase of our JOCCH submission.,email_183
pa503,pn1,hasAuthor,Thank you all for the precise recapitulation of our meeting and for ensuring clarity on the compliance structure as we finalize the manuscript revision for JOCCH.,email_949
pa503,pn5,hasAuthor,Thank you all for the precise recapitulation of our meeting and for ensuring clarity on the compliance structure as we finalize the manuscript revision for JOCCH.,email_949
pa503,pn2,hasAuthor,Thank you all for the precise recapitulation of our meeting and for ensuring clarity on the compliance structure as we finalize the manuscript revision for JOCCH.,email_949
pa503,pn19,hasAuthor,Thank you all for the precise recapitulation of our meeting and for ensuring clarity on the compliance structure as we finalize the manuscript revision for JOCCH.,email_949
pa502,pn5,hasAuthor,I have reviewed your latest “Method_Section_Draft_Nov6” and annotated minor suggestions for clarity and referencing style.,email_947
pa502,pn1,hasAuthor,I have reviewed your latest “Method_Section_Draft_Nov6” and annotated minor suggestions for clarity and referencing style.,email_947
pa502,pn2,hasAuthor,I have reviewed your latest “Method_Section_Draft_Nov6” and annotated minor suggestions for clarity and referencing style.,email_947
pa502,pn19,hasAuthor,I have reviewed your latest “Method_Section_Draft_Nov6” and annotated minor suggestions for clarity and referencing style.,email_947
pa267,pn1,hasAuthor,"We agreed to foreground our cross-continental NLP collaborations, emphasizing multilingual heritage model adaptation, successful use cases (especially NDAI partnerships), and our new cross-institution protocol.",email_518
pa267,pn19,hasAuthor,"We agreed to foreground our cross-continental NLP collaborations, emphasizing multilingual heritage model adaptation, successful use cases (especially NDAI partnerships), and our new cross-institution protocol.",email_518
pa267,pn2,hasAuthor,"We agreed to foreground our cross-continental NLP collaborations, emphasizing multilingual heritage model adaptation, successful use cases (especially NDAI partnerships), and our new cross-institution protocol.",email_518
pa267,pn5,hasAuthor,"We agreed to foreground our cross-continental NLP collaborations, emphasizing multilingual heritage model adaptation, successful use cases (especially NDAI partnerships), and our new cross-institution protocol.",email_518
pa254,pn1,hasAuthor,Congratulations again on our successful JCDL 2022 acceptance!,email_486
pa254,pn5,hasAuthor,Congratulations again on our successful JCDL 2022 acceptance!,email_486
pa254,pn19,hasAuthor,Congratulations again on our successful JCDL 2022 acceptance!,email_486
pa254,pn2,hasAuthor,Congratulations again on our successful JCDL 2022 acceptance!,email_486
pa269,pn1,hasAuthor,"Thank you, Michael, for your rapid progress on the slide deck and FAQ synthesis, and for offering peer feedback on draft infographic materials.",email_520
pa269,pn19,hasAuthor,"Thank you, Michael, for your rapid progress on the slide deck and FAQ synthesis, and for offering peer feedback on draft infographic materials.",email_520
pa269,pn5,hasAuthor,"Ananya, please keep us posted on your Oxford press note draft;",email_520
pa269,pn2,hasAuthor,and for offering peer feedback on draft infographic materials.,email_520
pa75,pn1,hasAuthor,"our camera-ready submission for the JCDL 2020 tutorial, ""NLP Methods for Large-Scale Historical Data: Annotation, Corpus Design, and Reproducibility""",email_150
pa75,pn5,hasAuthor,"our camera-ready submission for the JCDL 2020 tutorial, ""NLP Methods for Large-Scale Historical Data: Annotation, Corpus Design, and Reproducibility""",email_150
pa75,pn19,hasAuthor,"our camera-ready submission for the JCDL 2020 tutorial, ""NLP Methods for Large-Scale Historical Data: Annotation, Corpus Design, and Reproducibility""",email_150
pa75,pn2,hasAuthor,"our camera-ready submission for the JCDL 2020 tutorial, ""NLP Methods for Large-Scale Historical Data: Annotation, Corpus Design, and Reproducibility""",email_150
pa313,pn1,hasAuthor,"The draft incorporates our team’s main achievements, methodological novelty—particularly Sunita’s new synthesis on historical dialect normalization",email_604
pa313,pn2,hasAuthor,"Ramesh, your Q&A escalation framework could benefit from explicit cross-referencing to the dialect diversity facets in Sunita’s note",email_604
pa313,pn5,hasAuthor,"Ananya, many thanks for updating both the in-text citations and the integrated progress tracker",email_604
pa71,pn1,hasAuthor,"I am pleased to confirm that the finalized version of the screencast for our JCDL 2020 camera-ready submission has been successfully uploaded to the ""Revision_Materials"" folder",email_146
pa71,pn5,hasAuthor,"I am pleased to confirm that the finalized version of the screencast for our JCDL 2020 camera-ready submission has been successfully uploaded to the ""Revision_Materials"" folder",email_146
pa71,pn19,hasAuthor,"I am pleased to confirm that the finalized version of the screencast for our JCDL 2020 camera-ready submission has been successfully uploaded to the ""Revision_Materials"" folder",email_146
pa71,pn2,hasAuthor,"I am pleased to confirm that the finalized version of the screencast for our JCDL 2020 camera-ready submission has been successfully uploaded to the ""Revision_Materials"" folder",email_146
pa282,pn1,hasAuthor,"Thank you, Sunita, for sharing the first draft of the pre-recorded spotlight video so promptly",email_543
pa282,pn19,hasAuthor,"I look forward to your feedback as well, particularly on the accuracy of technical explanations and any further accessibility enhancements.",email_543
pa282,pn2,hasAuthor,"Once Ramesh finalizes his audit, we should update the slides in the video accordingly.",email_543
pa531,pn5,hasAuthor,Thank you all for the proactive approach as we transition toward drafting our methods note/short-form paper.,email_1004
pa531,pn2,hasAuthor,Thank you all for the proactive approach as we transition toward drafting our methods note/short-form paper.,email_1004
pa531,pn1,hasAuthor,Thank you all for the proactive approach as we transition toward drafting our methods note/short-form paper.,email_1004
pa531,pn19,hasAuthor,Thank you all for the proactive approach as we transition toward drafting our methods note/short-form paper.,email_1004
pa499,pn1,hasAuthor,"I have now reviewed the amended compliance and metadata sections, including the harmonized terminology and clarifications submitted by Ananya and Michael, as well as the editorial consolidations by Sunita.",email_984
pa499,pn9,hasAuthor,"I have now reviewed the amended compliance and metadata sections, including the harmonized terminology and clarifications submitted by Ananya and Michael, as well as the editorial consolidations by Sunita.",email_984
pa499,pn19,hasAuthor,"I have now reviewed the amended compliance and metadata sections, including the harmonized terminology and clarifications submitted by Ananya and Michael, as well as the editorial consolidations by Sunita.",email_984
pa7,pn1,hasAuthor,"Sunita, Ananya, and Prof. Bhatia",email_35
pa7,pn5,hasAuthor,"Sunita, Ananya, and Prof. Bhatia",email_35
pa7,pn2,hasAuthor,"Sunita, Ananya, and Prof. Bhatia",email_35
pa7,pn19,hasAuthor,Michael,email_35
pa24,pn1,hasAuthor,Dear Ms. Sen and co-authors,email_70
pa24,pn2,hasAuthor,Dear Ms. Sen and co-authors,email_70
pa24,pn19,hasAuthor,Dear Ms. Sen and co-authors,email_70
pa24,pn5,hasAuthor,Dear Ms. Sen and co-authors,email_70
pa147,pn19,hasAuthor,I have uploaded the first draft of the technical setup instructions to the internal/private repository on GitHub under the folder “docs/technical_setup/.”,email_288
pa148,pn19,hasAuthor,"Additionally, the sample Jupyter notebook (“sequence_labeling_demo.ipynb”) is now live in the “notebooks/” directory, featuring annotated code blocks and output sample cells relevant to our South Asian corpus.",email_288
pa149,pn19,hasAuthor,I have also committed a prototype Dockerfile designed for a Debian-based container with all major requirements pre-installed (see “docker/Dockerfile_histoNLP”).,email_288
pa413,pn5,hasAuthor,"Thank you, Ramesh, for confirming your availability in the Doodle poll and for your offer to provide anonymized ethics documentation samples. Michael, I appreciate your initiative in setting up the scheduling and your commitment to preparing the preliminary outline. Sunita, your inputs regarding NDLI negotiation and institutional compliance are already shaping up to be central pillars of the reflection memo’s methodology section.",email_800
pa413,pn2,hasAuthor,"Thank you, Ramesh, for confirming your availability in the Doodle poll and for your offer to provide anonymized ethics documentation samples. Michael, I appreciate your initiative in setting up the scheduling and your commitment to preparing the preliminary outline. Sunita, your inputs regarding NDLI negotiation and institutional compliance are already shaping up to be central pillars of the reflection memo’s methodology section.",email_800
pa413,pn19,hasAuthor,"Thank you, Ramesh, for confirming your availability in the Doodle poll and for your offer to provide anonymized ethics documentation samples. Michael, I appreciate your initiative in setting up the scheduling and your commitment to preparing the preliminary outline. Sunita, your inputs regarding NDLI negotiation and institutional compliance are already shaping up to be central pillars of the reflection memo’s methodology section.",email_800
pa413,pn1,hasAuthor,"Thank you, Ramesh, for confirming your availability in the Doodle poll and for your offer to provide anonymized ethics documentation samples. Michael, I appreciate your initiative in setting up the scheduling and your commitment to preparing the preliminary outline. Sunita, your inputs regarding NDLI negotiation and institutional compliance are already shaping up to be central pillars of the reflection memo’s methodology section.",email_800
pa201,pn1,hasAuthor,"I am writing to confirm that the final slide deck for our ACL 2022 presentation, with the requested updates to citation formatting, has been uploaded to our shared Google Drive folder",email_394
pa201,pn2,hasAuthor,"I am writing to confirm that the final slide deck for our ACL 2022 presentation, with the requested updates to citation formatting, has been uploaded to our shared Google Drive folder",email_394
pa201,pn19,hasAuthor,"I am writing to confirm that the final slide deck for our ACL 2022 presentation, with the requested updates to citation formatting, has been uploaded to our shared Google Drive folder",email_394
pa201,pn5,hasAuthor,"I am writing to confirm that the final slide deck for our ACL 2022 presentation, with the requested updates to citation formatting, has been uploaded to our shared Google Drive folder",email_394
pa106,pn1,hasAuthor,"Thank you, Ramesh, for your thoughtful post-submission note and for initiating a structured reflection on both the technical and collaborative aspects of our JOCCH revision.",email_991
pa106,pn2,hasAuthor,"Thank you, Ramesh, for your thoughtful post-submission note and for initiating a structured reflection on both the technical and collaborative aspects of our JOCCH revision.",email_991
pa106,pn5,hasAuthor,"Thank you, Ramesh, for your thoughtful post-submission note and for initiating a structured reflection on both the technical and collaborative aspects of our JOCCH revision.",email_991
pa106,pn19,hasAuthor,"Thank you, Ramesh, for your thoughtful post-submission note and for initiating a structured reflection on both the technical and collaborative aspects of our JOCCH revision.",email_991
pa451,pn1,hasAuthor,Sunita’s editorial revisions and color-coding adjustments have been finalized and cross-verified.,email_855
pa451,pn2,hasAuthor,Thank you again for your exemplary responsiveness over the past week;,email_855
pa451,pn19,hasAuthor,Thank you again for your exemplary responsiveness over the past week;,email_855
pa451,pn5,hasAuthor,I have now submitted our complete camera-ready package via the ACL2024 submission system.,email_855
pa47,pn2,hasAuthor,"Dear Prof. Ramesh Bhatia and co-authors,",email_99
pa47,pn1,hasAuthor,"Dear Prof. Ramesh Bhatia and co-authors,",email_99
pa47,pn5,hasAuthor,"Dear Prof. Ramesh Bhatia and co-authors,",email_99
pa47,pn19,hasAuthor,"Dear Prof. Ramesh Bhatia and co-authors,",email_99
pa106,pn1,hasAuthor,"Thank you, Sunita, for the clear summary and thoughtful task allocation plan regarding our upcoming JOCCH revision.",email_208
pa106,pn2,hasAuthor,"Thank you, Sunita, for the clear summary and thoughtful task allocation plan regarding our upcoming JOCCH revision.",email_208
pa106,pn19,hasAuthor,"Thank you, Sunita, for the clear summary and thoughtful task allocation plan regarding our upcoming JOCCH revision.",email_208
pa106,pn5,hasAuthor,"Thank you, Sunita, for the clear summary and thoughtful task allocation plan regarding our upcoming JOCCH revision.",email_208
pa73,pn2,hasAuthor,"Thank you, Michael, for promptly preparing and circulating the draft revision memo.",email_148
pa73,pn1,hasAuthor,"Sunita and Ananya, please let us know who will coordinate the upload to the conference portal",email_148
pa73,pn5,hasAuthor,"Sunita and Ananya, please let us know who will coordinate the upload to the conference portal",email_148
pa363,pn19,hasAuthor,"Dear Dr. Bradley, Ms. Sen, Prof. Bhatia, and Dr. Chatterjee,",email_676
pa363,pn1,hasAuthor,"Dear Dr. Bradley, Ms. Sen, Prof. Bhatia, and Dr. Chatterjee,",email_676
pa363,pn2,hasAuthor,"Dear Dr. Bradley, Ms. Sen, Prof. Bhatia, and Dr. Chatterjee,",email_676
pa363,pn5,hasAuthor,"Dear Dr. Bradley, Ms. Sen, Prof. Bhatia, and Dr. Chatterjee,",email_676
pa16,pn5,hasAuthor,"Ananya, thank you for incorporating all of the team’s detailed feedback in such a timely manner",email_46
pa16,pn1,hasAuthor,"Thank you, Sunita, for flagging that last round of edits",email_46
pa16,pn2,hasAuthor,"Dear Ananya, Sunita, and Prof. Bhatia,",email_46
pa222,pn1,hasAuthor,"Thank you, Sunita and Ananya, for your exemplary efforts in drafting and uploading both the general audience and research-focused outreach summaries.",email_435
pa222,pn9,hasAuthor,"Thank you, Sunita and Ananya, for your exemplary efforts in drafting and uploading both the general audience and research-focused outreach summaries.",email_435
pa223,pn1,hasAuthor,"Thank you, Sunita and Ananya, for your exemplary efforts in drafting and uploading both the general audience and research-focused outreach summaries.",email_435
pa223,pn9,hasAuthor,"Thank you, Sunita and Ananya, for your exemplary efforts in drafting and uploading both the general audience and research-focused outreach summaries.",email_435
pa261,pn5,hasAuthor,"Thank you, Ananya, for sharing the draft quotes and for providing us all with a clear pathway to contribute to the upcoming JCDL 2022 program newsletter.",email_507
pa261,pn1,hasAuthor,"Sunita, I copied you in case the communications office needs any additional background information or quick follow-up.",email_507
pa261,pn19,hasAuthor,"Michael, I will update the media monitoring sheet with the latest local coverage links, as we had a story in The Telegraph (India) that deserves mention.",email_507
pa261,pn2,hasAuthor,"With best regards, Ramesh Bhatia",email_507
pa460,pn1,hasAuthor,"Firstly, heartfelt congratulations to all of us for the successful acceptance and inclusion of our paper in the ACL2024 proceedings",email_868
pa460,pn2,hasAuthor,"Firstly, heartfelt congratulations to all of us for the successful acceptance and inclusion of our paper in the ACL2024 proceedings",email_868
pa460,pn5,hasAuthor,"Firstly, heartfelt congratulations to all of us for the successful acceptance and inclusion of our paper in the ACL2024 proceedings",email_868
pa460,pn19,hasAuthor,"Firstly, heartfelt congratulations to all of us for the successful acceptance and inclusion of our paper in the ACL2024 proceedings",email_868
pa50,pn5,hasAuthor,Thank you for your insightful feedback on the expanded Section 4.2 and for sharing concrete suggestions to further enhance the clarity of our limitations and cross-references within the manuscript.,email_200
pa50,pn19,hasAuthor,Thank you for your insightful feedback on the expanded Section 4.2 and for sharing concrete suggestions to further enhance the clarity of our limitations and cross-references within the manuscript.,email_200
pa50,pn1,hasAuthor,Thank you for your insightful feedback on the expanded Section 4.2 and for sharing concrete suggestions to further enhance the clarity of our limitations and cross-references within the manuscript.,email_200
pa50,pn2,hasAuthor,Thank you for your insightful feedback on the expanded Section 4.2 and for sharing concrete suggestions to further enhance the clarity of our limitations and cross-references within the manuscript.,email_200
pa140,pn5,hasAuthor,"Our cross-institutional research collaboration has resulted in the recent publication of ""HistocrNLP: An Open and Reproducible NLP Pipeline for Historical Corpora""",email_262
pa140,pn1,hasAuthor,"Our cross-institutional research collaboration has resulted in the recent publication of ""HistocrNLP: An Open and Reproducible NLP Pipeline for Historical Corpora""",email_262
pa140,pn19,hasAuthor,"Our cross-institutional research collaboration has resulted in the recent publication of ""HistocrNLP: An Open and Reproducible NLP Pipeline for Historical Corpora""",email_262
pa140,pn2,hasAuthor,"Our cross-institutional research collaboration has resulted in the recent publication of ""HistocrNLP: An Open and Reproducible NLP Pipeline for Historical Corpora""",email_262
pa379,pn1,hasAuthor,Many thanks to Sunita for orchestrating our manuscript preparatory process with such precision,email_720
pa379,pn5,hasAuthor,and to Ananya for sharing detailed suggestions and commitment to key sections,email_720
pa379,pn2,hasAuthor,"Ramesh, once section assignments are firmed up, guidance on manuscript formatting or anticipated word limits would be welcome",email_720
pa379,pn19,hasAuthor,I confirm my willingness to take the lead on the “Error Analysis” and “Overall Evaluative Methodology” subsections,email_720
pa65,pn5,hasAuthor,Thank you for circulating the finalized PDF version of the master slide deck and for your meticulous integration of all our inputs.,email_134
pa65,pn19,hasAuthor,"Michael’s and Sunita’s contributions are both rigorously presented, and your editorial oversight has ensured a cohesive package.",email_134
pa65,pn1,hasAuthor,"Michael’s and Sunita’s contributions are both rigorously presented, and your editorial oversight has ensured a cohesive package.",email_134
pa183,pn1,hasAuthor,"Thank you, Sunita, for incorporating the final round of suggestions so expertly and for sharing the revised slide deck ahead of the final submission deadline.",email_364
pa183,pn19,hasAuthor,Michael’s and Ananya’s targeted reviews have ensured our content is both accessible and rigorous,email_364
pa183,pn5,hasAuthor,Michael’s and Ananya’s targeted reviews have ensured our content is both accessible and rigorous,email_364
pa458,pn1,hasAuthor,"Dear Ananya, Sunita, and Michael, I am delighted to confirm that our ACL2024 camera-ready manuscript",email_865
pa458,pn2,hasAuthor,"Dear Ananya, Sunita, and Michael, I am delighted to confirm that our ACL2024 camera-ready manuscript",email_865
pa458,pn5,hasAuthor,"Dear Ananya, Sunita, and Michael, I am delighted to confirm that our ACL2024 camera-ready manuscript",email_865
pa458,pn19,hasAuthor,"Dear Ananya, Sunita, and Michael, I am delighted to confirm that our ACL2024 camera-ready manuscript",email_865
pa66,pn5,hasAuthor,"Dear Ramesh, Sunita, and Michael, ... I am pleased to inform you that the JCDL 2020 tutorial proposal has now been officially submitted via the conference portal.",email_136
pa66,pn2,hasAuthor,"Dear Ramesh, Sunita, and Michael, ... I am pleased to inform you that the JCDL 2020 tutorial proposal has now been officially submitted via the conference portal.",email_136
pa66,pn1,hasAuthor,"Dear Ramesh, Sunita, and Michael, ... I am pleased to inform you that the JCDL 2020 tutorial proposal has now been officially submitted via the conference portal.",email_136
pa66,pn19,hasAuthor,"Dear Ramesh, Sunita, and Michael, ... I am pleased to inform you that the JCDL 2020 tutorial proposal has now been officially submitted via the conference portal.",email_136
pa244,pn1,hasAuthor,"I have designated each of you as co-authors and corresponding contacts, as per our agreed author order.",email_475
pa244,pn5,hasAuthor,"I have designated each of you as co-authors and corresponding contacts, as per our agreed author order.",email_475
pa244,pn2,hasAuthor,"I have designated each of you as co-authors and corresponding contacts, as per our agreed author order.",email_475
pa244,pn19,hasAuthor,"I have designated each of you as co-authors and corresponding contacts, as per our agreed author order.",email_475
pa360,pn1,hasAuthor,"Attendees: Sunita Sen, Prof. Ramesh Bhatia, Dr. Ananya Chatterjee, Dr. Michael Bradley",email_673
pa360,pn2,hasAuthor,"Attendees: Sunita Sen, Prof. Ramesh Bhatia, Dr. Ananya Chatterjee, Dr. Michael Bradley",email_673
pa360,pn10,hasAuthor,"Attendees: Sunita Sen, Prof. Ramesh Bhatia, Dr. Ananya Chatterjee, Dr. Michael Bradley",email_673
pa360,pn19,hasAuthor,"Attendees: Sunita Sen, Prof. Ramesh Bhatia, Dr. Ananya Chatterjee, Dr. Michael Bradley",email_673
pa281,pn1,hasAuthor,"I am happy to share the first draft of our pre-recorded spotlight presentation, prepared in line with the JCDL 2022 technical guidelines and the committee’s recent recommendations.",email_542
pa281,pn2,hasAuthor,"I am happy to share the first draft of our pre-recorded spotlight presentation, prepared in line with the JCDL 2022 technical guidelines and the committee’s recent recommendations.",email_542
pa281,pn19,hasAuthor,"I am happy to share the first draft of our pre-recorded spotlight presentation, prepared in line with the JCDL 2022 technical guidelines and the committee’s recent recommendations.",email_542
pa281,pn5,hasAuthor,"I am happy to share the first draft of our pre-recorded spotlight presentation, prepared in line with the JCDL 2022 technical guidelines and the committee’s recent recommendations.",email_542
pa48,pn1,hasAuthor,Thank you all for your sustained collaboration as we progress to the final rounds of our JOCCH submission.,email_101
pa48,pn5,hasAuthor,Thank you all for your sustained collaboration as we progress to the final rounds of our JOCCH submission.,email_101
pa48,pn19,hasAuthor,Thank you all for your sustained collaboration as we progress to the final rounds of our JOCCH submission.,email_101
pa248,pn5,hasAuthor,"Thank you, Ananya, for sharing the draft annotation regarding stakeholder engagement with non-English-speaking press offices.",email_480
pa248,pn1,hasAuthor,"Thank you, Ananya, for sharing the draft annotation regarding stakeholder engagement with non-English-speaking press offices.",email_480
pa248,pn19,hasAuthor,"Thank you, Ananya, for sharing the draft annotation regarding stakeholder engagement with non-English-speaking press offices.",email_480
pa456,pn1,hasAuthor,Sunita Sen,email_861
pa456,pn2,hasAuthor,Prof. Ramesh Bhatia,email_861
pa456,pn5,hasAuthor,Dr. Ananya Chatterjee,email_861
pa456,pn19,hasAuthor,Dr. Michael Bradley,email_861
pa201,pn19,hasAuthor,I’m truly proud to have collaborated with such a dedicated team,email_400
pa201,pn2,hasAuthor,I’m truly proud to have collaborated with such a dedicated team,email_400
pa201,pn1,hasAuthor,I’m truly proud to have collaborated with such a dedicated team,email_400
pa201,pn5,hasAuthor,I’m truly proud to have collaborated with such a dedicated team,email_400
pa110,pn1,hasAuthor,I am pleased to confirm that my draft for the revised ethical data sourcing and anonymization sections is now complete and available for your review in the shared Drive (“Compliance_Anonymization_v1_Feb2021.docx”),email_214
pa110,pn5,hasAuthor,I am pleased to confirm that my draft for the revised ethical data sourcing and anonymization sections is now complete and available for your review in the shared Drive (“Compliance_Anonymization_v1_Feb2021.docx”),email_214
pa110,pn19,hasAuthor,I am pleased to confirm that my draft for the revised ethical data sourcing and anonymization sections is now complete and available for your review in the shared Drive (“Compliance_Anonymization_v1_Feb2021.docx”),email_214
pa110,pn2,hasAuthor,I am pleased to confirm that my draft for the revised ethical data sourcing and anonymization sections is now complete and available for your review in the shared Drive (“Compliance_Anonymization_v1_Feb2021.docx”),email_214
pa172,pn1,hasAuthor,"Sunita Sen will serve as the presenting author for our accepted paper, ""Provenance-Aware NLP for Historical Texts: Annotation, Compliance, and Synthetic Instance Protocols""",email_342
pa172,pn2,hasAuthor,"On behalf of our team, I would like to confirm that Sunita Sen will serve as the presenting author for our accepted paper",email_342
pa288,pn19,hasAuthor,"Michael, I appreciate your willingness to lead on the draft;",email_555
pa289,pn1,hasAuthor,I've started assembling the tabulated results and qualitative notes from our OCR and alignment evaluation experiments.,email_555
pa138,pn1,hasAuthor,"I am pleased to share that I have prepared an initial draft of the lay summary for the article, highlighting the reproducible NLP pipeline and its cross-domain utility for historical corpora.",email_258
pa138,pn19,hasAuthor,"Michael, please feel free to add Stanford’s open science narrative.",email_258
pa138,pn2,hasAuthor,"Ramesh, your perspective on the impact for South Asian historical language resources would be valuable",email_258
pa322,pn1,hasAuthor,"Sunita Sen, Dr. Michael Bradley, Dr. Ananya Chatterjee, Prof. Ramesh Bhatia",email_621
pa322,pn2,hasAuthor,"Sunita Sen, Dr. Michael Bradley, Dr. Ananya Chatterjee, Prof. Ramesh Bhatia",email_621
pa322,pn19,hasAuthor,"Sunita Sen, Dr. Michael Bradley, Dr. Ananya Chatterjee, Prof. Ramesh Bhatia",email_621
pa322,pn5,hasAuthor,"Sunita Sen, Dr. Michael Bradley, Dr. Ananya Chatterjee, Prof. Ramesh Bhatia",email_621
pa441,pn1,hasAuthor,"Dear Sunita Sen and co-authors, ... entitled, ""Generalizing Protocol Harmonization in Under-Resourced Historical NLP: Methods, Legal Interoperability, and Error Analysis""",email_836
pa36,pn1,hasAuthor,"Thank you, Prof. Bhatia, for your swift update regarding the clearance from the IACS Legal and Ethics Committee and for providing the required drafts for both the README and the compliance statements in the supplementary corpus directory.",email_424
pa36,pn2,hasAuthor,"Thank you, Prof. Bhatia, for your swift update regarding the clearance from the IACS Legal and Ethics Committee and for providing the required drafts for both the README and the compliance statements in the supplementary corpus directory.",email_424
pa36,pn19,hasAuthor,"Following Michael’s and Ananya’s suggestions, I dedicated this morning to an exhaustive check of:",email_424
pa36,pn5,hasAuthor,"Following Michael’s and Ananya’s suggestions, I dedicated this morning to an exhaustive check of:",email_424
pa32,pn1,hasAuthor,"I am writing to confirm that I have completed the systematic review of all supplementary file references in the main manuscript, with a primary focus on Sections 4.2 and Appendix B as discussed.",email_113
pa32,pn5,hasAuthor,"I am writing to confirm that I have completed the systematic review of all supplementary file references in the main manuscript, with a primary focus on Sections 4.2 and Appendix B as discussed.",email_113
pa32,pn19,hasAuthor,"I am writing to confirm that I have completed the systematic review of all supplementary file references in the main manuscript, with a primary focus on Sections 4.2 and Appendix B as discussed.",email_113
pa32,pn2,hasAuthor,"I am writing to confirm that I have completed the systematic review of all supplementary file references in the main manuscript, with a primary focus on Sections 4.2 and Appendix B as discussed.",email_113
pa74,pn1,hasAuthor,I am pleased to report that I am available this week and would be happy to coordinate the final compilation and upload of our JCDL 2020 camera-ready submission package to the conference portal.,email_149
pa74,pn5,hasAuthor,"Ananya, if you have any last updates to the slide deck or supporting files, kindly upload them today so I can ensure everything is synchronized.",email_149
pa74,pn19,hasAuthor,"Thank you for the rapid reviews and approvals of the revision memo—Michael, your summary was exceptionally well structured.",email_149
pa74,pn2,hasAuthor,"Thank you for the rapid reviews and approvals of the revision memo—Michael, your summary was exceptionally well structured.",email_149
pa478,pn1,hasAuthor,Thank you all for your consistent progress and attention to detail on each of the requested JOCCH revisions.,email_902
pa478,pn2,hasAuthor,Thank you all for your consistent progress and attention to detail on each of the requested JOCCH revisions.,email_902
pa478,pn19,hasAuthor,Thank you all for your consistent progress and attention to detail on each of the requested JOCCH revisions.,email_902
pa26,pn1,hasAuthor,"Sunita Sen, Michael Bradley, Ananya Chatterjee, and Ramesh Bhatia are working on the paper.",email_829
pa26,pn19,hasAuthor,"Sunita Sen, Michael Bradley, Ananya Chatterjee, and Ramesh Bhatia are working on the paper.",email_829
pa26,pn5,hasAuthor,"Sunita Sen, Michael Bradley, Ananya Chatterjee, and Ramesh Bhatia are working on the paper.",email_829
pa26,pn2,hasAuthor,"Sunita Sen, Michael Bradley, Ananya Chatterjee, and Ramesh Bhatia are working on the paper.",email_829
pa215,pn19,hasAuthor,"I am on track to circulate the integrated manuscript—comprising the final main text, all figures/tables, and the harmonized supplement—by 16:00 BST (20:30 IST, 08:00 PDT) today.",email_422
pa215,pn16,hasAuthor,"Thank you, Ananya, for the prompt acknowledgment and for beginning the caption integration process.",email_422
pa215,pn1,hasAuthor,"Sunita and Ananya, if you could complete your section-specific checks and a collective sweep of the appendices by midday 26 August, it will leave us a buffer for typographical and minor formatting adjustments before final submission prep.",email_422
pa215,pn2,hasAuthor,"Prof. Bhatia, as soon as any update is available from IACS legal/ethics, please relay it—even a minor caveat—so we can quickly align our protocol and repository statements as needed.",email_422
pa69,pn1,hasAuthor,Thank you all for your active participation in yesterday’s rehearsal for our JCDL 2020 tutorial.,email_156
pa69,pn9,hasAuthor,Thank you all for your active participation in yesterday’s rehearsal for our JCDL 2020 tutorial.,email_156
pa69,pn2,hasAuthor,Thank you all for your active participation in yesterday’s rehearsal for our JCDL 2020 tutorial.,email_156
pa69,pn19,hasAuthor,Thank you all for your active participation in yesterday’s rehearsal for our JCDL 2020 tutorial.,email_156
pa185,pn1,hasAuthor,I hope this finds you well and as delighted as I am by the acceptance of our oral presentation at ACL 2021.,email_367
pa185,pn2,hasAuthor,I hope this finds you well and as delighted as I am by the acceptance of our oral presentation at ACL 2021.,email_367
pa185,pn14,hasAuthor,I hope this finds you well and as delighted as I am by the acceptance of our oral presentation at ACL 2021.,email_367
pa185,pn19,hasAuthor,I hope this finds you well and as delighted as I am by the acceptance of our oral presentation at ACL 2021.,email_367
pa185,pn5,hasAuthor,I hope this finds you well and as delighted as I am by the acceptance of our oral presentation at ACL 2021.,email_367
pa62,pn1,hasAuthor,I have now uploaded two anonymized sample mappings with corresponding captions to the shared drive under the folder “JCDL2020_Tutorial_Proposal”,email_131
pa62,pn9,hasAuthor,Thank you for coordinating the slide deck integration and clearly outlining the requirements for the JCDL tutorial submission.,email_131
pa62,pn5,hasAuthor,Thank you for coordinating the slide deck integration and clearly outlining the requirements for the JCDL tutorial submission.,email_131
pa62,pn2,hasAuthor,"Ramesh, your edits and narrative transitions have provided much-needed polish",email_131
pa62,pn19,hasAuthor,"Michael, I saw your FAIR pipeline summary visual in the shared drive and think it will complement these case studies well.",email_131
pa48,pn1,hasAuthor,"Sunita Sen, Michael Bradley, Ananya Chatterjee, and Ramesh Bhatia are working on the JOCCH submission.",email_601
pa48,pn19,hasAuthor,"Sunita Sen, Michael Bradley, Ananya Chatterjee, and Ramesh Bhatia are working on the JOCCH submission.",email_601
pa48,pn5,hasAuthor,"Sunita Sen, Michael Bradley, Ananya Chatterjee, and Ramesh Bhatia are working on the JOCCH submission.",email_601
pa48,pn2,hasAuthor,"Sunita Sen, Michael Bradley, Ananya Chatterjee, and Ramesh Bhatia are working on the JOCCH submission.",email_601
pa394,pn1,hasAuthor,"Sunita’s well-organized draft, Ananya’s insightful commentary, and Michael’s progress on the visual workflow mean we are in an excellent place to finalize our internal documentation standards.",email_764
pa394,pn5,hasAuthor,"Sunita’s well-organized draft, Ananya’s insightful commentary, and Michael’s progress on the visual workflow mean we are in an excellent place to finalize our internal documentation standards.",email_764
pa394,pn19,hasAuthor,"Sunita’s well-organized draft, Ananya’s insightful commentary, and Michael’s progress on the visual workflow mean we are in an excellent place to finalize our internal documentation standards.",email_764
pa319,pn5,hasAuthor,"our manuscript, entitled “Language Variation and Accessibility: NLP Methods for Historical Question Answering with Cross-Dialectal Data,” has now been successfully submitted",email_611
pa319,pn2,hasAuthor,"our manuscript, entitled “Language Variation and Accessibility: NLP Methods for Historical Question Answering with Cross-Dialectal Data,” has now been successfully submitted",email_611
pa319,pn1,hasAuthor,"our manuscript, entitled “Language Variation and Accessibility: NLP Methods for Historical Question Answering with Cross-Dialectal Data,” has now been successfully submitted",email_611
pa319,pn19,hasAuthor,"our manuscript, entitled “Language Variation and Accessibility: NLP Methods for Historical Question Answering with Cross-Dialectal Data,” has now been successfully submitted",email_611
pa375,pn1,hasAuthor,"Sunita and Ananya, thank you for your nuanced suggestions regarding the transitions within the conclusion, and Michael, your emphasis on both practical outcomes and future directions has enriched the script.",email_709
pa375,pn5,hasAuthor,"Sunita and Ananya, thank you for your nuanced suggestions regarding the transitions within the conclusion, and Michael, your emphasis on both practical outcomes and future directions has enriched the script.",email_709
pa375,pn19,hasAuthor,"Sunita and Ananya, thank you for your nuanced suggestions regarding the transitions within the conclusion, and Michael, your emphasis on both practical outcomes and future directions has enriched the script.",email_709
pa211,pn1,hasAuthor,"Thank you, Ananya and Sunita, for confirming your upcoming case study contributions and for your ongoing efforts to coordinate the comparative and cross-lingual protocol mappings.",email_413
pa211,pn16,hasAuthor,"Thank you, Ananya and Sunita, for confirming your upcoming case study contributions and for your ongoing efforts to coordinate the comparative and cross-lingual protocol mappings.",email_413
pa211,pn5,hasAuthor,"Thank you, Ananya and Sunita, for confirming your upcoming case study contributions and for your ongoing efforts to coordinate the comparative and cross-lingual protocol mappings.",email_413
pa211,pn2,hasAuthor,"Thank you, Ananya and Sunita, for confirming your upcoming case study contributions and for your ongoing efforts to coordinate the comparative and cross-lingual protocol mappings.",email_413
pa211,pn19,hasAuthor,"Thank you, Ananya and Sunita, for confirming your upcoming case study contributions and for your ongoing efforts to coordinate the comparative and cross-lingual protocol mappings.",email_413
pa191,pn1,hasAuthor,"Dear Sunita, Michael, and Ananya, / I am pleased to report that I have completed a final and thorough review of our consolidated camera-ready package for ACL.",email_377
pa191,pn2,hasAuthor,"Dear Sunita, Michael, and Ananya, / I am pleased to report that I have completed a final and thorough review of our consolidated camera-ready package for ACL.",email_377
pa191,pn19,hasAuthor,"Dear Sunita, Michael, and Ananya, / I am pleased to report that I have completed a final and thorough review of our consolidated camera-ready package for ACL.",email_377
pa191,pn5,hasAuthor,"Dear Sunita, Michael, and Ananya, / I am pleased to report that I have completed a final and thorough review of our consolidated camera-ready package for ACL.",email_377
pa193,pn1,hasAuthor,"Dear Sunita Sen and Co-authors, ... your paper submitted to ACL 2022: NLP Methods for Historical Data: Provenance and Bias Mitigation",email_379
pa193,pn13,hasAuthor,"Dear Sunita Sen and Co-authors, ... your paper submitted to ACL 2022: NLP Methods for Historical Data: Provenance and Bias Mitigation",email_379
pa105,pn19,hasAuthor,"Dear Dr. Bradley, Prof. Bhatia, Ms. Sen, and Dr. Chatterjee, This email acknowledges receipt of your manuscript entitled “Cross-Lingual Transfer and Error Analysis in Privacy-Preserved Historical Data: Methodological and Compliance Supplement with Code Anchors,”",email_205
pa105,pn2,hasAuthor,"Dear Dr. Bradley, Prof. Bhatia, Ms. Sen, and Dr. Chatterjee, This email acknowledges receipt of your manuscript entitled “Cross-Lingual Transfer and Error Analysis in Privacy-Preserved Historical Data: Methodological and Compliance Supplement with Code Anchors,”",email_205
pa105,pn1,hasAuthor,"Dear Dr. Bradley, Prof. Bhatia, Ms. Sen, and Dr. Chatterjee, This email acknowledges receipt of your manuscript entitled “Cross-Lingual Transfer and Error Analysis in Privacy-Preserved Historical Data: Methodological and Compliance Supplement with Code Anchors,”",email_205
pa105,pn5,hasAuthor,"Dear Dr. Bradley, Prof. Bhatia, Ms. Sen, and Dr. Chatterjee, This email acknowledges receipt of your manuscript entitled “Cross-Lingual Transfer and Error Analysis in Privacy-Preserved Historical Data: Methodological and Compliance Supplement with Code Anchors,”",email_205
pa194,pn1,hasAuthor,"Thank you, Sunita, for your meticulous coordination and the clear action plan as we transition to the presentation phase.",email_382
pa194,pn2,hasAuthor,"Thank you, Sunita, for your meticulous coordination and the clear action plan as we transition to the presentation phase.",email_382
pa194,pn5,hasAuthor,"Thank you, Sunita, for your meticulous coordination and the clear action plan as we transition to the presentation phase.",email_382
pa367,pn1,hasAuthor,I am pleased with the structure we have established and feel confident about our progress towards a cohesive and impactful presentation for JCDL 2023.,email_690
pa367,pn2,hasAuthor,I am pleased with the structure we have established and feel confident about our progress towards a cohesive and impactful presentation for JCDL 2023.,email_690
pa367,pn19,hasAuthor,I am pleased with the structure we have established and feel confident about our progress towards a cohesive and impactful presentation for JCDL 2023.,email_690
pa367,pn10,hasAuthor,I am pleased with the structure we have established and feel confident about our progress towards a cohesive and impactful presentation for JCDL 2023.,email_690
pa35,pn1,hasAuthor,"Dear Prof. Bhatia, Michael, and Ananya, / Our revised manuscript package for the ACM Journal on Computing and Cultural Heritage (JOCCH)",email_83
pa35,pn2,hasAuthor,"Dear Prof. Bhatia, Michael, and Ananya, / Our revised manuscript package for the ACM Journal on Computing and Cultural Heritage (JOCCH)",email_83
pa35,pn14,hasAuthor,"Dear Prof. Bhatia, Michael, and Ananya, / Our revised manuscript package for the ACM Journal on Computing and Cultural Heritage (JOCCH)",email_83
pa35,pn5,hasAuthor,"Dear Prof. Bhatia, Michael, and Ananya, / Our revised manuscript package for the ACM Journal on Computing and Cultural Heritage (JOCCH)",email_83
pa286,pn19,hasAuthor,Now that JCDL 2022 has officially acknowledged receipt of our submission (SUB-JCDL-2022-1189),email_550
pa286,pn1,hasAuthor,Now that JCDL 2022 has officially acknowledged receipt of our submission (SUB-JCDL-2022-1189),email_550
pa286,pn5,hasAuthor,Now that JCDL 2022 has officially acknowledged receipt of our submission (SUB-JCDL-2022-1189),email_550
pa286,pn2,hasAuthor,Now that JCDL 2022 has officially acknowledged receipt of our submission (SUB-JCDL-2022-1189),email_550
pa245,pn1,hasAuthor,your submission to JCDL 2022 entitled “Cross-Institutional Protocols for Metadata and Embargo: An Integrated FAQ Annex”,email_477
pa245,pn5,hasAuthor,your submission to JCDL 2022 entitled “Cross-Institutional Protocols for Metadata and Embargo: An Integrated FAQ Annex”,email_477
pa245,pn2,hasAuthor,your submission to JCDL 2022 entitled “Cross-Institutional Protocols for Metadata and Embargo: An Integrated FAQ Annex”,email_477
pa118,pn1,hasAuthor,Thank you all for your diligence throughout the initial revision and submission process.,email_222
pa118,pn2,hasAuthor,Thank you all for your diligence throughout the initial revision and submission process.,email_222
pa118,pn19,hasAuthor,Thank you all for your diligence throughout the initial revision and submission process.,email_222
pa118,pn5,hasAuthor,Thank you all for your diligence throughout the initial revision and submission process.,email_222
pa305,pn5,hasAuthor,Looking forward to seeing everyone’s contributions come together over the next two weeks!,email_599
pa305,pn1,hasAuthor,Looking forward to seeing everyone’s contributions come together over the next two weeks!,email_599
pa305,pn2,hasAuthor,Looking forward to seeing everyone’s contributions come together over the next two weeks!,email_599
pa305,pn14,hasAuthor,Looking forward to seeing everyone’s contributions come together over the next two weeks!,email_599
pa405,pn19,hasAuthor,"Thank you, Ramesh, for your update and for starting the critical task of integrating all of our materials into the master draft.",email_790
pa405,pn2,hasAuthor,"Thank you, Ramesh, for your update and for starting the critical task of integrating all of our materials into the master draft.",email_790
pa405,pn1,hasAuthor,"Thank you, Ramesh, for your update and for starting the critical task of integrating all of our materials into the master draft.",email_790
pa405,pn5,hasAuthor,"Thank you, Ramesh, for your update and for starting the critical task of integrating all of our materials into the master draft.",email_790
pa342,pn1,hasAuthor,Thank you all for your thoughtful revisions and suggestions on the JCDL abstract draft.,email_641
pa342,pn2,hasAuthor,Thank you all for your thoughtful revisions and suggestions on the JCDL abstract draft.,email_641
pa342,pn19,hasAuthor,Thank you all for your thoughtful revisions and suggestions on the JCDL abstract draft.,email_641
pa342,pn5,hasAuthor,Thank you all for your thoughtful revisions and suggestions on the JCDL abstract draft.,email_641
pa187,pn1,hasAuthor,"Sunita, I appreciate your leadership in shepherding us through the camera-ready phase",email_370
pa187,pn2,hasAuthor,"Prof. Bhatia, thank you for suggesting a concrete meeting slot",email_370
pa187,pn9,hasAuthor,This slot also preserves alignment with Ananya’s schedule,email_370
pa187,pn19,hasAuthor,"Michael, confirming availability for a group call",email_370
pa42,pn5,hasAuthor,I am pleased to share the finalized updates for the “Ethical Considerations” section.,email_93
pa42,pn2,hasAuthor,I am pleased to share the finalized updates for the “Ethical Considerations” section.,email_93
pa42,pn1,hasAuthor,I am pleased to share the finalized updates for the “Ethical Considerations” section.,email_93
pa42,pn19,hasAuthor,I am pleased to share the finalized updates for the “Ethical Considerations” section.,email_93
pa103,pn1,hasAuthor,"Sunita Sen, PhD Scholar, Department of Computer Science, Indian Association for the Cultivation of Science",email_958
pa103,pn2,hasAuthor,"Prof. Ramesh Bhatia, ramesh.bhatia@iacs.res.in",email_958
pa103,pn19,hasAuthor,"Dr. Michael Bradley, michael@cs.stanford.edu",email_958
pa103,pn5,hasAuthor,"Dr. Ananya Chatterjee, ananya.chatterjee@cs.ox.ac.uk",email_958
pa26,pn1,hasAuthor,"Sunita, your synthesis of feedback and reproducibility template are models of clarity and comprehensiveness",email_409
pa26,pn19,hasAuthor,"Michael, your perspective on how best to cite and structure these case studies in alignment with best practices would be especially useful",email_409
pa26,pn5,hasAuthor,"Ananya, the supplementary comments from Dr. Markov offer timely, actionable guidance as we refine both our methods and broader framing",email_409
pa26,pn18,hasAuthor,"Ananya, the supplementary comments from Dr. Markov offer timely, actionable guidance as we refine both our methods and broader framing",email_409
pa134,pn1,hasAuthor,Thank you all for your prompt feedback on the galley proofs. I greatly appreciate Ananya’s meticulous review and the minor corrections she has flagged.,email_248
pa134,pn2,hasAuthor,Thank you all for your prompt feedback on the galley proofs. I greatly appreciate Ananya’s meticulous review and the minor corrections she has flagged.,email_248
pa134,pn19,hasAuthor,Thank you all for your prompt feedback on the galley proofs. I greatly appreciate Ananya’s meticulous review and the minor corrections she has flagged.,email_248
pa134,pn5,hasAuthor,Thank you all for your prompt feedback on the galley proofs. I greatly appreciate Ananya’s meticulous review and the minor corrections she has flagged.,email_248
pa174,pn1,hasAuthor,"Dear Sunita Sen and co-authors, Thank you for your prompt submission of the registration details and the proceedings release form for ACL 2021.",email_345
pa174,pn13,hasAuthor,"Dear Sunita Sen and co-authors, Thank you for your prompt submission of the registration details and the proceedings release form for ACL 2021.",email_345
pa24,pn1,hasAuthor,"Dear Ms. Sen and co-authors, ... manuscript, “A Harmonized NLP Dataset and Documentation Protocol for OCR’d Historical Texts”",email_71
pa24,pn13,hasAuthor,"Dear Ms. Sen and co-authors, ... manuscript, “A Harmonized NLP Dataset and Documentation Protocol for OCR’d Historical Texts”",email_71
pa308,pn1,hasAuthor,"I am happy to confirm my lead for the “Q&A Moderation & Technical Escalation Framework” section, and I will ensure to draw on both Sunita’s accessibility insights",email_594
pa308,pn2,hasAuthor,"I am happy to confirm my lead for the “Q&A Moderation & Technical Escalation Framework” section, and I will ensure to draw on both Sunita’s accessibility insights and Michael’s moderation log analyses",email_594
pa308,pn19,hasAuthor,"I am happy to confirm my lead for the “Q&A Moderation & Technical Escalation Framework” section, and I will ensure to draw on both Sunita’s accessibility insights and Michael’s moderation log analyses",email_594
pa308,pn5,hasAuthor,"I am happy to confirm my lead for the “Q&A Moderation & Technical Escalation Framework” section, and I will ensure to draw on both Sunita’s accessibility insights and Michael’s moderation log analyses",email_594
pa237,pn1,hasAuthor,Thank you all for your recent endorsements and seamless collaboration throughout the development of our unified press query response template and scenario annex.,email_457
pa237,pn5,hasAuthor,Thank you all for your recent endorsements and seamless collaboration throughout the development of our unified press query response template and scenario annex.,email_457
pa237,pn2,hasAuthor,Thank you all for your recent endorsements and seamless collaboration throughout the development of our unified press query response template and scenario annex.,email_457
pa237,pn19,hasAuthor,Thank you all for your recent endorsements and seamless collaboration throughout the development of our unified press query response template and scenario annex.,email_457
pa9,pn1,hasAuthor,I support Sunita’s recommendation to use anonymized participant IDs in all figures and legends,email_38
pa9,pn2,hasAuthor,Thank you for initiating the process for our draft visualizations,email_38
pa9,pn5,hasAuthor,Thank you for initiating the process for our draft visualizations,email_38
pa170,pn5,hasAuthor,Ramesh and I began our checks yesterday.,email_331
pa170,pn2,hasAuthor,Ramesh and I began our checks yesterday.,email_331
pa161,pn1,hasAuthor,"Dear Sunita Sen and Co-authors, ... your submission to the ACL 2021 Resource Track: Deploying Synthetic Preview and Embargo Protocols for Multilingual Historical NLP Resources",email_320
pa161,pn13,hasAuthor,"Dear Sunita Sen and Co-authors, ... your submission to the ACL 2021 Resource Track: Deploying Synthetic Preview and Embargo Protocols for Multilingual Historical NLP Resources",email_320
pa333,pn5,hasAuthor,I have begun drafting entries on the two selected ACL and EMNLP papers focusing on cross-temporal normalization and context reconstruction,email_631
pa334,pn5,hasAuthor,I have begun drafting entries on the two selected ACL and EMNLP papers focusing on cross-temporal normalization and context reconstruction,email_631
pa247,pn5,hasAuthor,"I fully endorse the planned outreach steps and would like to add a few points, especially regarding next venues and community engagement.",email_553
pa247,pn2,hasAuthor,Thank you all for your proactive ideas and commitment to thoughtfully extending the impact of our JCDL submission.,email_553
pa247,pn1,hasAuthor,Thank you all for your proactive ideas and commitment to thoughtfully extending the impact of our JCDL submission.,email_553
pa247,pn19,hasAuthor,Thank you all for your proactive ideas and commitment to thoughtfully extending the impact of our JCDL submission.,email_553
pa325,pn5,hasAuthor,I will select a couple of recent ACL/EMNLP publications addressing cross-temporal normalization and context reconstruction for my contributions.,email_627
pa325,pn1,hasAuthor,"Thank you, Michael, for taking the initiative to coordinate our annotated bibliography efforts",email_627
pa325,pn2,hasAuthor,"Thank you, Michael, for taking the initiative to coordinate our annotated bibliography efforts",email_627
pa459,pn2,hasAuthor,"Dear Prof. Bhatia, Dr. Bradley, Dr. Chatterjee, and Ms. Sen, ... entitled “Mixed-Script NLP Techniques for Historical Corpora in South Asia: Annotation, Evaluation, and Cross-Lingual Analysis.”",email_866
pa459,pn19,hasAuthor,"Dear Prof. Bhatia, Dr. Bradley, Dr. Chatterjee, and Ms. Sen, ... entitled “Mixed-Script NLP Techniques for Historical Corpora in South Asia: Annotation, Evaluation, and Cross-Lingual Analysis.”",email_866
pa459,pn5,hasAuthor,"Dear Prof. Bhatia, Dr. Bradley, Dr. Chatterjee, and Ms. Sen, ... entitled “Mixed-Script NLP Techniques for Historical Corpora in South Asia: Annotation, Evaluation, and Cross-Lingual Analysis.”",email_866
pa459,pn22,hasAuthor,"Dear Prof. Bhatia, Dr. Bradley, Dr. Chatterjee, and Ms. Sen, ... entitled “Mixed-Script NLP Techniques for Historical Corpora in South Asia: Annotation, Evaluation, and Cross-Lingual Analysis.”",email_866
pa275,pn1,hasAuthor,"Thank you, Sunita, for the swift turnaround on the streamlined regional engagement charts.",email_528
pa275,pn2,hasAuthor,"Ramesh and Ananya, please confirm once your communications teams have finalized the press release synchronization.",email_528
pa275,pn5,hasAuthor,"Ramesh and Ananya, please confirm once your communications teams have finalized the press release synchronization.",email_528
pa36,pn19,hasAuthor,All updates from Sunita’s detailed reference review and Ananya’s accessibility audit have been successfully merged in the Overleaf “CameraReady_MASTER” project.,email_115
pa36,pn2,hasAuthor,All updates from Sunita’s detailed reference review and Ananya’s accessibility audit have been successfully merged in the Overleaf “CameraReady_MASTER” project.,email_115
pa36,pn5,hasAuthor,All updates from Sunita’s detailed reference review and Ananya’s accessibility audit have been successfully merged in the Overleaf “CameraReady_MASTER” project.,email_115
pa36,pn1,hasAuthor,All updates from Sunita’s detailed reference review and Ananya’s accessibility audit have been successfully merged in the Overleaf “CameraReady_MASTER” project.,email_115
pa210,pn1,hasAuthor,"Thank you for the constructive input and detailed suggestions in your latest emails. I am encouraged by our progress, especially regarding the focused integration of meta-level reflection on annotation protocol and transparency.",email_410
pa210,pn2,hasAuthor,"Thank you for the constructive input and detailed suggestions in your latest emails. I am encouraged by our progress, especially regarding the focused integration of meta-level reflection on annotation protocol and transparency.",email_410
pa210,pn5,hasAuthor,"Thank you for the constructive input and detailed suggestions in your latest emails. I am encouraged by our progress, especially regarding the focused integration of meta-level reflection on annotation protocol and transparency.",email_410
pa210,pn19,hasAuthor,"Thank you for the constructive input and detailed suggestions in your latest emails. I am encouraged by our progress, especially regarding the focused integration of meta-level reflection on annotation protocol and transparency.",email_410
pa488,pn1,hasAuthor,"Dear Ananya, Michael, and Sunita, As we approach the start of our seminar, “Practical Compliance and Data Release Workflows for NLP on Historical Collections”",email_918
pa488,pn2,hasAuthor,"Dear Ananya, Michael, and Sunita, As we approach the start of our seminar, “Practical Compliance and Data Release Workflows for NLP on Historical Collections”",email_918
pa488,pn19,hasAuthor,"Dear Ananya, Michael, and Sunita, As we approach the start of our seminar, “Practical Compliance and Data Release Workflows for NLP on Historical Collections”",email_918
pa488,pn5,hasAuthor,"Dear Ananya, Michael, and Sunita, As we approach the start of our seminar, “Practical Compliance and Data Release Workflows for NLP on Historical Collections”",email_918
pa172,pn1,hasAuthor,"Dear Sunita Sen and co-authors, Thank you for submitting the revised abstract for your paper, ""Provenance-Aware NLP for Historical Texts: Annotation, Compliance, and Synthetic Instance Protocols""",email_350
pa172,pn13,hasAuthor,"Dear Sunita Sen and co-authors, Thank you for submitting the revised abstract for your paper, ""Provenance-Aware NLP for Historical Texts: Annotation, Compliance, and Synthetic Instance Protocols""",email_350
pa374,pn2,hasAuthor,"Ramesh, your “Presenter Instructions” checklist is comprehensive and well-adapted to JCDL’s latest guidelines",email_706
pa326,pn5,hasAuthor,I look forward to your literature contributions on cross-temporal normalization,email_628
pa327,pn5,hasAuthor,and context reconstruction,email_628
pa328,pn19,hasAuthor,"two recent EMNLP papers, specifically those evaluating diachronic corpora alignment",email_628
pa329,pn19,hasAuthor,benchmarking dataset augmentation strategies,email_628
pa218,pn1,hasAuthor,"our manuscript, “Leveraging Multilingual NLP for Historical Data: Case Studies Across South Asian Texts,”",email_426
pa218,pn2,hasAuthor,"our manuscript, “Leveraging Multilingual NLP for Historical Data: Case Studies Across South Asian Texts,”",email_426
pa218,pn9,hasAuthor,"our manuscript, “Leveraging Multilingual NLP for Historical Data: Case Studies Across South Asian Texts,”",email_426
pa218,pn19,hasAuthor,"our manuscript, “Leveraging Multilingual NLP for Historical Data: Case Studies Across South Asian Texts,”",email_426
pa167,pn1,hasAuthor,"Dear Sunita, Ramesh, and Ananya, / Thank you for clarifying the harmonization stage progress and outlining the immediate next steps for the ACL 2021 camera-ready submission.",email_334
pa167,pn2,hasAuthor,"Dear Sunita, Ramesh, and Ananya, / Thank you for clarifying the harmonization stage progress and outlining the immediate next steps for the ACL 2021 camera-ready submission.",email_334
pa167,pn5,hasAuthor,"Dear Sunita, Ramesh, and Ananya, / Thank you for clarifying the harmonization stage progress and outlining the immediate next steps for the ACL 2021 camera-ready submission.",email_334
pa489,pn1,hasAuthor,Thank you all for the exceptionally prompt and substantive feedback on the integrated technical note draft.,email_926
pa489,pn5,hasAuthor,Thank you all for the exceptionally prompt and substantive feedback on the integrated technical note draft.,email_926
pa489,pn19,hasAuthor,Thank you all for the exceptionally prompt and substantive feedback on the integrated technical note draft.,email_926
pa489,pn2,hasAuthor,Thank you all for the exceptionally prompt and substantive feedback on the integrated technical note draft.,email_926
pa25,pn1,hasAuthor,I am happy to confirm my availability to handle the Table 2 formatting adjustments,email_223
pa25,pn5,hasAuthor,"Thank you, Ananya, for your prompt synthesis of the JOCCH reviewer feedback",email_223
pa25,pn19,hasAuthor,"Michael, I see from the Drive logs that you have started annotating some sections in the supplementary Jupyter notebook",email_223
pa25,pn2,hasAuthor,"Ramesh, if you have preliminary content or diagrams for the data retention/destruction protocol section",email_223
pa133,pn1,hasAuthor,"Dear Dr. Sen and co-authors, ... your manuscript, ""HistocrNLP: A Reproducible NLP Pipeline for Historical Texts across Domains""",email_246
pa339,pn5,hasAuthor,"Thank you, Ananya, for sharing the preliminary JCDL abstract outline",email_638
pa339,pn1,hasAuthor,"Thank you, Ananya, for sharing the preliminary JCDL abstract outline",email_638
pa339,pn2,hasAuthor,"Thank you, Ananya, for sharing the preliminary JCDL abstract outline",email_638
pa339,pn19,hasAuthor,"Thank you, Ananya, for sharing the preliminary JCDL abstract outline",email_638
pa368,pn1,hasAuthor,"I've begun transferring my slides on evaluation metrics and error analysis into this format and should have the draft uploaded to our Drive by this evening, US time.",email_692
pa368,pn2,hasAuthor,I appreciate the breadth of questions contributed by both Ananya and Ramesh.,email_692
pa368,pn9,hasAuthor,I appreciate the breadth of questions contributed by both Ananya and Ramesh.,email_692
pa452,pn5,hasAuthor,"Congratulations again on the acceptance of your submission, “Annotation Strategies and Workflow Transparency for 19th-Century Bengali-English Historical Texts” (Submission ID: SUB-ACL-2024-0193)",email_857
pa452,pn1,hasAuthor,"Congratulations again on the acceptance of your submission, “Annotation Strategies and Workflow Transparency for 19th-Century Bengali-English Historical Texts” (Submission ID: SUB-ACL-2024-0193)",email_857
pa452,pn2,hasAuthor,"Congratulations again on the acceptance of your submission, “Annotation Strategies and Workflow Transparency for 19th-Century Bengali-English Historical Texts” (Submission ID: SUB-ACL-2024-0193)",email_857
pa452,pn19,hasAuthor,"Congratulations again on the acceptance of your submission, “Annotation Strategies and Workflow Transparency for 19th-Century Bengali-English Historical Texts” (Submission ID: SUB-ACL-2024-0193)",email_857
pa2,pn2,hasAuthor,I appreciate the enthusiasm surrounding the Temporal Sentiment Analysis project.,email_3
pa2,pn19,hasAuthor,I appreciate the enthusiasm surrounding the Temporal Sentiment Analysis project.,email_3
pa496,pn5,hasAuthor,Looking forward to working with you all on this critical next stage.,email_935
pa496,pn1,hasAuthor,Looking forward to working with you all on this critical next stage.,email_935
pa496,pn19,hasAuthor,Looking forward to working with you all on this critical next stage.,email_935
pa496,pn2,hasAuthor,Looking forward to working with you all on this critical next stage.,email_935
pa107,pn1,hasAuthor,"Thank you, Sunita, for circulating the drafts for both the domain shift analysis and the code anchor schematic.",email_212
pa107,pn2,hasAuthor,"Thank you, Sunita, for circulating the drafts for both the domain shift analysis and the code anchor schematic.",email_212
pa107,pn5,hasAuthor,"Thank you, Sunita, for circulating the drafts for both the domain shift analysis and the code anchor schematic.",email_212
pa455,pn1,hasAuthor,"Sunita, your structured timeline is spot on",email_860
pa455,pn19,hasAuthor,"Michael, I appreciate your immediate efforts on Section 5 and the repository audits",email_860
pa455,pn2,hasAuthor,"Ramesh, if you anticipate any obstacles during the metadata validation phase",email_860
pa455,pn5,hasAuthor,Ananya Chatterjee,email_860
pa137,pn5,hasAuthor,I deeply appreciate the responsiveness and professionalism from each of you throughout this process.,email_754
pa137,pn2,hasAuthor,I deeply appreciate the responsiveness and professionalism from each of you throughout this process.,email_754
pa137,pn1,hasAuthor,I deeply appreciate the responsiveness and professionalism from each of you throughout this process.,email_754
pa137,pn19,hasAuthor,I deeply appreciate the responsiveness and professionalism from each of you throughout this process.,email_754
pa507,pn1,hasAuthor,"As agreed in our last meeting, I am sharing my findings and initial draft of the comparative legal matrix for incorporating non-Western data protection precedents into our JOCCH revision.",email_959
pa507,pn2,hasAuthor,"As agreed in our last meeting, I am sharing my findings and initial draft of the comparative legal matrix for incorporating non-Western data protection precedents into our JOCCH revision.",email_959
pa507,pn5,hasAuthor,"As agreed in our last meeting, I am sharing my findings and initial draft of the comparative legal matrix for incorporating non-Western data protection precedents into our JOCCH revision.",email_959
pa507,pn19,hasAuthor,"As agreed in our last meeting, I am sharing my findings and initial draft of the comparative legal matrix for incorporating non-Western data protection precedents into our JOCCH revision.",email_959
pa136,pn1,hasAuthor,"on behalf of Prof. Ramesh Bhatia, Dr. Michael Bradley, and Dr. Ananya Chatterjee",email_252
pa136,pn2,hasAuthor,"on behalf of Prof. Ramesh Bhatia, Dr. Michael Bradley, and Dr. Ananya Chatterjee",email_252
pa136,pn19,hasAuthor,"on behalf of Prof. Ramesh Bhatia, Dr. Michael Bradley, and Dr. Ananya Chatterjee",email_252
pa136,pn5,hasAuthor,"on behalf of Prof. Ramesh Bhatia, Dr. Michael Bradley, and Dr. Ananya Chatterjee",email_252
pa48,pn19,hasAuthor,"I strongly support the idea of drafting a concise technical note on compliance management for historical NLP resources, especially given the positive feedback we have already received regarding the structured “rolling embargo” model and Zenodo-linked workflows.",email_906
pa48,pn2,hasAuthor,"Thank you, Ramesh, for your thoughtful suggestions on how we might leverage our recent JOCCH submission for greater impact.",email_906
pa48,pn5,hasAuthor,"Thank you, Ramesh, for your thoughtful suggestions on how we might leverage our recent JOCCH submission for greater impact.",email_906
pa48,pn1,hasAuthor,"Thank you, Ramesh, for your thoughtful suggestions on how we might leverage our recent JOCCH submission for greater impact.",email_906
pa517,pn1,hasAuthor,Many thanks to all of you for attending our revision coordination call yesterday and for your active participation in refining both our manuscript and response to the JOCCH reviewers.,email_978
pa517,pn2,hasAuthor,Many thanks to all of you for attending our revision coordination call yesterday and for your active participation in refining both our manuscript and response to the JOCCH reviewers.,email_978
pa517,pn5,hasAuthor,Many thanks to all of you for attending our revision coordination call yesterday and for your active participation in refining both our manuscript and response to the JOCCH reviewers.,email_978
pa517,pn19,hasAuthor,Many thanks to all of you for attending our revision coordination call yesterday and for your active participation in refining both our manuscript and response to the JOCCH reviewers.,email_978
pa469,pn1,hasAuthor,"Thank you, Sunita, for confirming the completion of our meta-annotation addendum and for signaling the closure of the documentation review phase on 5 May.",email_885
pa469,pn2,hasAuthor,"Per Ananya’s recent suggestions and Ramesh’s legal guidance, all sections referencing compliance procedures and legal notices have been cross-checked for consistency.",email_885
pa469,pn9,hasAuthor,"Per Ananya’s recent suggestions and Ramesh’s legal guidance, all sections referencing compliance procedures and legal notices have been cross-checked for consistency.",email_885
pa469,pn19,hasAuthor,"Thank you, Sunita, for confirming the completion of our meta-annotation addendum and for signaling the closure of the documentation review phase on 5 May.",email_885
pa39,pn1,hasAuthor,"Thank you, Sunita and Michael, for circulating your respective draft contributions so swiftly for our JOCCH minor revisions.",email_104
pa39,pn19,hasAuthor,"Thank you, Sunita and Michael, for circulating your respective draft contributions so swiftly for our JOCCH minor revisions.",email_104
pa493,pn1,hasAuthor,"Following up on our meeting minutes and the agreed timeline, I am pleased to circulate the final manuscript draft—with all tracked changes from the post-consolidation meeting review now incorporated, including the harmonized legal lexicon, clarified institutional MOU procedures, and the “lessons learned” appendix as discussed.",email_930
pa493,pn19,hasAuthor,"Following up on our meeting minutes and the agreed timeline, I am pleased to circulate the final manuscript draft—with all tracked changes from the post-consolidation meeting review now incorporated, including the harmonized legal lexicon, clarified institutional MOU procedures, and the “lessons learned” appendix as discussed.",email_930
pa493,pn5,hasAuthor,"Following up on our meeting minutes and the agreed timeline, I am pleased to circulate the final manuscript draft—with all tracked changes from the post-consolidation meeting review now incorporated, including the harmonized legal lexicon, clarified institutional MOU procedures, and the “lessons learned” appendix as discussed.",email_930
pa493,pn2,hasAuthor,"Following up on our meeting minutes and the agreed timeline, I am pleased to circulate the final manuscript draft—with all tracked changes from the post-consolidation meeting review now incorporated, including the harmonized legal lexicon, clarified institutional MOU procedures, and the “lessons learned” appendix as discussed.",email_930
pa64,pn1,hasAuthor,"I am pleased to report that I have now completed the assembly of the master slide deck, incorporating all finalized visuals, transitions, and our concluding discussion emphasizing workflow transferability. This version includes Sunita’s anonymized mapping samples (with schematic overlays)",email_133
pa64,pn2,hasAuthor,"This version includes Sunita’s anonymized mapping samples (with schematic overlays), Michael’s FAIR pipeline summary (including the sensitivity annotation)",email_133
pa64,pn19,hasAuthor,"This version includes Sunita’s anonymized mapping samples (with schematic overlays), Michael’s FAIR pipeline summary (including the sensitivity annotation)",email_133
pa64,pn5,hasAuthor,"This version includes Sunita’s anonymized mapping samples (with schematic overlays), Michael’s FAIR pipeline summary (including the sensitivity annotation)",email_133
pa40,pn1,hasAuthor,Thank you all for attending yesterday’s Google Meet and for your exceptional commitment to finalizing our manuscript for the JOCCH minor revisions.,email_91
pa40,pn2,hasAuthor,Thank you all for attending yesterday’s Google Meet and for your exceptional commitment to finalizing our manuscript for the JOCCH minor revisions.,email_91
pa40,pn19,hasAuthor,Thank you all for attending yesterday’s Google Meet and for your exceptional commitment to finalizing our manuscript for the JOCCH minor revisions.,email_91
pa40,pn5,hasAuthor,Thank you all for attending yesterday’s Google Meet and for your exceptional commitment to finalizing our manuscript for the JOCCH minor revisions.,email_91
pa31,pn1,hasAuthor,Thank you for your thorough and timely updates on the outstanding components of our JOCCH minor revision (SUB-JOCCH-2020-0047),email_229
pa31,pn19,hasAuthor,Thank you for your thorough and timely updates on the outstanding components of our JOCCH minor revision (SUB-JOCCH-2020-0047),email_229
pa31,pn2,hasAuthor,Thank you for your thorough and timely updates on the outstanding components of our JOCCH minor revision (SUB-JOCCH-2020-0047),email_229
pa62,pn5,hasAuthor,I am writing to update you on the slide deck integration process ahead of our master draft assembly for the JCDL tutorial proposal.,email_130
pa62,pn2,hasAuthor,I am writing to update you on the slide deck integration process ahead of our master draft assembly for the JCDL tutorial proposal.,email_130
pa62,pn1,hasAuthor,I am writing to update you on the slide deck integration process ahead of our master draft assembly for the JCDL tutorial proposal.,email_130
pa62,pn19,hasAuthor,I am writing to update you on the slide deck integration process ahead of our master draft assembly for the JCDL tutorial proposal.,email_130
pa383,pn19,hasAuthor,"Michael, I appreciate your rapid action in harmonizing terminology and managing the technical cross-links between the supplementary appendix and the figures",email_729
pa383,pn5,hasAuthor,"Ananya and Sunita, your collaborative approach to schema and literature synthesis, as well as your timely feedback, have set a very high standard for our group.",email_729
pa383,pn1,hasAuthor,"Ananya and Sunita, your collaborative approach to schema and literature synthesis, as well as your timely feedback, have set a very high standard for our group.",email_729
pa383,pn2,hasAuthor,Thank you all for your remarkable efforts in finalizing the main manuscript sections and the comprehensive appendix.,email_729
pa117,pn2,hasAuthor,"Dear Prof. Bhatia and co-authors,",email_221
pa117,pn1,hasAuthor,"Dear Prof. Bhatia and co-authors,",email_221
pa117,pn5,hasAuthor,"Dear Prof. Bhatia and co-authors,",email_221
pa117,pn19,hasAuthor,"Dear Prof. Bhatia and co-authors,",email_221
pa95,pn1,hasAuthor,"I have carefully reviewed the tracked-changes version of the manuscript and made brief notes where cross-references between the methods section and results could be strengthened, particularly regarding the flow between “Transfer Learning in Low-Resource Historical Texts”",email_185
pa95,pn2,hasAuthor,"I have carefully reviewed the tracked-changes version of the manuscript and made brief notes where cross-references between the methods section and results could be strengthened, particularly regarding the flow between “Transfer Learning in Low-Resource Historical Texts”",email_185
pa95,pn19,hasAuthor,"I have carefully reviewed the tracked-changes version of the manuscript and made brief notes where cross-references between the methods section and results could be strengthened, particularly regarding the flow between “Transfer Learning in Low-Resource Historical Texts”",email_185
pa95,pn5,hasAuthor,"I have carefully reviewed the tracked-changes version of the manuscript and made brief notes where cross-references between the methods section and results could be strengthened, particularly regarding the flow between “Transfer Learning in Low-Resource Historical Texts”",email_185
pa377,pn1,hasAuthor,"Thank you all for your constructive inputs during and after our debrief. As discussed, I am circulating a draft outline for our proposed ACM JOCCH manuscript",email_718
pa377,pn19,hasAuthor,"Thank you all for your constructive inputs during and after our debrief. As discussed, I am circulating a draft outline for our proposed ACM JOCCH manuscript",email_718
pa377,pn5,hasAuthor,"Thank you all for your constructive inputs during and after our debrief. As discussed, I am circulating a draft outline for our proposed ACM JOCCH manuscript",email_718
pa377,pn2,hasAuthor,"Thank you all for your constructive inputs during and after our debrief. As discussed, I am circulating a draft outline for our proposed ACM JOCCH manuscript",email_718
pa26,pn1,hasAuthor,Looking forward to the next milestones together.,email_737
pa26,pn5,hasAuthor,Looking forward to the next milestones together.,email_737
pa26,pn2,hasAuthor,Looking forward to the next milestones together.,email_737
pa26,pn19,hasAuthor,Looking forward to the next milestones together.,email_737
pa26,pn24,hasAuthor,I fully endorse your suggestions—Dr. Nguyen’s expertise in archival NLP,email_737
pa26,pn25,hasAuthor,Prof. Narayanan’s recent analysis of multilingual heritage corpora,email_737
pa26,pn26,hasAuthor,Dr. Ricci’s adjudication work also makes her an excellent fit,email_737
pa26,pn1,hasAuthor,"Thank you, Michael, for the exhaustive repository validation and for ensuring the compliance checklist and documentation reflect all latest decisions.",email_864
pa26,pn19,hasAuthor,"Thank you, Michael, for the exhaustive repository validation and for ensuring the compliance checklist and documentation reflect all latest decisions.",email_864
pa26,pn2,hasAuthor,"Thank you, Michael, for the exhaustive repository validation and for ensuring the compliance checklist and documentation reflect all latest decisions.",email_864
pa26,pn9,hasAuthor,I have just reviewed the repository and supplementary README; all code-switch marker insertions follow our agreed-upon standards and the rationale is clearly documented.,email_864
pa139,pn5,hasAuthor,"Thank you, Ananya, for circulating the draft lay summary and for providing a clear timeline for collaborative input.",email_259
pa139,pn19,hasAuthor,I believe your expertise in open science will be particularly valuable for framing our reproducibility efforts and the broader relevance to ongoing digitization projects at Stanford and beyond.,email_259
pa139,pn1,hasAuthor,"Sunita, thank you for agreeing to lead the IACS media coordination.",email_259
pa139,pn2,hasAuthor,I have reviewed the Google Doc and am impressed by how effectively the key elements of our HistocrNLP project are distilled for a general audience.,email_259
pa152,pn5,hasAuthor,I have begun drafting an overview of Oxford and UK digital humanities experiences with staged submissions and dual-publishing strategies.,email_301
pa152,pn19,hasAuthor,"Thank you, Michael, for setting up the Overleaf workspace and for outlining a clear, well-structured initial template.",email_301
pa152,pn1,hasAuthor,"Sunita, I look forward to reading your initial draft of the data/code transparency statement.",email_301
pa152,pn2,hasAuthor,"Ramesh, I appreciate your proactive offer regarding library repository support;",email_301
pa306,pn5,hasAuthor,"Thank you, Ramesh, for your detailed follow-up and thoughtful integration of everyone’s feedback into the refined workshop report outline.",email_591
pa306,pn2,hasAuthor,"Thank you, Ramesh, for your detailed follow-up and thoughtful integration of everyone’s feedback into the refined workshop report outline.",email_591
pa306,pn1,hasAuthor,"Thank you, Ramesh, for your detailed follow-up and thoughtful integration of everyone’s feedback into the refined workshop report outline.",email_591
pa306,pn19,hasAuthor,"Thank you, Ramesh, for your detailed follow-up and thoughtful integration of everyone’s feedback into the refined workshop report outline.",email_591
pa37,pn1,hasAuthor,"Thank you, Ananya, for your thorough confirmation and updated annotations on the manuscript’s compliance sections and supplementary materials.",email_315
pa37,pn5,hasAuthor,"Thank you, Ananya, for your thorough confirmation and updated annotations on the manuscript’s compliance sections and supplementary materials.",email_315
pa37,pn19,hasAuthor,"Thank you, Ananya, for your thorough confirmation and updated annotations on the manuscript’s compliance sections and supplementary materials.",email_315
pa53,pn2,hasAuthor,"Dear Prof. Bhatia, Ms. Sen, Dr. Bradley, and Dr. Chatterjee, ... your revised manuscript “NLP Approaches to Historical Entity Disambiguation: Lessons from Bengali-English Colonial Gazetteers”",email_110
pa53,pn1,hasAuthor,"Dear Prof. Bhatia, Ms. Sen, Dr. Bradley, and Dr. Chatterjee, ... your revised manuscript “NLP Approaches to Historical Entity Disambiguation: Lessons from Bengali-English Colonial Gazetteers”",email_110
pa53,pn19,hasAuthor,"Dear Prof. Bhatia, Ms. Sen, Dr. Bradley, and Dr. Chatterjee, ... your revised manuscript “NLP Approaches to Historical Entity Disambiguation: Lessons from Bengali-English Colonial Gazetteers”",email_110
pa53,pn5,hasAuthor,"Dear Prof. Bhatia, Ms. Sen, Dr. Bradley, and Dr. Chatterjee, ... your revised manuscript “NLP Approaches to Historical Entity Disambiguation: Lessons from Bengali-English Colonial Gazetteers”",email_110
pa414,pn5,hasAuthor,Ananya Chatterjee is involved in the drafting timeline document,email_804
pa414,pn2,hasAuthor,Ramesh Bhatia is involved in the drafting timeline document,email_804
pa414,pn1,hasAuthor,Sunita Sen is involved in the drafting timeline document,email_804
pa414,pn19,hasAuthor,Michael Bradley is involved in the drafting timeline document,email_804
pa193,pn1,hasAuthor,"Dear Sunita Sen and Co-authors, ... your camera-ready submission for ACL 2022 (Submission ID: SUB-ACL-2022-0047, “NLP Methods for Historical Data: Provenance and Bias Mitigation”)",email_380
pa193,pn13,hasAuthor,"Dear Sunita Sen and Co-authors, ... your camera-ready submission for ACL 2022 (Submission ID: SUB-ACL-2022-0047, “NLP Methods for Historical Data: Provenance and Bias Mitigation”)",email_380
pa130,pn1,hasAuthor,"I appreciate the careful attention to citation order, highlighting, and stylistic points in Michael’s last message—I have flagged these for immediate update in the LaTeX master and cover letter draft, and will circulate a final PDF for approval before our document freeze.",email_241
pa130,pn2,hasAuthor,Thank you all for your timely reviews and constructive feedback on the integrated camera-ready materials.,email_241
pa130,pn19,hasAuthor,"I appreciate the careful attention to citation order, highlighting, and stylistic points in Michael’s last message—I have flagged these for immediate update in the LaTeX master and cover letter draft, and will circulate a final PDF for approval before our document freeze.",email_241
pa130,pn5,hasAuthor,Thank you all for your timely reviews and constructive feedback on the integrated camera-ready materials.,email_241
pa15,pn1,hasAuthor,"Thank you, Ananya, for your diligence in implementing the recent rounds of feedback—your attention to both detail and clarity across the visualization captions and manuscript narrative is truly commendable.",email_45
pa15,pn5,hasAuthor,"Thank you, Ananya, for your diligence in implementing the recent rounds of feedback—your attention to both detail and clarity across the visualization captions and manuscript narrative is truly commendable.",email_45
pa15,pn19,hasAuthor,"Michael, I will defer to your expertise for the final narrative review—particularly on transitions and clarity in our methodological exposition.",email_45
pa15,pn2,hasAuthor,"Thank you, Ananya, for your diligence in implementing the recent rounds of feedback—your attention to both detail and clarity across the visualization captions and manuscript narrative is truly commendable.",email_45
pa56,pn1,hasAuthor,"Thank you, Sunita, for getting the ball rolling on our internal retrospective, and to Ananya for initiating this valuable process.",email_120
pa56,pn9,hasAuthor,"Thank you, Sunita, for getting the ball rolling on our internal retrospective, and to Ananya for initiating this valuable process.",email_120
pa56,pn2,hasAuthor,"Thank you, Sunita, for getting the ball rolling on our internal retrospective, and to Ananya for initiating this valuable process.",email_120
pa56,pn19,hasAuthor,I will focus my contribution on outlining the reproducibility framework we developed,email_120
pa307,pn1,hasAuthor,"Thank you, Michael, for promptly setting up the “Workshop2022_Report” Google Doc template",email_593
pa307,pn19,hasAuthor,"Thank you, Michael, for promptly setting up the “Workshop2022_Report” Google Doc template",email_593
pa307,pn5,hasAuthor,"Thank you, Michael, for promptly setting up the “Workshop2022_Report” Google Doc template",email_593
pa307,pn2,hasAuthor,"Thank you, Michael, for promptly setting up the “Workshop2022_Report” Google Doc template",email_593
pa454,pn1,hasAuthor,"Thank you, Sunita, for mapping out such a thorough and actionable plan for our ACL2024 camera-ready preparation.",email_859
pa454,pn5,hasAuthor,"Thank you, Sunita, for mapping out such a thorough and actionable plan for our ACL2024 camera-ready preparation.",email_859
pa454,pn2,hasAuthor,"Thank you, Sunita, for mapping out such a thorough and actionable plan for our ACL2024 camera-ready preparation.",email_859
pa454,pn19,hasAuthor,"Thank you, Sunita, for mapping out such a thorough and actionable plan for our ACL2024 camera-ready preparation.",email_859
pa77,pn5,hasAuthor,I join you all in celebrating the acceptance of our tutorial,email_153
pa77,pn19,hasAuthor,I join you all in celebrating the acceptance of our tutorial,email_153
pa77,pn1,hasAuthor,I join you all in celebrating the acceptance of our tutorial,email_153
pa77,pn2,hasAuthor,I join you all in celebrating the acceptance of our tutorial,email_153
pa53,pn2,hasAuthor,This is to formally acknowledge receipt of your revised manuscript entitled “NLP Approaches to Historical Entity Disambiguation: Lessons from Bengali-English Colonial Gazetteers” submitted to the ACM Journal on Computing and Cultural Heritage (JOCCH),email_109
pa53,pn1,hasAuthor,This is to formally acknowledge receipt of your revised manuscript entitled “NLP Approaches to Historical Entity Disambiguation: Lessons from Bengali-English Colonial Gazetteers” submitted to the ACM Journal on Computing and Cultural Heritage (JOCCH),email_109
pa53,pn19,hasAuthor,This is to formally acknowledge receipt of your revised manuscript entitled “NLP Approaches to Historical Entity Disambiguation: Lessons from Bengali-English Colonial Gazetteers” submitted to the ACM Journal on Computing and Cultural Heritage (JOCCH),email_109
pa53,pn5,hasAuthor,This is to formally acknowledge receipt of your revised manuscript entitled “NLP Approaches to Historical Entity Disambiguation: Lessons from Bengali-English Colonial Gazetteers” submitted to the ACM Journal on Computing and Cultural Heritage (JOCCH),email_109
pa25,pn1,hasAuthor,Thank you all for the thoughtful coordination regarding the upcoming proof review for our JOCCH paper.,email_748
pa25,pn5,hasAuthor,Thank you all for the thoughtful coordination regarding the upcoming proof review for our JOCCH paper.,email_748
pa25,pn2,hasAuthor,Thank you all for the thoughtful coordination regarding the upcoming proof review for our JOCCH paper.,email_748
pa25,pn19,hasAuthor,Thank you all for the thoughtful coordination regarding the upcoming proof review for our JOCCH paper.,email_748
pa402,pn1,hasAuthor,"Dear Sunita Sen and co-authors,",email_780
pa402,pn2,hasAuthor,"Dear Sunita Sen and co-authors,",email_780
pa402,pn5,hasAuthor,"Dear Sunita Sen and co-authors,",email_780
pa402,pn19,hasAuthor,"Dear Sunita Sen and co-authors,",email_780
pa95,pn1,hasAuthor,Michael and Sunita will work together on integrating the performance tables directly with the methods flowchart for improved reviewer accessibility.,email_186
pa95,pn2,hasAuthor,Ramesh confirmed that internal DOIs for the sample data will be minted via IACS and included in the supplement metadata.,email_186
pa95,pn19,hasAuthor,Michael and Sunita will work together on integrating the performance tables directly with the methods flowchart for improved reviewer accessibility.,email_186
pa95,pn5,hasAuthor,Ananya to do a final sweep for uniform font style and caption formats.,email_186
pa409,pn5,hasAuthor,"our revised manuscript, titled “Cross-Institutional Protocols for Licensing and Harmonization in Historical NLP: An Annotated Case Study,” has been successfully submitted",email_794
pa409,pn1,hasAuthor,"our revised manuscript, titled “Cross-Institutional Protocols for Licensing and Harmonization in Historical NLP: An Annotated Case Study,” has been successfully submitted",email_794
pa409,pn2,hasAuthor,"our revised manuscript, titled “Cross-Institutional Protocols for Licensing and Harmonization in Historical NLP: An Annotated Case Study,” has been successfully submitted",email_794
pa409,pn19,hasAuthor,"our revised manuscript, titled “Cross-Institutional Protocols for Licensing and Harmonization in Historical NLP: An Annotated Case Study,” has been successfully submitted",email_794
pa231,pn1,hasAuthor,Team members are encouraged to propose any proactive outreach scenarios (especially for joint JCDL 2022 or ACL 2022 submissions),email_450
pa231,pn2,hasAuthor,Team members are encouraged to propose any proactive outreach scenarios (especially for joint JCDL 2022 or ACL 2022 submissions),email_450
pa231,pn19,hasAuthor,Team members are encouraged to propose any proactive outreach scenarios (especially for joint JCDL 2022 or ACL 2022 submissions),email_450
pa231,pn5,hasAuthor,Team members are encouraged to propose any proactive outreach scenarios (especially for joint JCDL 2022 or ACL 2022 submissions),email_450
pa192,pn1,hasAuthor,Team members are encouraged to propose any proactive outreach scenarios (especially for joint JCDL 2022 or ACL 2022 submissions),email_450
pa192,pn2,hasAuthor,Team members are encouraged to propose any proactive outreach scenarios (especially for joint JCDL 2022 or ACL 2022 submissions),email_450
pa192,pn19,hasAuthor,Team members are encouraged to propose any proactive outreach scenarios (especially for joint JCDL 2022 or ACL 2022 submissions),email_450
pa192,pn5,hasAuthor,Team members are encouraged to propose any proactive outreach scenarios (especially for joint JCDL 2022 or ACL 2022 submissions),email_450
pa437,pn1,hasAuthor,Thank you all for the tremendous effort in reaching this nearly-final stage of the ACL revision.,email_833
pa437,pn5,hasAuthor,Thank you all for the tremendous effort in reaching this nearly-final stage of the ACL revision.,email_833
pa437,pn2,hasAuthor,Thank you all for the tremendous effort in reaching this nearly-final stage of the ACL revision.,email_833
pa205,pn1,hasAuthor,"Sunita, your delivery was articulate and confident, seamlessly guiding the audience through our methodology, experimental results, and broader implications.",email_399
pa205,pn19,hasAuthor,"Michael, the trouble-free technical execution and backup logistics allowed for a smooth session, and your immediate handling of audience queries (technical and otherwise) ensured continuity.",email_399
pa205,pn5,hasAuthor,"Ananya, your detailed responses during the Q&A—especially on the annotation protocol and bias mitigation—demonstrated the depth of our collaborative effort and boosted the clarity of our findings.",email_399
pa214,pn5,hasAuthor,I look forward to everyone’s comments on our nearly completed joint manuscript.,email_421
pa214,pn19,hasAuthor,I look forward to everyone’s comments on our nearly completed joint manuscript.,email_421
pa214,pn1,hasAuthor,I look forward to everyone’s comments on our nearly completed joint manuscript.,email_421
pa214,pn2,hasAuthor,I look forward to everyone’s comments on our nearly completed joint manuscript.,email_421
pa320,pn1,hasAuthor,"Sunita, thank you for taking the lead on compiling our potential reviewer-support materials.",email_615
pa320,pn2,hasAuthor,I am writing to confirm that I have now successfully completed the ACM copyright agreement for our submission,email_615
pa320,pn5,hasAuthor,Ananya for coordinating the communications with the journal office throughout.,email_615
pa320,pn19,hasAuthor,"Michael, for your updates",email_615
pa424,pn1,hasAuthor,"Thank you, Sunita, for promptly circulating the consolidated draft and for your careful attention to integrating all previous feedback and suggestions, including Michael’s recent annotation update for the Stanford artifact.",email_813
pa424,pn19,hasAuthor,"Thank you, Sunita, for promptly circulating the consolidated draft and for your careful attention to integrating all previous feedback and suggestions, including Michael’s recent annotation update for the Stanford artifact.",email_813
pa424,pn2,hasAuthor,"Thank you, Sunita, for promptly circulating the consolidated draft and for your careful attention to integrating all previous feedback and suggestions, including Michael’s recent annotation update for the Stanford artifact.",email_813
pa424,pn9,hasAuthor,Looking forward to your responses and to finalizing the draft for submission.,email_813
pa260,pn1,hasAuthor,Thank you all for your dedication and for promptly executing the post-release action items.,email_505
pa260,pn2,hasAuthor,Thank you all for your dedication and for promptly executing the post-release action items.,email_505
pa260,pn5,hasAuthor,Thank you all for your dedication and for promptly executing the post-release action items.,email_505
pa453,pn1,hasAuthor,Thank you all for your valuable input and the swift response to the acceptance and camera-ready notifications from the ACL2024 committee.,email_858
pa453,pn5,hasAuthor,Thank you all for your valuable input and the swift response to the acceptance and camera-ready notifications from the ACL2024 committee.,email_858
pa453,pn2,hasAuthor,Thank you all for your valuable input and the swift response to the acceptance and camera-ready notifications from the ACL2024 committee.,email_858
pa453,pn19,hasAuthor,Thank you all for your valuable input and the swift response to the acceptance and camera-ready notifications from the ACL2024 committee.,email_858
pa31,pn1,hasAuthor,"Dear Sunita, Prof. Bhatia, and Ananya, I am pleased to share the finalized annotator agreement table, as discussed during our last coordination meeting (30 August), for our JOCCH minor revision (Submission ID: SUB-JOCCH-2019-0187)",email_79
pa31,pn2,hasAuthor,"Dear Sunita, Prof. Bhatia, and Ananya, I am pleased to share the finalized annotator agreement table, as discussed during our last coordination meeting (30 August), for our JOCCH minor revision (Submission ID: SUB-JOCCH-2019-0187)",email_79
pa31,pn5,hasAuthor,"Dear Sunita, Prof. Bhatia, and Ananya, I am pleased to share the finalized annotator agreement table, as discussed during our last coordination meeting (30 August), for our JOCCH minor revision (Submission ID: SUB-JOCCH-2019-0187)",email_79
pa14,pn5,hasAuthor,Ananya Chatterjee is the author of the updated integrated manuscript draft.,email_44
pa14,pn19,hasAuthor,Michael Bradley is one of the reviewers of the updated integrated manuscript draft.,email_44
pa14,pn1,hasAuthor,Sunita Sen is one of the reviewers of the updated integrated manuscript draft.,email_44
pa14,pn2,hasAuthor,Prof. Ramesh Bhatia is one of the reviewers of the updated integrated manuscript draft.,email_44
pa48,pn5,hasAuthor,I am pleased to share the meeting minutes to ensure we are aligned on operational and outreach priorities while our JOCCH submission (SUB-JOCCH-2022-0362) proceeds through review.,email_431
pa48,pn1,hasAuthor,I am pleased to share the meeting minutes to ensure we are aligned on operational and outreach priorities while our JOCCH submission (SUB-JOCCH-2022-0362) proceeds through review.,email_431
pa48,pn19,hasAuthor,I am pleased to share the meeting minutes to ensure we are aligned on operational and outreach priorities while our JOCCH submission (SUB-JOCCH-2022-0362) proceeds through review.,email_431
pa48,pn2,hasAuthor,I am pleased to share the meeting minutes to ensure we are aligned on operational and outreach priorities while our JOCCH submission (SUB-JOCCH-2022-0362) proceeds through review.,email_431
pa476,pn5,hasAuthor,"Dear Dr. Chatterjee and Co-authors, Thank you for submitting your manuscript entitled “Meta-Annotated Historical Texts: A Multi-Institutional Resource and Legal Protocol for South Asian Colonial Newspapers”",email_897;email_896
pa476,pn1,hasAuthor,We appreciate your team’s significant contribution to advancing methodological frameworks and compliance standards for historical text corpora in computational research.,email_897
pa476,pn2,hasAuthor,We appreciate your team’s significant contribution to advancing methodological frameworks and compliance standards for historical text corpora in computational research.,email_897
pa476,pn19,hasAuthor,We appreciate your team’s significant contribution to advancing methodological frameworks and compliance standards for historical text corpora in computational research.,email_897
pa59,pn1,hasAuthor,"Thank you, Sunita, for sharing your comprehensive draft on cross-lingual entity normalization",email_128
pa59,pn9,hasAuthor,"Thank you, Sunita, for sharing your comprehensive draft on cross-lingual entity normalization",email_128
pa59,pn2,hasAuthor,"Thank you, Sunita, for sharing your comprehensive draft on cross-lingual entity normalization",email_128
pa97,pn2,hasAuthor,"Dear Prof. Bhatia and Authors,",email_190
pa97,pn1,hasAuthor,"Dear Prof. Bhatia and Authors,",email_190
pa97,pn19,hasAuthor,"Dear Prof. Bhatia and Authors,",email_190
pa97,pn5,hasAuthor,"Dear Prof. Bhatia and Authors,",email_190
pa444,pn1,hasAuthor,ACL 2024 Paper,email_844
pa444,pn19,hasAuthor,ACL 2024 Paper,email_844
pa444,pn2,hasAuthor,ACL 2024 Paper,email_844
pa444,pn10,hasAuthor,ACL 2024 Paper,email_844
pa461,pn1,hasAuthor,Congratulations once again to all on reaching this significant milestone with our ACL2024 paper!,email_869
pa461,pn2,hasAuthor,Congratulations once again to all on reaching this significant milestone with our ACL2024 paper!,email_869
pa461,pn5,hasAuthor,Congratulations once again to all on reaching this significant milestone with our ACL2024 paper!,email_869
pa48,pn1,hasAuthor,"Thank you for the timely updates, feedback, and compliance checks in preparation for our JOCCH submission.",email_419
pa48,pn2,hasAuthor,"Thank you for the timely updates, feedback, and compliance checks in preparation for our JOCCH submission.",email_419
pa48,pn19,hasAuthor,"Thank you for the timely updates, feedback, and compliance checks in preparation for our JOCCH submission.",email_419
pa48,pn5,hasAuthor,"Thank you for the timely updates, feedback, and compliance checks in preparation for our JOCCH submission.",email_419
pa315,pn1,hasAuthor,"Thank you for your exemplary coordination and rapid turnaround on section revisions, supplementary material uploads, and feedback on the cover letter.",email_606
pa315,pn5,hasAuthor,"Thank you for your exemplary coordination and rapid turnaround on section revisions, supplementary material uploads, and feedback on the cover letter.",email_606
pa315,pn19,hasAuthor,"Thank you for your exemplary coordination and rapid turnaround on section revisions, supplementary material uploads, and feedback on the cover letter.",email_606
pa422,pn2,hasAuthor,"Thank you, Ramesh, for so expertly integrating the revised “Appendix Navigation Table” into the consolidated draft",email_811
pa422,pn9,hasAuthor,The incorporation of Ananya’s proposed “Notable Institutional Divergence/Convergence” column is especially illuminating,email_811
pa422,pn1,hasAuthor,Looking forward to the next stage as we prepare for pre-submission quality review.,email_811
pa422,pn19,hasAuthor,Looking forward to the next stage as we prepare for pre-submission quality review.,email_811
pa391,pn5,hasAuthor,"Dear Dr. Chatterjee and co-authors, / Your revised manuscript, “Semantic Adjudication and Entity Agreement Protocols for Historical South Asian Legal Texts,”",email_745
pa391,pn13,hasAuthor,"Dear Dr. Chatterjee and co-authors, / Your revised manuscript, “Semantic Adjudication and Entity Agreement Protocols for Historical South Asian Legal Texts,”",email_745
pa495,pn1,hasAuthor,"Authors: Sunita Sen, Dr. Michael Bradley, Dr. Ananya Chatterjee, Prof. Ramesh Bhatia",email_933
pa495,pn19,hasAuthor,"Authors: Sunita Sen, Dr. Michael Bradley, Dr. Ananya Chatterjee, Prof. Ramesh Bhatia",email_933
pa495,pn5,hasAuthor,"Authors: Sunita Sen, Dr. Michael Bradley, Dr. Ananya Chatterjee, Prof. Ramesh Bhatia",email_933
pa495,pn2,hasAuthor,"Authors: Sunita Sen, Dr. Michael Bradley, Dr. Ananya Chatterjee, Prof. Ramesh Bhatia",email_933
pa132,pn1,hasAuthor,"I am pleased to inform you that our camera-ready manuscript, supplementary Jupyter notebook (both .ipynb and HTML export), and the revised cover letter have now been successfully uploaded to ScholarOne for the ACM Journal on Computing and Cultural Heritage (JOCCH).",email_244
pa132,pn7,hasAuthor,"I am pleased to inform you that our camera-ready manuscript, supplementary Jupyter notebook (both .ipynb and HTML export), and the revised cover letter have now been successfully uploaded to ScholarOne for the ACM Journal on Computing and Cultural Heritage (JOCCH).",email_244
pa132,pn8,hasAuthor,"I am pleased to inform you that our camera-ready manuscript, supplementary Jupyter notebook (both .ipynb and HTML export), and the revised cover letter have now been successfully uploaded to ScholarOne for the ACM Journal on Computing and Cultural Heritage (JOCCH).",email_244
pa132,pn9,hasAuthor,"I am pleased to inform you that our camera-ready manuscript, supplementary Jupyter notebook (both .ipynb and HTML export), and the revised cover letter have now been successfully uploaded to ScholarOne for the ACM Journal on Computing and Cultural Heritage (JOCCH).",email_244
pa220,pn1,hasAuthor,"I am writing to let you know that the research-focused outreach summary for the Oxford and Stanford departmental channels is now complete and available in our shared folder, “JOCCH_Outreach_Drafts,” as agreed.",email_433
pa220,pn19,hasAuthor,"I am writing to let you know that the research-focused outreach summary for the Oxford and Stanford departmental channels is now complete and available in our shared folder, “JOCCH_Outreach_Drafts,” as agreed.",email_433
pa220,pn2,hasAuthor,"I am writing to let you know that the research-focused outreach summary for the Oxford and Stanford departmental channels is now complete and available in our shared folder, “JOCCH_Outreach_Drafts,” as agreed.",email_433
pa220,pn5,hasAuthor,"I am writing to let you know that the research-focused outreach summary for the Oxford and Stanford departmental channels is now complete and available in our shared folder, “JOCCH_Outreach_Drafts,” as agreed.",email_433
pa160,pn1,hasAuthor,"Dear Ramesh, Ananya, and Michael, Following your confirmations and the comprehensive internal sign-off, I am pleased to report that the full ACL resource track submission package is now compiled.",email_316
pa160,pn2,hasAuthor,"Dear Ramesh, Ananya, and Michael, Following your confirmations and the comprehensive internal sign-off, I am pleased to report that the full ACL resource track submission package is now compiled.",email_316
pa160,pn5,hasAuthor,"Dear Ramesh, Ananya, and Michael, Following your confirmations and the comprehensive internal sign-off, I am pleased to report that the full ACL resource track submission package is now compiled.",email_316
pa160,pn19,hasAuthor,"Dear Ramesh, Ananya, and Michael, Following your confirmations and the comprehensive internal sign-off, I am pleased to report that the full ACL resource track submission package is now compiled.",email_316
pa26,pn1,hasAuthor,Sunita presented a synthesis of the attendee and chair feedback,email_405
pa26,pn2,hasAuthor,Prof. Bhatia suggested strengthening our methods section,email_405
pa26,pn9,hasAuthor,Ananya will reach out to the ACL session chair,email_405
pa26,pn19,hasAuthor,"Michael: Experimental framework, evaluation metrics, and OCR post-processing section",email_405
pa219,pn1,hasAuthor,"Sunita, Ananya, and Prof. Bhatia are involved in the collaborative draft environment manuscript.",email_430
pa219,pn19,hasAuthor,"Sunita, Ananya, and Prof. Bhatia are involved in the collaborative draft environment manuscript.",email_430
pa219,pn5,hasAuthor,"Sunita, Ananya, and Prof. Bhatia are involved in the collaborative draft environment manuscript.",email_430
pa219,pn2,hasAuthor,"Sunita, Ananya, and Prof. Bhatia are involved in the collaborative draft environment manuscript.",email_430
pa270,pn1,hasAuthor,Thank you all for the excellent coordination and steady progress on our JCDL 2022 project spotlight deliverables.,email_521
pa270,pn2,hasAuthor,Thank you all for the excellent coordination and steady progress on our JCDL 2022 project spotlight deliverables.,email_521
pa270,pn19,hasAuthor,Thank you all for the excellent coordination and steady progress on our JCDL 2022 project spotlight deliverables.,email_521
pa270,pn5,hasAuthor,Thank you all for the excellent coordination and steady progress on our JCDL 2022 project spotlight deliverables.,email_521
pa256,pn1,hasAuthor,"Sunita, Ramesh, and Michael, the finalized draft of our press release for the JCDL 2022 acceptance",email_491
pa256,pn2,hasAuthor,"Sunita, Ramesh, and Michael, the finalized draft of our press release for the JCDL 2022 acceptance",email_491
pa256,pn19,hasAuthor,"Sunita, Ramesh, and Michael, the finalized draft of our press release for the JCDL 2022 acceptance",email_491
pa181,pn1,hasAuthor,Thank you all for your active participation and valuable feedback during yesterday’s dry run session.,email_361
pa181,pn2,hasAuthor,Thank you all for your active participation and valuable feedback during yesterday’s dry run session.,email_361
pa181,pn19,hasAuthor,Thank you all for your active participation and valuable feedback during yesterday’s dry run session.,email_361
pa181,pn5,hasAuthor,Thank you all for your active participation and valuable feedback during yesterday’s dry run session.,email_361
pa150,pn1,hasAuthor,The summary accurately reflects both the rationale behind prioritizing the ACL 2022 Resource Track submission and the division of responsibilities for next steps.,email_299
pa150,pn19,hasAuthor,The summary accurately reflects both the rationale behind prioritizing the ACL 2022 Resource Track submission and the division of responsibilities for next steps.,email_299
pa150,pn5,hasAuthor,The summary accurately reflects both the rationale behind prioritizing the ACL 2022 Resource Track submission and the division of responsibilities for next steps.,email_299
pa192,pn1,hasAuthor,"Dear Prof. Bhatia, Michael, and Ananya,",email_378
pa192,pn2,hasAuthor,"Dear Prof. Bhatia, Michael, and Ananya,",email_378
pa192,pn19,hasAuthor,"Dear Prof. Bhatia, Michael, and Ananya,",email_378
pa192,pn5,hasAuthor,"Dear Prof. Bhatia, Michael, and Ananya,",email_378
pa429,pn1,hasAuthor,Sunita’s documentation of cross-jurisdictional data-use challenges,email_824
pa429,pn19,hasAuthor,Michael’s annotation validation/error analysis (NDLI and Europeana datasets),email_824
pa429,pn2,hasAuthor,Ramesh & Ananya’s synthesis of broader applicability and formatting corrections,email_824
pa429,pn5,hasAuthor,Ramesh & Ananya’s synthesis of broader applicability and formatting corrections,email_824
pa161,pn1,hasAuthor,"our manuscript, “Deploying Synthetic Preview and Embargo Protocols for Multilingual Historical NLP Resources,” has now been formally submitted to the ACL 2021 resource track.",email_318
pa161,pn2,hasAuthor,"our manuscript, “Deploying Synthetic Preview and Embargo Protocols for Multilingual Historical NLP Resources,” has now been formally submitted to the ACL 2021 resource track.",email_318
pa161,pn19,hasAuthor,"our manuscript, “Deploying Synthetic Preview and Embargo Protocols for Multilingual Historical NLP Resources,” has now been formally submitted to the ACL 2021 resource track.",email_318
pa161,pn5,hasAuthor,"our manuscript, “Deploying Synthetic Preview and Embargo Protocols for Multilingual Historical NLP Resources,” has now been formally submitted to the ACL 2021 resource track.",email_318
pa271,pn5,hasAuthor,Thank you all for your prompt responses and for maintaining such a smooth flow of materials as we head toward the final stages of our JCDL live project spotlight preparations.,email_522
pa271,pn2,hasAuthor,Thank you all for your prompt responses and for maintaining such a smooth flow of materials as we head toward the final stages of our JCDL live project spotlight preparations.,email_522
pa271,pn1,hasAuthor,Thank you all for your prompt responses and for maintaining such a smooth flow of materials as we head toward the final stages of our JCDL live project spotlight preparations.,email_522
pa271,pn19,hasAuthor,Thank you all for your prompt responses and for maintaining such a smooth flow of materials as we head toward the final stages of our JCDL live project spotlight preparations.,email_522
pa371,pn5,hasAuthor,Thank you all for your meticulous final reviews and prompt upload of the remaining materials,email_698
pa371,pn1,hasAuthor,Thank you all for your meticulous final reviews and prompt upload of the remaining materials,email_698
pa371,pn2,hasAuthor,Thank you all for your meticulous final reviews and prompt upload of the remaining materials,email_698
pa145,pn1,hasAuthor,"delivering a highly successful webinar, ""NLP Methods for Historical Data: Global Challenges, Local Contexts.""",email_278
pa145,pn19,hasAuthor,"delivering a highly successful webinar, ""NLP Methods for Historical Data: Global Challenges, Local Contexts.""",email_278
pa145,pn5,hasAuthor,"delivering a highly successful webinar, ""NLP Methods for Historical Data: Global Challenges, Local Contexts.""",email_278
pa431,pn5,hasAuthor,"Thank you, Ananya, for the detailed coordination and for outlining the progress on the generalization section with Ramesh.",email_828
pa431,pn1,hasAuthor,"Sunita, I support Ananya’s request for clarity about the citation style.",email_828
pa431,pn19,hasAuthor,Looking forward to integrating everyone’s contributions and building a robust revision package for our ACL resubmission.,email_828
pa431,pn2,hasAuthor,"Thank you, Ananya, for the detailed coordination and for outlining the progress on the generalization section with Ramesh.",email_828
pa36,pn1,hasAuthor,"Thank you, Ramesh, for circulating the camera-ready version of our manuscript",email_188
pa36,pn2,hasAuthor,"Thank you, Ramesh, for circulating the camera-ready version of our manuscript",email_188
pa36,pn19,hasAuthor,"Thank you, Ramesh, for circulating the camera-ready version of our manuscript",email_188
pa36,pn5,hasAuthor,"Thank you, Ramesh, for circulating the camera-ready version of our manuscript",email_188
pa259,pn5,hasAuthor,"On behalf of the collaborative research teams at the Indian Association for the Cultivation of Science (IACS), Stanford University, and the University of Oxford, I am pleased to confirm that all requisite institutional approvals for our JCDL 2022-related press release have now been secured, and the document is fully cleared for public distribution.",email_502
pa259,pn1,hasAuthor,"On behalf of the collaborative research teams at the Indian Association for the Cultivation of Science (IACS), Stanford University, and the University of Oxford, I am pleased to confirm that all requisite institutional approvals for our JCDL 2022-related press release have now been secured, and the document is fully cleared for public distribution.",email_502
pa259,pn2,hasAuthor,"On behalf of the collaborative research teams at the Indian Association for the Cultivation of Science (IACS), Stanford University, and the University of Oxford, I am pleased to confirm that all requisite institutional approvals for our JCDL 2022-related press release have now been secured, and the document is fully cleared for public distribution.",email_502
pa259,pn19,hasAuthor,"On behalf of the collaborative research teams at the Indian Association for the Cultivation of Science (IACS), Stanford University, and the University of Oxford, I am pleased to confirm that all requisite institutional approvals for our JCDL 2022-related press release have now been secured, and the document is fully cleared for public distribution.",email_502
pa391,pn5,hasAuthor,Congratulations to everyone involved on successfully navigating the revision process and achieving publication in ACM’s Journal on Computing and Cultural Heritage!,email_746
pa391,pn2,hasAuthor,Congratulations to everyone involved on successfully navigating the revision process and achieving publication in ACM’s Journal on Computing and Cultural Heritage!,email_746
pa391,pn1,hasAuthor,Congratulations to everyone involved on successfully navigating the revision process and achieving publication in ACM’s Journal on Computing and Cultural Heritage!,email_746
pa391,pn19,hasAuthor,Congratulations to everyone involved on successfully navigating the revision process and achieving publication in ACM’s Journal on Computing and Cultural Heritage!,email_746
pa48,pn1,hasAuthor,Thank you for forwarding the editorial decision and detailed reviewer comments regarding our JOCCH submission,email_954
pa48,pn2,hasAuthor,Thank you for forwarding the editorial decision and detailed reviewer comments regarding our JOCCH submission,email_954
pa48,pn5,hasAuthor,Thank you for forwarding the editorial decision and detailed reviewer comments regarding our JOCCH submission,email_954
pa48,pn19,hasAuthor,Thank you for forwarding the editorial decision and detailed reviewer comments regarding our JOCCH submission,email_954
pa158,pn1,hasAuthor,Thank you all for the outstanding efforts on harmonizing the compliance narrative and completing the embargo/release protocol review on Overleaf.,email_312
pa158,pn2,hasAuthor,Thank you all for the outstanding efforts on harmonizing the compliance narrative and completing the embargo/release protocol review on Overleaf.,email_312
pa158,pn5,hasAuthor,Thank you all for the outstanding efforts on harmonizing the compliance narrative and completing the embargo/release protocol review on Overleaf.,email_312
pa158,pn15,hasAuthor,Thank you all for the outstanding efforts on harmonizing the compliance narrative and completing the embargo/release protocol review on Overleaf.,email_312
pa111,pn1,hasAuthor,Thank you all for sending your respective drafts and in-depth feedback on our JOCCH revision components,email_215
pa111,pn2,hasAuthor,Thank you all for sending your respective drafts and in-depth feedback on our JOCCH revision components,email_215
pa111,pn5,hasAuthor,Thank you all for sending your respective drafts and in-depth feedback on our JOCCH revision components,email_215
pa111,pn19,hasAuthor,Thank you all for sending your respective drafts and in-depth feedback on our JOCCH revision components,email_215
pa363,pn2,hasAuthor,"Dear Prof. Bhatia and Author Team, ... for your submission, “Semantic Drift Detection and Interoperability in Low-Resource Historical Corpora: An Annotated Benchmark and Evaluation Framework”",email_683
pa465,pn1,hasAuthor,our JOCCH resource note (SUB-JOCCH-2024-0421),email_898
pa465,pn2,hasAuthor,our JOCCH resource note (SUB-JOCCH-2024-0421),email_898
pa465,pn19,hasAuthor,our JOCCH resource note (SUB-JOCCH-2024-0421),email_898
pa465,pn5,hasAuthor,our JOCCH resource note (SUB-JOCCH-2024-0421),email_898
pa48,pn2,hasAuthor,"Thank you, Michael, for highlighting the importance of data licensing and repository sustainability in advance of our meeting.",email_172
pa48,pn1,hasAuthor,"Ananya and Sunita, do Oxford or IACS have additional requirements regarding dual-institutional hosting or compliance for multi-institutional projects?",email_172
pa48,pn5,hasAuthor,"Ananya and Sunita, do Oxford or IACS have additional requirements regarding dual-institutional hosting or compliance for multi-institutional projects?",email_172
pa459,pn2,hasAuthor,"Dear Prof. Bhatia, Dr. Bradley, Dr. Chatterjee, and Ms. Sen, ... your camera-ready paper entitled “Mixed-Script NLP Techniques for Historical Corpora in South Asia: Annotation, Evaluation, and Cross-Lingual Analysis”",email_867
pa459,pn19,hasAuthor,"Dear Prof. Bhatia, Dr. Bradley, Dr. Chatterjee, and Ms. Sen, ... your camera-ready paper entitled “Mixed-Script NLP Techniques for Historical Corpora in South Asia: Annotation, Evaluation, and Cross-Lingual Analysis”",email_867
pa459,pn5,hasAuthor,"Dear Prof. Bhatia, Dr. Bradley, Dr. Chatterjee, and Ms. Sen, ... your camera-ready paper entitled “Mixed-Script NLP Techniques for Historical Corpora in South Asia: Annotation, Evaluation, and Cross-Lingual Analysis”",email_867
pa459,pn22,hasAuthor,"Dear Prof. Bhatia, Dr. Bradley, Dr. Chatterjee, and Ms. Sen, ... your camera-ready paper entitled “Mixed-Script NLP Techniques for Historical Corpora in South Asia: Annotation, Evaluation, and Cross-Lingual Analysis”",email_867
pa100,pn5,hasAuthor,"As discussed, let’s convene for a concise coordination session to assess updates and synchronize any cross-dependent tasks for our JOCCH minor revision resubmission (SUB-JOCCH-2020-0047).",email_225
pa100,pn1,hasAuthor,"As discussed, let’s convene for a concise coordination session to assess updates and synchronize any cross-dependent tasks for our JOCCH minor revision resubmission (SUB-JOCCH-2020-0047).",email_225
pa100,pn19,hasAuthor,"As discussed, let’s convene for a concise coordination session to assess updates and synchronize any cross-dependent tasks for our JOCCH minor revision resubmission (SUB-JOCCH-2020-0047).",email_225
pa100,pn2,hasAuthor,"As discussed, let’s convene for a concise coordination session to assess updates and synchronize any cross-dependent tasks for our JOCCH minor revision resubmission (SUB-JOCCH-2020-0047).",email_225
pa241,pn1,hasAuthor,"Thank you, Sunita, for the timely circulation of the “Illustrative Metadata Disclosure Use-Cases” insert",email_472
pa241,pn5,hasAuthor,"Ananya, your previous offer to style and integrate the use-case box into the protocol",email_472
pa241,pn19,hasAuthor,"Michael, thank you for drafting the concise agenda for our final check-in",email_472
pa242,pn1,hasAuthor,"Thank you, Sunita, for the timely circulation of the “Illustrative Metadata Disclosure Use-Cases” insert and for ensuring comprehensive scenario coverage in the latest draft of our FAQ annex",email_472
pa242,pn5,hasAuthor,"Ananya, your previous offer to style and integrate the use-case box into the protocol",email_472
pa242,pn19,hasAuthor,"Michael, thank you for drafting the concise agenda for our final check-in",email_472
pa380,pn1,hasAuthor,Sunita’s outline and the thoughtful follow-ups by Ananya and Michael have provided the structure and momentum we need for an impactful ACM JOCCH submission.,email_721
pa380,pn19,hasAuthor,Sunita’s outline and the thoughtful follow-ups by Ananya and Michael have provided the structure and momentum we need for an impactful ACM JOCCH submission.,email_721
pa380,pn5,hasAuthor,Sunita’s outline and the thoughtful follow-ups by Ananya and Michael have provided the structure and momentum we need for an impactful ACM JOCCH submission.,email_721
pa380,pn2,hasAuthor,Sunita’s outline and the thoughtful follow-ups by Ananya and Michael have provided the structure and momentum we need for an impactful ACM JOCCH submission.,email_721
pa70,pn5,hasAuthor,I am writing to confirm that I have completed the requested updates to the slide deck for our JCDL 2020 tutorial,email_145
pa70,pn1,hasAuthor,"Sunita, could you confirm that your updated screencast—now with Ramesh’s footnote annotation and final integration of the slide references—will be ready for upload by your target date of 23 June?",email_145
pa70,pn19,hasAuthor,"Michael, thank you for volunteering to draft the succinct revision memo for our submission package;",email_145
pa70,pn2,hasAuthor,"Sunita, could you confirm that your updated screencast—now with Ramesh’s footnote annotation and final integration of the slide references—will be ready for upload by your target date of 23 June?",email_145
pa490,pn5,hasAuthor,"I have conducted a last detailed read-through of the final document and can confirm my full approval, both of the “Lessons Learned” content and the colloquium abstract version.",email_1000
pa490,pn2,hasAuthor,"Thank you, Ramesh, for your prompt synthesis of the memo and your valuable editorial refinements to the Executive Summary and conclusion.",email_1000
pa490,pn1,hasAuthor,"Sunita, your draft encompasses both the technical rigor and the process insights we set out to communicate",email_1000
pa490,pn19,hasAuthor,"Thank you, Ramesh, for your prompt synthesis of the memo and your valuable editorial refinements to the Executive Summary and conclusion.",email_1000
pa526,pn5,hasAuthor,I am also pleased with the authorship order and am happy to formally co-sign the colloquium abstract as discussed.,email_1000
pa526,pn2,hasAuthor,I am also pleased with the authorship order and am happy to formally co-sign the colloquium abstract as discussed.,email_1000
pa526,pn1,hasAuthor,I am also pleased with the authorship order and am happy to formally co-sign the colloquium abstract as discussed.,email_1000
pa526,pn19,hasAuthor,I am also pleased with the authorship order and am happy to formally co-sign the colloquium abstract as discussed.,email_1000
pa529,pn5,hasAuthor,"I suggest we start outlining such a piece post-colloquium, potentially targeting EMNLP System Demonstrations or the JDoc Technical Communication section as strong options.",email_1000
pa529,pn2,hasAuthor,"I suggest we start outlining such a piece post-colloquium, potentially targeting EMNLP System Demonstrations or the JDoc Technical Communication section as strong options.",email_1000
pa529,pn1,hasAuthor,"I suggest we start outlining such a piece post-colloquium, potentially targeting EMNLP System Demonstrations or the JDoc Technical Communication section as strong options.",email_1000
pa529,pn19,hasAuthor,"I suggest we start outlining such a piece post-colloquium, potentially targeting EMNLP System Demonstrations or the JDoc Technical Communication section as strong options.",email_1000
pa396,pn5,hasAuthor,"I am pleased to confirm that my finalized compliance and data governance section is now uploaded in our shared Drive folder (“Compliance & Data Alignment – Final.docx”, dated 19th October 2021)",email_770
pa396,pn1,hasAuthor,I have included explicit anchor references mapping to Michael’s workflow branches and Sunita’s consolidated checklist;,email_770
pa396,pn19,hasAuthor,I have included explicit anchor references mapping to Michael’s workflow branches and Sunita’s consolidated checklist;,email_770
pa396,pn2,hasAuthor,"Ramesh, if you spot any gaps in escalation or approval flows from an Indian or global IRB perspective, your suggestions will be warmly welcomed during this asynchronous review phase.",email_770
pa321,pn19,hasAuthor,"Thank you, Ananya, for your latest update on the editorial screening and for keeping us informed on the progression of our JOCCH submission (SUB-JOCCH-2022-0421)",email_617
pa321,pn5,hasAuthor,"Thank you, Ananya, for your latest update on the editorial screening and for keeping us informed on the progression of our JOCCH submission (SUB-JOCCH-2022-0421)",email_617
pa321,pn2,hasAuthor,"Thank you, Ananya, for your latest update on the editorial screening and for keeping us informed on the progression of our JOCCH submission (SUB-JOCCH-2022-0421)",email_617
pa321,pn1,hasAuthor,"Thank you, Ananya, for your latest update on the editorial screening and for keeping us informed on the progression of our JOCCH submission (SUB-JOCCH-2022-0421)",email_617
pa318,pn1,hasAuthor,"Thank you for joining the internal walkthrough earlier today, and for your comprehensive preparation on all final components of our JOCCH submission.",email_610
pa318,pn2,hasAuthor,"Thank you for joining the internal walkthrough earlier today, and for your comprehensive preparation on all final components of our JOCCH submission.",email_610
pa318,pn19,hasAuthor,"Thank you for joining the internal walkthrough earlier today, and for your comprehensive preparation on all final components of our JOCCH submission.",email_610
pa318,pn5,hasAuthor,"Thank you for joining the internal walkthrough earlier today, and for your comprehensive preparation on all final components of our JOCCH submission.",email_610
pa69,pn1,hasAuthor,Thank you all for the focused efforts leading up to and during our recent Zoom call. I am pleased with the clarity and shared commitment that marked our discussion on finalizing the camera-ready submission for the JCDL 2020 tutorial.,email_144
pa69,pn10,hasAuthor,Thank you all for the focused efforts leading up to and during our recent Zoom call. I am pleased with the clarity and shared commitment that marked our discussion on finalizing the camera-ready submission for the JCDL 2020 tutorial.,email_144
pa69,pn2,hasAuthor,Thank you all for the focused efforts leading up to and during our recent Zoom call. I am pleased with the clarity and shared commitment that marked our discussion on finalizing the camera-ready submission for the JCDL 2020 tutorial.,email_144
pa6,pn1,hasAuthor,"Thank you, Sunita, for collating the first set of annotator responses so promptly and summarizing the key themes from Dr. Liu’s feedback.",email_32
pa6,pn19,hasAuthor,I have begun reviewing the annotation forms and fully agree that the level of detail in her qualitative commentary will be invaluable as we refine both our interpretability analyses and draft narrative.,email_32
pa6,pn2,hasAuthor,The proposed agenda for our synthesis session on 13th May is comprehensive and on target.,email_32
pa6,pn5,hasAuthor,I have begun reviewing the annotation forms and fully agree that the level of detail in her qualitative commentary will be invaluable as we refine both our interpretability analyses and draft narrative.,email_32
pa203,pn1,hasAuthor,Sunita (myself) will coordinate directly with the session chair on arrival and monitor the chat for any urgent instructions.,email_397
pa203,pn2,hasAuthor,"Prof. Bhatia, once we are set up, please give me a brief cue before the introduction slide, as practiced.",email_397
pa203,pn19,hasAuthor,"Thank you, Michael, for completing the technical compatibility checks and sharing the backup Zoom details.",email_397
pa203,pn5,hasAuthor,"Ananya, your readiness to field dataset provenance and annotation bias queries during Q&A is much appreciated.",email_397
pa37,pn1,hasAuthor,Thank you all for your steady progress on the manuscript and for your recent clarifications regarding compliance statements and the lay abstract.,email_176
pa37,pn9,hasAuthor,Thank you all for your steady progress on the manuscript and for your recent clarifications regarding compliance statements and the lay abstract.,email_176
pa37,pn19,hasAuthor,Thank you all for your steady progress on the manuscript and for your recent clarifications regarding compliance statements and the lay abstract.,email_176
pa37,pn2,hasAuthor,Thank you all for your steady progress on the manuscript and for your recent clarifications regarding compliance statements and the lay abstract.,email_176
pa521,pn1,hasAuthor,Thank you all for your efficiency and precision throughout the final consolidation phase.,email_988
pa521,pn5,hasAuthor,Thank you all for your efficiency and precision throughout the final consolidation phase.,email_988
pa521,pn19,hasAuthor,Thank you all for your efficiency and precision throughout the final consolidation phase.,email_988
pa521,pn2,hasAuthor,Thank you all for your efficiency and precision throughout the final consolidation phase.,email_988
pa198,pn1,hasAuthor,"Thank you for the update and for sharing the finalized slide deck. I’ve reviewed the “ACL_2022_Presentation_FINAL.pptx” file, and everything looks well integrated.",email_390
pa198,pn2,hasAuthor,"Thank you for the update and for sharing the finalized slide deck. I’ve reviewed the “ACL_2022_Presentation_FINAL.pptx” file, and everything looks well integrated.",email_390
pa198,pn5,hasAuthor,"Thank you for the update and for sharing the finalized slide deck. I’ve reviewed the “ACL_2022_Presentation_FINAL.pptx” file, and everything looks well integrated.",email_390
pa381,pn2,hasAuthor,"I appreciate the thorough updates regarding draft progress, synchronization logistics, and resource sharing;",email_725
pa381,pn19,hasAuthor,"I appreciate the thorough updates regarding draft progress, synchronization logistics, and resource sharing;",email_725
pa381,pn5,hasAuthor,"I appreciate the thorough updates regarding draft progress, synchronization logistics, and resource sharing;",email_725
pa381,pn1,hasAuthor,"I appreciate the thorough updates regarding draft progress, synchronization logistics, and resource sharing;",email_725
pa504,pn2,hasAuthor,"Thank you, Michael, for your prompt and meticulous update to the figure legends and for aligning the iconography and cross-links in the final visualizations.",email_950
pa504,pn1,hasAuthor,"Ananya and Sunita, please run one last proof for citation and terminology consistency.",email_950
pa504,pn5,hasAuthor,"Ananya and Sunita, please run one last proof for citation and terminology consistency.",email_950
pa476,pn13,hasAuthor,"Dear Dr. Chatterjee and Co-authors, Thank you for submitting your manuscript entitled “Meta-Annotated Historical Texts: A Multi-Institutional Resource and Legal Protocol for South Asian Colonial Newspapers”",email_896
pa102,pn1,hasAuthor,"Thank you, Sunita, for circulating the expanded Section 4.2 and allowing us to review the integration of the new error analysis and limitations.",email_199
pa102,pn5,hasAuthor,"Ananya, the results in Table 4 could be incorporated as visual call-outs or summary numbers in the updated graphical abstract, if feasible.",email_199
pa102,pn2,hasAuthor,"Ramesh, I have flagged the specific error instances (in “Case D”) for which cross-referencing code snippets in the appendix would be particularly helpful from a compliance documentation perspective.",email_199
pa258,pn19,hasAuthor,Stanford University’s Office of Communications has officially approved our JCDL 2022 press release.,email_497
pa258,pn5,hasAuthor,Stanford University’s Office of Communications has officially approved our JCDL 2022 press release.,email_497
pa258,pn1,hasAuthor,Stanford University’s Office of Communications has officially approved our JCDL 2022 press release.,email_497
pa258,pn2,hasAuthor,Stanford University’s Office of Communications has officially approved our JCDL 2022 press release.,email_497
pa310,pn1,hasAuthor,"Thank you, Sunita, for your proactive progress update and for leading the compilation of accessibility framework references.",email_602
pa310,pn2,hasAuthor,Ramesh Bhatia,email_602
pa310,pn19,hasAuthor,"Michael, I echo Sunita's gratitude for sharing resources from the ACL 2022 D&I initiative.",email_602
pa310,pn5,hasAuthor,Ananya to coordinate integration of new references and ensure in-text citation compliance,email_602
pa265,pn1,hasAuthor,"JCDL 2022 program newsletter featuring your project, “NLP Innovations for Historical Texts: Multilingual Heritage Preservation across Continents,”",email_512
pa265,pn5,hasAuthor,"JCDL 2022 program newsletter featuring your project, “NLP Innovations for Historical Texts: Multilingual Heritage Preservation across Continents,”",email_512
pa265,pn19,hasAuthor,"JCDL 2022 program newsletter featuring your project, “NLP Innovations for Historical Texts: Multilingual Heritage Preservation across Continents,”",email_512
pa265,pn2,hasAuthor,"JCDL 2022 program newsletter featuring your project, “NLP Innovations for Historical Texts: Multilingual Heritage Preservation across Continents,”",email_512
pa528,pn1,hasAuthor,"With consensus on authorship order (Sunita, Ananya, Michael)",email_998
pa528,pn5,hasAuthor,"With consensus on authorship order (Sunita, Ananya, Michael)",email_998
pa528,pn19,hasAuthor,"With consensus on authorship order (Sunita, Ananya, Michael)",email_998
pa309,pn1,hasAuthor,I have begun integrating Sunita’s curated participant feedback into the draft “Lessons Learned & Recommendations” section.,email_600
pa309,pn19,hasAuthor,I have begun integrating Sunita’s curated participant feedback into the draft “Lessons Learned & Recommendations” section.,email_600
pa67,pn1,hasAuthor,Congratulations to everyone on the acceptance of our JCDL 2020 tutorial proposal!,email_139
pa67,pn2,hasAuthor,Congratulations to everyone on the acceptance of our JCDL 2020 tutorial proposal!,email_139
pa67,pn16,hasAuthor,Congratulations to everyone on the acceptance of our JCDL 2020 tutorial proposal!,email_139
pa67,pn19,hasAuthor,Congratulations to everyone on the acceptance of our JCDL 2020 tutorial proposal!,email_139
pa445,pn1,hasAuthor,"Thank you, Sunita, for your detailed summary of our recent coordination call and for advancing the action items so efficiently.",email_846
pa445,pn9,hasAuthor,"Additionally, in the compliance checklist, the metadata fields “Language Tags” and “Document Provenance” may require slight revision based on the most recent ACL guidelines.",email_846
pa445,pn2,hasAuthor,"Ramesh, your role in validating the data and repository accessibility will remain crucial, especially as we assemble the documentation for submission.",email_846
pa445,pn19,hasAuthor,Thanks again for everyone’s efforts—please let me know if you need any additional input or if you wish to arrange a brief check-in prior to the internal review submission on 9 March.,email_846
pa364,pn5,hasAuthor,"I reviewed my author metadata on the JCDL 2023 portal, confirming that my full name (Dr. Ananya Chatterjee)",email_680
pa364,pn1,hasAuthor,"I also double-checked the entries for the rest of you, and everything appears in order.",email_680
pa364,pn2,hasAuthor,"I also double-checked the entries for the rest of you, and everything appears in order.",email_680
pa364,pn19,hasAuthor,"I also double-checked the entries for the rest of you, and everything appears in order.",email_680
pa241,pn1,hasAuthor,Looking forward to your comments and to finalizing our submission for JCDL 2022.,email_471
pa241,pn5,hasAuthor,Looking forward to your comments and to finalizing our submission for JCDL 2022.,email_471
pa241,pn19,hasAuthor,Looking forward to your comments and to finalizing our submission for JCDL 2022.,email_471
pa241,pn2,hasAuthor,Looking forward to your comments and to finalizing our submission for JCDL 2022.,email_471
pa179,pn1,hasAuthor,I am pleased to confirm that I have finalized the draft slides based on your collective suggestions.,email_357
pa179,pn2,hasAuthor,I am pleased to confirm that I have finalized the draft slides based on your collective suggestions.,email_357
pa179,pn19,hasAuthor,I am pleased to confirm that I have finalized the draft slides based on your collective suggestions.,email_357
pa179,pn5,hasAuthor,I am pleased to confirm that I have finalized the draft slides based on your collective suggestions.,email_357
pa531,pn1,hasAuthor,"It appears that 17:30 IST (13:00 BST, 05:00 PST) on 11 April is mutually convenient, so let’s confirm this as our discussion slot for the finalization of the methods note/short-form paper outline and venue selection.",email_1006
pa531,pn2,hasAuthor,"It appears that 17:30 IST (13:00 BST, 05:00 PST) on 11 April is mutually convenient, so let’s confirm this as our discussion slot for the finalization of the methods note/short-form paper outline and venue selection.",email_1006
pa531,pn19,hasAuthor,"It appears that 17:30 IST (13:00 BST, 05:00 PST) on 11 April is mutually convenient, so let’s confirm this as our discussion slot for the finalization of the methods note/short-form paper outline and venue selection.",email_1006
pa172,pn1,hasAuthor,"Dear Sunita Sen and co-authors, We are delighted to confirm that your revised abstract for the paper ""Provenance-Aware NLP for Historical Texts: Annotation, Compliance, and Synthetic Instance Protocols""",email_351
pa164,pn1,hasAuthor,"First of all, congratulations again on the acceptance of our ACL resource track paper!",email_323
pa164,pn2,hasAuthor,"First of all, congratulations again on the acceptance of our ACL resource track paper!",email_323
pa164,pn19,hasAuthor,"First of all, congratulations again on the acceptance of our ACL resource track paper!",email_323
pa164,pn5,hasAuthor,"First of all, congratulations again on the acceptance of our ACL resource track paper!",email_323
pa425,pn1,hasAuthor,"Dear Sunita, Ramesh, and Michael, ... Looking forward to your final sign-offs and a successful ACL submission.",email_816
pa425,pn2,hasAuthor,"Dear Sunita, Ramesh, and Michael, ... Looking forward to your final sign-offs and a successful ACL submission.",email_816
pa425,pn19,hasAuthor,"Dear Sunita, Ramesh, and Michael, ... Looking forward to your final sign-offs and a successful ACL submission.",email_816
pa425,pn5,hasAuthor,"Dear Sunita, Ramesh, and Michael, ... Looking forward to your final sign-offs and a successful ACL submission.",email_816
pa198,pn1,hasAuthor,"I am pleased to confirm that the final slide deck is now complete, incorporating the accessibility enhancements for Figure 3 (thanks again, Ananya, for the clear feedback) and Michael’s visual sequence for the dataset demo.",email_389
pa198,pn2,hasAuthor,"I am pleased to confirm that the final slide deck is now complete, incorporating the accessibility enhancements for Figure 3 (thanks again, Ananya, for the clear feedback) and Michael’s visual sequence for the dataset demo.",email_389
pa198,pn19,hasAuthor,"I am pleased to confirm that the final slide deck is now complete, incorporating the accessibility enhancements for Figure 3 (thanks again, Ananya, for the clear feedback) and Michael’s visual sequence for the dataset demo.",email_389
pa198,pn5,hasAuthor,"I am pleased to confirm that the final slide deck is now complete, incorporating the accessibility enhancements for Figure 3 (thanks again, Ananya, for the clear feedback) and Michael’s visual sequence for the dataset demo.",email_389
pa416,pn1,hasAuthor,"Thank you, Sunita, for outlining your strategy for integrating the NDLI workflow documents",email_807
pa416,pn2,hasAuthor,"Michael, Ananya—please flag any specific points or queries for Sunita ahead of tomorrow’s annotation deadline.",email_807
pa416,pn19,hasAuthor,"Michael, Ananya—please flag any specific points or queries for Sunita ahead of tomorrow’s annotation deadline.",email_807
pa416,pn5,hasAuthor,"Michael, Ananya—please flag any specific points or queries for Sunita ahead of tomorrow’s annotation deadline.",email_807
pa84,pn5,hasAuthor,"Thank you, Ananya, for your prompt confirmation of the meeting minutes and for taking on the preparation of the lay abstract.",email_175
pa84,pn1,hasAuthor,"I look forward to reviewing your draft and agree that highlighting the societal and interpretative dimensions of our project will add significant value, especially for the broader readership of JOCCH.",email_175
pa84,pn2,hasAuthor,"I look forward to reviewing your draft and agree that highlighting the societal and interpretative dimensions of our project will add significant value, especially for the broader readership of JOCCH.",email_175
pa30,pn19,hasAuthor,Many thanks to everyone for your proactive efforts in organizing the final proof review for our JOCCH manuscript.,email_749
pa30,pn5,hasAuthor,Many thanks to everyone for your proactive efforts in organizing the final proof review for our JOCCH manuscript.,email_749
pa30,pn2,hasAuthor,Many thanks to everyone for your proactive efforts in organizing the final proof review for our JOCCH manuscript.,email_749
pa30,pn1,hasAuthor,Many thanks to everyone for your proactive efforts in organizing the final proof review for our JOCCH manuscript.,email_749
pa499,pn19,hasAuthor,Michael is uploading his expanded draft for the annotation metadata limitations section,email_981
pa499,pn2,hasAuthor,Ramesh provided feedback and restructuring plan,email_981
pa499,pn5,hasAuthor,Ananya provided feedback and revised workflow diagrams,email_981
pa499,pn1,hasAuthor,Sunita provided feedback and coordination,email_981
pa221,pn1,hasAuthor,"I am pleased to confirm that the general audience version of our outreach summary—intended for IACS news, university press offices, and social platforms—is now drafted and uploaded to our shared “JOCCH_Outreach_Drafts” folder.",email_434
pa221,pn5,hasAuthor,"I am pleased to confirm that the general audience version of our outreach summary—intended for IACS news, university press offices, and social platforms—is now drafted and uploaded to our shared “JOCCH_Outreach_Drafts” folder.",email_434
pa221,pn19,hasAuthor,"I am pleased to confirm that the general audience version of our outreach summary—intended for IACS news, university press offices, and social platforms—is now drafted and uploaded to our shared “JOCCH_Outreach_Drafts” folder.",email_434
pa221,pn2,hasAuthor,"I am pleased to confirm that the general audience version of our outreach summary—intended for IACS news, university press offices, and social platforms—is now drafted and uploaded to our shared “JOCCH_Outreach_Drafts” folder.",email_434
pa382,pn1,hasAuthor,"I have completed an initial draft of the supplementary appendix outlining the annotation guidelines. The file, titled “HistoricData_AnnotationGuidelines_v1.pdf,” has been uploaded to the designated “Appendix & Supplementary” subfolder in our shared Google Drive.",email_726
pa382,pn5,hasAuthor,"Ananya, thank you for your annotated bibliography and participatory annotation references, which I have integrated into the introductory rationale for the appendix.",email_726
pa382,pn19,hasAuthor,"Michael, your feedback on whether the error taxonomy section requires any cross-reference to annotation protocols would be particularly valuable.",email_726
pa382,pn2,hasAuthor,"Ramesh, please indicate if the appendix draft meets the JOCCH requirements for supplementary transparency, or if additional sections (e.g., annotator agreement summary or sample confusion matrices) should be included for completeness.",email_726
pa470,pn1,hasAuthor,Ramesh and I have jointly updated the compliance appendix,email_890
pa470,pn2,hasAuthor,Ramesh and I have jointly updated the compliance appendix,email_890
pa286,pn1,hasAuthor,"Authors: Sunita Sen, Prof. Ramesh Bhatia, Dr. Michael Bradley, Dr. Ananya Chatterjee",email_549
pa286,pn2,hasAuthor,"Authors: Sunita Sen, Prof. Ramesh Bhatia, Dr. Michael Bradley, Dr. Ananya Chatterjee",email_549
pa286,pn19,hasAuthor,"Authors: Sunita Sen, Prof. Ramesh Bhatia, Dr. Michael Bradley, Dr. Ananya Chatterjee",email_549
pa286,pn5,hasAuthor,"Authors: Sunita Sen, Prof. Ramesh Bhatia, Dr. Michael Bradley, Dr. Ananya Chatterjee",email_549
pa366,pn2,hasAuthor,"Unless Sunita or Ananya would like to propose alternative arrangements, I fully endorse you as the lead presenter for our talk.",email_686
pa366,pn19,hasAuthor,"Thank you, Michael, for your thoughtful response and commitment to leading the oral presentation.",email_686
pa366,pn1,hasAuthor,"Unless Sunita or Ananya would like to propose alternative arrangements, I fully endorse you as the lead presenter for our talk.",email_686
pa366,pn5,hasAuthor,"Unless Sunita or Ananya would like to propose alternative arrangements, I fully endorse you as the lead presenter for our talk.",email_686
pa32,pn1,hasAuthor,We successfully integrated the primary elements from the National Library of Israel (NLI) case into our main manuscript,email_964
pa32,pn2,hasAuthor,We successfully integrated the primary elements from the National Library of Israel (NLI) case into our main manuscript,email_964
pa32,pn19,hasAuthor,We successfully integrated the primary elements from the National Library of Israel (NLI) case into our main manuscript,email_964
pa32,pn5,hasAuthor,We successfully integrated the primary elements from the National Library of Israel (NLI) case into our main manuscript,email_964
pa41,pn19,hasAuthor,"I am submitting the finalized caption for Figure 3, incorporating the team’s feedback from our 15 December meeting.",email_92
pa41,pn2,hasAuthor,"Dear Ramesh, Sunita, and Ananya,",email_92
pa41,pn1,hasAuthor,"Dear Ramesh, Sunita, and Ananya,",email_92
pa41,pn5,hasAuthor,"Dear Ramesh, Sunita, and Ananya,",email_92
pa32,pn5,hasAuthor,"I am writing to confirm that, following your approvals and Michael’s helpful addition on data attribution for the “Bengal Gazette” and “Madras Chronicle” corpora, I have now compiled and locked the complete submission package for the ACM Journal on Computing and Cultural Heritage (JOCCH).",email_894
pa27,pn5,hasAuthor,"I am writing to confirm that, following your approvals and Michael’s helpful addition on data attribution for the “Bengal Gazette” and “Madras Chronicle” corpora, I have now compiled and locked the complete submission package for the ACM Journal on Computing and Cultural Heritage (JOCCH).",email_894
pa473,pn5,hasAuthor,"I am writing to confirm that, following your approvals and Michael’s helpful addition on data attribution for the “Bengal Gazette” and “Madras Chronicle” corpora, I have now compiled and locked the complete submission package for the ACM Journal on Computing and Cultural Heritage (JOCCH).",email_894
pa475,pn5,hasAuthor,"I am writing to confirm that, following your approvals and Michael’s helpful addition on data attribution for the “Bengal Gazette” and “Madras Chronicle” corpora, I have now compiled and locked the complete submission package for the ACM Journal on Computing and Cultural Heritage (JOCCH).",email_894
pa32,pn1,hasAuthor,"Thank you all for your careful review, iterative improvements, and thoughtful dialogue in finalizing our compliance appendix and cover letter.",email_894
pa27,pn1,hasAuthor,"Thank you all for your careful review, iterative improvements, and thoughtful dialogue in finalizing our compliance appendix and cover letter.",email_894
pa473,pn1,hasAuthor,"Thank you all for your careful review, iterative improvements, and thoughtful dialogue in finalizing our compliance appendix and cover letter.",email_894
pa475,pn1,hasAuthor,"Thank you all for your careful review, iterative improvements, and thoughtful dialogue in finalizing our compliance appendix and cover letter.",email_894
pa32,pn2,hasAuthor,"Thank you all for your careful review, iterative improvements, and thoughtful dialogue in finalizing our compliance appendix and cover letter.",email_894
pa27,pn2,hasAuthor,"Thank you all for your careful review, iterative improvements, and thoughtful dialogue in finalizing our compliance appendix and cover letter.",email_894
pa473,pn2,hasAuthor,"Thank you all for your careful review, iterative improvements, and thoughtful dialogue in finalizing our compliance appendix and cover letter.",email_894
pa475,pn2,hasAuthor,"Thank you all for your careful review, iterative improvements, and thoughtful dialogue in finalizing our compliance appendix and cover letter.",email_894
pa32,pn19,hasAuthor,"Thank you all for your careful review, iterative improvements, and thoughtful dialogue in finalizing our compliance appendix and cover letter.",email_894
pa27,pn19,hasAuthor,"Thank you all for your careful review, iterative improvements, and thoughtful dialogue in finalizing our compliance appendix and cover letter.",email_894
pa473,pn19,hasAuthor,"Thank you all for your careful review, iterative improvements, and thoughtful dialogue in finalizing our compliance appendix and cover letter.",email_894
pa475,pn19,hasAuthor,"Thank you all for your careful review, iterative improvements, and thoughtful dialogue in finalizing our compliance appendix and cover letter.",email_894
pa172,pn1,hasAuthor,"In accordance with your outlined procedures, I am pleased to submit the revised version of our abstract for the paper, ""Provenance-Aware NLP for Historical Texts: Annotation, Compliance, and Synthetic Instance Protocols""",email_349
pa193,pn1,hasAuthor,our paper “NLP Methods for Historical Data: Provenance and Bias Mitigation” has been officially ACCEPTED for presentation at ACL 2022,email_381
pa193,pn2,hasAuthor,our paper “NLP Methods for Historical Data: Provenance and Bias Mitigation” has been officially ACCEPTED for presentation at ACL 2022,email_381
pa193,pn19,hasAuthor,our paper “NLP Methods for Historical Data: Provenance and Bias Mitigation” has been officially ACCEPTED for presentation at ACL 2022,email_381
pa193,pn5,hasAuthor,our paper “NLP Methods for Historical Data: Provenance and Bias Mitigation” has been officially ACCEPTED for presentation at ACL 2022,email_381
pa299,pn1,hasAuthor,"Thank you, Sunita, for the detailed update and for making the full suite of workshop materials available in such a timely and organized manner.",email_568
pa299,pn2,hasAuthor,"I will finalize these as soon as the date and registration link are confirmed, and will circulate them by 18 May in coordination with Ramesh.",email_568
pa299,pn5,hasAuthor,"Ananya, your starter feedback form is an excellent foundation;",email_568
pa94,pn1,hasAuthor,"Thank you, Sunita, for your prompt action on merging the compliance appendices and for detailing the timeline for the internal review period.",email_182
pa94,pn2,hasAuthor,I would welcome specific advice from Michael and Ramesh on linking these methods to Michael’s “Evaluation & Benchmarks” and Ramesh’s “Historical Corpus Profiling” sections for a seamless transition.,email_182
pa94,pn19,hasAuthor,I would welcome specific advice from Michael and Ramesh on linking these methods to Michael’s “Evaluation & Benchmarks” and Ramesh’s “Historical Corpus Profiling” sections for a seamless transition.,email_182
pa94,pn9,hasAuthor,"I am pleased to inform you that my finalized methods section, including the newly added “Transfer Learning in Low-Resource Historical Texts” subsection, is now uploaded and ready for group feedback.",email_182
pa432,pn5,hasAuthor,Ananya and I have uploaded our draft “Generalizing Harmonization Strategies to Under-Resourced Settings” to the shared folder this morning.,email_830
pa432,pn2,hasAuthor,Ananya and I have uploaded our draft “Generalizing Harmonization Strategies to Under-Resourced Settings” to the shared folder this morning.,email_830
pa354,pn5,hasAuthor,"Dear Dr. Chatterjee and co-authors, ... your submission to JCDL 2023, entitled “Cross-Lingual Semantic Drift Detection and Digital Humanities Applications in Historical Corpora”",email_664
pa354,pn13,hasAuthor,"Dear Dr. Chatterjee and co-authors, ... your submission to JCDL 2023, entitled “Cross-Lingual Semantic Drift Detection and Digital Humanities Applications in Historical Corpora”",email_664
pa81,pn5,hasAuthor,I am delighted by the prospect of moving our work forward through a survey/methods article for JOCCH.,email_165
pa81,pn1,hasAuthor,I am delighted by the prospect of moving our work forward through a survey/methods article for JOCCH.,email_165
pa81,pn19,hasAuthor,I am delighted by the prospect of moving our work forward through a survey/methods article for JOCCH.,email_165
pa81,pn2,hasAuthor,I am delighted by the prospect of moving our work forward through a survey/methods article for JOCCH.,email_165
pa384,pn5,hasAuthor,Ananya’s “Semantic Metrics Alignment” section,email_730
pa202,pn2,hasAuthor,"Dear Prof. Bhatia, Sunita, and Ananya,",email_396
pa202,pn1,hasAuthor,"Dear Prof. Bhatia, Sunita, and Ananya,",email_396
pa202,pn5,hasAuthor,"Dear Prof. Bhatia, Sunita, and Ananya,",email_396
pa341,pn2,hasAuthor,"Thank you, Ramesh, for your detailed and insightful draft of the “Evaluation/Metrics” section.",email_640
pa341,pn5,hasAuthor,"Ananya, I agree with Ramesh that a quick review of section transitions and the broader framing of our impact will ensure narrative coherence",email_640
pa341,pn19,hasAuthor,"Michael, your context reconstruction adaptation section flows well into Ramesh’s metrics discussion;",email_640
pa341,pn1,hasAuthor,I have reviewed your additions and included clarifying comments in the Google Doc,email_640
pa532,pn1,hasAuthor,"Ananya, your focus on compliance and bottleneck reduction is much appreciated, and your annotated checklist will certainly help make our workflow documentation more actionable.",email_1005
pa532,pn5,hasAuthor,"Michael, I look forward to seeing your comparative rationale for our target venues.",email_1005
pa532,pn2,hasAuthor,"Ananya, your focus on compliance and bottleneck reduction is much appreciated, and your annotated checklist will certainly help make our workflow documentation more actionable.",email_1005
pa532,pn19,hasAuthor,"Michael, I look forward to seeing your comparative rationale for our target venues.",email_1005
pa311,pn1,hasAuthor,"Sunita, I have just reviewed your summary note on recent advances in historical dialect normalization",email_603
pa312,pn1,hasAuthor,the annotated bibliography on accessibility frameworks,email_603
pa30,pn1,hasAuthor,"Sunita, Ananya, and Michael",email_78
pa30,pn9,hasAuthor,"Sunita, Ananya, and Michael",email_78
pa30,pn8,hasAuthor,"Sunita, Ananya, and Michael",email_78
pa132,pn1,hasAuthor,HistocrNLP,email_268
pa132,pn19,hasAuthor,HistocrNLP,email_268
pa132,pn9,hasAuthor,HistocrNLP,email_268
pa132,pn7,hasAuthor,HistocrNLP,email_268
pa55,pn5,hasAuthor,I am writing to thank you all for seeing the camera-ready submission through,email_118
pa55,pn19,hasAuthor,I am writing to thank you all for seeing the camera-ready submission through,email_118
pa55,pn1,hasAuthor,I am writing to thank you all for seeing the camera-ready submission through,email_118
pa55,pn2,hasAuthor,I am writing to thank you all for seeing the camera-ready submission through,email_118
pa26,pn1,hasAuthor,"Sunita and Ramesh, I appreciate your commitment to the 20 November deadline for the streamlined “Related Work” section.",email_652
pa26,pn2,hasAuthor,"Sunita and Ramesh, I appreciate your commitment to the 20 November deadline for the streamlined “Related Work” section.",email_652
pa26,pn19,hasAuthor,"Michael, your plan for the digital humanities paragraph sounds excellent.",email_652
pa26,pn5,hasAuthor,"Warm regards, Ananya",email_652
pa391,pn5,hasAuthor,"I am pleased to inform you that the ACM production team has just sent the galley proofs for our JOCCH article, “Semantic Adjudication and Entity Agreement Protocols for Historical South Asian Legal Texts”",email_750
pa391,pn2,hasAuthor,"I am pleased to inform you that the ACM production team has just sent the galley proofs for our JOCCH article, “Semantic Adjudication and Entity Agreement Protocols for Historical South Asian Legal Texts”",email_750
pa391,pn1,hasAuthor,"I am pleased to inform you that the ACM production team has just sent the galley proofs for our JOCCH article, “Semantic Adjudication and Entity Agreement Protocols for Historical South Asian Legal Texts”",email_750
pa391,pn19,hasAuthor,"I am pleased to inform you that the ACM production team has just sent the galley proofs for our JOCCH article, “Semantic Adjudication and Entity Agreement Protocols for Historical South Asian Legal Texts”",email_750
pa510,pn19,hasAuthor,I've reviewed the document in detail and have just uploaded a marked version (“Section_4.2_JOCCH_Revision_MB_Footnotes_19Jan2025.docx”) to our shared drive.,email_966
pa510,pn1,hasAuthor,"Thank you, Sunita, for the prompt circulation of the updated Section 4.2 draft with tracked suggestions and harmonized internal references.",email_966
pa510,pn9,hasAuthor,Ananya’s earlier summary,email_966
pa510,pn2,hasAuthor,I flagged these with comments so Ramesh can target his compliance audit accordingly.,email_966
pa402,pn1,hasAuthor,"our manuscript, “Transparent Documentation Pipelines for Multilingual NLP on Historical Data: Compliance and Workflow Reflections,”",email_778
pa402,pn2,hasAuthor,"our manuscript, “Transparent Documentation Pipelines for Multilingual NLP on Historical Data: Compliance and Workflow Reflections,”",email_778
pa402,pn5,hasAuthor,"our manuscript, “Transparent Documentation Pipelines for Multilingual NLP on Historical Data: Compliance and Workflow Reflections,”",email_778
pa402,pn19,hasAuthor,"our manuscript, “Transparent Documentation Pipelines for Multilingual NLP on Historical Data: Compliance and Workflow Reflections,”",email_778
pa101,pn1,hasAuthor,"I am writing to share the revised draft of Section 4.2, which now includes the detailed error analysis for the cross-lingual transfer experiments, as discussed during our 6 November meeting.",email_198
pa101,pn5,hasAuthor,"I am writing to share the revised draft of Section 4.2, which now includes the detailed error analysis for the cross-lingual transfer experiments, as discussed during our 6 November meeting.",email_198
pa101,pn19,hasAuthor,"I am writing to share the revised draft of Section 4.2, which now includes the detailed error analysis for the cross-lingual transfer experiments, as discussed during our 6 November meeting.",email_198
pa101,pn2,hasAuthor,"I am writing to share the revised draft of Section 4.2, which now includes the detailed error analysis for the cross-lingual transfer experiments, as discussed during our 6 November meeting.",email_198
pa344,pn2,hasAuthor,"Thank you, Michael, for your meticulous final review and the constructive queries regarding the annotation inter-rater reliability and the citation of the new EMNLP 2022 benchmark.",email_643
pa344,pn19,hasAuthor,"Thank you, Michael, for your meticulous final review and the constructive queries regarding the annotation inter-rater reliability and the citation of the new EMNLP 2022 benchmark.",email_643
pa344,pn5,hasAuthor,"Ananya, thank you for your narrative refinements—your integration has created a seamless flow between sections, and the final impact framing captures our contribution succinctly.",email_643
pa344,pn1,hasAuthor,"Sunita, please glance over the revised paragraph to confirm accuracy and completeness, especially as it relates to the individual annotator statistics we collected in the last round.",email_643
pa479,pn1,hasAuthor,"Thank you, Ananya, for confirming the successful submission of our revised resource note to JOCCH (SUB-JOCCH-2024-0421).",email_905
pa479,pn2,hasAuthor,"Thank you, Ananya, for confirming the successful submission of our revised resource note to JOCCH (SUB-JOCCH-2024-0421).",email_905
pa479,pn5,hasAuthor,"Thank you, Ananya, for confirming the successful submission of our revised resource note to JOCCH (SUB-JOCCH-2024-0421).",email_905
pa479,pn19,hasAuthor,"Thank you, Ananya, for confirming the successful submission of our revised resource note to JOCCH (SUB-JOCCH-2024-0421).",email_905
pa245,pn1,hasAuthor,Corresponding Author: Sunita Sen,email_476
pa245,pn5,hasAuthor,"Co-authors: Ananya Chatterjee, Ramesh Bhatia, Michael Bradley",email_476
pa245,pn2,hasAuthor,"Co-authors: Ananya Chatterjee, Ramesh Bhatia, Michael Bradley",email_476
pa245,pn19,hasAuthor,"Co-authors: Ananya Chatterjee, Ramesh Bhatia, Michael Bradley",email_476
pa290,pn1,hasAuthor,"Sunita, I greatly appreciate your initiative in pulling together the error evaluation breakdown—it will serve as a robust foundation for both our research note",email_556
pa290,pn2,hasAuthor,"Sunita, I greatly appreciate your initiative in pulling together the error evaluation breakdown—it will serve as a robust foundation for both our research note",email_556
pa290,pn5,hasAuthor,"Sunita, I greatly appreciate your initiative in pulling together the error evaluation breakdown—it will serve as a robust foundation for both our research note",email_556
pa421,pn1,hasAuthor,"Thank you, Ananya, for your considered feedback on the draft “Appendix Navigation Table”",email_810
pa421,pn2,hasAuthor,"Thank you, Ananya, for your considered feedback on the draft “Appendix Navigation Table”",email_810
pa421,pn19,hasAuthor,"Thank you, Ananya, for your considered feedback on the draft “Appendix Navigation Table”",email_810
pa401,pn1,hasAuthor,"I am pleased to circulate the full, finalized manuscript (both Word and PDF versions)",email_777
pa401,pn2,hasAuthor,"I am pleased to circulate the full, finalized manuscript (both Word and PDF versions)",email_777
pa401,pn5,hasAuthor,"I am pleased to circulate the full, finalized manuscript (both Word and PDF versions)",email_777
pa401,pn19,hasAuthor,"I am pleased to circulate the full, finalized manuscript (both Word and PDF versions)",email_777
pa58,pn1,hasAuthor,"I have completed an initial draft of my section on cross-lingual entity normalization methods, as assigned for the JCDL tutorial proposal.",email_127
pa465,pn1,hasAuthor,"Sunita, Ananya, and Ramesh",email_889
pa465,pn5,hasAuthor,"Sunita, Ananya, and Ramesh",email_889
pa465,pn2,hasAuthor,"Sunita, Ananya, and Ramesh",email_889
pa465,pn19,hasAuthor,"Sunita, Ananya, and Ramesh",email_889
pa8,pn1,hasAuthor,"Thank you, Ananya, for outlining your visualization plan and raising these important clarifications.",email_37
pa8,pn5,hasAuthor,"Thank you, Ananya, for outlining your visualization plan and raising these important clarifications.",email_37
pa8,pn19,hasAuthor,"Thank you, Ananya, for outlining your visualization plan and raising these important clarifications.",email_37
pa8,pn2,hasAuthor,"Thank you, Ananya, for outlining your visualization plan and raising these important clarifications.",email_37
pa30,pn1,hasAuthor,Thank you all for your ongoing collaboration on our JOCCH manuscript.,email_207
pa30,pn2,hasAuthor,Thank you all for your ongoing collaboration on our JOCCH manuscript.,email_207
pa30,pn19,hasAuthor,Thank you all for your ongoing collaboration on our JOCCH manuscript.,email_207
pa30,pn5,hasAuthor,Thank you all for your ongoing collaboration on our JOCCH manuscript.,email_207
pa490,pn1,hasAuthor,"Sunita, your collation and layering of the disparate section materials into a cohesive draft is exemplary",email_925
pa490,pn5,hasAuthor,"Ananya, your commitment to a thorough tracked-changes review is much appreciated",email_925
pa490,pn2,hasAuthor,"If either you, Ananya, or Ramesh find inconsistencies during your reviews",email_925
pa173,pn1,hasAuthor,Thank you for your prompt communication and your attention to detail during the camera-ready process for ACL 2021.,email_340
pa173,pn13,hasAuthor,Thank you for your prompt communication and your attention to detail during the camera-ready process for ACL 2021.,email_340
pa48,pn5,hasAuthor,I am writing to inform you that we have received an initial editorial response for our JOCCH submission (Submission ID: SUB-JOCCH-2023-0193),email_739
pa48,pn2,hasAuthor,I am writing to inform you that we have received an initial editorial response for our JOCCH submission (Submission ID: SUB-JOCCH-2023-0193),email_739
pa48,pn1,hasAuthor,I am writing to inform you that we have received an initial editorial response for our JOCCH submission (Submission ID: SUB-JOCCH-2023-0193),email_739
pa48,pn19,hasAuthor,I am writing to inform you that we have received an initial editorial response for our JOCCH submission (Submission ID: SUB-JOCCH-2023-0193),email_739
pa512,pn1,hasAuthor,"Thank you all for your detailed feedback, careful compliance auditing, and consistent collaborative momentum throughout our Section 4.2 revision process.",email_968
pa512,pn2,hasAuthor,"Thank you all for your detailed feedback, careful compliance auditing, and consistent collaborative momentum throughout our Section 4.2 revision process.",email_968
pa512,pn19,hasAuthor,"Thank you all for your detailed feedback, careful compliance auditing, and consistent collaborative momentum throughout our Section 4.2 revision process.",email_968
pa423,pn1,hasAuthor,I have now circulated the current consolidated version of our reflection memo draft to the group via our shared Google Drive.,email_812
pa423,pn2,hasAuthor,I have now circulated the current consolidated version of our reflection memo draft to the group via our shared Google Drive.,email_812
pa423,pn19,hasAuthor,I have now circulated the current consolidated version of our reflection memo draft to the group via our shared Google Drive.,email_812
pa423,pn5,hasAuthor,I have now circulated the current consolidated version of our reflection memo draft to the group via our shared Google Drive.,email_812
pa129,pn1,hasAuthor,I am pleased to confirm that both Michael’s cross-domain corpus references and Ananya’s “Boundary Error” footnote have now been integrated into the main LaTeX manuscript following the guidelines discussed.,email_239
pa129,pn2,hasAuthor,I am pleased to confirm that both Michael’s cross-domain corpus references and Ananya’s “Boundary Error” footnote have now been integrated into the main LaTeX manuscript following the guidelines discussed.,email_239
pa129,pn19,hasAuthor,I am pleased to confirm that both Michael’s cross-domain corpus references and Ananya’s “Boundary Error” footnote have now been integrated into the main LaTeX manuscript following the guidelines discussed.,email_239
pa129,pn5,hasAuthor,I am pleased to confirm that both Michael’s cross-domain corpus references and Ananya’s “Boundary Error” footnote have now been integrated into the main LaTeX manuscript following the guidelines discussed.,email_239
pa116,pn1,hasAuthor,"The supplementary Jupyter notebook’s introductory markdown cell has also been updated to directly reference the compliance protocol and attached flowchart, with explicit hyperlinks to the relevant supplementary files as per our reproducibility guidelines.",email_239
pa116,pn2,hasAuthor,"The supplementary Jupyter notebook’s introductory markdown cell has also been updated to directly reference the compliance protocol and attached flowchart, with explicit hyperlinks to the relevant supplementary files as per our reproducibility guidelines.",email_239
pa116,pn19,hasAuthor,"The supplementary Jupyter notebook’s introductory markdown cell has also been updated to directly reference the compliance protocol and attached flowchart, with explicit hyperlinks to the relevant supplementary files as per our reproducibility guidelines.",email_239
pa116,pn5,hasAuthor,"The supplementary Jupyter notebook’s introductory markdown cell has also been updated to directly reference the compliance protocol and attached flowchart, with explicit hyperlinks to the relevant supplementary files as per our reproducibility guidelines.",email_239
pa31,pn1,hasAuthor,"Dear Ananya, Sunita, and Michael, I am pleased to confirm the completion of the finalized compliance protocol document and accompanying flowchart for our JOCCH minor revision (SUB-JOCCH-2020-0047)",email_230
pa31,pn2,hasAuthor,"Dear Ananya, Sunita, and Michael, I am pleased to confirm the completion of the finalized compliance protocol document and accompanying flowchart for our JOCCH minor revision (SUB-JOCCH-2020-0047)",email_230
pa31,pn5,hasAuthor,"Dear Ananya, Sunita, and Michael, I am pleased to confirm the completion of the finalized compliance protocol document and accompanying flowchart for our JOCCH minor revision (SUB-JOCCH-2020-0047)",email_230
pa293,pn1,hasAuthor,"All slides for the main session—including opening remarks, keynote overview, demonstration workflow, and ethics in NLP—are provided in both .pptx and PDF formats with accessible design features.",email_567
pa293,pn5,hasAuthor,"All slides for the main session—including opening remarks, keynote overview, demonstration workflow, and ethics in NLP—are provided in both .pptx and PDF formats with accessible design features.",email_567
pa293,pn2,hasAuthor,"All slides for the main session—including opening remarks, keynote overview, demonstration workflow, and ethics in NLP—are provided in both .pptx and PDF formats with accessible design features.",email_567
pa293,pn19,hasAuthor,"All slides for the main session—including opening remarks, keynote overview, demonstration workflow, and ethics in NLP—are provided in both .pptx and PDF formats with accessible design features.",email_567
pa294,pn1,hasAuthor,Annotated code notebooks for the OCR error correction module and accompanying annotated sample datasets (in CSV and JSONL formats) are now available.,email_567
pa294,pn5,hasAuthor,Annotated code notebooks for the OCR error correction module and accompanying annotated sample datasets (in CSV and JSONL formats) are now available.,email_567
pa294,pn2,hasAuthor,Annotated code notebooks for the OCR error correction module and accompanying annotated sample datasets (in CSV and JSONL formats) are now available.,email_567
pa294,pn19,hasAuthor,Annotated code notebooks for the OCR error correction module and accompanying annotated sample datasets (in CSV and JSONL formats) are now available.,email_567
pa295,pn1,hasAuthor,"Structured instruction guides, sample annotation tasks, and scenario prompts for small-group activities.",email_567
pa295,pn5,hasAuthor,"Structured instruction guides, sample annotation tasks, and scenario prompts for small-group activities.",email_567
pa295,pn2,hasAuthor,"Structured instruction guides, sample annotation tasks, and scenario prompts for small-group activities.",email_567
pa295,pn19,hasAuthor,"Structured instruction guides, sample annotation tasks, and scenario prompts for small-group activities.",email_567
pa296,pn1,hasAuthor,"Details on recommended browser accessibility tools, instructions for enabling live captions, and alternate text files for all visual materials.",email_567
pa296,pn5,hasAuthor,"Details on recommended browser accessibility tools, instructions for enabling live captions, and alternate text files for all visual materials.",email_567
pa296,pn2,hasAuthor,"Details on recommended browser accessibility tools, instructions for enabling live captions, and alternate text files for all visual materials.",email_567
pa296,pn19,hasAuthor,"Details on recommended browser accessibility tools, instructions for enabling live captions, and alternate text files for all visual materials.",email_567
pa297,pn1,hasAuthor,This includes a sign-up link for interested participants (linked to a Google Form) and proposed sequence for the informal networking session.,email_567
pa297,pn5,hasAuthor,This includes a sign-up link for interested participants (linked to a Google Form) and proposed sequence for the informal networking session.,email_567
pa297,pn2,hasAuthor,This includes a sign-up link for interested participants (linked to a Google Form) and proposed sequence for the informal networking session.,email_567
pa297,pn19,hasAuthor,This includes a sign-up link for interested participants (linked to a Google Form) and proposed sequence for the informal networking session.,email_567
pa87,pn1,hasAuthor,"it’s encouraging to see the lay abstract draft, compliance appendices (Stanford and joint), and preliminary section materials now available for group review.",email_180
pa88,pn1,hasAuthor,"it’s encouraging to see the lay abstract draft, compliance appendices (Stanford and joint), and preliminary section materials now available for group review.",email_180
pa89,pn1,hasAuthor,"it’s encouraging to see the lay abstract draft, compliance appendices (Stanford and joint), and preliminary section materials now available for group review.",email_180
pa90,pn2,hasAuthor,My own draft on the “Historical Corpus Profiling” section is complete and uploaded as of this morning.,email_180
pa91,pn19,hasAuthor,"Michael’s “Evaluation & Benchmarks” draft is now visible—thank you, Michael, for posting this punctually.",email_180
pa92,pn5,hasAuthor,"Ananya, your progress on the methods section is appreciated, and I have no concerns about the brief extension you mentioned.",email_180
pa135,pn19,hasAuthor,My email should indeed be “michael@cs.stanford.edu” (please update the galley accordingly).,email_249
pa135,pn1,hasAuthor,"Thank you, Sunita, for so efficiently compiling all corrections and summarizing the remarks.",email_249
pa135,pn2,hasAuthor,"Thank you, Sunita, for so efficiently compiling all corrections and summarizing the remarks.",email_249
pa135,pn5,hasAuthor,Ananya’s and your points cover the main minor issues I noticed as well.,email_249
pa385,pn5,hasAuthor,"Thank you, Ramesh, for submitting our manuscript and for your meticulous orchestration of both the integration and metadata steps.",email_735
pa385,pn2,hasAuthor,"Thank you, Ramesh, for submitting our manuscript and for your meticulous orchestration of both the integration and metadata steps.",email_735
pa385,pn1,hasAuthor,"Thank you, Ramesh, for submitting our manuscript and for your meticulous orchestration of both the integration and metadata steps.",email_735
pa385,pn19,hasAuthor,"Thank you, Ramesh, for submitting our manuscript and for your meticulous orchestration of both the integration and metadata steps.",email_735
pa388,pn1,hasAuthor,Thank you for your collaborative efforts in addressing all the editorial comments for our JOCCH submission (SUB-JOCCH-2023-0193).,email_742
pa388,pn2,hasAuthor,Thank you for your collaborative efforts in addressing all the editorial comments for our JOCCH submission (SUB-JOCCH-2023-0193).,email_742
pa388,pn19,hasAuthor,Thank you for your collaborative efforts in addressing all the editorial comments for our JOCCH submission (SUB-JOCCH-2023-0193).,email_742
pa20,pn1,hasAuthor,"Sunita and Ananya will collaborate on initial drafting—Sunita on methods/results visuals, Ananya on the narrative structure.",email_54
pa20,pn9,hasAuthor,"Sunita and Ananya will collaborate on initial drafting—Sunita on methods/results visuals, Ananya on the narrative structure.",email_54
pa72,pn19,hasAuthor,I have completed the first draft of our revision memo (“JCDL2020_Revision_Memo_Michael_24Jun2020.pdf”).,email_147
pa72,pn1,hasAuthor,"Thank you, Sunita, for the diligent preparation and prompt upload of the finalized screencast.",email_147
pa72,pn2,hasAuthor,The integration of Ramesh’s corpus period note and the explicit cross-referencing with the updated slide materials,email_147
pa72,pn5,hasAuthor,"Thank you, Sunita, for the diligent preparation and prompt upload of the finalized screencast.",email_147
pa48,pn1,hasAuthor,Each author has been assigned writing responsibilities based on the outline (details now in the shared Google Doc).,email_173
pa48,pn9,hasAuthor,Each author has been assigned writing responsibilities based on the outline (details now in the shared Google Doc).,email_173
pa48,pn8,hasAuthor,Each author has been assigned writing responsibilities based on the outline (details now in the shared Google Doc).,email_173
pa48,pn7,hasAuthor,Each author has been assigned writing responsibilities based on the outline (details now in the shared Google Doc).,email_173
pa155,pn5,hasAuthor,Ananya Chatterjee is involved in the manuscript's iterative build and coordination.,email_305
pa155,pn19,hasAuthor,Michael Bradley is involved in the manuscript's iterative build and coordination.,email_305
pa155,pn1,hasAuthor,Sunita Sen is involved in the manuscript's iterative build and coordination.,email_305
pa155,pn2,hasAuthor,Ramesh Bhatia is involved in the manuscript's iterative build and coordination.,email_305
