:ID,mergeConfidence,mergedFrom,taskDate,taskName,:LABEL
tk3253,,,,review and confirm revised language,Task
tk1432,,,,"assignment of revisions (annotation provenance, compliance appendix, formatting/cross-referencing)",Task
tk1433,,,,internal milestone and upload deadlines,Task
tk1434,,,,compliance documentation and administrative actions,Task
tk1436,,,,next steps and communication logistics,Task
tk1437,,,TBD,ACL camera-ready submission,Task
tk539,,,today,upload drafts and feedback,Task
tk540,,,late tonight or midday UK time tomorrow,provide two anonymized sample mappings,Task
tk541,,,late tonight or midday UK time tomorrow,include a one-slide summary visual of the FAIR pipeline and recommendations for sensitive data management,Task
tk542,,,late tonight or midday UK time tomorrow,assemble the integrated draft and circulate it for internal review,Task
tk543,,,2019-04-18,final circulation,Task
tk255,,,2023-10-18,internal review,Task
tk3687,,,2024-01-15,incorporating final feedback,Task
tk3688,,,2024-01-15,review response draft,Task
tk3689,,,2024-01-15T18:00:00Z,alerting about specific points,Task
tk3851,,,,expanding annotation guidelines,Task
tk3852,,,,language normalization methodology,Task
tk3853,0.8182,"['tk3859', 'tk3866', 'tk3878', 'tk3879', 'tk3882']",2024-04-24,preparing material on normalization workflows and agreement statistics (agreement statistics section),Task
tk3842,,,2024-04-22,planning call,Task
tk3854,,,,noting recent developments in digital resource hosting,Task
tk3855,,,,designating outreach liaisons,Task
tk3856,,,,coordinating user study protocol,Task
tk3857,,,,preparing core datasets or supplementary analyses,Task
tk3858,,,,submitting a dataset note or technical report,Task
tk2982,,,2023-03-24,notify JCDL Proceedings Committee,Task
tk2983,,,Not specified,session planning and presentation materials,Task
tk2984,,,Not specified,initial virtual check-in,Task
tk1522,,,,evaluation methodology update,Task
tk1523,0.7786,['tk1532'],,cross-institutional dataset benchmarking (cross-institutional benchmarking),Task
tk1621,,,2021-06-19,final and thorough review of consolidated camera-ready package,Task
tk2973,,,Not specified,copyright form confirmation,Task
tk2974,,,Not specified,session scheduling preparation,Task
tk380,,,2023-12-15,checking each hyperlink in the compliance appendix,Task
tk381,,,2023-12-15,providing a summary of checks and any suggested tweaks,Task
tk2600,,,2023-06-10,incorporating illustrative participant feedback and anonymized chat excerpts,Task
tk2602,,,2023-06-10,coordinating on standardized captioning and color schemes,Task
tk2603,,,2023-06-10,sharing partial drafts and key figures,Task
tk2604,0.8251,['tk2622'],2023-06-10,collating extra background material on accessibility evaluation frameworks (sharing additional references for accessibility evaluation),Task
tk793,,,2019-08-12,expand Section 4.2 and perform error analysis,Task
tk794,,,2019-11-10,finalize graphical abstract,Task
tk795,,,2019-11-12,formatting and code appendix,Task
tk797,,,2019-11-10,confirm new evaluation metrics fit within word limits,Task
tk798,,,2019-11-10,update Table 3 formatting,Task
tk1472,,,2023-02-06,Harmonization Phase,Task
tk1477,0.8662,"['tk1482', 'tk1483']",2021-02-09,line-by-line check of the 'synthetic instance generation protocol' discussion (harmonization stage progress),Task
tk1478,,,2021-02-09,final scan for template or macro issues,Task
tk1479,,,2021-02-09,provide final checklist,Task
tk1480,,,2021-02-12,emergency synchronization call,Task
tk1481,,,2021-02-12,"final integration, PDF validation, and Softconf upload",Task
tk1286,,,TBD,drafting features matrix,Task
tk1294,,,2023-09-30,collating transparency requirements and timeline details,Task
tk1295,,,2023-10-03,confirming Google Meet,Task
tk1495,,,2021-02-23,minor correction request,Task
tk3376,,,,timely contributions to the Project Retrospective & Workflow Reference,Task
tk3377,,,,annotated drafts on communication protocols and escalation scenarios,Task
tk3378,,,,compliance notes,Task
tk3379,0.7595,['tk3371'],2023-07-28,updating flowchart reflecting remote collaboration feedback (revised workflow diagram),Task
tk3380,,,2023-07-28,coordinate numbering/caption styles for diagrams and callouts,Task
tk3381,0.786,['tk4527'],2023-08-01,group feedback on shared Google Doc (populating shared Google Doc),Task
tk2269,0.8052,['tk3826'],2022-MM-DD 20:00 GMT,final review and sign-off (digital sign-off),Task
tk667,0.804,['tk924'],2023-08-11,Reviewing updated JOCCH table guidelines (review JOCCH guidelines),Task
tk668,,,,discuss evaluation metrics and repository documentation,Task
tk669,,,,discuss authorship order and individual contributions,Task
tk670,,,,brainstorm ideas for ACM Digital Library's public-facing summary,Task
tk1087,,,2023-08-08,finalize edits in shared Google Doc,Task
tk1088,,,2023-08-08,share outreach email template and proposed agenda,Task
tk1089,,,,public summary finalization and dissemination,Task
tk1090,,,,webinar structure and division of roles,Task
tk1091,,,,registration and promotion plan,Task
tk1092,0.8135,['tk1096'],,Scheduling and next milestones aligned with the article's official online publication (timeline alignment with the publication DOI),Task
tk3561,,,,,Task
tk3562,,,,,Task
tk3563,,,,,Task
tk3565,,,,,Task
tk3566,,,,,Task
tk3567,,,,,Task
tk3568,,,tomorrow,annotation deadline,Task
tk3747,,,,,Task
tk3748,,,2022-05-17,technical compliance check,Task
tk2575,,,2024-03-06,sync call,Task
tk3750,,,2024-03-22,internal deadline,Task
tk720,,,,,Task
tk722,,,,,Task
tk723,,,,,Task
tk724,,,,,Task
tk725,,,,,Task
tk727,,,2023-09-13,full-draft circulation and review,Task
tk500,,,2023-04-06,consolidation call,Task
tk1269,,,2023-09-28T18:00:00Z,Final review of 'docs/faq/',Task
tk1270,,,2023-09-28T18:00:00Z,Final review of 'docs/legal/',Task
tk1271,,,2023-09-28T18:00:00Z,Final review of 'docs/compliance/',Task
tk1272,,,2023-09-28T18:00:00Z,Confirm logical flow of technical and legal references,Task
tk1273,,,2023-09-28T18:00:00Z,Indicate final compliance notes or adjustments,Task
tk1274,,,2023-09-29T12:00:00Z,Prepare public draft of the knowledge base,Task
tk1275,,,2023-09-29T12:00:00Z,Consider initial publication targets,Task
tk1583,,,2023-03-17,group review,Task
tk469,,,,camera-ready submission,Task
tk1584,,,,bio updates,Task
tk1585,,,,textual tweaks,Task
tk1586,,,,visual content,Task
tk1587,,,,checklist circulation,Task
tk1588,,,,draft calendar creation,Task
tk1589,,,,figure resolution check,Task
tk1590,,,,citation consistency check,Task
tk1591,,,,provenance annotation slide review,Task
tk569,,,,drafting the screencast outline,Task
tk571,,,,reviewing the preliminary outline,Task
tk573,,,,uploading assets to the 'Revision_Materials' folder,Task
tk575,,,,finalizing the division of tasks,Task
tk1730,,,2020-08-03,circulate a detailed feedback summary and template for annotation reproducibility,Task
tk1731,,,2020-08-02,identify and share 3–4 key recent articles on OCR post-processing,Task
tk1733,,,2020-08-06,review and comment on the JOCCH submission guidelines and recent special issue topics,Task
tk1734,,,2020-03-07,"write Introduction, methods, and corpus construction details",Task
tk1735,,,2020-03-07,"write Experimental framework, evaluation metrics, and OCR post-processing section",Task
tk1736,,,2020-03-07,write Related work and bias mitigation strategies,Task
tk1737,,,2020-03-07,"Integration, overall framing, and correspondence with the journal",Task
tk1738,,,2020-09-15,team review,Task
tk464,,,,integration of illustrative examples in Section 4.2,Task
tk465,,,,technical summary of normalization workflow,Task
tk466,,,,efforts in accessibility,Task
tk468,,,,presentation at EMNLP or JCDL later this year,Task
tk2111,,,,drafting press release,Task
tk2119,,,,adding institutional viewpoint,Task
tk807,,,,integrating summary F1 scores from Table 4 into graphical abstract,Task
tk808,,,,reviewing revised graphical abstract,Task
tk809,,,,providing preferences for visual cues or references,Task
tk810,0.8859,['tk839'],,updating references to graphical abstract in 'Response to Reviewers' draft (updates to the graphical abstract),Task
tk811,,,,condensing figure captions or result summaries,Task
tk446,,,,proposed addition to Appendix B on the name normalization-OCR pipeline linkage,Task
tk447,,,,accessibility re-tagging of Tables 3 and 5,Task
tk448,,,2023-01-18,finalizing respective sections,Task
tk449,,,,compiling the unified LaTeX and updating the tagged PDF,Task
tk451,,,2023-01-20,brief Zoom call,Task
tk4069,,,2023-09-18,Cross-listing event description,Task
tk4070,,,2023-09-18,Circulate Zoom registration link and Q&A survey,Task
tk4071,,,2023-09-18,Incorporate details into event blurb,Task
tk4072,,,2023-09-18,"Dissemination through IACS DH mailing list, posters, and Slack groups",Task
tk4073,,,2023-09-18,Custom adaptation to Oxford’s channels,Task
tk4074,,,2023-09-18,Refinement of event description and registration materials,Task
tk912,,,within the next 3 to 5 working days,formal acknowledgment from JOCCH’s editorial office,Task
tk913,,,,retain all local project files and supplement versions until peer review is fully complete,Task
tk3613,,,,standardized terminology check,Task
tk3614,,,,artifact cross-references and compliance citations update,Task
tk3615,,,,lessons-learned synthesis paragraph approval and integration,Task
tk3616,,,,"authorship, affiliation, and funding statements verification",Task
tk3617,,,tomorrow,final approval for ACL submission,Task
tk2611,0.817,['tk2620'],2020-10-30,integrating participant feedback into draft (Section Progress & Cross-Linking),Task
tk2613,0.8288,"['tk3145', 'tk842']",2020-10-30,submission to the ACM Journal on Computing and Cultural Heritage (Publication Pathway Decision),Task
tk2614,,,2020-06-18,Revised sections submission,Task
tk2615,,,2020-06-25,Integrated full draft circulation,Task
tk2616,,,2020-06-14,Collation of supplementary accessibility framework references,Task
tk2617,,,2020-06-18,Flagging permissions or technical integration issues,Task
tk2618,,,2020-06-25,Review and provide in-line comments,Task
tk2619,,,2020-06-12,Additional corrections or questions,Task
tk2275,,,,timely sign-offs,Task
tk2276,,,,preparation of final presentation deck,Task
tk2277,,,,preparation of supporting documentation,Task
tk2278,,,,preparation of coordinated press releases,Task
tk2279,,,,monitoring dedicated drive for correspondence,Task
tk2280,,,,providing additional materials if requested,Task
tk4475,,,2023-03-28,suggest structural/material changes,Task
tk4476,,,2023-03-31,contribute to substantive sections,Task
tk4477,0.833,"['tk4453', 'tk4460', 'tk4510']",2023-04-02,drafting an abstract and submitting it for the April seminar (submit colloquium abstract),Task
tk220,,,2019-05-20,"uploading finalized, submitted package",Task
tk221,,,2019-05-20,reviewing submitted files,Task
tk222,,,2019-05-20,notifying discrepancies,Task
tk3666,,,,progress tracking,Task
tk3667,,,,reference management,Task
tk3668,,,2023-01-11,update Overleaf bibliography to ACL BibTeX style,Task
tk3669,,,2023-01-11,figure attribution plan,Task
tk3670,,,2023-01-11,integration of JDoc and ACM JOCCH sources,Task
tk3671,,,2023-01-11,harmonization/generalization section drafting,Task
tk547,,,,integration of all sections into the master slide deck,Task
tk549,,,2023-04-07,final team review,Task
tk2063,,,2020-05-15,Final Language & Protocol Review,Task
tk2064,0.8504,['tk1567'],2020-05-15,providing institutional sign-off (Institutional Sign-offs),Task
tk2065,,,2020-05-15,Submission Materials Checklist,Task
tk2066,,,2023-03-10,submission logistics,Task
tk2067,,,2020-05-15,Press Protocol & Embargo,Task
tk2068,,,2020-05-17,Submit final package via JCDL 2022 portal,Task
tk2069,,,2020-05-17,Confirm receipt of submitted files and acknowledge the submission email,Task
tk2070,,,Tentative,Draft press engagement note for circulation upon acceptance,Task
tk736,,,,,Task
tk737,,,2023-08-31,provide direct in-document comments,Task
tk738,,,,,Task
tk739,,,,,Task
tk740,,,2023-09-01,integration milestone,Task
tk2821,,,2023-08-21,complete all in-line edits and finalize respective sections,Task
tk2822,,,2023-08-25,submit to JCDL 2023,Task
tk298,,,2019-06-20,finalizing 'Sensitive Data & Risk Assessment' text,Task
tk299,0.7915,['tk307'],2019-06-20,cross-checking integration of 'Sensitive Data & Risk Assessment' section (reviewing and inserting 'Sensitive Data & Risk Assessment'),Task
tk300,,,2019-06-21,conducting rapid check of Sections 3 and 5,Task
tk301,,,2019-06-21,signing off on merged documentation,Task
tk1060,,,,assist with writing and outreach at Stanford,Task
tk1061,,,,,Task
tk1062,,,,finalizing the core highlights,Task
tk1063,0.7876,"['tk1094', 'tk1107']",2023-09-18,Finalising the structure and technical/demo roles for the late September webinar (post-launch webinar),Task
tk1064,,,TBC,upcoming Zoom planning meeting,Task
tk1065,,,,drafting the outreach summary and slide deck,Task
tk213,0.838,['tk210'],2019-05-20,initiate the standard administrative pre-submission review (administrative review),Task
tk214,,,2019-05-28,submission to ACL,Task
tk551,,,2020-04-19,finalization of the master slide deck,Task
tk552,0.8772,['tk555'],2020-04-19,submission to the JCDL 2020 committee (submission to JCDL 2020),Task
tk553,,,2020-04-19,confirmation of approval,Task
tk3657,,,present,revision phase,Task
tk3658,,,present,harmonization and generalization section,Task
tk3659,,,present,citation updates,Task
tk3660,,,2023-01-10,uploading first complete version,Task
tk3661,,,2023-01-11,sharing incremental drafts,Task
tk4125,,,,Figures/Appendices,Task
tk4126,,,,Submission Planning,Task
tk947,,,2023-03-31,Table 2 (ErrorPrivacy Summary) formatting revisions,Task
tk948,,,2023-04-01,Review and approve table,Task
tk441,,,2020-01-16,iterative re-tagging of Tables 3 and 5,Task
tk442,,,2020-01-16,integration of illustrative examples,Task
tk443,,,2020-01-17,secondary check on fully compiled PDF,Task
tk444,,,2020-01-17,upload tagged PDF snapshots and checklist,Task
tk4235,0.7788,['tk4240'],2024-11-07,uploading the detailed legal protocol comparative matrix (uploading the legal protocol matrix),Task
tk4236,,,2024-11-07,providing comments or suggested edits,Task
tk4237,,,2024-11-07,formatting the integrated appendix section,Task
tk4238,,,2024-11-07,embedding footnotes throughout the main narrative,Task
tk4239,,,2024-11-07,harmonizing figure notes with the matrix,Task
tk120,,,2023-05-07,finalizing the protocol,Task
tk121,,,,commencing annotation collection,Task
tk3356,,,within the next 24 hours,draft flowchart creation,Task
tk3357,,,2019-07-20,review meeting,Task
tk3358,,,,collate everyone's preference for meeting time,Task
tk3359,,,,prepare visual components and bullet-point lessons learned summary,Task
tk847,0.8166,['tk887'],2019-02-05,updated domain shift analysis review,Task
tk848,0.8122,['tk886'],2019-02-07,code anchor methods subsection review (Code Anchor System Methodology),Task
tk849,,,2019-02-07,Ethical Data Sourcing & Compliance,Task
tk850,,,2019-02-07,Editing and Table Integration,Task
tk851,,,2019-02-07,Initial drafts,Task
tk852,,,2019-02-10,Internal feedback and integration,Task
tk853,,,2019-02-22,Final revision ready for pre-submission checks,Task
tk854,,,2020-06-10,check-in call,Task
tk3009,,,2021-07-15,upload draft slides,Task
tk3010,,,2021-07-15,propose unified design template,Task
tk3011,,,2021-07-15,coordinate content handoff,Task
tk3012,,,2021-04-05,circulate probable audience questions,Task
tk3013,,,2021-04-15,prepare two versions of presentation,Task
tk3014,,,2021-04-15,coordinate consolidation of poster materials,Task
tk3015,,,2021-04-15,take lead on format adaptation,Task
tk2244,,,2022-04-07,internal rehearsal,Task
tk3016,,,2021-07-17,review and provide feedback on slides,Task
tk3017,,,2021-07-15,update assigned materials,Task
tk3018,,,2021-07-15,confirm slide uploads,Task
tk3019,,,2021-07-15,circulate Doodle poll for rehearsal slot,Task
tk3020,,,2021-07-17,collective review of Q&A document,Task
tk2105,0.7599,['tk3267'],within 72 hours,verify galley proofs (proof review),Task
tk282,,,2023-06-15,Dataset Documentation Review,Task
tk283,,,2023-06-15,Technical Validation Pipeline,Task
tk284,,,2023-06-15,Compliance Issues,Task
tk285,,,2023-06-20,Finalize Documentation Draft,Task
tk286,0.8696,['tk290'],2023-06-18,uploading latest version of validation logs (Upload Updated Validation Logs),Task
tk287,0.8235,"['tk292', 'tk297', 'tk306', 'tk3942', 'tk4463', 'tk4473', 'tk4482', 'tk4487']",2023-06-19,appending 'do's and don'ts' checklist to final memo (do's and don'ts checklist),Task
tk288,,,2023-06-21,Confirm Attestation Requirements,Task
tk1077,,,2019-08-08,outreach and webinar plans,Task
tk1078,0.8402,"['tk1056', 'tk1856']",2023-09-12,drafting the outreach summary (summary draft),Task
tk1079,,,2019-08-08,section on South Asian corpora,Task
tk1080,,,2019-08-08,add paragraph on digitization partnerships,Task
tk1081,,,2019-08-08,share sentences on FAIR data principles,Task
tk1082,0.8195,"['tk2210', 'tk2855']",2019-08-09,sending out Zoom invite for call scheduling (Zoom meeting),Task
tk1083,,,2019-08-08,collaborate on webinar logistics,Task
tk1084,,,2019-08-08,content review or presenting live demo,Task
tk1085,0.8148,['tk1069'],2019-08-08,provide template for outreach emails (outreach email template),Task
tk1086,,,2019-08-08,draft agenda,Task
tk353,0.7874,['tk359'],2019-09-03,integrate compliance appendix version into the main manuscript (integrate revised appendix into main manuscript),Task
tk354,,,2019-09-03,suggest clarifications for annotator rights and third-party reuse,Task
tk708,0.8189,['tk3482'],2020-08-26,integrating all materials into the master draft (consolidate manuscript materials),Task
tk710,,,2020-08-29,brief status check,Task
tk711,,,2020-09-13,integration,Task
tk694,0.8719,"['tk713', 'tk717']",2023-08-18,uploading lay abstract draft (draft lay abstract),Task
tk712,,,2020-08-26,place institutional compliance appendices,Task
tk4405,,,,,Task
tk4406,,,2023-03-18,co-review integration points and confirm consistent labeling,Task
tk4407,,,2023-03-15,submit finalized version,Task
tk2723,0.8502,['tk4449'],2022-06-XX,monitoring inboxes for notifications,Task
tk2724,,,2022-06-XX,documenting new insights or relevant literature,Task
tk2034,,,2022-11-23,review and leave in-document comments,Task
tk2035,,,2022-11-30,final policy confirmation,Task
tk2036,,,2022-11-30,schedule a brief check-in,Task
tk2271,,,,update to the FAQ slide,Task
tk2272,,,,revised regional engagement visuals,Task
tk714,,,2023-08-24,review lay abstract draft,Task
tk715,,,2023-08-24,finalize Oxford compliance appendix,Task
tk716,,,2023-08-25,complete methods section overview,Task
tk706,,,2023-08-29,status check,Task
tk3462,,,2023-10-16,compliance workflow table preparation,Task
tk3463,,,2023-10-17,delivery of inter-annotator agreement tables,Task
tk3464,,,2023-10-18,asynchronous review window,Task
tk3465,,,2023-10-21,final draft of compliance and experimental sections,Task
tk3466,,,2023-10-23,style harmonization,Task
tk3467,,,2023-10-24,master draft milestone,Task
tk1968,,,2022-10-29,expanding the set of proactive outreach scenarios,Task
tk1969,,,2022-10-29,preparing a unified version for sign-off,Task
tk1970,,,2022-10-29,planning for JCDL 2022,Task
tk3713,,,2023-03-09,camera-ready preparations,Task
tk3714,,,2023-03-01,organizational call,Task
tk3717,,,,review draft for Section 4.3 and Figure 2 workflow updates,Task
tk3844,,,,including sub-dialectal code-switching patterns analysis,Task
tk3845,,,,including longitudinal adaptation studies analysis,Task
tk3846,,,,elaborating on annotation guidelines,Task
tk3847,,,,elaborating on historic language normalization pipeline,Task
tk3848,,,,drafting a formal resource paper for dataset release,Task
tk3849,,,,maximizing visibility and community reusability of the dataset,Task
tk3850,,,,outlining a modest user study to track dataset uptake,Task
tk1054,,,2019-04-24,planning meeting,Task
tk1624,,,,oral presentation logistics confirmation,Task
tk1625,,,,dry-run rehearsal scheduling,Task
tk4049,,,,,Task
tk4050,,,,,Task
tk4044,,,2023-09-16,preparatory call,Task
tk699,,,2023-09-05,reviewing the draft,Task
tk4051,,,tomorrow,preparing a tracked-changes markup,Task
tk4052,,,,,Task
tk4053,,,,,Task
tk4054,,,,,Task
tk1604,,,2019-06-13,"upload revised, higher-resolution versions of the workflow and provenance metadata figures",Task
tk1605,,,Not specified,finalize formatting and create the consolidated PDF of presenter bios,Task
tk1606,,,2019-06-15,expand the model bias section in Q&A document,Task
tk1607,,,2019-06-16,coordinate signatures for institutional compliance forms,Task
tk1608,,,2019-06-18,assemble all updated materials and circulate the camera-ready package,Task
tk1609,,,2019-06-17,final walkthrough of the filled checklist,Task
tk1610,,,2019-06-16,review the updated slide deck and drafts,Task
tk4452,,,,circulating a collaborative Google Doc for 'Lessons Learned' memo,Task
tk4454,,,,disseminating workflow refinements through short-form publications,Task
tk4455,,,,developing a practical methods note on annotation toolkit,Task
tk4456,,,,targeting EMNLP 'System Demonstrations',Task
tk4457,,,,targeting JDoc technical communication,Task
tk4458,,,,internal dissemination through a 10-minute presentation at the next departmental research colloquium,Task
tk3360,,,2023-07-19,generate and circulate the Zoom meeting link,Task
tk3361,,,2023-07-19,assigning leads for section finalization,Task
tk3362,,,2023-07-19,establishing a rough timeline for document completion and periodic review,Task
tk4032,,,2024-03-15,upload annotated drafts,Task
tk4033,,,2024-03-15,write up case study,Task
tk4034,,,2024-03-15,draft future directions,Task
tk4035,,,2024-09-18,confirm seminar date,Task
tk4036,,,2024-09-18,draft invitations,Task
tk4037,,,2024-09-18,solicit common questions,Task
tk3737,,,,revising Section 4.3,Task
tk3738,,,,clarifying the annotation workflow in Figure 2,Task
tk3739,,,,providing historical examples for protocol-specific exceptions,Task
tk3740,,,2023-03-09,technical compliance pass,Task
tk3741,,,2023-03-09,validating data and repository accessibility,Task
tk3742,0.8192,['tk3781'],2023-03-09,final compliance documentation (internal review submission),Task
tk435,0.7824,['tk445'],2023-01-16,drafting illustrative examples for annotation guidelines (draft of illustrative annotation examples (Section 4.2)),Task
tk436,,,2023-01-16,cross-verification with Oxford team,Task
tk437,,,2023-01-16,circulate draft text for review,Task
tk2185,,,,submission of finalized content for JCDL 2022 program newsletter,Task
tk2186,,,,internal review of submitted materials,Task
tk2187,,,,providing revised versions of materials if required,Task
tk2188,,,,review of draft bulletin before publication,Task
tk2189,,,,coordination of supplementary content or institutional quotes,Task
tk3167,,,2023-05-10,"Introduction, Datasets & Annotation Pipeline, Reproducibility & Code Release",Task
tk3168,,,2023-05-10,"Related Work, Methodology – Semantic Metrics Alignment, contributions to Discussion & Future Work",Task
tk3169,,,2023-05-10,"Methodology – Error Analysis, Overall Evaluative Methodology, visualizations, integration of metrics into Discussion",Task
tk3170,,,2023-05-25,"Final review, manuscript integration, submission logistics",Task
tk3171,,,2023-05-11,Section exchange and peer review,Task
tk3172,,,2023-05-17,Group writing sprint,Task
tk3173,,,2023-05-20,Final consolidated draft ready for full review,Task
tk3174,,,2023-05-25,Target submission to ACM JOCCH,Task
tk135,,,2019-05-12,review annotation feedback forms,Task
tk136,,,2019-05-13,focused session to discuss annotation feedback,Task
tk2267,,,2022-04-11,review updated FAQ slide and regional charts,Task
tk2665,,,2023-06-25,merged draft review,Task
tk2666,,,2023-06-25,supplementary files verification,Task
tk2667,,,2023-06-25,author order & institutional details verification,Task
tk2668,,,2023-06-25,submission checklist verification,Task
tk2669,,,2023-06-26,upload to JOCCH submission portal,Task
tk2670,,,2023-06-25,final check on Acknowledgments section,Task
tk2671,,,2023-06-25,address last-minute tracked changes/comments,Task
tk2672,,,2023-06-26,complete online portal upload,Task
tk3498,,,,,Task
tk3499,,,,monitoring responsibilities during editorial review phase,Task
tk3500,,,,pre-submission coordination and final upload,Task
tk4525,,,,,Task
tk4529,,,,,Task
tk4530,,,,,Task
tk4531,,,,,Task
tk2992,,,,preliminary slide and materials development,Task
tk1537,0.8902,['tk1547'],2022-07-18,preparation of Q&A talking points (Q&A preparation),Task
tk2993,0.7978,['tk3003'],2023-04-01,propose adjustments for virtual coordination meeting,Task
tk2143,,,,notify Christine Wong about release timeline,Task
tk2144,,,2022-03-15,share IACS's official approval,Task
tk2145,,,2022-03-15,upload Stanford clearance to shared folder,Task
tk2146,,,2022-03-15,inform about Oxford's clearance,Task
tk2147,0.7783,['tk2149'],2022-03-15,schedule a brief call to finalize the announcement date (schedule Google Meet/Zoom),Task
tk2148,,,2022-03-15,prepare draft 'all-clear' notification,Task
tk302,,,2019-06-21,review columns D and G,Task
tk303,,,2019-06-21,section-by-section confirmation,Task
tk304,,,2019-06-21,consensus on submission,Task
tk305,,,2019-06-21,assignment of final responsibilities,Task
tk1988,,,,onboarding process at IACS,Task
tk1989,,,,familiarization session,Task
tk1990,,,,adaptational planning for press response training modules,Task
tk1991,,,,periodic refreshes or additional documentation,Task
tk1992,,,,preparation for future major submissions,Task
tk1993,,,,implementation of protocols in real-world outreach situations,Task
tk456,,,,sharing finalized annotation examples,Task
tk458,,,,updating Appendix B,Task
tk459,,,,preliminary merge into LaTeX manuscript,Task
tk460,,,,comprehensive tagged PDF check,Task
tk461,,,2023-01-20,review call,Task
tk462,,,,final checks for cross-file consistency,Task
tk463,,,2023-01-21,timeline confirmation for manuscript upload,Task
tk1903,,,,final sign-off for outreach materials,Task
tk1905,,,,,Task
tk1906,,,,,Task
tk1895,,,2023-09-26,internal call,Task
tk1570,,,,handling linguistic diversity and annotation provenance,Task
tk1571,,,,submitting slide deck and supplementary material,Task
tk330,,,2021-08-29,reviewing compliance appendix,Task
tk331,,,2021-08-29,drafting revised language,Task
tk332,0.8371,['tk329'],2021-08-29,coordinating with Oxford library licensing team (reach out to Oxford’s library licensing team),Task
tk4341,,,2025-01-20,review the attached 'track changes' version,Task
tk4342,,,2025-01-19,insert Japanese and Chilean regulatory document references,Task
tk4343,0.8131,['tk4346'],2025-01-20,compliance audit on the NLI and Chilean subsections,Task
tk3399,,,2025-01-22,bibliography harmonization,Task
tk3434,,,,comprehensive editorial pass,Task
tk3435,,,,updated compliance tables,Task
tk3436,,,,expanded dataset index,Task
tk3437,,,,generate additional analysis for the quantitative evaluation,Task
tk3438,,,,compile inter-annotator statistics and pilot study insights,Task
tk3439,,,,institutional approvals or additional information for licensing tables,Task
tk3440,,,2023-10-10,joint call,Task
tk3441,,,2023-10-24,circulate revised sections internally,Task
tk2581,,,,section assignments,Task
tk2582,,,2023-06-10,organizing collaborative tools,Task
tk2583,,,2023-06-10,drafting phase,Task
tk2584,,,2023-06-10,review progress and address challenges,Task
tk2585,0.8178,['tk2591'],2023-06-10,discussion and synthesis of 'Lessons Learned & Recommendations' (discuss lessons learned from the workshop),Task
tk2586,,,2023-06-10,evaluate submission strategies,Task
tk2587,,,2023-06-10,confirm internal deadlines,Task
tk2588,,,2023-06-25,plan for near-final draft circulation,Task
tk2589,,,2023-06-08,flag additional topics for agenda,Task
tk3040,,,,annotator calibration,Task
tk3041,,,,review of the latest document version,Task
tk3042,,,,preparation of handover sentences for transitions,Task
tk3043,,,,AV check for rehearsal,Task
tk3044,,,,Q&A practice,Task
tk3046,,,,presentation at JCDL 2023,Task
tk1572,,,2021-06-21,final review of slides,Task
tk1573,,,2021-06-21,supplementary Q&A notes,Task
tk1574,,,2021-06-21,biographical materials,Task
tk1575,,,2023-08-13,group meeting,Task
tk1576,,,2021-06-08,video review session,Task
tk2961,,,,final proofread,Task
tk2963,,,2023-03-10,confirm receipt and indicate urgent issues,Task
tk655,,,2025-01-23,submission to JOCCH,Task
tk1845,,,,verify contact details and author order,Task
tk2214,,,2022-03-31,Content focus for the live project spotlight,Task
tk2215,,,2022-03-31,"Supplementary outreach: Social media plan, potential blog posts, and prioritization of target channels",Task
tk2216,,,2022-03-31,Division of speaking and moderation roles,Task
tk2217,,,2022-03-31,Review of newsletter media analytics and discussion of press release timing,Task
tk2218,,,2022-03-31,Coordination on upcoming deadlines for JCDL mainstage contributions and associated communications,Task
tk2219,0.8287,['tk2207'],2022-03-31,uploading preliminary set of slides and social media engagement analysis (Upload draft slides and engagement analysis),Task
tk2220,0.8085,['tk2223'],2022-03-31,Present department-level collaborations or recent media references (circulate new press mentions or departmental partnership updates),Task
tk2221,,,2022-03-31,Summary of the IACS media tracking data for our newsletter spotlight,Task
tk769,,,2019-08-29,Address each reviewer comment,Task
tk770,,,2019-08-29,Highlight changes made to the manuscript,Task
tk771,,,2019-08-29,Upload revised manuscript and response document,Task
tk4408,,,2023-03-16,review the latest tracked changes and glossary entries,Task
tk4409,0.8062,['tk2686'],2023-03-15,drafting responses to likely reviewer concerns (draft sample response text),Task
tk4410,,,2023-03-18,integration deadline,Task
tk6,,,,additional evaluation methods focusing on interpretability,Task
tk7,,,,initial data processing,Task
tk19,,,,,Task
tk21,,,,,Task
tk22,,,2022-10-10,check-in,Task
tk2160,,,2020-08-19,public dissemination of press release,Task
tk2161,,,2020-08-19,handling media queries,Task
tk2162,,,2020-08-19,overseeing external academic communications,Task
tk2918,,,2023-02-01,draft the arXiv preprint version,Task
tk2919,0.821,['tk3305'],2022-12-06,consolidated correction submission (submit corrections),Task
tk2920,,,2023-05-31,receive initial review results,Task
tk2840,,,2021-05-06,camera-ready abstract submission,Task
tk2841,,,,update supplementary materials,Task
tk2842,,,,compliance and metadata update,Task
tk2843,0.8008,['tk3761'],,presentation slot confirmation (presentation confirmation),Task
tk3890,,,2024-04-20,drafting introduction for user study survey,Task
tk3891,,,2024-04-20,uploading finalized annotation logs and selected edge-case materials,Task
tk3892,,,2024-04-24,meeting,Task
tk3475,,,,,Task
tk3476,,,,,Task
tk3477,,,,,Task
tk3478,,,,,Task
tk3479,,,2023-10-21T20:00:00Z,last-minute updates or edge cases,Task
tk3480,,,2023-10-24T00:00:00Z,focused group review,Task
tk99,,,,pilot annotation exercise,Task
tk100,,,,discussion on residual error explanations,Task
tk101,,,,follow-up systematic annotation component,Task
tk2923,,,2023-02-23,drafting clarifying paragraphs for Section 4.4,Task
tk2924,,,2023-02-23,source and summarize a recent publication on interoperability frameworks,Task
tk2925,0.8709,"['tk2938', 'tk2941', 'tk2945']",2023-02-23,formatting audit of appendix figure captions,Task
tk2926,,,2023-07-18,internal review meeting,Task
tk2927,,,2023-03-10,complete all substantial revisions,Task
tk1407,,,2021-02-15,Submit camera-ready version,Task
tk1464,,,2021-02-04,formatting and section cross-referencing review,Task
tk1465,,,2021-02-04,template adherence check,Task
tk1466,,,2021-02-04,cross-referencing check,Task
tk1467,,,2021-02-04,section numbering consistency check,Task
tk1468,,,2021-02-04,DOI and repository link verification,Task
tk1470,,,2021-02-06,final harmonization and camera-ready migration,Task
tk1636,,,2022-07-17,presentation phase,Task
tk613,,,2022-04-08,rehearsal,Task
tk2190,,,2022-03-26,review and approve newsletter draft,Task
tk2191,,,,submit consolidated content and visual assets,Task
tk2192,,,,final review window,Task
tk3683,,,2023-01-14,review the newly consolidated draft on Overleaf,Task
tk3684,,,2023-01-14,ensure smooth integration of sections into the overall narrative,Task
tk3685,,,2023-01-14,annotate unresolved references or points requiring group consensus,Task
tk3686,,,2023-01-14,prepare a brief overview of the implemented changes for the author response letter,Task
tk3624,,,2022-01-31,resubmission deadline,Task
tk1786,,,2020-08-31,finalizing the complete draft,Task
tk1787,,,2020-08-31,cross-verification against JOCCH guidelines,Task
tk1788,,,2020-08-20,finalize workflow diagrams,Task
tk1789,,,2020-08-18,ensure vignettes are anonymized and consistent,Task
tk1790,,,2020-08-22,standardize terminology and add corpus release policy columns,Task
tk1791,,,2020-08-24,"revise workflow diagrams, integrate case studies and transparency section",Task
tk1792,,,2020-08-31,oversee compliance review,Task
tk1793,,,2020-08-31,schedule follow-up call to review full draft,Task
tk61,,,,summarising the applied pipeline and remaining challenges,Task
tk63,,,2019-05-01,nominating stretch evaluation goals,Task
tk64,,,2023-05-01,circulating a draft of the baseline model configuration and evaluation workflow,Task
tk1680,0.8138,"['tk1544', 'tk1564', 'tk1565', 'tk1676', 'tk1685', 'tk2054', 'tk2334']",Not specified,incorporating final round of suggestions (updating slides),Task
tk1681,,,Not specified,compatibility check,Task
tk1682,,,Not specified,final adjustments,Task
tk1683,0.8045,"['tk1396', 'tk1398', 'tk1566', 'tk1691', 'tk218']",Not specified,submit the package via the ACL online submission portal (uploading to ACL portal),Task
tk1684,,,2022-07-25,presentation delivery,Task
tk2702,,,2020-12-01,review and refine the draft reviewer response points,Task
tk2703,,,2020-12-01,distribute action items around supplementary table references and artifact example preparation,Task
tk2704,,,2020-12-01,discuss metric generalizability and modular codebase components,Task
tk3262,,,2022-02-06,Resubmission of manuscript,Task
tk3263,,,,updating Data Availability and Licensing section,Task
tk3266,,,,writing detailed cover letter,Task
tk2273,,,,preparation of presentation materials and press releases for JCDL 2022,Task
tk2274,,,,submission to JCDL session chairs,Task
tk2440,,,,outreach phase,Task
tk2441,,,2023-05-18,draft blurbs for mailing lists,Task
tk2442,,,2023-05-19,internal run-through,Task
tk880,,,2021-02-08,Review draft subsection,Task
tk881,,,2021-02-08,Add color-coding to schematic,Task
tk882,,,2021-02-09,group call,Task
tk2520,,,2022-05-29,address participant queries,Task
tk2521,,,2022-05-30,serve as primary Q&A moderator,Task
tk2522,,,2022-05-30,support technical escalations,Task
tk2523,,,2022-05-30,monitor shared Responses log,Task
tk2524,,,2022-05-30T14:00:00Z,final review of welcome and moderation slide decks,Task
tk2525,,,2022-05-30,dry run of Q&A transitions,Task
tk2526,,,2022-05-31,verify backup resource mirror links,Task
tk2527,,,2022-05-30,monitor live chat and support email,Task
tk891,,,2020-02-11,merge updated sections,Task
tk892,,,2020-02-12,cross-check merged manuscript,Task
tk893,,,2020-02-12,finalize supplementary Jupyter notebook,Task
tk894,,,2020-02-12,prepare combined figures and tables PDF,Task
tk895,,,2020-02-12,draft author response,Task
tk897,,,2020-02-13,collective proofreading pass,Task
tk398,,,,resubmission,Task
tk898,,,2020-02-12,clarify label definitions,Task
tk899,,,2020-02-12,verify supplementary material upload protocol,Task
tk4225,,,2023-11-06,jointly review the side-by-side matrix and proposed legal footnotes,Task
tk4226,,,2023-11-08,draft a sample layout for the appendix section,Task
tk4227,,,2023-11-10,finalize the new evaluation visualizations,Task
tk4228,,,2023-11-10,provide in-line comments on the legal appendix draft,Task
tk4229,,,2023-11-12,internal review of all discrete section drafts,Task
tk1611,,,2023-06-15,expanding the model bias section,Task
tk1612,,,2023-06-15,initiating the routing of the Stanford-specific signature form,Task
tk1613,,,2023-06-16,uploading final signed forms in a single folder titled “Presenter_Declarations”,Task
tk1614,,,2023-06-16,confirming all visual and bio updates in the Drive,Task
tk1615,,,2023-06-19,pre-submission group check,Task
tk2265,,,2022-04-11,coordinate the final press release checks,Task
tk2266,,,Not specified,notify about revisions to the FAQ,Task
tk675,,,2023-08-11,review the attached guide,Task
tk676,0.807,['tk3134'],2023-08-11,propose additional agenda items for the debrief (propose agenda additions),Task
tk677,,,2023-08-16,integrate sections on institutional compliance,Task
tk678,,,2023-08-16,draft the initial lay abstract,Task
tk679,,,2023-08-16,input on compliance regarding Stanford and IACS joint data statements,Task
tk680,,,2023-08-16,fill in authorship and contribution documentation,Task
tk2494,,,2022-05-26,send official pre-event communication,Task
tk2495,,,2022-05-25,review shared template,Task
tk2496,0.7831,['tk2499'],,monitoring institutional inboxes for participant queries or receipt confirmations (monitor incoming queries and confirm receipt),Task
tk2497,,,,append checklist and PDF,Task
tk1773,,,2023-08-14,preparing case study vignettes,Task
tk1774,,,2023-08-14,finalizing draft entries in the shared template,Task
tk1775,,,,providing critical feedback on the comparative table outline,Task
tk1776,0.8123,['tk1782'],,reviewing the workflow graphic (review workflow PDF/PPTX),Task
tk1759,,,2023-08-14,review the attached preliminary case study template,Task
tk1760,,,2023-08-14,provide example cases from their annotation work,Task
tk1761,,,,feedback on the comparative analysis outline,Task
tk1762,,,next week,coordinate a brief virtual check-in on progress,Task
tk1525,,,2019-11-09,make urgent corrections,Task
tk1638,,,,final manuscript and presentation arrangements,Task
tk1640,,,,drafting responses to anticipated audience queries,Task
tk127,,,current date,initial outreach to digital historian collaborators,Task
tk128,,,early next week,annotation,Task
tk129,,,this weekend,beginning annotation,Task
tk130,,,as soon as they are uploaded,review initial annotation returns,Task
tk131,,,as soon as they are uploaded,synthesis strategies discussion,Task
tk132,,,as soon as they are uploaded,workflow adjustments,Task
tk133,,,2019-05-10,check Google Drive folder,Task
tk134,,,2019-05-12,integrate external insights into submission draft,Task
tk2967,,,2022-05-02,author registration,Task
tk2968,0.8358,"['tk2972', 'tk2975', 'tk2985']",2021-07-01,metadata verification and update,Task
tk2969,,,,supplementary files submission,Task
tk2970,,,2023-05-15,proceedings publication,Task
tk2971,,,2023-04-30,author notification of session schedule,Task
tk2556,,,2020-11-04,draft Introduction & Motivation,Task
tk2557,,,2020-11-04,draft Workshop Design & Accessibility Protocols,Task
tk2558,,,2020-11-04,draft Dataset Overview,Task
tk2559,0.8829,['tk2578'],2020-11-04,draft Q&A Moderation & Technical Escalation Framework,Task
tk2560,,,2020-11-04,draft Participant Feedback Analysis & Outcomes,Task
tk2561,0.793,"['tk2572', 'tk3354', 'tk4114', 'tk4122', 'tk4124', 'tk4448', 'tk4451', 'tk4459', 'tk4464']",2020-11-04,structured reflection on technical and collaborative aspects of JOCCH revision (supplementary outputs),Task
tk2562,,,2020-11-04,draft Appendices,Task
tk33,,,,analyze the impact of post-OCR artifacts on interpretability tools like LIME and SHAP,Task
tk34,0.8753,['tk29'],2023-04-23,demonstration of correction workflow (demonstrate the correction workflow),Task
tk35,,,,refine the date format inconsistencies mapping schema,Task
tk18,,,2023-04-23,check-in meeting,Task
tk142,,,,rapid review of cross-annotator quantitative trends,Task
tk143,0.8268,['tk2365'],,synthesizing qualitative findings into broader methodological themes (identification and discussion of recurring qualitative themes),Task
tk144,,,,design choices for integrating visualizations,Task
tk145,,,,alignment with conference reviewer expectations,Task
tk146,,,,next steps for incorporating insights into the draft,Task
tk147,,,2023-05-12,circulate Google Meet link and shared live notes document,Task
tk148,,,,bring updates from Dr. Patel to the meeting,Task
tk3513,,,2023-11-02,preliminary shared outline review,Task
tk3514,,,2023-11-07,section lead finalization,Task
tk3515,,,2023-11-07,incorporating feedback on appendices,Task
tk3516,,,2023-11-07,agreeing on target completion date,Task
tk3517,,,2023-11-07,updating on new points from submission portal,Task
tk2379,,,2023-05-07,review process and timeline for feedback on Michael’s draft blog post narrative,Task
tk2380,,,2023-05-07,gathering and integrating researcher quotes (all co-authors),Task
tk2381,,,2023-05-07,outline progress and any preliminary results for error analysis research note,Task
tk2382,,,2023-05-14,circulate the structured document by 14 May,Task
tk2383,,,2023-05-07,"updates on initial agenda, participant engagement strategies, and university outreach for workshop outline progress",Task
tk2384,,,2023-05-07,next steps for cross-institutional collaboration and community invitations,Task
tk2385,,,2023-05-07,any issues or suggestions regarding the new Google Drive structure,Task
tk2386,,,2023-05-07,institutional requirements or updates regarding the JCDL notification,Task
tk2387,,,2023-05-07,upload a one-page outline of the initial workshop/tutoring session agenda by the end of this week,Task
tk997,,,,,Task
tk998,,,,,Task
tk1000,,,2023-06-10,review updates,Task
tk1001,,,2023-06-12,Doodle poll for Zoom sign-off meeting,Task
tk515,,,2023-04-17,cross-lingual entity alignment,Task
tk516,,,2023-04-17,reproducibility practices,Task
tk517,,,2023-04-17,project management in distributed teams,Task
tk518,,,2023-04-17,cross-corpus metadata normalization,Task
tk519,,,2023-04-17,draft contributions for JCDL tutorial proposal,Task
tk520,,,2023-04-24,share FAIR/Zenodo documentation draft,Task
tk521,,,2023-04-20,integrate all content and circulate a master slide deck draft,Task
tk522,,,2023-04-20,finalize target venue(s),Task
tk3643,,,2022-03-12,draft a detailed section on challenges and case studies concerning cross-jurisdictional data-use agreements,Task
tk3644,,,2022-03-12,expand the discussion on annotation tool validation and dataset error analysis,Task
tk3645,,,2022-03-12,synthesize protocol harmonization lessons for under-resourced and non-Western institutional contexts,Task
tk3646,,,2022-03-12,clean up referencing and formatting inconsistencies noted in Appendix B,Task
tk3647,,,2022-03-12,initial drafts for assigned subsections due,Task
tk3648,,,2022-03-16,integrated first full draft,Task
tk3649,,,2022-03-19,internal feedback round,Task
tk3650,,,2022-03-24,"final revisions, author responses, and resubmission",Task
tk3651,,,2022-03-24,prepare a preliminary draft for our response to reviewers,Task
tk1110,,,,,Task
tk1111,,,,,Task
tk1112,,,,,Task
tk1113,,,,,Task
tk1114,,,,,Task
tk3776,,,2023-03-06,completing action items,Task
tk3777,,,2023-03-06,endorse compliance summary,Task
tk3778,,,2023-03-06,conduct last-minute pre-submission review,Task
tk3779,,,2023-03-06,editorial revisions to Section 4.3,Task
tk3780,,,2023-03-06,hyperlinking presenter confirmation,Task
tk1186,,,,checklist completion,Task
tk1187,,,,coordinated updates to presentation content and logistics,Task
tk1188,,,,communicate with Oxford comms office for campaign launch,Task
tk1189,,,,join 30 minutes ahead for A/V and screen share tests,Task
tk1190,,,,provide IT support for backup streaming/recording settings and last-minute troubleshooting,Task
tk1191,,,,coordinate revised speaker list,Task
tk4060,,,2023-09-17,circulate tracked-changes edits and minor rewording suggestions for Section 2,Task
tk4061,,,2023-09-18,"upload finalized workflow diagrams, annotated with 'pitfall nodes'",Task
tk4062,,,2023-09-18,integrate references within the next draft,Task
tk4063,,,2023-09-18,set up Stanford Zoom registration and share meeting link and Google survey for Q&A theme crowdsourcing,Task
tk4064,,,2023-09-18,review draft event flyer and pursue dissemination in Oxford/IACS DH mailing lists,Task
tk4065,,,2023-09-22,complete internal review of full technical note draft,Task
tk4066,,,2023-09-19,"finalizing seminar logistics (registration, flyer, Q&A collection)",Task
tk4067,,,2023-09-18,draft ~200-word event description for institutional cross-listing,Task
tk4068,,,2023-09-21,brief follow-up call,Task
tk1253,,,,,Task
tk1254,,,,,Task
tk1256,,,,,Task
tk1257,,,2023-09-27,resolve permissions issues,Task
tk859,,,2023-02-06,expanding coverage of ethical data sourcing,Task
tk860,,,2023-02-06,reviewing previous drafts for data protection standards,Task
tk861,,,2023-02-06,detailing anonymization workflow,Task
tk862,,,2023-02-06,incorporating justifications for procedures,Task
tk863,,,2023-02-07,reviewing and proofreading summary table,Task
tk864,,,2023-02-08,finalizing check-in meeting,Task
tk865,,,2023-03-01,"delivering robust, reviewer-responsive revision",Task
tk2475,,,,preparing the supplemental PDF NER guide with updated accessibility features,Task
tk2476,,,,integration of Michael’s multilingual annotation FAQ updates into the breakout packet,Task
tk2477,,,,logging participant queries into the “Inquiries” doc,Task
tk2478,,,,progress on the emergency email template and backup datasets,Task
tk2479,,,,ongoing input on technical troubleshooting steps,Task
tk2480,,,,"convene a brief check-in call on 24 May, at 16:00 BST / 20:30 IST / 8:00 PDT",Task
tk2932,,,,clarifications for Section 4.4,Task
tk2933,,,2023-02-24,"identify a suitable, highly-cited recent reference on archival interoperability frameworks",Task
tk2934,,,,coordinate reference list with finalized appendix caption formatting,Task
tk2935,,,,circulate Doodle poll for internal review meeting,Task
tk3025,,,2023-04-10,uploading slides for the interoperability section,Task
tk3027,,,,managing Doodle poll,Task
tk3028,,,,proposing a backup date for rehearsal,Task
tk3029,,,,rehearsing smooth transitions between sections,Task
tk3030,,,,ensuring comfort with segment timing,Task
tk3031,,,,flagging anticipated hurdles with data visualization,Task
tk3032,,,,assisting with technical support for video/pre-recorded content,Task
tk1,0.7871,['tk5'],,Developing temporal embeddings to capture sentiment shifts (capturing sentiment shifts over time),Task
tk2,,,,Exploring historical lexicons to address diachronic language changes,Task
tk3,,,,Comparing Transformer-based models with traditional techniques,Task
tk1966,,,,drafting text for proposed scenarios,Task
tk1967,,,,,Task
tk3083,,,2023-04-18,organizing rehearsal logistics,Task
tk3084,,,2023-04-18,synthesizing introductory statements,Task
tk3077,0.8764,['tk3098'],,preparing Presenter Instructions checklist (drafting Presenter Instructions checklist),Task
tk3085,,,2023-04-19,sending opening introduction statement,Task
tk3086,,,2023-04-18,finalizing rehearsal date,Task
tk3087,,,2023-04-18,moderation and live Q&A best practices,Task
tk3088,,,2023-04-18,monitoring session chat for queries,Task
tk3089,,,2023-04-18,incorporating a poll or brief audience reflections,Task
tk3090,,,2023-04-18,designating a secondary speaker for backup,Task
tk3091,,,2023-04-18,highlighting cross-institutional teamwork and ethical considerations,Task
tk3971,,,2024-05-30,finalizing compliance appendix and cover letter,Task
tk3972,,,2024-05-29,uploading full package via JOCCH’s ScholarOne system,Task
tk3973,,,,providing a brief checklist for remaining author disclosures or copyright forms,Task
tk523,,,,cross-lingual entity normalization,Task
tk524,,,,script transliteration,Task
tk525,,,,context-sensitive string matching,Task
tk526,,,,iterative manual curation,Task
tk527,,,,comparative evaluation of string matching approaches,Task
tk528,,,,integration with other materials,Task
tk529,,,,synthesis of materials,Task
tk530,,,,FAIR/Zenodo guidelines,Task
tk531,,,,data curation challenges,Task
tk532,,,,methods appendix,Task
tk534,,,,contribution by 17 April,Task
tk1496,,,2019-10-03,confirm presenting author,Task
tk1498,,,2019-10-03,sign proceedings release form,Task
tk1458,0.8089,"['tk1220', 'tk709']",within agreed timelines,uploading documentation and drafts (uploading drafts),Task
tk1459,0.7807,"['tk726', 'tk735']",2023-01-31 to 2023-02-07,internal check of combined supplement (internal review phase),Task
tk1460,,,2023-02-01,template and section number review,Task
tk1461,0.7961,['tk1471'],2023-02-05,final comments or minor corrections (Final Corrections),Task
tk1462,,,2023-02-06 to 2023-02-07,harmonization,Task
tk1463,,,2023-02-08 to 2023-02-12,integration phase,Task
tk2321,,,,expedited feedback cycle on pre-recorded JCDL spotlight video,Task
tk2322,,,,synthesizing recommendations and acting rapidly on each,Task
tk2323,,,,adding appropriate alt-text to key visuals,Task
tk2324,,,,adjusting color contrast on slide 10,Task
tk2325,,,,including brief spoken prompts for hyperlinks in future video iterations,Task
tk2326,,,,exporting captions from a transcript prepared in Google Docs,Task
tk2327,,,,adding a brief voiceover credit for historical images,Task
tk3628,,,2022-03-04,refine analysis on compliance and harmonization strategies,Task
tk3629,,,2022-03-04,correct referencing inconsistencies,Task
tk3630,,,2022-03-04,assemble preliminary notes,Task
tk3631,0.8646,"['tk2009', 'tk2768', 'tk3523', 'tk4528']",2022-03-04,confirming meeting time and circulating agenda (finalizing meeting date),Task
tk3632,,,2022-03-04,share Zoom link and agenda,Task
tk3633,,,2022-03-04,establish deadlines for each section,Task
tk3021,,,N/A,designing a template for slides,Task
tk3022,,,N/A,contributing to Q&A document,Task
tk3023,,,N/A,creating an outline for a poster,Task
tk3024,,,N/A,submitting availability for rehearsal slot,Task
tk2254,,,2023-04-07,review and finalize press note draft,Task
tk2255,,,2023-04-08,familiarize with latest content flow,Task
tk2256,,,2023-04-07,share last-minute suggestions,Task
tk1763,0.8174,['tk1768'],2023-08-14,drafting initial case studies for the Bengali and English components (drafting case studies),Task
tk1765,,,,compiling comparative table,Task
tk1766,0.8795,['tk4007'],,preparing workflow diagram (visualization updates),Task
tk1767,,,mid-next week,reviewing materials and finalizing integration plans,Task
tk2303,,,2023-04-20,review final versions,Task
tk2304,,,,upload to conference submission portal,Task
tk2305,,,2023-04-27,preliminary video draft,Task
tk3605,,,2023-11-15,draft in-text reference,Task
tk3606,0.8516,['tk3603'],2023-11-15,standardize terminology regarding 'project progress statement' vs. 'annual compliance summary',Task
tk3607,,,2023-11-15,finalize targeted edits,Task
tk3608,,,2023-11-15,upload revised document,Task
tk3609,0.8249,['tk208'],2023-11-22,submission to ACL conference (timely ACL submission),Task
tk1641,,,2023-07-17,upload updated slides,Task
tk1642,,,,review revised figure legend,Task
tk1643,,,,closing remarks and Q&A strategy,Task
tk2853,,,2023-11-19,condensing the 'Related Work' section,Task
tk2854,,,2023-11-19,drafting sub-paragraph on digital humanities applications,Task
tk3220,,,,refining equations and adding new citation anchors,Task
tk3221,,,,finalizing the narrative summary accompanying Section A.3,Task
tk3222,,,,maintaining a live collaborative document during consolidation meeting,Task
tk3223,0.7867,['tk3224'],2023-05-14,"circulating requests for additional supporting materials or clarifications (circulate additional figures, tables, or dataset citations)",Task
tk3213,,,2023-05-16,consolidation meeting,Task
tk4025,,,,drafting technical note content,Task
tk4026,,,2023-09-20,embedding workflow schematic with Zenodo iconography and annotated embargo timelines,Task
tk4027,,,2023-09-20,archiving annotated screenshots of MOU negotiation process or legal communication templates,Task
tk4028,,,2023-09-20,circulating draft program and event description for cross-listing,Task
tk4029,,,2023-09-20,sharing initial outline of technical note,Task
tk4030,,,2023-09-13,contributing text and reviewer feedback excerpts,Task
tk4031,,,2023-09-20,confirming virtual seminar dates,Task
tk8,,,,preliminary analyses,Task
tk9,,,,research additional evaluation methods,Task
tk10,,,,coordinate ongoing discussions and oversee the timeline,Task
tk3332,,,,documenting collaborative and technical efforts,Task
tk3333,,,,creating flowchart or timeline for issue triage,Task
tk3334,,,,sharing notes on image asset workflow and caption harmonization,Task
tk3336,,,,setting periodic review meetings or informal check-ins,Task
tk3337,,,,reviewing outline next week,Task
tk3986,,,2024-08-24,uploading full draft as a marked revision,Task
tk3987,,,,providing accession links and updated metadata in the online supplementary material,Task
tk3988,,,,addressing other related compliance considerations,Task
tk3997,0.831,['tk4495'],2023-08-28,review new materials (review materials),Task
tk3998,,,2023-08-28,send minor corrections or points of clarification,Task
tk3999,0.8406,['tk4004'],2023-08-30,ScholarOne submission of revision package (submit to ScholarOne),Task
tk4000,,,2023-08-28,final objection period,Task
tk4002,,,2023-08-30,notify team and share ScholarOne receipt,Task
tk2743,,,,bibliographic initiative,Task
tk2744,,,,circulate Google Doc template and annotation guidelines,Task
tk2745,,,,review recent publications,Task
tk2746,,,2023-08-13,collaborative session,Task
tk2747,,,,organize Doodle poll,Task
tk2748,,,,grant proposal brainstorming,Task
tk2749,,,,pre-collate funding calls,Task
tk2750,,,,compile initial list of relevant initiatives,Task
tk2751,,,2023-08-04,circulate bibliography template and preliminary funding information,Task
tk1847,0.7899,['tk1869'],2022-03-01,activating embargo on Zenodo archive and GitHub supplementary corpus (Repository DOI Temporary Embargo),Task
tk1848,,,2022-03-01,Outreach and Workshop Plans,Task
tk1849,,,2022-03-01,Collaborative Review Monitoring,Task
tk837,,,,enhancements in notation and cross-references,Task
tk838,,,,integration of supplementary materials,Task
tk840,,,,mapping table creation,Task
tk502,,,,data sharing/archival considerations,Task
tk503,,,,outlining immediate next steps for a potential tutorial proposal,Task
tk504,,,,draft deadlines,Task
tk506,,,,Bengali-English corpus normalization section,Task
tk748,,,2023-09-06,Resolve any outstanding document comments,Task
tk749,0.8167,['tk457'],2023-09-06,"Confirm integration points between main text, results, and supplement (confirming integration points)",Task
tk750,,,2023-09-06,Consensus on the finalization of compliance documentation and figure/table formatting,Task
tk751,,,2023-09-06,Timeline for submission of the camera-ready internal draft,Task
tk4139,,,2023-09-25,consolidation of all outstanding revisions,Task
tk4141,,,2023-09-25,"timeline confirmation for final manuscript, figures, and supplementary appendix submission",Task
tk4142,0.782,['tk4147'],2023-09-25,strategize public communication: blog post and/or preprint planning (planning for a parallel blog post or public preprint),Task
tk231,0.8453,"['tk223', 'tk226']",2023-06-02,preparation of a brief presentation and/or digital poster recap (preparation of a succinct presentation/poster),Task
tk232,0.8045,"['tk227', 'tk236']",2023-06-02,outlining a phased dataset release plan,Task
tk233,0.8286,"['tk228', 'tk237']",2023-06-02,supplementary analyses on annotator disagreement patterns,Task
tk4110,,,,seminar debrief,Task
tk4111,,,2023-MM-DD,brief check-in,Task
tk691,,,2023-09-13,integrated first draft circulation,Task
tk4112,0.8291,['tk4123'],2023-09-24,focused review and provide tracked-changes feedback (Targeted Review),Task
tk4113,,,,curate and organize the seminar outputs,Task
tk4115,,,,share a redacted version of negotiation vignette,Task
tk2086,,,,,Task
tk2087,,,,,Task
tk1418,,,2021-01-20,formatting review,Task
tk2977,,,,presentation development,Task
tk2978,,,,session coordination,Task
tk790,,,,review graphical abstract drafts,Task
tk791,,,,circulate initial error analysis draft,Task
tk295,,,,preparing the 300-word summary paragraph,Task
tk1529,,,2021-04-22,virtual dry run,Task
tk4038,,,2023-09-08,initial outline for technical note,Task
tk4039,,,2023-09-08,upload de-identified legal correspondence and template materials,Task
tk4040,,,2023-09-16,schedule preparatory call,Task
tk4041,,,2023-09-18,circulate Q&A survey,Task
tk4042,,,2023-09-18,draft one-page program flyer,Task
tk4043,,,2023-09-18,set up registration for seminar,Task
tk3033,,,2023-04-09,evaluation metrics and error analysis,Task
tk3034,,,2023-04-09,review Q&A document,Task
tk3035,,,2023-04-10,dry run of respective sections,Task
tk3036,,,2023-04-10,troubleshooting technical hurdles,Task
tk3037,,,2023-04-09,lock slide decks and finalize Q&A,Task
tk475,,,2023-02-27,"compiling the final, accessibility-verified PDF",Task
tk476,0.8027,['tk481'],2023-02-27,reviewing the main manuscript's references to all supplementary files (systematic review of supplementary file references),Task
tk477,,,2023-02-27,updating the acknowledgment and funding sections,Task
tk478,,,2023-02-27,cross-verifying institutional listings and order,Task
tk479,,,2023-03-02,brief Zoom check-in,Task
tk480,,,2023-03-10,compile and submit the final manuscript,Task
tk985,,,Not specified,final proofread of Methods and Results sections,Task
tk986,,,2019-06-01,integrated document review,Task
tk498,0.8372,['tk494'],2023-03-25,retrospective review of the project (project retrospective),Task
tk499,0.8119,"['tk1059', 'tk1066']",2023-03-25,draft the public summary (drafting summary),Task
tk501,,,2023-04-01,short workshop proposals,Task
tk3445,,,2023-10-10,progress updates on assigned revision responsibilities,Task
tk3446,,,2023-10-10,addressing reviewer concerns regarding reproducibility and dataset accessibility,Task
tk3447,,,2023-10-10,workflow for assembling the tracked-changes master document,Task
tk3448,,,2023-10-10,discussion of anticipated challenges related to compliance documentation and licensing constraints,Task
tk3449,,,2023-10-10,"timeline confirmation and checkpoints for integration, internal review, and resubmission",Task
tk883,,,2021-02-09,review draft,Task
tk884,,,2021-03-01,submission deadline,Task
tk1097,,,2019-08-14,finalize and submit the summary to IACS media,Task
tk1098,,,,,Task
tk1099,,,,,Task
tk1100,,,2019-08-20,prepare the draft slide deck framework,Task
tk1101,,,,,Task
tk1102,,,,,Task
tk1103,,,,,Task
tk1104,,,2019-09-01,next check-in (via email),Task
tk1840,,,2023-08-27,pre-submission checks,Task
tk1841,,,2023-08-28T10:00:00Z,last-minute objections or changes,Task
tk1842,,,2023-08-28,include co-corresponding authors,Task
tk1843,,,2023-08-28,upload full supplement,Task
tk1844,,,2023-08-28,notify submission confirmation,Task
tk1336,,,,integrating case studies from recent resource papers with subsequent journal expansions,Task
tk1337,,,,providing best-practice recommendations on negotiating reviewer feedback and leveraging conference visibility for long-form journal impact,Task
tk1338,,,,uploading excerpts from the Oxford/UKRI transparency and data documentation templates to the Overleaf project folder,Task
tk1339,,,,annotating sections addressing dual-archiving and reviewer-facing data workflows,Task
tk1340,,,,incorporating draft into the Impact and Related Work sections,Task
tk1341,,,,preparing for ACL submission,Task
tk3610,,,,standardize terminology and incorporate additional cross-references,Task
tk3611,,,,draft the concluding lessons-learned paragraph,Task
tk3612,,,2023-11-22,submit reflection memo to ACL,Task
tk2052,,,,scheduling meeting,Task
tk2053,,,2022-11-25,compiling open items,Task
tk2570,,,,section leadership,Task
tk2571,,,,document coordination,Task
tk2573,0.7936,['tk2567'],2022-06-10,gathering up-to-date submission deadlines and formatting guidelines for JCDL 2022 and JOCCH (compiling author guidelines and timelines),Task
tk2574,,,2022-06-10,reviewing submission planning tables,Task
tk1568,,,,,Task
tk762,,,2023-09-09,review the entire manuscript and supplement,Task
tk1287,,,,preparing the features matrix,Task
tk1288,,,,assembling draft data/code transparency statements,Task
tk1289,,,,extracting concrete timeline details for each venue,Task
tk1290,,,,"comparing scope, impact, and alignment with our documentation assets",Task
tk1291,,,,creating comparative headings,Task
tk1292,,,,sharing a draft of the matrix,Task
tk1293,,,,hearing more about Oxford’s experience with multi-stage publication strategies in the digital humanities,Task
tk2653,,,2023-06-21,review and approve final cover letter,Task
tk681,,,2023-08-12,reviewing institutional data policies,Task
tk682,,,2023-08-12,uploading compliance recommendations,Task
tk683,,,,highlighting concerns from IACS or Oxford,Task
tk2528,,,,,Task
tk2529,,,,,Task
tk2530,,,,,Task
tk2531,,,,,Task
tk2532,,,,,Task
tk2533,,,14:00 BST,last slide edits,Task
tk2534,0.7976,['tk2540'],11:00 BST,brief dry run and chat/email support channel verification (cross-check of chat and support email channels),Task
tk185,,,,standardizing figure file names,Task
tk186,,,,updating figure captions,Task
tk187,,,,highlighting margin note text,Task
tk188,,,,final manuscript integration,Task
tk2228,,,2022-04-04,finalize live session slide deck,Task
tk2229,0.7895,['tk2110'],2022-04-04,coordinate IACS press release timeline (preparing press release),Task
tk2230,,,2022-04-04,draft Oxford press note,Task
tk2231,,,2022-04-04,liaise with NDAI and share final user feedback summary,Task
tk2232,0.7701,['tk2000'],2022-04-04,outline the structure and content of an FAQ annex (prepare FAQ list),Task
tk2233,,,2022-04-04,condense newsletter traffic summary into visual slides,Task
tk2234,,,2022-04-04,review and suggest edits for non-India audience clarity,Task
tk2235,,,2022-06-01,moderate audience queries,Task
tk2236,,,2022-06-01,respond to technical-methodological questions,Task
tk2237,,,2022-06-01,keep Responsible NLP for Cultural Heritage workshop proposal as a closing talking point,Task
tk1238,,,2019-05-12,finalizing folder structure,Task
tk1239,,,2019-09-25,preparing sample Dockerfile,Task
tk1240,,,2019-09-26,drafting GDPR guidance,Task
tk1241,,,2019-09-25,supplying dataset citation templates,Task
tk1242,,,2019-09-25,integrating uploads and coordinating access,Task
tk1243,,,2019-09-25,uploading technical setup guide,Task
tk1244,,,2019-09-26,sharing GDPR overview and consent templates,Task
tk1245,,,2019-09-25,circulating dataset citation guidelines,Task
tk1246,,,2019-09-25,assembling preliminary FAQ,Task
tk1247,,,2019-09-28,review checkpoint,Task
tk1248,,,2019-10-02,content freeze,Task
tk1649,,,,,Task
tk1650,,,,,Task
tk1651,,,2023-07-17,live sync for transitions,Task
tk1652,,,,,Task
tk1653,,,,,Task
tk1654,,,2023-07-18,finalizing material and running a smooth dry run,Task
tk4231,,,,cross-referencing figure captions and supplementary legends with the legal footnote templates,Task
tk4232,,,2023-11-05,uploading the protocol matrix,Task
tk4233,,,2023-11-05,reviewing the legal matrix,Task
tk4234,,,2023-11-06,sharing draft versions of the figures and their legends,Task
tk1514,0.8666,"['tk1518', 'tk1524']",2019-11-30,uploading slides to Speaker Portal (upload presentation slides),Task
tk1515,0.7987,"['tk1519', 'tk1520']",2019-11-13,notify about abstract changes (update the abstract),Task
tk1516,,,2019-11-18,request additional equipment,Task
tk1386,,,2023-10-23,complete revisions to synthetic preview sample section,Task
tk1387,,,2023-10-23,cross-verify statistics in Results section,Task
tk1388,,,2021-07-01,final compliance review,Task
tk1389,,,2023-10-24,confirm approval by end of day tomorrow,Task
tk1390,,,2023-10-24,draft formal ACL submission,Task
tk1391,0.7891,['tk1395'],2023-10-24,sharing the final submission package for last confirmation email (circulate package for final review),Task
tk1392,,,2023-11-04,on-time submission,Task
tk3421,0.7864,"['tk314', 'tk4164', 'tk4446']",within 7-10 days,preliminary editorial check (initial checks),Task
tk2073,0.8417,['tk317'],2020-09-21,peer review process,Task
tk4014,,,,reaching out to relevant ACM SIGs,Task
tk4015,,,,hosting a virtual seminar in October/November,Task
tk4016,,,,drafting an annotated slide deck around the embargo mechanics and Zenodo integration,Task
tk4017,,,,setting up a shared document to outline talking points for the technical note,Task
tk1802,,,,providing detailed comments on harmonizing cross-lingual features and supplementary file formatting,Task
tk1803,,,,reviewing all case studies in the 'Supplementary/CaseStudies' directory,Task
tk1804,,,unspecified,completing the simplified workflow figure,Task
tk1805,,,unspecified,creating a more detailed workflow figure for the supplement,Task
tk1806,,,2023-08-22,"checking revised file names, captions, and linkage between main text references and supplementary materials",Task
tk1807,,,unspecified,confirming compliance with JOCCH's reproducibility and open-access stipulations,Task
tk1808,,,2023-08-24,circulating the full manuscript draft,Task
tk252,0.8557,"['tk248', 'tk257']",2019-06-16,include representative OCR error cases and summary statistics (compile descriptive statistics and illustrative cases),Task
tk253,,,2019-06-16,include summary of pipeline scripts,Task
tk254,,,2019-06-16,initial review of clearance checklists,Task
tk607,,,2023-06-20,presentation,Task
tk608,,,2020-07-20,review attached guidelines,Task
tk2542,,,2022-06-01,debrief session,Task
tk2543,,,2022-06-01,consolidate initial participant analytics,Task
tk2544,,,2022-06-01,share draft analytics and real-time feedback summaries,Task
tk2545,,,2022-06-01,reflect on shared successes and map out collaborative next steps,Task
tk2546,,,2022-06-01,prospect for a workshop report or joint manuscript submission,Task
tk3803,,,Not specified,structured timeline creation,Task
tk3804,,,Not specified,section 5 work,Task
tk3805,,,Not specified,repository audits,Task
tk3806,,,Not specified,compliance checklist updates,Task
tk3807,0.7747,"['tk3433', 'tk3715']",2024-03-21,final ACL camera-ready formatting guidelines compliance check (formatting compliance),Task
tk3808,,,,metadata validation,Task
tk3809,,,Not specified,copyright initiation,Task
tk3700,,,,presenter confirmation,Task
tk3810,,,2024-03-22,meta-review responses,Task
tk3811,,,2024-03-22,section sign-offs,Task
tk3812,,,2024-03-22,supplementary verifications,Task
tk4168,,,,,Task
tk4169,,,,,Task
tk4170,,,,,Task
tk4171,,,2023-10-31,Revision Sprint Planning Call,Task
tk4172,,,2023-10-27,Share Availability and Concerns,Task
tk4173,,,,,Task
tk4363,,,2022-03-23,Enhance the clarity of comparative regulatory analysis,Task
tk4364,,,2022-03-23,Amplify discussion of limitations surrounding historical annotation metadata,Task
tk4365,0.8279,"['tk4369', 'tk4374']",2022-03-23,guidance on the narrative re-integration of the provenance tables (Integrate provenance table references into main text),Task
tk4366,,,2022-03-23,Address minor technical comments and citation issues,Task
tk434,,,2023-02-11,submit revised manuscript,Task
tk1456,,,2023-01-29,review and comment on Section4_AnnotationProvenance_Jan26,Task
tk1457,,,,internal review target,Task
tk2641,,,,integration of reference links and progress tracker,Task
tk2642,,,,highlighting implications of cross-linguistic Q&A,Task
tk2643,,,,updating section on Q&A Moderation Framework and dialectal diversity,Task
tk2644,,,,last-minute coordination and clarifications,Task
tk4160,,,2023-10-02,final submission package review,Task
tk4161,,,2023-10-03,official submission to JOCCH,Task
tk4162,,,,draft a brief announcement for the department,Task
tk30,,,,data cleaning,Task
tk32,,,,memo summarizing pros and cons of unified vs dual mapping system,Task
tk2887,,,Unspecified Date,final cross-references,Task
tk1822,,,2023-08-28,Submission Timeline,Task
tk2888,,,Unspecified Date,upload supplementary appendix visuals,Task
tk2889,,,2023-12-04,run through compliance metadata fields,Task
tk2891,,,2023-11-28,lock the document,Task
tk2892,,,Unspecified Date,sign-off notes,Task
tk1093,,,,Review and sign-off on public summary & communications,Task
tk1095,,,,Confirming registration processes and cross-institutional promotion plans,Task
tk156,,,2023-05-19,producing a first draft of the visualizations,Task
tk157,,,,assembling the faithfulness/clarity heatmaps,Task
tk158,,,,clarifying technical aspects before finalizing layouts,Task
tk159,,,2023-05-17,sending recommendations for exemplar explanatory segments,Task
tk160,,,,uploading draft visualizations to shared Drive,Task
tk2966,0.8637,['tk2990'],2021-07-03,individual conference registrations (registration reminder),Task
tk94,,,,outline and confirm pilot annotation process & expected outputs,Task
tk95,,,,baseline model configuration (draft),Task
tk96,,,,finalization of evaluation metrics & stretch goal feasibility,Task
tk97,,,,authorship mapping and task allocation for ACL/EMNLP (tentative),Task
tk98,,,,draft/revision timeline and upcoming deliverables,Task
tk1148,,,2023-09-02,slide deck walkthrough and final content uploads,Task
tk1149,,,2023-09-05,verification of streaming/recording settings,Task
tk1150,,,2023-09-05,sound/video checks for all panelists,Task
tk1151,,,2023-09-05,registration/attendance dashboard walkthrough,Task
tk1152,,,2023-09-05,troubleshooting contingency plan for live technical issues,Task
tk1153,,,2023-08-28,uploading slides,Task
tk1154,,,TBD,media release date proposal,Task
tk235,0.8018,"['tk2991', 'tk3693', 'tk3840']",2023-06-02,coordinate the division of speaking roles (assigning presentation roles),Task
tk1711,,,,debrief and planning session,Task
tk1712,,,,share standout feedback,Task
tk1713,,,,discuss refinements and expansions,Task
tk1715,,,,outline writing schedule,Task
tk1716,,,,delegate initial roles,Task
tk1393,,,,final review of the integrated Overleaf draft,Task
tk1394,,,2023-06-02,compiling the final submission package,Task
tk1473,0.8027,"['tk207', 'tk3595']",2023-02-10,pre-submission administrative checks (Administrative Prep),Task
tk1474,,,2023-02-12,Camera-Ready Submission Target,Task
tk1475,,,2023-02-06,signal 'all clear',Task
tk1476,,,2023-02-06,outstanding concerns or coordination,Task
tk2693,,,,dialect classification robustness,Task
tk866,,,2023-02-05,initial outline for domain shift analysis,Task
tk867,,,2023-02-05,expanded code anchor methods subsection,Task
tk868,,,2023-02-06,proposal to reference institutional compliance and recent international regulatory frameworks,Task
tk869,,,2023-02-09,progress check-in call,Task
tk914,,,2019-12-29,clarification of compliance protocols,Task
tk915,,,2019-12-29,Supplementary Notebook Documentation,Task
tk916,,,2019-12-29,Table 2 Formatting,Task
tk1942,,,2022-10-20,finalizing embargo log harmonization,Task
tk1943,,,2022-10-22,drafting shared follow-up template for press queries,Task
tk1944,,,2022-10-25,opening JCDL 2022 joint documentation workspace,Task
tk1945,,,TBD,touch base with Oxford's legal counsel regarding embargo expiry ramifications,Task
tk3289,,,,centralize feedback via shared online sheet,Task
tk3290,,,,double-check institutional and funding attributions,Task
tk3579,,,,,Task
tk3580,,,,,Task
tk3582,,,,,Task
tk2503,,,,monitoring participant responses post-dissemination of the pre-event communication,Task
tk2504,,,,reviewing entries in the “Pre-Event_Comm_2022/Responses” log,Task
tk2505,,,,distilling key concerns from the log and drafting response templates,Task
tk2506,,,,finalizing Q&A strategy and confirming moderation roles,Task
tk1718,,,,,Task
tk1719,,,2023-07-30,"meeting on Tuesday, 30 July at 4:00 PM IST",Task
tk1720,,,,,Task
tk1721,,,,,Task
tk1722,,,,,Task
tk1692,,,,technical compatibility checks,Task
tk1694,,,,audio/video synchronization verification,Task
tk1695,,,,Q&A handout visibility verification,Task
tk1696,,,,establishing a secondary Zoom room,Task
tk3947,,,2023-05-06,preparing the final pre-submission checklist,Task
tk3948,0.8309,"['tk184', 'tk205']",2023-05-06,integrating the latest feedback into the manuscript and shared documentation (implementing feedback),Task
tk3949,,,2023-05-06,reviewing the JOCCH_SubmissionChecklist_v6May.xlsx,Task
tk3950,,,2023-05-11,final Zoom check-in,Task
tk4010,0.9203,['tk4013'],,preparation of technical note on compliance management for historical NLP resources (drafting a technical note on compliance management for historical NLP resources),Task
tk4011,,,,contacting editors of relevant digital humanities newsletters or ACM SIG groups,Task
tk4012,,,,earmarking a virtual seminar later this autumn (October/November),Task
tk1026,,,2021-07-11,review galley proofs,Task
tk1027,,,2021-07-11,return corrections or formal approval,Task
tk1028,,,2023-06-20,review of galley proofs and supplementary materials,Task
tk1029,,,2023-07-11,aggregate additional feedback,Task
tk1030,,,2023-07-11,compile final list of corrections,Task
tk1031,,,2023-07-11,send corrections to editorial office,Task
tk2705,,,yesterday,refinement of reviewer response draft,Task
tk2706,0.7908,"['tk2678', 'tk2681']",yesterday,compile supporting materials for potential reviewer queries (supplementary artifact preparation),Task
tk2707,0.8289,['tk2694'],yesterday,generalizability argument,Task
tk2708,,,2022-07-21,update assigned sections,Task
tk2709,,,2022-07-21,circulate updated artifact examples,Task
tk2710,,,2022-07-21,review for double-blind compliance,Task
tk2711,,,2022-07-21,finalize generalizability/technical discussion segments,Task
tk2712,,,2022-07-21,upload updates and contributions,Task
tk3662,,,2023-01-10,integration of recent JDoc and ACM JOCCH case studies,Task
tk3663,,,2023-01-10,uploading preliminary draft to shared folder,Task
tk3664,,,2023-01-11,confirming reference formatting,Task
tk3665,,,2023-01-14,finalizing and sharing draft section,Task
tk3349,,,,compiling and sharing the draft outline of Project Retrospective & Workflow Reference,Task
tk3350,,,,reviewing the outline and adding initial comments,Task
tk3351,,,,providing preliminary input on content flow or reviewing draft once uploaded,Task
tk3352,,,,building a Roles & Responsibilities matrix,Task
tk3353,,,,contributing points regarding inter-institutional coordination and mandatory compliance topics,Task
tk3355,,,,consolidating preferences and circulating a final time and Zoom link for the review meeting,Task
tk2238,,,2022-04-04,integrating NDAI user feedback and visualization updates,Task
tk2239,,,2022-04-04,preparing infographic summaries,Task
tk2240,,,2022-04-04,reviewing Oxford draft press note,Task
tk2241,,,2022-04-08,internal rehearsal via Zoom,Task
tk1039,,,,adjust alignment of Table 1's final column,Task
tk1040,,,,correct Dr. Michael Bradley’s institutional email,Task
tk1041,,,,enhance visual distinction for supplementary material reference,Task
tk1042,,,,remove stray hyphen in 'Domain Adaptation Results' section,Task
tk2103,,,,,Task
tk2104,,,within the next three working days,editorial checks for print formatting and compliance,Task
tk2163,,,2020-08-18,timely forwarding of the “all-clear” notification and finalized JCDL 2022 press release,Task
tk2164,,,2022-03-21,"supplementing the press release with additional visual assets, project summaries, or direct quotes",Task
tk4187,,,,revision task division,Task
tk4191,,,,annotation reliability clarification,Task
tk4192,,,,space restrictions for expanded methodological subsection,Task
tk4193,,,,color schema for new visualizations,Task
tk4194,,,,recent clauses in India's Data Protection Bill,Task
tk4196,,,,coordinated push toward November deadline,Task
tk102,0.8823,['tk93'],2019-04-28,review interpretability findings (Interpretability Memo Review),Task
tk103,,,2019-04-28,Human Annotation Pilot,Task
tk104,,,2019-04-28,Baseline Model Configuration,Task
tk105,,,2019-04-28,Evaluation Metrics & Protocols,Task
tk106,,,2019-04-28,Authorship & Task Distribution,Task
tk107,,,2019-04-28,Draft Timeline,Task
tk108,,,2019-05-05,Prepare annotation instructions and contact digital historians,Task
tk109,,,2019-05-04,Upload baseline model config and preliminary results,Task
tk110,,,2019-05-05,Review interpretability memo and provide feedback,Task
tk537,,,2023-04-17,finalizing drafts,Task
tk538,,,2023-04-18,harmonizing full extended outline,Task
tk3816,,,2023-03-25,review and sign off on the 'Mixed-Script Decisions' tab,Task
tk3817,,,2023-03-25,resolve minor items,Task
tk3818,,,2023-03-23,final repository audit,Task
tk3819,,,2023-03-25,update citation in line 336,Task
tk3820,,,2023-03-23,set 'Last Updated' field in supplementary package,Task
tk3821,,,2023-03-25,cross-check each compliance item,Task
tk3822,,,2023-03-25,upload full camera-ready package,Task
tk3823,,,2023-03-25,address any last-minute portal issues,Task
tk3247,,,2021-06-02,update Data Availability and licensing segments,Task
tk3248,0.7828,"['tk1639', 'tk3252', 'tk3255', 'tk3264', 'tk3287', 'tk423', 'tk4261']",2021-06-06,enhancing figure legends and supporting documentation (refine figure legends),Task
tk3249,,,2021-06-07,review revised manuscript,Task
tk3250,,,2021-06-08,internal approval,Task
tk2360,,,2023-05-07,draft blog post,Task
tk2361,,,2023-05-14,assemble tabulated results and qualitative notes,Task
tk2362,,,,sketch initial agenda and logistical options for the outreach tutorial,Task
tk2363,,,2023-06-10,team call,Task
tk2819,,,2023-08-19,review section transitions,Task
tk2820,,,2023-08-18,finalize datasets table,Task
tk2295,,,,finalizing biographical statements,Task
tk2296,,,,collectively reviewing the session summary and asset checklist,Task
tk1794,0.7757,['tk1801'],2023-08-20,finalize Hindi and Urdu case study vignettes,Task
tk1796,,,2023-08-19,review 'lessons learned' summaries,Task
tk1797,,,2023-08-19,ensure terminological consistency,Task
tk1798,,,2023-08-20,confirm readiness for manuscript integration,Task
tk1800,,,2023-08-20,finalize supplementary file captions/references,Task
tk1308,,,N/A,Set up Overleaf project,Task
tk1309,,,N/A,Develop Introduction section,Task
tk1310,,,N/A,Develop Evaluation Method section,Task
tk1311,,,N/A,Contribute to paper,Task
tk1312,,,N/A,Provide feedback on paper,Task
tk1313,,,N/A,Upload draft features matrix,Task
tk1314,,,N/A,Upload author instructions document,Task
tk1315,,,N/A,Provide IACS library support,Task
tk1316,,,N/A,Summarize Oxford/UK dual-publishing practices,Task
tk2356,,,2020-09-30,Blog Post Draft,Task
tk2358,,,2023-05-07,workshop planning,Task
tk2359,,,2020-06-10,Meeting Coordination,Task
tk2684,,,,preparing and reviewing the Reviewer_Support_JOCCH2022 folder,Task
tk2685,0.8341,['tk3694'],,anticipating possible queries during the review process (rehearsing possible reviewer queries),Task
tk229,,,,exploration of cross-lingual generalization,Task
tk230,,,2023-08-01 to 2023-08-05,debrief meeting,Task
tk2437,,,2022-05-17,Final feedback on materials,Task
tk2438,,,2022-05-18,Outreach & Registration Launch,Task
tk2439,,,2022-05-19,Demo Prep,Task
tk3425,,,2023-10-24,reproducibility of compliance workflows,Task
tk3426,,,2023-10-24,expand dataset index and licensing coverage,Task
tk3427,,,2023-10-24,experimental evaluation,Task
tk3429,,,2023-10-25,internal review and harmonization,Task
tk3430,,,2023-11-01,prepare point-by-point response to reviewers,Task
tk3431,,,2023-11-06,peer sign-off and final integration,Task
tk3432,,,2023-11-15,target resubmission,Task
tk2194,,,18:00 PT,annotating the review document,Task
tk3450,,,2023-10-16,initiate compliance workflow crosswalk table,Task
tk3451,,,2023-10-10,present expanded dataset index template,Task
tk3452,,,2023-10-17,synthesize inter-annotator agreement metrics,Task
tk3453,,,,formalize new appendix on dataset licensing,Task
tk3454,,,,offer Worked Example of GDPR compliance workflow,Task
tk3455,,,2023-10-23,assemble feedback on all revised sections,Task
tk3456,,,,draft addendum clarifying ongoing negotiations and compliance constraints,Task
tk3457,,,2023-10-20,integrate additional pilot study data,Task
tk3458,,,2023-10-18,individual section updates,Task
tk3459,,,2023-10-24,integrated master draft,Task
tk3460,,,2023-10-25,group review and response-to-reviewers letter draft,Task
tk3461,,,2023-10-31,lead cover letter revision,Task
tk1304,0.8152,['tk1329'],2023-08-27,10 October check-in (next check-in),Task
tk2514,,,,,Task
tk2515,,,,,Task
tk2516,,,,,Task
tk2517,,,,,Task
tk2518,,,,,Task
tk2519,,,,,Task
tk111,,,,chronological prediction (year classification),Task
tk112,,,,performance breakdown per data type,Task
tk113,,,,interpretability side-outputs,Task
tk114,,,,error case annotation,Task
tk366,,,,Historical Named Entity Recognition (NER),Task
tk367,,,,Multilingual Archives Analysis,Task
tk510,,,,draft section on reproducibility in historical NLP,Task
tk511,,,,collaboration on the slide deck,Task
tk512,,,,discussion on open reproducibility challenges,Task
tk513,,,,"submitting a minimal, reusable dataset sample",Task
tk514,,,,drafting recommendations for FAIR data practice,Task
tk202,,,2019-05-23,final narrative review,Task
tk2682,,,,"ensuring all support materials are thorough, anonymized, and easily accessible",Task
tk2683,0.8169,['tk3506'],,keeping the team posted on editorial process movements or reviewer feedback (circulate any updates from the editorial office),Task
tk3240,,,,compiling a thoughtful shortlist of potential reviewers,Task
tk3241,,,today,finalizing author contribution statements,Task
tk3242,,,before submission,cross-checking the delineation,Task
tk2307,,,,feedback on narration clarity and pacing,Task
tk2308,,,,feedback on slide accuracy and visual/audio content,Task
tk2309,,,,refining captions or improving accessibility aspects,Task
tk2310,,,,checking for content overlaps or required additions,Task
tk2311,,,2022-04-22,add comments directly in the shared drive folder,Task
tk2312,,,2022-04-24,coordinate a revised version,Task
tk4353,,,2025-01-24,final collective review,Task
tk4355,,,2025-01-24,confirm supporting materials,Task
tk3274,,,2019-06-01,proof review and author coordination,Task
tk3275,,,2019-06-01,double-check Data Availability and licensing sections,Task
tk3276,0.7734,"['tk2931', 'tk3292', 'tk3306']",2023-06-27,"review figures, captions, and method-major visuals (review of figures and captions)",Task
tk3277,,,2019-06-01,"focus on institutional affiliations, citation formatting, and coordinate archiving requirements",Task
tk3278,,,2019-06-01,confirm travel or leave plans for end of June and early July,Task
tk3279,,,2019-06-01,coordinate any archiving requirements,Task
tk3280,,,2019-06-01,sign or provide input on copyright/license forms,Task
tk2857,,,,detailing practical impact in digital humanities environments,Task
tk2858,,,,coordinating the final phase and managing the compliance checklist,Task
tk2859,,,2023-12-04,finalizing the Zoom meeting date,Task
tk942,,,2023-03-30,preparation of a detailed flowchart and extended narrative,Task
tk943,,,2023-04-01,integration of Sunita's sample outputs,Task
tk944,,,2023-04-02,substantial progress using LaTeX adjustments and preflight PDF checks,Task
tk945,,,2023-04-05,mapping reviewer requests to manuscript locations,Task
tk946,0.834,['tk421'],2023-04-10,complete a consolidated final submission,Task
tk3120,,,,Screen Share Assignments,Task
tk3121,,,,Tech-Check Protocol,Task
tk3122,,,,Introduction & Closing,Task
tk3123,,,,Q&A Logistics,Task
tk3124,,,,Circulate program updates,Task
tk3125,,,,Double-check time zone conversions,Task
tk1526,0.8467,['tk1528'],2021-04-18,preparation of final presentation slides (finalizing draft slides),Task
tk1527,,,2021-04-22,virtual dry run of the presentation,Task
tk2605,,,2023-10-10,review partial draft,Task
tk2606,,,2023-10-10,collate background material on accessibility evaluation,Task
tk2607,,,2023-10-10,outline submission priorities,Task
tk2608,,,2023-10-10,finalize section integration plans,Task
tk2609,,,2023-10-10,lock down submission venue,Task
tk2610,,,2023-10-10,establish internal timeline,Task
tk609,0.7816,['tk548'],N/A,preliminary review of the master slide deck (Slide Deck Review),Task
tk610,,,N/A,Speaker Bios & Consent Forms,Task
tk611,0.7813,['tk616'],N/A,preparing local copies of critical demo files and dataset samples (Backup Plan),Task
tk3699,,,2022-03-15,update submission,Task
tk635,,,2020-06-25,tutorial presentation,Task
tk636,,,,AV logistics and co-host assignments,Task
tk637,,,,backup procedures,Task
tk638,,,,sharing official Zoom login details,Task
tk3183,,,,fleshing out Error Analysis and Evaluative Methodology subsections,Task
tk3184,,,,uploading initial drafts and draft figures,Task
tk3185,,,,sharing recommendations for visualization templates,Task
tk3186,,,,co-developing the annotation guidelines appendix,Task
tk3187,,,,finalizing referencing style and division of Limitations & Future Work,Task
tk2829,,,2023-09-25,final edits,Task
tk2830,,,,consolidate and manage final formatting,Task
tk2831,,,2023-08-25,coordinate official submission to JCDL 2023,Task
tk2734,,,,,Task
tk2736,,,,,Task
tk2737,,,,,Task
tk3442,,,2023-10-18,expand Appendix I,Task
tk3443,,,2023-10-18,circulate draft update to the dataset/index section,Task
tk3444,,,2023-10-10,confirm availability for Zoom meeting,Task
tk322,,,2023-09-01,Expansion of the “Limitations and Future Work” Section,Task
tk323,,,2023-09-01,Illustrative Table on Annotator Agreement,Task
tk324,,,2023-09-01,Compliance Appendix Clarifications,Task
tk325,,,2023-08-30,coordination meeting,Task
tk326,,,2023-09-22,Final edits and review,Task
tk2687,0.8446,['tk2691'],,justification for selection of cross-dialectal datasets (cross-dialectal dataset selection),Task
tk2689,,,,validity of the dialect classification approach,Task
tk2690,,,,generalizability of the system,Task
tk4418,,,2023-03-17,review amended compliance and metadata sections,Task
tk4419,,,2023-03-17,address remaining cross-sectional issues,Task
tk4420,,,2023-03-17,finalize unified response letter,Task
tk4421,,,2023-03-17,submit polished major revision package,Task
tk1827,,,2023-08-24T16:00:00Z,circulate the integrated manuscript,Task
tk1828,,,2023-08-26T12:00:00Z,cross-review of Bengali/English case studies,Task
tk1829,,,2023-08-26T12:00:00Z,verify in-text references to supplementary materials,Task
tk1830,,,2023-08-26T12:00:00Z,"scrutinize resource transparency, compliance statements, and checklist tables",Task
tk1831,,,2023-08-26T12:00:00Z,complete section-specific checks and collective sweep of appendices,Task
tk1832,,,2023-08-24T16:00:00Z,relay updates from IACS legal/ethics,Task
tk3943,,,2023-05-05,completion of meta-annotation addendum,Task
tk3944,,,2023-05-05,closure of documentation review phase,Task
tk3945,,,2023-05-12,final pre-submission checklist review,Task
tk3946,,,2023-06-02,submission of draft milestone,Task
tk2135,,,,,Task
tk2136,,,,,Task
tk2138,,,,,Task
tk1709,,,2022-07-08,consolidate audience feedback and reflections,Task
tk1710,,,2022-07-15,develop full-length manuscript for journal submission,Task
tk2328,,,,technical review of pre-recorded spotlight video,Task
tk2329,,,,final editing of video,Task
tk2330,,,,upload finalized script and read-only slide deck,Task
tk2331,,,,expedited checks before submission,Task
tk3411,,,2023-08-02,finalizing Data Licensing Table,Task
tk3412,,,2023-08-02,reviewing and updating Compliance FAQ,Task
tk3413,,,2023-08-05,completing contribution and COI statements,Task
tk3473,,,2023-10-20,review the dataset index,Task
tk3474,,,2023-10-21,verify cross-referencing and prepare the master document,Task
tk687,,,,,Task
tk688,,,2023-08-25,supplementary materials compilation,Task
tk689,,,2023-08-20,lay abstract preparation,Task
tk690,0.8126,"['tk702', 'tk704']",2023-09-06,section draft deadline (section drafts),Task
tk692,,,2022-10-22,target JOCCH submission,Task
tk693,,,,,Task
tk3132,,,2023-04-28,debrief call,Task
tk3133,,,,compile document with audience questions and post-session comments,Task
tk1669,,,2022-07-21,upload updated version to shared Google Drive folder,Task
tk1670,,,Not specified,share local recording test results,Task
tk1671,,,Not specified,share finalized Q&A answer sheet,Task
tk1672,,,Not specified,monitor inbox for last-minute messages,Task
tk1673,,,2022-07-25,representing interdisciplinary collaboration at ACL 2022,Task
tk2127,,,,formal submission to Stanford University Office of Communications,Task
tk2128,,,,inform each other promptly as formal approvals come through,Task
tk2129,,,,coordinate with Oxford team on section phrasing or documentation,Task
tk2946,,,,,Task
tk2947,,,,,Task
tk2948,,,,,Task
tk2950,,,,,Task
tk595,,,2020-07-15,final submission to JCDL,Task
tk625,,,2020-07-21,Timed Dry-run of Slide Deck,Task
tk626,,,2020-07-21,Demo & Handover Protocols,Task
tk627,,,2020-07-21,Screen Sharing & Q&A Functions,Task
tk628,,,2020-07-21,Backup Plan Walkthrough,Task
tk629,,,2020-07-21,Documentation Checks,Task
tk630,,,2020-07-21,Open Points & Contingencies,Task
tk1769,0.798,['tk1764'],2023-08-14,contributing a representative pair from the Hindi and Urdu subcorpora (sharing Hindi and/or Urdu examples),Task
tk1770,,,2023-08-14,reviewing and ensuring terminological consistency for the comparative protocol table,Task
tk1771,,,2023-08-14,suggesting input on adjudication loop specifics for South Asian scripts,Task
tk1772,,,2023-08-15,organizing sync call,Task
tk4250,,,,integrate legal protocol matrix content into draft methodology section,Task
tk4251,,,,align red-outline references with figures,Task
tk4252,,,,delegate extended compliance commentary to appendix,Task
tk4253,,,2023-11-07,clarify consent requirements for international annotation,Task
tk4254,,,2023-11-07,provide annotation metadata or explanatory details for special consent data points,Task
tk4255,,,2023-11-07,finalize flow for transitioning legally nuanced content between main text and supplementary material,Task
tk4256,,,2023-11-06,review and annotate minor suggestions for clarity and referencing style,Task
tk1015,0.8169,"['tk1622', 'tk1623', 'tk2101', 'tk2837', 'tk2962', 'tk3787', 'tk422', 'tk484', 'tk488', 'tk576', 'tk594', 'tk606', 'tk761']",2019-02-14,formal camera-ready acceptance or revision request (camera-ready upload),Task
tk1703,,,2023-10-11,pre-presentation checklist compilation,Task
tk1704,,,2023-10-12,"addressing data provenance, annotation bias, and contextual artifact questions",Task
tk1705,,,2023-10-11,checking for last-minute updates or instructions,Task
tk1706,,,2023-10-12,monitoring chat for access issues,Task
tk1707,,,2023-10-12,introduction cue,Task
tk1708,,,2023-10-12,opening slides presentation,Task
tk2106,,,Not specified,drafting embargoed press release,Task
tk2107,,,Not specified,sharing formal template or style guidance,Task
tk2108,,,within 48 hours,providing feedback on initial draft,Task
tk2109,,,2019-03-01,targeting release timing aligned with JCDL's announcement window,Task
tk4335,,,2023-12-31,integrate NLI case into main manuscript,Task
tk4337,,,2024-01-18,circulate updated Section 4.2 draft,Task
tk4338,,,2024-01-19,add footnoted citations for translated documents,Task
tk4339,,,2024-01-20,conduct final policy compliance audit,Task
tk4340,,,2024-01-22,harmonize bibliography entries,Task
tk1907,,,,institutional sign-off for outreach materials,Task
tk1908,,,,timeline for public release,Task
tk1909,,,,embargo monitoring and media queries,Task
tk1910,,,,contingency planning for reviewer feedback,Task
tk1911,,,,liaise with respective press offices,Task
tk1912,,,,maintain embargo log and handle communications tracking,Task
tk1913,,,,final compliance check before public release,Task
tk224,,,,planning for follow-up work or dataset releases,Task
tk225,,,,preparation of supplementary analyses,Task
tk1346,,,2023-10-12,Final review and harmonization of evaluation metrics,Task
tk1347,,,2023-10-12,"Confirmation of author order, roles, and final wording of the funding statement and acknowledgments",Task
tk1348,,,2023-10-12,Policy and process review,Task
tk1349,,,2023-10-12,Timeline review,Task
tk1350,,,2023-10-12,Open discussion,Task
tk1946,,,2022-10-18,completing initial pass of harmonization edits for the embargo monitoring log,Task
tk1947,,,2022-10-20,reviewing changes by 20 October,Task
tk1948,,,2022-10-20,locking in all approved edits by end of day 20 October,Task
tk1949,,,,circulating a summary sheet outlining all key harmonization decisions,Task
tk2940,,,,add reference and summary on archival interoperability frameworks,Task
tk2943,,,2023-03-01,complete all major drafting by early March,Task
tk2944,,,,joint proofread and compliance verification,Task
tk1723,,,2023-07-24,collect and synthesize audience and session chair feedback,Task
tk1724,,,2023-07-30,extract actionable points from feedback,Task
tk1725,,,2023-07-30,reach out to the session chair for additional notes,Task
tk1726,0.8114,"['tk1714', 'tk234', 'tk238', 'tk3838', 'tk3843']",2023-07-30,initial discussion of a possible journal extension (decide between journals),Task
tk1727,,,2023-07-30,outline strategies for integrating OCR post-processing,Task
tk1569,,,2019-11-16,oral presentation preparation,Task
tk2965,,,,review submission acknowledgment email,Task
tk3533,,,2023-11-14,Overview/introduction and US-side compliance practices,Task
tk3534,,,2023-11-14,UK data negotiation and international harmonization,Task
tk3535,,,2023-11-14,Institutional ethical approval documentation and comparative analysis,Task
tk3536,,,2023-11-14,"Details of the NDLI access workflow, annual data licensing, and drafting recommendations on multi-year data sharing agreements",Task
tk3537,,,2023-11-14,Upload anonymized IACS ethics committee correspondences,Task
tk3538,,,2023-11-14,Collate UK sample artifacts for appendix inclusion,Task
tk3539,,,2023-11-14,Collate Stanford sample artifacts for appendix inclusion,Task
tk3540,,,2023-11-14,Populate assigned outline sections,Task
tk3541,,,2023-11-15,Review draft material and provide asynchronous comments,Task
tk3542,,,2023-11-20,Circulate consolidated draft for final team review,Task
tk3543,,,2023-11-14,Devote a specific subsection to evolving practices in multi-year data and compliance arrangements,Task
tk3544,,,2023-11-14,Explicitly align memo recommendations with DST and UKRI reporting templates,Task
tk3296,,,2023-06-26,"review of institutional affiliations, citation formatting, and acknowledgments",Task
tk3297,,,2023-06-26,scrutiny of author list and ORCID identifiers,Task
tk3298,,,2023-06-27,verification of sections in question,Task
tk3299,,,2023-06-27,comprehensive coverage in the correction form,Task
tk741,,,,consolidated compliance supplement,Task
tk742,,,,updated manuscript drafts,Task
tk743,,,2023-09-01,full-draft circulation for group review,Task
tk746,,,,add concise paragraph linking 'Profiling' conclusions with inter-annotator agreement statistics,Task
tk747,,,,comprehensive internal review,Task
tk2448,,,,registration and outreach launch,Task
tk2450,,,,reviewing supporting materials,Task
tk2451,,,,confirming registration link,Task
tk1296,,,,preparing the submission features matrix,Task
tk1297,,,,reviewing the comparative draft,Task
tk1298,,,,drafting and submission responsibilities,Task
tk3770,,,2023-03-07,Section 4.3 and Figure 2 Edits,Task
tk3771,,,2023-03-07,Metadata Compliance,Task
tk3772,,,2023-03-07,Graphical Abstract and Supplementary Files,Task
tk3773,,,2023-03-07,Presenter Documentation,Task
tk3774,0.8103,['tk415'],2023-03-09,Final Submission Plan (formal submission),Task
tk3070,0.8718,"['tk215', 'tk414']",Unknown,final review notes,Task
tk3071,,,Unknown,upload of remaining materials,Task
tk3072,,,Unknown,cross-check of revised slides,Task
tk2904,,,,compliance checklist,Task
tk3813,,,Not specified,presenter confirmation and copyright forms,Task
tk1545,,,2023-04-24,add comments to slides,Task
tk1536,,,2021-04-24,dry run,Task
tk1546,,,2023-04-24,draft Q&A talking points,Task
tk3702,,,2024-03-13,ensuring formatting compliance,Task
tk3703,,,2024-03-13,preparing supplementary materials,Task
tk3704,,,2024-03-13,confirming presenter,Task
tk3705,0.7691,['tk3710'],2024-03-01,organizational video call (coordinate video call),Task
tk535,,,,data sharing and FAIR guidelines preparation,Task
tk536,,,2020-04-17,integration of tutorial draft,Task
tk2046,0.8529,"['tk2040', 'tk2049']",2023-11-23,adding a brief use-case box illustrating acceptable forms of metadata release before article acceptance (drafting illustrative use-case box on metadata disclosures),Task
tk2048,,,,submit a thoroughly vetted FAQ annex on schedule,Task
tk161,,,,annotator anonymization,Task
tk162,0.8234,['tk165'],,use colorblind-friendly palette (color palette selection),Task
tk163,0.8377,['tk172'],,selection of exemplar explanatory segments (exemplar selection),Task
tk3300,,,,review of proofed sections,Task
tk3301,,,,enter detailed annotations in Google Sheet,Task
tk3302,,,,review notes in sheet and identify issues,Task
tk3303,0.8514,['tk3310'],,consolidation of comments and finalization of correction form (consolidate and submit final correction form to ACM),Task
tk1051,,,2023-10-08,preparing a succinct summary,Task
tk1052,,,2023-10-15,social media dissemination,Task
tk1053,,,2023-09-25,organizing a webinar,Task
tk278,,,2019-06-04,review of the current dataset documentation,Task
tk279,,,2019-06-04,institutional compliance checklist,Task
tk280,,,2019-06-04,technical and procedural questions,Task
tk281,,,2019-06-04,Q&A / Any Other Business,Task
tk4507,,,,,Task
tk4508,,,,,Task
tk4509,,,,,Task
tk4492,,,2023-03-29,co-signing the colloquium abstract,Task
tk4512,,,,,Task
tk4513,,,2023-04-01T09:00:00Z,final lock-in/Ramesh’s archive,Task
tk378,0.8194,['tk418'],2023-12-15,update the 'Ethical Considerations' section (finalizing Ethical Considerations section),Task
tk1875,,,2020-05-26,embargo compliance review,Task
tk1876,,,2020-03-13,Outreach Materials Coordination,Task
tk1877,,,2020-03-13,Timeline Alignment and Internal Communication,Task
tk1878,,,2022-09-18,Draft Oxford/Stanford departmental abstract,Task
tk1879,,,2022-09-19,Prepare IACS/social media version,Task
tk1880,,,,Monitor for any editorial office embargo queries and coordinate content review,Task
tk1881,,,,Oversee data compliance status; review outreach drafts before external release,Task
tk586,,,2023-06-23,Finalize screencast,Task
tk587,,,2023-06-24,Update slide deck,Task
tk589,0.8358,"['tk593', 'tk596']",2020-06-26,preparing and circulating the draft revision memo,Task
tk2342,0.7987,['tk2337'],TBD,pre-conference dissemination (dissemination ahead of JCDL),Task
tk2343,0.8079,"['tk2348', 'tk2357', 'tk2364']",2020-05-15,pulling together the error evaluation breakdown (error analysis),Task
tk2344,0.8168,['tk2339'],2019-06-01,organize hands-on tutorial or community code sprint (organizing online code sprint or tutorial),Task
tk1044,,,Not specified,author page proofs,Task
tk1045,,,Not specified,post-publication promotion,Task
tk1549,,,2023-04-24,Full presentation walkthrough,Task
tk1550,,,2023-04-24,Targeted feedback round,Task
tk1551,,,2023-04-24,Integration of Slide Edits/Annotations,Task
tk1552,,,2023-04-24,Q&A drill and strategy session,Task
tk1553,,,,Final slide deck submission timeline for ACL upload,Task
tk1554,,,,Assignment of speaking roles for Q&A during the actual session,Task
tk2195,,,,amplify the newsletter link through university communication offices and departmental lists,Task
tk2196,,,,coordinate a thematic social media campaign,Task
tk2197,,,,"provide companion content (e.g., a video introduction or faculty Q&A)",Task
tk2198,,,,participation in the conference media day,Task
tk2199,,,,scheduling of live project spotlights,Task
tk784,,,2023-11-05,revision meeting,Task
tk788,,,,graphical abstract sketches,Task
tk2814,0.7399,['tk2762'],2023-08-19,review and ensure alignment with datasets overview (reviewing additional dataset paper),Task
tk2815,,,2023-08-19,glance over transitions between sections and signal structural adjustments,Task
tk2816,,,2023-08-19,group check-in via Google Meet,Task
tk2817,0.8083,"['tk2885', 'tk3599']",2023-08-19,add inline comments or propose revisions (annotate shared document),Task
tk2818,,,2023-08-25,consolidate and circulate the penultimate version for group review,Task
tk3957,,,2023-05-18,final checklist sign-off,Task
tk3958,,,2023-05-28,manuscript assembly,Task
tk3960,,,2023-05-28,review compiled submission package,Task
tk2576,,,,Workshop Design & Accessibility Protocols,Task
tk2579,,,,coordinate 10 June agenda and ongoing literature review for the Introduction,Task
tk2580,,,end of this week,drafting sections,Task
tk4167,,,2022-12-10,submit revised files and response,Task
tk3234,0.8402,"['tk3233', 'tk3239']",2023-05-15,author contribution statement preparation (drafting author contribution statements),Task
tk3235,,,2023-05-25,suggesting potential reviewers,Task
tk3920,,,2023-04-24,documentation of the 24 April meeting,Task
tk3921,,,2023-05-05,finalizing JOCCH resource note,Task
tk3922,,,2023-04-30,creation of Zenodo project page,Task
tk3924,,,2023-05-06,editorial refinement and coordination,Task
tk3925,,,2023-05-06,circulating draft sections for asynchronous review,Task
tk3926,,,2023-06-02,consolidated draft deadline,Task
tk3927,,,2023-05-06,preparing further citations and explanatory notes,Task
tk1634,,,2022-07-15,presentation preparation,Task
tk2994,,,this weekend,assembling slides on evaluation methodology,Task
tk2995,,,,creating a repository of potential questions,Task
tk2997,0.7981,['tk3004'],,prepare a contingency plan for both oral/poster and in-person/virtual presentations (backup slide preparation),Task
tk1883,,,2023-09-12,coordinating outreach timeline,Task
tk1884,,,2023-09-18,uploading drafts to shared folder,Task
tk1885,,,2023-09-19,conducting initial compliance and tone review,Task
tk1886,,,2023-09-19,providing input on technical clarity and embargo status language,Task
tk1887,,,2023-09-26,iterating on outreach materials,Task
tk1888,,,2023-09-26,responding to preliminary queries from JOCCH editorial office,Task
tk1208,,,next week,preparing technical documentation,Task
tk1209,,,next week,cross-checking for usability and clarity,Task
tk1210,0.8995,['tk1211'],2019-09-22,blocking calendar and circulating Google Doc (confirming preferred time slot),Task
tk3216,,,today,review of 'Semantic Metrics Alignment' section,Task
tk3217,,,this morning,draft annotator agreement table,Task
tk3218,,,2023-05-16,final consolidation meeting,Task
tk3219,,,2023-05-14,additional supporting figures or dataset references,Task
tk1330,,,,collaborative refinement of the data/code transparency statement,Task
tk1332,,,,reviewing the Overleaf project's Introduction and Evaluation sections,Task
tk1333,,,,writing a dual-publishing practices summary,Task
tk1334,,,,creating a full manuscript draft by end-October,Task
tk2823,,,2023-08-21,final review of Methods and Novelty sections,Task
tk2824,,,2023-08-25,full review,Task
tk2825,,,,proofreading the consolidated version,Task
tk2826,,,,ensure submission formatting aligns with JCDL 2023 requirements,Task
tk507,,,2019-02-11,assemble a summary slide deck,Task
tk508,,,,assist with the corpus normalization section,Task
tk509,,,,propose reproducibility standards in community tutorials,Task
tk4264,,,,,Task
tk4265,,,,,Task
tk4267,,,2023-11-10T18:00:00Z,complete inline comments or accept suggested changes,Task
tk4268,,,2023-11-10T20:00:00Z,upload updated integrated master document,Task
tk4269,,,2023-11-11,online JOCCH submission,Task
tk4270,,,2023-11-11,circulate completed cover letter,Task
tk1493,,,2019-09-26,finalize registration and indicate participation,Task
tk1494,,,2019-09-21,submit minor post-acceptance corrections,Task
tk971,,,2019-02-18,"submit clean, camera-ready version",Task
tk972,,,,provide two additional references to recent cross-domain historical corpora,Task
tk974,,,,,Task
tk4517,,,later this week,contributing bullet points to the new Google Doc,Task
tk4518,,,,drafting a preliminary comparative assessment,Task
tk4519,,,,finalizing the outline and next steps,Task
tk1809,,,2023-08-23,integration of workflow figures,Task
tk1810,,,2023-08-23,access to finalized supplementary materials,Task
tk1811,,,2023-08-23,review of main manuscript figures and supplementary diagrams,Task
tk1812,,,2023-08-23,"maintain consistency in vignette format, captioning, and terminology",Task
tk1813,,,2023-08-23,spot-checking Bengali and Hindi/Urdu examples,Task
tk1814,,,2023-08-23,compliance check against JOCCH reproducibility and data/code access checklist,Task
tk1815,,,2023-08-23,awaiting final clearance from IACS ethics/legal officers,Task
tk1816,,,2023-08-24,group review of the complete manuscript,Task
tk1817,,,2023-08-31,full submission package before the end-of-month deadline,Task
tk1637,,,2022-07-14,correspondence with ACL committee,Task
tk2770,,,,funding calls preparation,Task
tk2771,,,,updating EU/H2019 funding table,Task
tk2773,,,,summarizing ACL papers,Task
tk2774,,,,literature review,Task
tk2775,,,,grant proposal scoping,Task
tk2776,,,,finalizing core messages for conference abstract,Task
tk2777,,,,parallel journal submission discussion,Task
tk2778,,,,reviewing shared document,Task
tk2779,,,,flagging items needing collective attention,Task
tk1022,,,within 7 business days,pre-publication checklist,Task
tk1023,,,prior to online publication,galley proof approval,Task
tk1024,,,promptly,complete conflict of interest and authorship declarations,Task
tk1025,,,within the next 72 hours,notify of last-minute corrections,Task
tk2403,,,,schedule focus session for integrating live demo and engagement components,Task
tk2404,,,,provide detailed feedback on preliminary agenda,Task
tk2405,,,,share insights from the North American side,Task
tk2407,,,2023-05-15,review and provide margin comments on research note outline,Task
tk2408,,,,upload document for review,Task
tk2409,,,,keep communication open regarding scheduling shifts,Task
tk960,,,2023-04-04,completion of the finalized compliance protocol document,Task
tk961,,,2023-04-04,review and advise on additional details or clarifications,Task
tk962,,,2023-04-07,full consolidation for the upcoming team review,Task
tk203,,,2019-05-23,verify integration and display of figures,Task
tk204,,,2019-05-23,circulate final comments,Task
tk3790,,,2022-05-10,signing copyright form,Task
tk3791,,,2022-05-10,completing presenter information,Task
tk3792,,,2022-05-14,uploading supplementary materials,Task
tk3793,,,2022-05-14,final validation screen,Task
tk1835,,,2023-08-28,reviewing README and compliance statements,Task
tk1836,,,2023-08-28,checking in-text references,Task
tk1837,,,2023-08-28,verifying hyperlink functionality,Task
tk1838,,,2023-08-28,internal sign-off,Task
tk1839,0.8388,"['tk3491', 'tk3497', 'tk364', 'tk408', 'tk419', 'tk768']",2023-08-28,upload the final version and accompanying response letter to JOCCH (formal upload to JOCCH),Task
tk3585,,,2023-11-15,final feedback on navigation table and harmonized annotation framework,Task
tk1046,,,,"update ORCID, institutional webpages, and departmental repositories",Task
tk1047,,,,prepare a short summary for departmental news bulletins and public-facing platforms,Task
tk1048,,,,coordinate a Twitter/X and LinkedIn post,Task
tk1049,,,,explore the possibility of a feature on the IACS/Stanford/Oxford news sites or newsletters,Task
tk1050,,,,organize a brief online presentation or webinar in September,Task
tk3097,0.7829,['tk3045'],TBD,rehearsal session (joint rehearsal),Task
tk3099,,,TBD,preparing Q&A tip-sheet,Task
tk3291,0.7954,['tk3288'],2023-06-27,review data availability and licensing statements (data and licensing disclosures review),Task
tk3293,,,2023-06-27,"review affiliations, citation formatting, acknowledgments, and institutional footers",Task
tk3294,,,2023-06-27,"review author information, ORCIDs, and overall typesetting",Task
tk3295,,,2023-06-27,submit inputs and suggestions on the proof correction form,Task
tk3148,,,2021-08-02,audience feedback review,Task
tk3149,,,2021-08-02,technical and presentation reflections,Task
tk3150,0.8093,['tk3144'],2021-08-02,Engagements with New Collaborators (collaborator follow-up),Task
tk3151,,,2021-08-02,next publication target discussion,Task
tk3152,,,2021-05-05,circulate refined outline for manuscript,Task
tk3153,,,2021-08-02,draft outreach emails for new collaborations,Task
tk3154,,,2021-05-15,organize group writing sprint,Task
tk3155,,,2021-05-05,coordinate final decision and provide detailed timeline,Task
tk3232,,,,,Task
tk2181,,,today,preparations for JCDL bulletin,Task
tk2182,,,tomorrow,"submit consolidated quotes, summary statements, and visuals to JCDL communications team",Task
tk2183,,,today,upload introductory project blurbs or additional images,Task
tk2184,,,after newsletter publication,reconvene for a brief call to strategize media follow-up and discuss upcoming conference presentations,Task
tk1593,,,2021-06-11,camera-ready review session,Task
tk1594,,,2021-06-10,upload updated bio,Task
tk1595,,,2021-06-11,confirm compliance with ACL guidelines,Task
tk1596,,,2021-06-11,slide-by-slide review,Task
tk1597,,,2021-06-11,update and approve supplementary materials,Task
tk1598,,,2021-06-11,final assignment of action items and submission timeline,Task
tk1924,,,2022-10-09,confirm meeting slot,Task
tk1925,,,2022-10-09,circulate fresh Google Meet link and updated calendar invite,Task
tk1926,,,2022-10-16,pre-clearing outreach materials,Task
tk1927,,,2022-10-16,coordinate standby response,Task
tk1928,,,2022-10-16,brief media team about possible short-notice adjustments,Task
tk1929,,,2022-10-16,supplement Q&A briefing with clarifications on historical data handling,Task
tk1360,,,2023-10-15,policy review,Task
tk1364,,,,,Task
tk1365,,,,,Task
tk1983,,,,preparing the 'Unified_PressQuery_ResponseTemplate_with_ScenarioAnnex.docx',Task
tk1984,,,,distribution across IACS,Task
tk1985,,,,coordinating at Stanford,Task
tk1986,0.8216,['tk1995'],,relaying early feedback from IACS communications team (sharing feedback from the IACS communications team),Task
tk1987,,,,reconvening to append updates to the scenario annex,Task
tk1633,,,2022-07-10,proofreading and final metadata check,Task
tk1635,,,2022-07-14,camera-ready final corrections,Task
tk1261,,,,uploading finalized IACS dataset citation guidelines,Task
tk1262,,,,incorporating core citation example into FAQ and README,Task
tk1263,,,,,Task
tk1264,,,,flagging areas in schema template for additional context,Task
tk1265,,,,completing final checks by end of day,Task
tk1266,,,,submitting substantial changes or additional queries,Task
tk1267,,,,consolidating the full knowledge base package,Task
tk1268,,,,executing a thorough internal review on schedule for the 28 September feedback round,Task
tk394,,,2021-12-17,finalizing caption for Figure 3,Task
tk395,,,2021-12-20,internal compilation,Task
tk396,,,,reviewing updated caption and tabular summary,Task
tk3912,,,2023-04-15,section reviews,Task
tk3913,,,2023-04-15,dataset hosting,Task
tk3914,,,2023-04-15,survey finalization,Task
tk3915,,,2023-04-15,submission target and timeline,Task
tk3916,,,2023-04-28,prepare legal notice template,Task
tk3917,0.8004,['tk3923'],2023-05-05,cross-validate meta-annotations and finalize dataset documentation (cross-validation workflow for meta-annotations),Task
tk3918,,,2023-06-02,first full paper draft,Task
tk3919,,,2024-07-01,submission by JOCCH dataset note deadline,Task
tk4395,0.8356,['tk4398'],2023-03-08,upload of the revised Chilean and Japanese compliance subsections (revising compliance sections),Task
tk4396,,,2023-03-13,finalizing content,Task
tk4397,0.8064,"['tk2415', 'tk802']",2023-03-12,providing feedback on the draft,Task
tk1599,,,2023-06-10,uploading updated bio,Task
tk1600,,,,increasing resolution and enhancing contrast of slide figures,Task
tk1601,,,,expanding model bias coverage in Q&A document,Task
tk1602,,,,coordinating for additional signatures for institutional compliance,Task
tk1603,,,,double-checking presenter bios for interdisciplinary spirit,Task
tk495,,,,document key lessons learned,Task
tk496,,,within the next two weeks,contribute a summary on respective sub-areas,Task
tk497,,,,schedule a short call in early April to discuss and consolidate these highlights,Task
tk2754,,,2022-08-11,drafting entries on selected papers,Task
tk2755,0.8091,"['tk2767', 'tk3519']",2022-08-10,indicating availability in Doodle poll (completing the Doodle poll),Task
tk2756,,,2022-08-10,populating funding opportunities section,Task
tk2757,,,2022-08-12,providing EU or H2019 opportunities,Task
tk2758,,,2022-08-12,flagging additional methodological frameworks or evaluation resources,Task
tk3197,,,,upload of the “HistoricData_AnnotationGuidelines_v1.pdf” appendix draft,Task
tk3198,,,2023-05-10,review of the appendix,Task
tk3199,,,2023-05-10,finalization of Related Work and Semantic Metrics Alignment sections,Task
tk3200,0.9615,['tk3203'],,integration of section review,Task
tk3202,,,,confirming diagrammatic cross-links and harmonizing terminology,Task
tk3204,,,,advising on balance between methodological detail and practical guidance,Task
tk345,,,2019-09-01,draft 'Limitations and Future Work',Task
tk346,,,2019-09-02,distribute final annotator agreement table,Task
tk347,,,2019-09-01,circulate compliance appendix draft,Task
tk348,0.8155,['tk954'],2019-09-15,integrating all section inputs into the response letter (integrate inputs and update the response letter),Task
tk349,,,2019-09-07,internal review of all segments,Task
tk350,,,2019-09-15,consolidate and finalize the full manuscript plus response letter,Task
tk351,,,2019-09-03,confirm consistency with European library licensing standards,Task
tk3782,,,,addressing compliance checklist items,Task
tk3784,,,,reviewing and certifying metadata,Task
tk3785,,,,revalidating supplementary materials,Task
tk3786,,,,integrating graphical abstract,Task
tk3731,,,2023-03-03,editing Section 4.3,Task
tk3732,,,,accessibility of supplementary datasets,Task
tk3733,,,,graphical assets and compliance checks,Task
tk3734,,,,drafting official confirmation note to ACL,Task
tk3735,,,,incorporating final points in manuscript updates,Task
tk3736,0.8436,['tk3746'],2023-03-09,internal completion deadline,Task
tk2139,,,,receive formal approval from press offices,Task
tk2140,,,,adjudication meeting for editorial changes,Task
tk2141,,,,align on announcement timing,Task
tk2844,,,2021-05-06,prepare camera-ready version,Task
tk2845,,,2021-05-06,condense Related Work section,Task
tk2846,,,2021-05-06,draft new sub-paragraph for conclusion,Task
tk2847,,,2021-11-25,review detailed reviewer feedback,Task
tk2848,,,2021-12-01,schedule Zoom meeting for final review,Task
tk3159,,,2023-05-03,expand Related Work section,Task
tk3160,,,2023-05-06,coordinate with Michael on Semantic Metrics Alignment,Task
tk3161,,,2023-05-10,draft initial sections,Task
tk3162,,,2023-05-06,schedule sync with Michael,Task
tk1408,0.8356,"['tk1411', 'tk1439', 'tk341', 'tk352', 'tk4275', 'tk818']",2023-01-24,revise structure and language for clarity of Compliance Appendix (review compliance appendix),Task
tk1409,,,2023-01-24,annotation provenance improvements,Task
tk1410,0.7886,"['tk1453', 'tk1795']",2023-01-24,verify formatting and cross-section consistency (formatting and section cross-check),Task
tk308,,,,validating linkage between technical validation summary and expanded contextual notes,Task
tk309,,,,final PDF assembly or online submission portal entry,Task
tk310,,,2023-10-11,group sign-off,Task
tk2252,,,2023-04-06,review draft Oxford press note,Task
tk2253,,,2023-04-06,upload outstanding slide updates,Task
tk2921,,,2021-06-25,revise manuscript and supplementary files,Task
tk470,,,2019-01-19,compile final accessibility-verified PDF,Task
tk471,,,2019-01-19,double-check references to supplementary files,Task
tk472,,,2019-01-19,review and finalize author/funding acknowledgment section,Task
tk473,,,2019-01-19,prepare crosswalk checklist,Task
tk474,,,2019-03-04,complete all updated files and checks,Task
tk4156,,,2024-09-29,final pass for readiness,Task
tk4157,,,2024-09-29,review compliance vignette,Task
tk4158,,,2024-09-29,confirm approval or critical last edits,Task
tk4159,,,2024-10-03,formal submission for JOCCH,Task
tk1305,0.846,"['tk1164', 'tk1882', 'tk2399', 'tk2797', 'tk3775']",Not specified,documenting the minutes from the recent check-in meeting (issuing detailed minutes),Task
tk1307,0.8379,['tk1335'],Not specified,drafting the summary of dual-publishing practices in the UK/EU context (summarize UK/European dual-publishing experiences),Task
tk2352,,,2022-01-01,error analysis extension,Task
tk2353,,,2022-01-01,pre-conference blog post,Task
tk2354,,,2022-01-01,outreach workshop,Task
tk2355,,,2022-06-09,next meeting,Task
tk83,,,2023-10-03 or 2023-10-05,meeting scheduling,Task
tk84,,,,protocol development,Task
tk85,,,,incorporate a limited human annotation pilot,Task
tk86,,,2023-05-03,initiate contact with digital history collaborators,Task
tk87,,,,review Ananya's interpretability memo,Task
tk89,,,2023-05-01,confirm baseline model configuration and initial results,Task
tk90,,,,agree on final set of evaluation metrics and protocols,Task
tk91,,,,outline preliminary authorship and responsibilities map,Task
tk92,,,,set timeline for subsequent drafts and code releases,Task
tk1961,0.8057,['tk1964'],2022-10-25,review of draft press query response template (review press query response template),Task
tk1962,,,,provide finalized template to communications/press office,Task
tk1963,0.8078,"['tk1965', 'tk1976']",,proactive communications for JCDL 2022 and future submissions (propose proactive outreach scenarios),Task
tk3110,,,tomorrow afternoon,review and approve composite introduction script,Task
tk3111,,,Friday,check individual access to shared drive folder,Task
tk3113,,,a day prior,circulate final tech-check reminder,Task
tk3259,,,,addressing editorial comments,Task
tk3260,,,,upload finalized manuscript and cover letter,Task
tk3261,,,,provide summary of changes or review cover letter,Task
tk2020,,,2023-11-14,review of FAQ drafts,Task
tk2021,,,2023-11-14,organizing subfolders,Task
tk2022,,,2023-11-15,consolidating metadata sharing policy,Task
tk2023,,,2023-11-15,versioning FAQ document,Task
tk2024,,,2023-11-15,additional agenda items,Task
tk1019,,,within the next 48 hours,complete authorship and conflict of interest declarations,Task
tk1020,,,,review the final upload receipts,Task
tk1021,,,,have any last comments regarding our package,Task
tk3492,,,,review of manuscript,Task
tk3493,,,,review of Response to Reviewers letter,Task
tk3494,,,,integration of micro-edits and clarifying citation,Task
tk3495,,,,confirmation of submission details,Task
tk3092,,,N/A,coordinate the introductory statements,Task
tk3093,,,N/A,circulate the official Zoom invitation,Task
tk3094,,,N/A,Q&A moderation and contingency planning,Task
tk3095,,,N/A,review Presenter Instructions checklist,Task
tk3096,,,N/A,decide upon the core takeaways for the closing segment,Task
tk4281,,,2023-01-08,additional use case for Section 4.2,Task
tk4282,,,,drafting the new subsection,Task
tk1417,,,2021-01-20,compliance appendix,Task
tk3520,,,,,Task
tk3524,,,,,Task
tk3928,,,2024-05-05,complete draft of the Student-Led Project Legal Notice,Task
tk3929,,,2024-06-02,finalize point-of-contact emails and institutional affiliations,Task
tk3930,,,2024-06-02,add final clarifying footnotes to the normalization section,Task
tk3931,,,2024-06-02,flag stable portion for manuscript compilation,Task
tk3932,,,2024-05-16,check for travel or leave that might require timeline adjustments,Task
tk2032,,,2023-11-20,review and incorporate disclaimer footnotes,Task
tk2590,,,2023-06-10,drafting progress update,Task
tk2592,0.8262,"['tk4116', 'tk4137', 'tk4140']",2023-06-10,discussion weighing JOCCH versus conference options (venue decision),Task
tk2593,,,2023-06-10,agreement on internal timeline,Task
tk2594,,,2023-06-10,planning for final revisions and workflow for group review,Task
tk2595,,,2023-06-08,final agenda item confirmation,Task
tk4377,,,,expansion of section on annotation metadata limitations,Task
tk4378,,,,organizing response workflow and managing communication with the editorial office,Task
tk4379,,,2023-03-08,preparing annotated outline or slides on annotation metadata issues,Task
tk4380,,,2023-03-29,delivering robust revision package and response to JOCCH reviewers,Task
tk2987,0.7953,['tk2898'],2023-05-15,final verification of metadata and camera-ready components (verify all metadata and supplementary uploads),Task
tk2988,,,2021-07-21,session scheduling and preliminary conference program circulation,Task
tk2989,,,2023-05-15,digital conference proceedings publication,Task
tk3893,,,2024-04-24,Review of written section drafts,Task
tk3894,,,2024-04-24,Finalization of dataset hosting venue and DOI allocation strategy,Task
tk3895,,,2024-04-24,Discussion and approval of the user study/survey,Task
tk3896,,,2024-04-24,Assignment of writing/editorial tasks,Task
tk3897,,,2024-04-24,Timeline confirmation for draft revisions and tentative submission windows,Task
tk3898,,,2024-04-23,Provide inline comments or revision notes,Task
tk3899,,,2024-04-24,Upload the finalized legal/licensing summary,Task
tk3900,,,2024-04-24,Supplement the dataset documentation with any outstanding meta-annotations or edge-case illustrations,Task
tk3901,,,2024-04-24,Flag any external datasets or benchmarks to be cited in the related work,Task
tk3974,,,2022-10-09,clarify rolling embargo policy,Task
tk3975,,,2022-10-09,adjust figures for improved legibility,Task
tk3976,0.8123,"['tk3981', 'tk3990']",2022-10-09,finalizing responses to Reviewer #2’s Zenodo citation comments (address reviewer's minor points),Task
tk3977,,,2022-10-09,upload revised manuscript,Task
tk4175,,,,generating disaggregated benchmarking tables,Task
tk4176,,,,drafting new subsection addressing variance in F1 scores,Task
tk4178,,,,finalizing dataset breakdown assignments,Task
tk4179,,,,synchronizing response letter approach,Task
tk4180,0.7703,['tk4186'],,circulate a rebuttal outline for early comments (sharing outline for rebuttal),Task
tk4181,0.8428,['tk4189'],,extracting additional statistical breakdowns (extract additional corpus statistics),Task
tk409,,,2021-12-21,accessibility scan,Task
tk410,0.7996,"['tk417', 'tk426']",,minor color contrast improvements in Fig. 2 and 4 (darken colors in Fig. 2 and Fig. 4 legends),Task
tk411,,,,verify heading hierarchies,Task
tk412,,,,verify alt text on all figures,Task
tk413,,,,verify bookmarks for each major section,Task
tk1957,,,2020-04-14,compliance check,Task
tk1958,,,2020-04-14,endorsement and joint sign-off of the harmonized embargo log,Task
tk1959,,,2020-04-21,circulation of the draft press query response template,Task
tk1960,,,,fielding Oxford-specific escalations,Task
tk2596,,,2023-06-10,incorporate illustrative participant feedback or anonymized chat excerpts,Task
tk2597,0.7966,"['tk2601', 'tk2612', 'tk766']",2023-06-10,set tentative template for figure/table formatting standards,Task
tk2598,,,2023-06-10,circulate updated literature review document,Task
tk2599,,,2023-06-09,share design guideline,Task
tk4257,,,2023-11-09,complete final appendix formatting,Task
tk4258,,,2023-11-08,supply annotation examples and explanatory captions,Task
tk4259,,,2023-11-10,make final comments in joint document,Task
tk4260,,,2023-11-10,last-formatting pass on main text and supplementary appendix,Task
tk1535,,,2021-04-24,draft slides review,Task
tk2753,,,,compiling funding calls,Task
tk315,,,,,Task
tk340,,,,drafting 'Limitations and Future Work' section,Task
tk342,,,,uploading preliminary annotator agreement spreadsheet,Task
tk343,,,2023-08-30,designating primary/secondary reviewers for each document segment,Task
tk344,,,2023-09-22,internal feedback,Task
tk1698,,,2022-07-25,monitor chat for instructions,Task
tk1700,0.7778,['tk1693'],2022-07-25,local recording functionality (local recording creation),Task
tk1701,,,2022-07-25,cue before introduction slide,Task
tk1702,,,2022-07-25,field dataset provenance and annotation bias queries,Task
tk1055,,,,outreach summary and coordination for social dissemination,Task
tk1057,,,,preparation of slides or demonstration snippets for the IACS media team/webinar,Task
tk1058,,,midweek next week,planning Zoom meeting for late-September webinar,Task
tk1660,,,,Q&A reference document review,Task
tk1661,,,,action item list acknowledgment,Task
tk1662,,,,4-minute segment preparation,Task
tk1663,,,,Q&A transition preparation,Task
tk1664,,,,full dry run,Task
tk956,,,2023-04-05,upload finalized compliance protocol section and accompanying flowchart,Task
tk957,,,2023-04-05,verify uploaded materials,Task
tk958,,,2023-04-05,send last technical or substantive edits,Task
tk959,,,2023-04-07,complete response letter and cover page,Task
tk2624,,,2023-06-14,collation of supplementary references on accessibility frameworks,Task
tk2625,,,Not specified,preparation of summary note on recent publications on historical dialect normalization,Task
tk2626,,,2023-06-15,final review of visual elements,Task
tk2400,,,2023-05-10,finalizing the draft agenda for the tutorial/workshop,Task
tk2401,,,2023-05-14,reviewing the current tabulated OCR error metrics and annotation notes,Task
tk2402,,,2023-05-14,circulating the structured research note outline,Task
tk3831,0.841,['tk1507'],2024-04-01,conference registration (presenter registration),Task
tk3832,0.8453,"['tk2674', 'tk2677', 'tk2976', 'tk2979', 'tk2986', 'tk3814']",2024-04-01,signing and receiving acknowledgment for ACM copyright and licensing forms (copyright form signing),Task
tk3833,,,2024-04-01,supplementary package audit,Task
tk3834,,,2024-04-01,legend updates and reference corrections,Task
tk3835,,,2024-04-01,final Overleaf formatting,Task
tk3836,,,2024-04-01,await acknowledgment from ACL2024 committee,Task
tk3837,,,2024-04-30,schedule follow-up discussion,Task
tk3788,,,2024-03-15,incorporate minor meta-review revisions,Task
tk3789,,,2024-03-24,confirm participation,Task
tk620,,,2020-07-19,final rehearsal,Task
tk3398,,,2021-08-03,concatenation of checklist/diagram cross-references,Task
tk3400,,,2021-08-03,integration of cross-referenced diagrams and user-guide,Task
tk3401,0.8296,['tk3407'],2021-08-03,final editorial/classification pass (final editorial review),Task
tk3402,,,2021-08-03,summary of compliance provisions,Task
tk3403,,,2021-08-03,final read-through post-harmonization,Task
tk3404,,,2021-10-29,draft the cover letter,Task
tk3405,,,2021-10-29,corresponding author duties,Task
tk3406,,,2021-10-29,review draft before submission,Task
tk3408,,,2021-08-04,appendices and compliance FAQ,Task
tk3409,,,2021-08-05,complete author contribution and conflict of interest statements,Task
tk3410,,,2021-08-08,full draft sign-off and cover letter review,Task
tk1538,,,,side-by-side comparisons of traditional vs. provenance-aware metrics,Task
tk1539,,,,expanded visualizations and concise captions for each benchmark dataset,Task
tk1540,,,,summary table of qualitative expert feedback,Task
tk1541,,,,section on generalizability,Task
tk1542,,,2021-04-24,dry run session,Task
tk1543,,,,synthesis of Q&A talking points around generalizability,Task
tk3955,,,,final coordination call,Task
tk3722,,,2023-10-10,final cross-check of README files,Task
tk3723,,,2023-10-10,update draft,Task
tk3724,,,2023-10-10,coordinate tasks for camera-ready submission,Task
tk1317,,,2022-10-09,drafting overview of Oxford and UK digital humanities experiences,Task
tk1319,,,2022-10-09,library repository support,Task
tk1320,,,2022-10-09,progress tracking via Overleaf comments thread,Task
tk1218,0.8288,['tk4087'],,preparation of technical note (technical note preparations),Task
tk1219,,,,action tracking document,Task
tk1214,,,2023-09-27,GDPR and licensing primer,Task
tk1221,,,,preparing a brief overview of contributions and planned uploads,Task
tk3338,,,,draft initial document,Task
tk3339,,,,compile notes on interdisciplinary communication protocols,Task
tk3340,,,,include bottleneck logs,Task
tk3341,,,,include annotated templates,Task
tk3342,,,,include periodic review touchpoints,Task
tk3344,,,,draft 'Roles & Responsibilities' matrix,Task
tk3345,,,,compile anonymized examples of successful escalation/clarification email chains,Task
tk3346,,,,include generic templates and checklists for journal and conference submissions,Task
tk1282,,,,preparing a features matrix comparing JOCCH and ACL 2022,Task
tk1283,,,,aligning submission trajectory with technical readiness and venue requirements,Task
tk1284,,,2023-10-03 to 2023-10-05,scheduling a short meeting,Task
tk2998,,,2023-04-04,prepare and share slides focusing on semantic interoperability and practical implications for digital humanities integration,Task
tk2999,,,,set up the Google Drive directory and provide all co-authors with editor access,Task
tk3000,,,,collaboratively build a Q&A document,Task
tk3001,,,,create the Zoom invite for virtual coordination meeting,Task
tk3005,,,,have a harmonized draft ready for rehearsal,Task
tk3059,,,2023-04-12,thorough debrief note,Task
tk3060,,,2023-04-12,review run-order document,Task
tk3061,,,2023-04-12,review latest Q&A edits,Task
tk3062,,,2023-04-12,incorporate clarifications regarding pipeline's multilingual generalizability,Task
tk3063,,,2023-04-12,add short slide about parallel annotation results,Task
tk3064,,,2023-04-12,implement previous suggestions on axis labeling and handover cues,Task
tk3065,,,2023-04-12,check for version mismatches or minor formatting glitches,Task
tk3066,,,2023-04-12,reconfirm details on affiliations and funding acknowledgments,Task
tk3067,,,2023-04-12,ensure updated run-order and backup PDF are labeled as 'camera_ready',Task
tk3068,,,2023-04-13,initiate submission by 13 April,Task
tk3069,,,2023-04-12,confirm go-ahead or flag any last concerns,Task
tk3163,,,,Overall Evaluative Methodology,Task
tk3164,,,2023-05-06,synchronize drafting approaches,Task
tk3165,,,,propose sample tables/diagrams,Task
tk3166,,,,guidance on manuscript formatting or anticipated word limits,Task
tk3743,,,2023-03-08,send the revised section and updated Figure 2,Task
tk3744,,,2023-03-08,full technical compliance review,Task
tk3745,,,2023-03-08,confirm repository accessibility and DOI status,Task
tk3271,,,2023-06-30,coordinate institutional archiving requirements,Task
tk3272,,,2023-06-30,provide input on copyright transfer agreement,Task
tk3273,,,2023-06-30,check availability in late June,Task
tk870,,,2021-02-06,expanded domain shift analysis,Task
tk871,,,2021-02-09,code anchor schematic,Task
tk4,,,,refine the evaluation framework,Task
tk4081,,,,review draft event description,Task
tk4082,,,,finalize event flyer,Task
tk4083,,,,upload workflow diagrams,Task
tk4084,,,,circulate registration and survey links,Task
tk4085,,,,integrate latest figures and legal annexes,Task
tk4086,,,,write case vignette,Task
tk1192,,,,compilation of a structured knowledge base,Task
tk1194,,,,,Task
tk1195,,,,,Task
tk4428,,,2022-03-18T17:00:00Z,upload corrected compliance diagram files and update in-text figure links,Task
tk4429,,,2022-03-18T23:00:00Z,complete editorial harmonization and lock the manuscript and response letter documents for final proofing,Task
tk4430,,,2022-03-19T12:00:00Z,conduct a final proofread and approve for submission,Task
tk4431,,,,prepare and upload the cover letter to the submission portal,Task
tk4432,,,,compile the ultimate glossary file and ensure links are functional,Task
tk4433,,,,execute the remaining editorial harmonization,Task
tk4434,,,,draft point-by-point response for compliance-related comments,Task
tk4435,,,,draft point-by-point response for data transfer clarifications,Task
tk4436,,,,draft point-by-point response for annotation and reproducibility notes,Task
tk4437,,,,draft point-by-point response for provenance and structural reviewer queries,Task
tk1002,,,,implementing corpus references and footnote updates,Task
tk1004,,,,reviewing files in the CameraReady_JOCCH_Revision folder,Task
tk1005,,,,boldfacing names of newly introduced corpora,Task
tk1006,,,,checking in-text citation ordering,Task
tk1007,,,,rephrasing the sentence in the cover letter summary,Task
tk1008,,,,planned final checks,Task
tk1010,,,,,Task
tk2425,,,,,Task
tk2426,,,,,Task
tk2427,,,,,Task
tk2428,0.8268,"['tk2996', 'tk3002', 'tk333']",2023-05-13,confirm availability for virtual coordination meeting (confirm session time slot),Task
tk2429,,,,,Task
tk2432,,,,,Task
tk2433,,,,,Task
tk1438,,,2021-01-26,draft an expanded and clarified version of Section 4 - Annotation Provenance,Task
tk1440,,,2021-01-25 to 2021-01-28,"conduct parallel reviews (format, templates, section numbering)",Task
tk1441,,,2021-01-30,upload all section drafts to Overleaf,Task
tk1442,,,2021-01-31 to 2021-02-07,internal comprehensive review and feedback round,Task
tk1443,,,2021-02-08 to 2021-02-12,"final integration, administrative form preparation, and upload checks",Task
tk1444,,,2021-01-22,review updated copyright/licensing forms,Task
tk1445,,,2021-01-22,verify that all co-author and institutional metadata are current in the submission portal,Task
tk1446,,,2021-01-22,oversee generation and cross-checking of compliance checklist and camera-ready PDF,Task
tk1447,,,2021-01-22,coordinate on draft harmonization between Section 4 and compliance appendix,Task
tk1448,,,2021-01-22,investigate latest ACL macros for Overleaf,Task
tk1449,,,2021-01-22,circulate section drafts as scheduled,Task
tk1450,,,2021-01-22,provide written feedback in Overleaf comment threads,Task
tk1451,,,2021-02-13 to 2021-02-14,confirm camera-ready upload and administrative completion,Task
tk885,,,,compliance and anonymization draft review,Task
tk888,,,2021-02-09,final roundtable confirmation,Task
tk889,,,2021-02-09,"assign responsibilities for cover letter, proofreading, and supplementary material packaging",Task
tk890,,,2021-02-09,review draft author response and finalize document order for resubmission,Task
tk3156,,,,review and suggest additional elements or deletions,Task
tk3157,,,,"confirm lead sections (error analysis, semantic metrics alignment)",Task
tk3158,,,2023-05-03,finalize the outline for review and timeline coordination,Task
tk1127,,,2023-08-25,add portions for the applications/case studies section,Task
tk1128,,,2023-08-25,finalizing introduction narrative,Task
tk1129,,,2023-09-01,confirming availability for trial run,Task
tk1130,0.8085,"['tk1134', 'tk2268', 'tk2270']",2023-08-25,finalize press release synchronization (coordinating press releases),Task
tk1131,,,2023-08-28,reviewing hosting requirements,Task
tk1132,,,2023-08-28,sharing registration link and testing streaming setup,Task
tk1133,,,2023-08-25,circulating article's DOI and official online publication date,Task
tk544,,,,slide deck integration,Task
tk545,,,,tutorial submission,Task
tk546,0.8358,['tk550'],before midday UK time,review of the integrated slide deck materials (reviewing the full integrated slide deck),Task
tk4304,,,2023-01-14,review the matrix,Task
tk4305,,,2023-01-14,approve Israel data,Task
tk4306,,,2023-01-14,confirm treatment of expanded reviewer prompt,Task
tk4307,,,2023-01-14,provide initial feedback,Task
tk4308,,,2023-01-14,finalize Section 4.2 content integration,Task
tk3363,,,2021-10-11,Draft Outline Overview,Task
tk3364,0.8256,"['tk3335', 'tk3343', 'tk3348']",2021-10-11,proposing visual pipeline using Lucidchart or Google Drawings (create workflow diagram),Task
tk3365,,,2021-10-18,flesh out examples of communication challenges,Task
tk3366,,,2021-10-18,contribute content on inter-institutional compliance requirements,Task
tk3367,,,2021-10-18,integrate a checklist for periodic self-assessment,Task
tk3368,,,2021-10-22,coordinate compilation and circulate a near-final draft for sign-off,Task
tk3369,,,2023-08-01,final review meeting,Task
tk3236,,,N/A,submission progress tracking,Task
tk3237,,,N/A,editorial review preparation,Task
tk3238,,,2023-05-25,reviewer recommendation,Task
tk179,,,,color palette preferences,Task
tk180,,,,key exemplars for evaluation figures,Task
tk181,,,2019-05-21,review draft figures and captions,Task
tk182,,,,provide feedback or mark suggestions,Task
tk183,,,,suggest figure order in the manuscript,Task
tk266,0.8146,"['tk685', 'tk826']",,timely and detailed feedback on the code appendix and compliance documentation,Task
tk267,,,,integration into technical appendix or pipeline scripts,Task
tk268,0.8783,"['tk291', 'tk296']",,sharing the 'Sensitive Data & Risk Assessment' note (confirmation of sensitive data and risk assessment),Task
tk3101,,,,final coordination,Task
tk3102,,,,addressing audience 'raise hand' features,Task
tk3103,,,,acknowledge technical staff or session organizers,Task
tk2335,,,2020-10-22,monitor submission status,Task
tk2336,,,2020-10-22,acceptance notification,Task
tk2535,,,,testing and confirmation from the Stanford network,Task
tk2536,,,,"parallel set of tests from IACS (Kolkata, India) network",Task
tk2537,,,,double-check access from a mobile connection (Jio 4G),Task
tk2538,,,,double-check access via institutional VPN,Task
tk2539,,,14:00 BST,stand by for any urgent edit requests,Task
tk2541,,,,attention to the backup moderation workflow,Task
tk2780,,,2023-08-13,Grant Proposal Discussion,Task
tk2783,,,2020-12-24,targeting UKRI Digital Humanities call,Task
tk2784,0.8601,['tk2798'],2020-12-24,drafting the 'DST-India AI' grant proposal (targeting DST-India AI call),Task
tk2785,,,2020-12-24,drafting project summary,Task
tk2786,,,2020-12-24,providing India-side requirements and supporting documentation,Task
tk2787,,,2020-12-24,collating necessary institutional letters for the UK side,Task
tk2788,,,2020-12-24,drafting outline timeline,Task
tk2789,,,2020-12-24,submitting conference abstract to JCDL 2023,Task
tk2790,,,2020-12-24,parallel submission of a full-length article to JOCCH,Task
tk2791,,,2020-12-24,initial draft due 25 August for group review,Task
tk2792,,,2020-12-24,incorporating EMNLP dataset in the methods section,Task
tk2793,,,2020-12-24,reviewing and finalizing the semantic drift evaluation section,Task
tk2794,,,2020-12-24,suggesting revised approaches for context expansion,Task
tk2795,,,2020-12-24,updating portions in the shared doc by 20 August,Task
tk2796,,,2020-12-24,next check-in slated for 27 August via email,Task
tk2200,,,,content/preparation for possible conference live session,Task
tk2201,,,,"outreach priorities (supplementary blog posts, social media campaigns)",Task
tk2202,,,,task distribution ahead of the JCDL mainstage,Task
tk2203,,,,review media tracking results,Task
tk2204,,,2023-03-31,coordinate next steps,Task
tk780,,,2023-11-03,drafting expanded discussion on cross-lingual model generalizability,Task
tk781,,,2023-11-03,focused error analysis,Task
tk782,,,2023-11-03,revisiting code notebooks to extract key error cases,Task
tk440,,,2023-01-17,finalizing revision,Task
tk3725,,,2024-02-28,reviewer and meta-reviewer recommendations review,Task
tk3726,,,2024-02-28,textual and supplementary material revisions,Task
tk3727,,,2024-02-28,Overleaf and code/data repository status confirmation,Task
tk3728,,,2024-02-28,camera-ready formatting and graphical abstract integration,Task
tk3729,,,2024-02-28,metadata updates and presenter confirmation documentation,Task
tk2905,,,2023-03-10,contingency planning,Task
tk3730,,,2024-02-28,open discussion/questions,Task
tk3104,,,2023-05-25,opening sequence coordination,Task
tk3105,,,2023-05-25,session transitions and timekeeping,Task
tk3106,,,2023-05-25,Q&A handling,Task
tk3107,0.8067,['tk3119'],2023-05-25,technical contingencies (Backup Slide Decks),Task
tk3108,,,2023-05-25,closing segment consolidation,Task
tk3109,,,2023-05-25,session logistics,Task
tk3389,,,2023-07-28,content upload,Task
tk3390,,,2023-07-31,feedback window,Task
tk3391,,,2023-08-01,"final sign-off, bibliography checks, and task allocation",Task
tk2013,,,2023-11-11,upload initial set of draft FAQ entries,Task
tk2014,,,2023-11-13,review others' contributions and leave margin comments or suggestions,Task
tk2015,,,,Brief overview of institutional FAQ workflows,Task
tk2016,,,,Walkthrough and synthesis of draft entries,Task
tk2017,,,,Agreement on consolidated structure and open items for the annex,Task
tk2018,,,,Next steps for formatting and integration into the Unified Press Query Protocol,Task
tk122,,,2023-05-01,"dispatch the finalized annotation instructions, feedback form, and cover note to the Stanford historians",Task
tk123,,,2023-05-12,receive feedback from external annotators,Task
tk124,,,,serve as the main point of contact for any annotation-related questions,Task
tk125,,,,confirm once the outreach has been completed and track any progress updates from external collaborators,Task
tk126,,,,share preliminary thoughts on visualizing and presenting the human evaluation component for target submission,Task
tk3876,,,2023-04-21,uploading draft structure for the dataset/resource note,Task
tk3880,0.8054,['tk3883'],2023-04-21,integrate institutional and legal nuances for the licensing appendix (institutional insights into data licensing),Task
tk3881,,,2023-04-21,circulating written contributions,Task
tk2114,,,,finalizing press release,Task
tk2124,0.8239,['tk2120'],2023-10-10,confirming formal submission to respective communications/press teams (final approval and submission),Task
tk2125,,,2023-10-10,coordinating with institutional teams for approval,Task
tk2126,,,2023-10-15,"synchronized, embargo-respecting release",Task
tk1299,,,2019-05-22,submission venue matrix review,Task
tk1300,,,2022-10-06,initiate manuscript structure,Task
tk1301,0.8549,"['tk1306', 'tk1318', 'tk1321', 'tk1325']",2022-10-08,initial draft of data/code transparency statement (draft data/code transparency statement),Task
tk1302,,,2022-10-10,collate Oxford/UK examples of dual-track publications and best practices,Task
tk1303,,,2022-10-10,verify institutional co-authorship and funding acknowledgment requirements,Task
tk3006,,,2023-04-04,uploading preliminary section to shared Google Drive,Task
tk3007,,,next few days,drafting likely audience queries,Task
tk3008,,,next week,synchronizing visual design across slides,Task
tk2071,,,2020-05-17,notify of discrepancies or issues,Task
tk2072,,,2020-05-17,coordinate on draft for press engagement note and embargoed announcement,Task
tk648,,,,create an open repository,Task
tk2676,,,,organize supporting materials or datasets,Task
tk1823,,,2023-08-28,integrating supplementary caption templates,Task
tk1824,0.7959,['tk1825'],2023-08-28,proofreading for caption application and linkage consistency (cross-reviewing captions and references),Task
tk1826,,,2023-08-28,submitting the manuscript,Task
tk1521,,,2021-07-12,oral presentation,Task
tk4204,,,,brief review of task division and progress updates on assigned sections,Task
tk4205,,,,finalization of the expanded methodological clarity subsection,Task
tk4206,,,,review of preliminary tables and visualizations for evaluation metrics,Task
tk4208,,,,consolidation of supplementary material formats,Task
tk4209,,,,draft structure for the point-by-point response letter,Task
tk4210,,,,timeline review for final draft submissions and assignment of any outstanding follow-up actions,Task
tk1629,,,2022-01-20,proofread the final PDF,Task
tk1630,,,2022-01-20,upload presentation deck,Task
tk1632,,,2022-01-20,submit minor corrections,Task
tk2908,,,2023-12-04,compliance checklist discussion,Task
tk2909,,,2023-12-04T12:00:00Z,email last-minute topics/files,Task
tk2910,,,2023-12-04T12:00:00Z,upload to shared folder,Task
tk2911,,,2023-12-04,confirm point of contact on JCDL portal,Task
tk2912,,,2023-12-04,outline options for preprint archiving,Task
tk2954,,,2023-03-05,personal review of the current draft and appendix,Task
tk2955,0.7928,['tk2964'],2023-03-10,conference registration status update (complete registration status),Task
tk69,,,,Chronology Prediction,Task
tk73,,,,transfer evaluation between datasets,Task
tk74,0.7824,['tk62'],2023-04-30,interpretability memo preparation,Task
tk3210,,,2023-05-11,internal peer review,Task
tk3211,0.8557,"['tk3201', 'tk3206']",2023-05-15,drafting annotator agreement summary table (drafting annotator agreement table),Task
tk3212,,,2023-05-15,review and integrate supplementary explanations,Task
tk3214,,,2023-05-17,initiate ACM JOCCH submission process,Task
tk1397,,,2021-10-26,review the packaged files,Task
tk3706,,,2024-03-03,expand section on protocol-specific exceptions,Task
tk3707,,,2024-03-03,clarify annotation workflow,Task
tk3708,0.8264,"['tk3254', 'tk533']",2024-03-03,additional technical detail or broader contextualization (draft explanatory notes),Task
tk3709,,,2024-03-03,confirm presenter for oral session,Task
tk3711,,,2024-03-03,review technical requirements,Task
tk3712,0.8135,['tk265'],2024-03-03,support compliance and documentation matters,Task
tk1858,,,,research summary draft for departmental channels,Task
tk1859,,,2023-09-12,synchronizing the core message and impact highlights,Task
tk1860,,,2023-09-12,aligning timeline with expected journal communications,Task
tk1861,,,2023-09-12,confirming embargo status on Zenodo and GitHub resources,Task
tk1862,,,2023-09-12,implementing embargo,Task
tk1863,,,2023-09-12,sharing finalized access statement text,Task
tk1864,,,2023-09-12,structured workflow proposal,Task
tk1865,,,2023-09-12,biweekly updates,Task
tk1866,,,2023-09-12,setting up shared folder for outreach materials,Task
tk2849,0.8611,"['tk2856', 'tk2860', 'tk2864']",2023-11-20,finalizing the condensed 'Related Work' section (streamlined 'Related Work' section),Task
tk2850,,,Unspecified,draft sub-paragraph for the conclusion,Task
tk2851,,,2023-12-02 to 2023-12-06,Zoom meeting in early December,Task
tk2852,,,2023-11-20,provide additional points for emphasis in the revision,Task
tk1501,,,Not specified,registration process,Task
tk1502,0.8758,"['tk1508', 'tk1512']",Not specified,submitting signed proceedings release form (proceedings release form submission),Task
tk1503,,,Not specified,on-site check-in,Task
tk1504,,,Not specified,alerting about travel-related or scheduling contingencies,Task
tk1505,,,2019-01-28,session participation,Task
tk1506,,,2019-10-09,finalized program and session abstracts distribution,Task
tk1484,,,,update the wording in the checklist bullet points,Task
tk1485,,,,verify the embargoed data resource URLs and synthetic preview datasets,Task
tk1486,,,,final PDF compilation and administrative processing in Softconf,Task
tk3385,,,2021-10-19,upload finalized compliance and data governance section,Task
tk3386,,,2021-10-19,circulate consolidated Google Doc link,Task
tk3387,,,2021-10-19,use suggesting mode in Google Docs for efficient review,Task
tk3388,,,2021-10-19,create summary table or Q&A appendix,Task
tk4283,,,,Initial findings on archival governance and privacy frameworks in East Asia/Latin America,Task
tk4284,,,,Status of outreach to the National Library of Israel and preliminary feasibility for the additional use case,Task
tk4285,,,,Methodology for compiling quantitative annotation metrics and timeline for first dataset summaries,Task
tk4286,,,,Structural plan for revised Section 4.2,Task
tk4287,,,,"Preliminary outline for Appendix C, including who will draft which compliance components",Task
tk4288,,,,Division of minor format corrections and citation harmonization,Task
tk4289,,,,Centralized version control and target completion timeline for core sections,Task
tk4290,,,,Q&A and contingency planning if schedules or data access are delayed,Task
tk752,,,2023-09-06,manuscript finalization meeting,Task
tk753,,,,main text integration,Task
tk754,,,,consistency check on compliance supplement,Task
tk755,,,,joint walk-through of results tables,Task
tk756,,,,resolution phase,Task
tk3680,,,2023-12-31,drafting an addendum for harmonization section,Task
tk3681,,,2023-12-31,confirm bib entries,Task
tk3682,,,2023-12-31,review ambiguous references in Appendix B,Task
tk2251,,,2022-04-08,internal review deadline,Task
tk137,,,,visualizing qualitative themes for reviewers,Task
tk138,,,2023-05-13,synthesis session,Task
tk139,,,,highlighting salient trends,Task
tk140,,,,adding in-line margin notes,Task
tk141,,,,flagging data for potential exemplar visualizations,Task
tk3979,0.8151,"['tk3985', 'tk3995']",2022-09-01,drafting an expanded clarification on the rolling embargo mechanism (Clarify rolling embargo mechanism),Task
tk3980,,,2022-09-01,Enhance Figures 2 and 3,Task
tk3983,,,2022-09-01,Complete first-pass updates,Task
tk3984,,,2022-10-09,Formal resubmission,Task
tk1728,,,2023-07-29,circulate summary doc,Task
tk1729,0.8559,['tk1732'],,contact the ACL session chair and relay any additional feedback (reach out to ACL session chair for additional feedback),Task
tk3545,,,,,Task
tk3546,,,,,Task
tk3547,,,,,Task
tk4532,,,2023-04-11,brief review of shared outline and section drafts,Task
tk4533,,,2023-04-11,"discussion of compliance, workflow schema, and supplemental visual materials",Task
tk4534,,,2023-04-11,Michael’s comparative assessment of EMNLP Demo vs. JDoc Technical Communication,Task
tk4535,,,2023-04-11,"decision on target venue, next writing assignments, and identification of any data/graphics still needed",Task
tk4536,,,2023-04-11,timeline for initial draft completion and possible review checkpoints,Task
tk4537,,,2023-04-09,complete section bullets and upload visuals/supplementary tables,Task
tk3594,,,2023-11-20,asynchronous internal quality review,Task
tk3596,,,,target intended conference submission window,Task
tk3597,,,,section-specific clarifications,Task
tk3598,,,,suggest further cross-references,Task
tk3600,,,,flag suggestions on the correspondence thread,Task
tk4385,,,2022-03-13,draft diagrams illustrating data management workflows,Task
tk4386,,,2022-03-15,draft outline and preliminary text on annotation metadata limitations,Task
tk4387,,,2022-03-16,integration plan for provenance tables,Task
tk4388,0.7608,['tk2695'],2022-03-13,prepare initial template and populate point-by-point responses (compile initial reviewer response points),Task
tk4389,,,2022-03-18,input deadlines for co-authors,Task
tk4390,,,2022-03-24,circulate full draft for final review and minor editing,Task
tk4391,,,2022-03-13,finalize compliance section revisions and diagrams,Task
tk4392,,,2022-03-15,submit expanded annotation metadata content,Task
tk4393,,,2022-03-16,update manuscript structure to reflect new integration strategies,Task
tk4394,,,2022-03-29,maintain shared document and ensure version control,Task
tk2093,,,2023-02-20,integration of revisions,Task
tk2094,,,2023-02-20,closing Google Doc for edits,Task
tk2095,,,2023-02-20,final camera-ready documentation upload,Task
tk2096,,,2023-02-20,quick call for consensus,Task
tk1850,,,,configuring Zenodo’s embargo settings,Task
tk1851,,,,drafting research-focused version for departmental news,Task
tk1852,0.8355,['tk1857'],,general audience adaptation for IACS press office and social platforms (adapting language for general audience),Task
tk1853,,,,coordinating biweekly internal reviews,Task
tk1854,,,,collating status updates from the editorial office,Task
tk1855,,,,circulating immediate summaries of sudden changes,Task
tk1423,,,,recapitulation of revision feedback from the ACL reviewers,Task
tk1424,,,2023-01-22,confirmation of individual responsibilities,Task
tk1425,,,2023-01-22,agreeing on timeframes for section drafts and internal feedback cycles,Task
tk1426,,,2023-02-08,planning for final Overleaf integration and pre-submission checks,Task
tk1427,,,2023-01-22,"checklist for copyright, updated co-author metadata, and any new conference forms",Task
tk1428,,,2023-01-22,assignment of who will monitor and upload these via Softconf,Task
tk1429,,,2023-01-22,flagging any aspects requiring deeper discussion or group review,Task
tk1430,,,2023-01-22,confirming communication channel for interim queries,Task
tk1431,,,2023-01-22,scheduling a short follow-up check-in before camera-ready submission,Task
tk3551,,,,,Task
tk3552,,,,,Task
tk3553,,,,,Task
tk3554,,,,,Task
tk3555,,,2023-11-14,finishing contributions to the US compliance narrative and overview section,Task
tk3556,,,2023-11-10,sharing a sample annotated artifact,Task
tk2903,,,2023-12-04,Review of Camera-Ready Submission,Task
tk2906,,,2023-12-04,Post-Submission Dissemination,Task
tk2907,,,2023-12-04,Next Research Steps,Task
tk4478,,,2023-03-30,draft Executive Summary & Motivation,Task
tk4479,,,2023-03-30,draft Compliance Harmonization,Task
tk4480,,,2023-03-30,draft Multi-author Version Management Template & Reviewer Feedback Handling,Task
tk4481,,,2023-03-30,"draft Provenance Checkpoints, Bottleneck Log & Integration Cycle Insights",Task
tk4483,,,2023-03-30,draft Proposal for Methods Note/Short-Form Dissemination,Task
tk4484,0.841,['tk4497'],2023-03-29,confirm authorship order for colloquium abstract (colloquium abstract authorship order),Task
tk2720,,,,update and upload document and supplementary materials,Task
tk2722,,,,coordinate responses and supporting materials for peer review phase,Task
tk3392,,,2023-08-01,Major Edit Review,Task
tk3393,,,2023-08-01,Compliance & IRB Protocols,Task
tk3394,,,2023-08-01,Editorial Harmonization,Task
tk3395,,,2023-08-03,Bibliography and Appendix Finalization,Task
tk3396,,,2023-08-01,Submission Strategy Discussion,Task
tk3397,,,2023-08-01,Next Steps & Task Deadlines,Task
tk2630,0.7858,"['tk2635', 'tk2639']",2023-06-18,Finalize and upload section revisions (final integration of paper),Task
tk2631,,,2023-06-18,cross-annotation in Lessons Learned,Task
tk2632,,,2023-06-18,review Q&A Moderation framework,Task
tk2633,,,2023-06-18,upload section revisions,Task
tk2634,,,2023-06-18,update Integrated Draft Progress tracker,Task
tk3256,,,2023-06-08,review of revised legends,Task
tk3258,,,2023-06-08,confirming final edits,Task
tk2434,0.7744,['tk2430'],2023-05-16,draft the participant feedback and resource assessment form (develop feedback and resource assessment form),Task
tk2435,,,,adapt the blurb for Oxford’s digital scholarship and computer science networks,Task
tk2436,,,,cross-post in relevant UK-based mailing lists and digital humanities forums,Task
tk772,0.8126,"['tk4323', 'tk4325', 'tk787']",2023-11-26,live drafting of new Section 4.2 content (revising Section 4.2),Task
tk773,,,2023-11-26,elaborating model generalizability,Task
tk774,,,2023-11-26,conducting error analysis for cross-lingual transfer tasks,Task
tk775,,,2023-11-26,addressing formatting concern for Table 3,Task
tk776,0.8545,['tk783'],2023-11-26,drafting a graphical abstract (creating graphical abstract),Task
tk777,,,2023-11-26,appending a suitable code snippet to the supplement,Task
tk779,,,2023-11-04 to 2023-11-08,scheduling a follow-up Zoom meeting,Task
tk1416,0.8036,"['tk289', 'tk294', 'tk3701', 'tk438']",2021-01-20,incorporating recommended edits into dataset documentation (revision tasks),Task
tk1419,,,2021-01-20,revision draft for Section 4,Task
tk1420,,,2021-01-20,historical context verifications,Task
tk1421,,,2021-01-20,linguistic precision,Task
tk1422,,,2021-01-20,annotation provenance expansion,Task
tk4447,,,,reflect on methodological advances and project management strategies,Task
tk4450,,,,coordinate on any requests from JOCCH,Task
tk4465,,,,create reproducible template for multi-author version management,Task
tk4466,,,,formally document method of dealing with conflicting annotations under time constraints,Task
tk4467,,,,identify replicable process elements,Task
tk4468,,,,contribute sections on diagram and metadata versioning,Task
tk4469,,,,summarize institutional compliance setup,Task
tk4470,,,,review and co-sign colloquium abstract,Task
tk4471,,,,compile reviewer feedback from JOCCH,Task
tk4472,,,,finalize angle and intended venue for short-form publication,Task
tk4474,,,,draft introductory framing for memo and possible presentations,Task
tk2366,,,,providing a reflective statement on collaborative lessons or technical hurdles,Task
tk2367,,,,discussing agenda scaffolding and identifying resources,Task
tk2368,0.8505,"['tk2406', 'tk2564', 'tk2577']",,co-leading the Participant Feedback Analysis & Outcomes sections (lead drafting of session feedback form),Task
tk2369,,,,maintaining a shared folder for evolving documents and datasets,Task
tk2370,,,2023-05-06,scheduling a brief check-in,Task
tk4399,,,,,Task
tk4400,,,,,Task
tk4401,,,,,Task
tk4402,,,,,Task
tk4403,,,,,Task
tk4404,,,2023-03-13,group integration of the subsections,Task
tk2260,0.8402,['tk2264'],2022-04-10,upload a condensed set of regional engagement charts (review the new version of the engagement visuals),Task
tk2261,,,2022-04-10,revise the FAQ slide to foreground the cross-platform benchmarking results,Task
tk2262,,,2022-04-11,coordinate one more check with communications teams,Task
tk2263,,,2022-04-11,circulate finalized materials for a last asynchronous review,Task
tk695,,,,review compliance aspects for repository hosting,Task
tk696,,,,append Oxford compliance statement to shared supplement,Task
tk697,,,,flag potential delays in assigned sections or supplementary material contributions,Task
tk1717,,,2023-07-24,collating attendee feedback from ACL session chat and post-event follow-ups,Task
tk2861,,,Unspecified,digital humanities paragraph,Task
tk2862,,,Unspecified,collate revisions and pre-format the main document,Task
tk2863,,,2023-11-21,indicate availability for meeting,Task
tk1177,,,,completion of all Stanford-related checklist items,Task
tk1178,,,,reviewing the final disclaimer text,Task
tk1179,,,,double-checking the demo pipeline for sequence labeling,Task
tk1180,,,,"updating referenced materials, sample outputs, and dataset documentation",Task
tk1181,,,,adjusting the interoperability section,Task
tk1182,,,,finalizing the press release,Task
tk1183,,,,distributing the finalized registration/public event link,Task
tk1184,,,,coordinating with Stanford's comms for North American rollout,Task
tk1185,,,,joining the Zoom webinar room 30 minutes ahead of schedule,Task
tk3281,,,,verify Data Availability Statement,Task
tk3282,,,,confirm Licensing Disclosures,Task
tk3283,,,,cross-check Final Formatting,Task
tk3284,,,,circulate proofs via Drive or Box,Task
tk3285,,,,coordinate directly in the online sheet,Task
tk3286,,,,indicate brief absence,Task
tk23,,,,processing historical datasets,Task
tk26,,,,analyzing prevalence of each date format,Task
tk27,,,,training custom OCR correction model,Task
tk28,,,,reviewing targeted sample of OCR-challenged segments,Task
tk3652,0.811,['tk3620'],2023-01-14,elaborate on how protocol harmonization insights could generalize to less-resourced or alternative domains (drafting the section on the generalization of protocol harmonization strategies),Task
tk3653,,,,addressing formatting and referencing corrections in Appendix B,Task
tk3654,,,,integrating all contributions and maintaining version control,Task
tk3655,,,,preparing the author response letter and the section on annotation tool validation/error analysis,Task
tk3656,0.8225,['tk3672'],2023-01-11,brief check-in via email (asynchronous check-in),Task
tk2738,,,,literature contributions on cross-temporal normalization,Task
tk2739,,,,literature contributions on context reconstruction,Task
tk2740,,,,contribute reviews on two recent EMNLP papers,Task
tk2741,,,2023-08-13,collaborative session on grant proposal ideation and conference abstract drafting,Task
tk2742,,,,collate potential funding calls and eligibility criteria,Task
tk604,,,2019-04-23,verify file integrity,Task
tk605,,,2019-04-23,flag any concerns,Task
tk4127,,,2023-09-24,"provide a full, annotated set of tracked-changes comments",Task
tk4128,,,,ensure legal narrative consistency,Task
tk4129,,,,clarify terminology around cross-institutional archival agreements,Task
tk4130,,,,check the alignment between vignette content and practical recommendations,Task
tk4131,,,,prepare brief recommendations for open questions,Task
tk4132,,,,reach out for clarification on diagrams,Task
tk4133,,,,circulate edited draft and summary note,Task
tk3601,,,,,Task
tk3602,,,,,Task
tk1499,0.808,"['tk1497', 'tk1631']",2019-10-08,complete conference registration (register for the conference),Task
tk1500,,,,return completed and electronically signed proceedings release form,Task
tk684,,,,draft a compliance and licensing statement,Task
tk14,,,,implementing a chronological split,Task
tk15,,,,"reviewing LIME, SHAP, and additional approaches",Task
tk12,,,,data processing,Task
tk13,,,,progress check-in,Task
tk3862,,,,liaising with institutional repositories to verify hosting requirements,Task
tk3863,,,,indicating scheduling conflicts for the proposed meeting date,Task
tk3864,,,,preparing topics for the agenda,Task
tk4148,,,2022-09-27,"legal clarifications, workflow diagram updates, and recent compliance vignettes integration",Task
tk4149,,,2022-09-27,minor language edits implementation,Task
tk4150,,,2022-09-29,final figures cross-check and bibliographical review,Task
tk4151,,,2022-10-19,internal manuscript/figures/appendices freeze,Task
tk4152,,,2022-10-20,public-facing announcement drafting,Task
tk4153,,,2022-09-27,revised tracked-changes draft circulation,Task
tk4154,,,2022-09-29,review and confirm ready-to-submit status,Task
tk2242,,,2022-04-04,finalize infographic slides,Task
tk2243,,,2022-04-04,provide feedback on infographic slides,Task
tk785,,,2023-11-04,brainstorming visual concepts for graphical abstract,Task
tk786,,,2023-11-04,reviewing updated error analysis,Task
tk561,,,Not specified,prepare a brief (1–2 minute) screencast or annotated screenshot walking users through the annotation workflow,Task
tk562,,,Not specified,incorporate ACM reproducibility visual references into the concluding slide,Task
tk563,0.8301,['tk574'],Not specified,draft a concise note (1–2 sentences) regarding the corpus period/context for the mapping ambiguity schematic (writing a succinct corpus period/context note for the ambiguous mapping schematic),Task
tk564,,,Not specified,schedule a brief coordination call (30–40 minutes) before the end of the week,Task
tk565,,,Not specified,finalize division of tasks and discuss the camera-ready submission plan,Task
tk152,,,2019-05-06,draft integration phase,Task
tk153,,,2019-05-18,initial draft of human evaluation section,Task
tk154,,,2019-05-19,visualization first draft,Task
tk155,,,2019-05-21,draft overall discussion and reviewer alignment commentary,Task
tk2812,,,2023-08-18,drafting process,Task
tk4493,,,,Executive Summary and methods note dissemination proposal,Task
tk4494,,,,compliance/metadata sections,Task
tk2089,,,2023-02-18,confirm final version,Task
tk2090,0.7946,['tk2088'],2023-02-18,integrating final edits and preparing updates to legal documentation references (update legal references),Task
tk2091,,,2023-02-20,coordinate final asynchronous review,Task
tk2092,0.8393,['tk2319'],2023-02-18,arranging a brief call to discuss any outstanding points (arrange brief call),Task
tk900,,,2021-02-10,cross-check of the merged manuscript,Task
tk902,,,2021-02-13,verify final PDF package for figures/tables,Task
tk903,0.8738,['tk908'],2021-02-13,double-check supplementary Jupyter notebook's run-through (manual run-through of supplementary Jupyter notebook),Task
tk904,,,2021-02-13,confirm author response draft,Task
tk905,,,2021-02-17,final proof and submission,Task
tk2083,,,2023-02-15,draft of the scenario annotation addressing stakeholder engagement strategies for non-English-speaking press teams,Task
tk2084,,,,preparing a short cross-reference to the stakeholder engagement supplement in the legal exceptions appendix,Task
tk3074,,,2023-04-17 to 2023-04-21,schedule coordination call,Task
tk3075,,,,review correspondence from JCDL committee,Task
tk3076,,,,circulate draft Presenter Instructions checklist,Task
tk1626,,,2022-01-10,camera-ready materials submission,Task
tk1627,,,2022-07-15,oral presentation slot assignment,Task
tk1628,,,,conference participation guidelines,Task
tk1675,,,,reviewing Q&A answer sheet,Task
tk1677,,,,rehearsal summary,Task
tk1752,,,unspecified,synthesis of feedback and reproducibility template,Task
tk1753,,,unspecified,refinement of methods and broader framing,Task
tk1754,,,unspecified,integration of elements into draft,Task
tk1755,,,unspecified,finalizing edits on the template,Task
tk1756,,,2023-08-07,incorporating all edits by internal deadline,Task
tk1757,,,unspecified,consolidation and alignment of draft sections,Task
tk1758,,,unspecified,circulating additional resources for discussion,Task
tk362,,,2023-09-06,review manuscript and response letter,Task
tk363,,,2023-09-08,submission of revised package,Task
tk2169,,,,log all significant media mentions,Task
tk2170,,,,coordinate with media office,Task
tk2171,,,,suggest edits on the sheet,Task
tk2172,,,2023-03-31,provide comprehensive summary,Task
tk2173,,,,keep each other updated on coverage,Task
tk2174,,,,monitor document,Task
tk1155,,,2023-09-02,uploading slide revisions,Task
tk1156,,,2023-09-02,reviewing new demo visualization,Task
tk1157,,,2023-09-02,final pass on narrative/slide transitions,Task
tk1158,,,2023-09-02,aligning on structure and cross-referencing datasets,Task
tk1159,,,2023-09-02,adding checklist item for backup local recording,Task
tk1160,,,2023-09-05,full trial run,Task
tk3967,,,,compliance appendix review,Task
tk969,0.8061,['tk3969'],2023-04-07,augment cover letter (cover letter review),Task
tk619,,,2020-07-18,verify legal spelling and diacritics on bios,Task
tk621,,,,transition from Sunita’s dataset annotation demo to Ananya’s historical text normalization walkthrough,Task
tk622,,,,testing of the Zoom live demo features,Task
tk623,,,,practice screen-sharing for segments,Task
tk624,,,,test in-session Q&A handling,Task
tk2936,0.8525,['tk2942'],2023-02-23,draft for Section 4.4 clarifications,Task
tk2937,,,2023-02-24,add interoperability reference with rationale,Task
tk2939,,,2023-03-04,upload assigned materials to shared folder,Task
tk3865,0.8381,"['tk3860', 'tk3870', 'tk3877']",early next week,preparing and sharing supplementary annotation logs and metadata (curating supplementary annotation logs),Task
tk3867,0.7818,"['tk3861', 'tk3871']",preliminary table,circulating a preliminary comparison table of dataset publication venues (comparing resource hosting venues),Task
tk3868,,,template or format,creating user study survey,Task
tk3869,,,based on preferred venues' review windows,adding preliminary timeline for journal submission and resource paper,Task
tk671,,,2023-08-11,compile relevant sections into a shared document,Task
tk673,,,2023-08-16,prepare a short example abstract,Task
tk674,,,2023-08-16,circulate meeting link and reference materials,Task
tk2913,,,,submission package review,Task
tk2914,,,,contingency plan,Task
tk2346,,,,dissemination strategy,Task
tk2915,,,early 2023,future research and demo plans,Task
tk2916,,,,roles & next steps,Task
tk2917,,,2022-12-07,review and suggest amendments to minutes,Task
tk2696,,,,structure draft document,Task
tk2697,,,,review and refine response draft,Task
tk2698,,,,cross-link dataset description points to supplementary table references,Task
tk2699,,,,strengthen discussion on annotation reliability,Task
tk2700,,,,prepare outline on evaluation metrics generalization,Task
tk2701,0.823,"['tk2047', 'tk382', 'tk43', 'tk647']",Wednesday evening,circulating the Google Meet link for the session (setting up the Google Meet),Task
tk377,,,2023-04-15,coordinate call,Task
tk2980,,,,reporting to Proceedings Committee,Task
tk2981,,,,dissemination strategy preparation,Task
tk2799,,,,,Task
tk2800,,,,,Task
tk2801,,,2023-08-31,circulating an initial outline or targeted bullet points for the JCDL abstract,Task
tk2802,,,,,Task
tk2803,,,,,Task
tk2804,0.9526,['tk2810'],2023-08-20,updating assigned sections in the shared document (updating assigned sections in shared doc),Task
tk2805,,,,,Task
tk4372,,,2023-03-08,strengthening the comparative regulatory analysis,Task
tk4373,,,,drafting the preliminary task allocation and internal timeline,Task
tk4375,,,,coordinate the point-by-point response letter and manage internal drafts,Task
tk4376,,,2023-03-08,arrange a 30-minute coordination call,Task
tk3078,,,2023-04-18,rehearsal for live session,Task
tk3079,,,,drafting introductory statements,Task
tk3080,,,,collective brainstorming for closing segment,Task
tk3081,,,,reviewing presenter checklist with JCDL guidelines,Task
tk3082,,,,sharing tips for live session moderation,Task
tk16,,,,comparative analysis of LIME and SHAP,Task
tk17,,,,research recent developments in interpretability specific to NLP on historical texts,Task
tk1143,,,2023-08-28,uploading slides and annotation schema,Task
tk1144,,,TBD,updating registration portal,Task
tk1145,,,TBD,demo segment,Task
tk1146,,,TBD,closing Q&A structure,Task
tk1147,,,TBD,distribution of registration link,Task
tk4118,,,today,upload revised excerpt,Task
tk4119,,,today,circulate revised version to attendees,Task
tk4120,,,today,address specific points from Q&A or survey responses,Task
tk4121,,,today,decide submission strategy,Task
tk371,,,2019-11-27,rework the caption for Fig. 3,Task
tk374,,,2019-11-27,coordinate the integration of the above revisions and begin drafting our response to the reviewers,Task
tk375,,,2019-12-14,reconvene virtually for a brief status-update,Task
tk2300,0.8248,"['tk2299', 'tk2306', 'tk2320']",2023-04-20,review slide deck for accessibility compliance (accessibility-audited slides),Task
tk2301,,,,sharing preliminary version of pre-recorded presentation,Task
tk1376,,,N/A,harmonized terminology for embargo/release policies,Task
tk1377,,,N/A,rephrase 'synthetic preview sample' passage,Task
tk1379,0.8397,['tk1383'],N/A,Verify Results section numerics/annotation stats; finalize supplementary checklist (cross-check Results section numerics/annotation stats),Task
tk1380,,,N/A,confirm supplementary files are correctly formatted,Task
tk1381,,,2023-10-23,sign off on the submission checklist,Task
tk1382,,,N/A,"Revise 'synthetic sample' language, double-check UKRI compliance note",Task
tk1384,,,N/A,"Apply minor editorial and formatting fixes, manage Overleaf snapshot for internal sign-off",Task
tk1385,,,N/A,Final check of Supplementary Compliance doc before upload,Task
tk652,,,2023-08-11,drafting preliminary outline,Task
tk653,,,2023-08-12,compiling meeting minutes and action plan,Task
tk654,0.8067,"['tk2554', 'tk672', 'tk686']",2023-08-18,clarify authorship order and section assignments (delegating writing tasks),Task
tk656,,,,compiling attendee feedback,Task
tk657,,,2023-08-11,GitHub repository documentation and compliance,Task
tk658,,,2023-08-11,reviewing journal-specific guidelines,Task
tk1405,,,2021-01-23,Expand and clarify annotation provenance description,Task
tk1406,,,2021-01-25,Final polishing of manuscript,Task
tk2113,,,,providing quotes,Task
tk2115,,,,submitting press release,Task
tk115,0.7955,['tk119'],2019-05-07,preparing and circulating the draft annotation protocol and feedback form (sharing draft set of annotation instructions),Task
tk116,,,2019-05-07,outreach to Stanford colleagues,Task
tk117,,,2019-05-07,feedback on protocol,Task
tk118,,,2019-05-07,initiate external annotations,Task
tk3414,,,2023-08-05,final editorial harmonization,Task
tk3415,,,2023-08-05,circulate the full version to all co-authors,Task
tk3416,,,2023-08-05,reply with final approval,Task
tk3417,,,2023-08-05,official upload to the ACM JOCCH portal,Task
tk728,0.8056,"['tk721', 'tk734']",2023-08-31,consolidating compliance appendices into a single PDF (merging the compliance appendices),Task
tk729,,,2023-09-01,internal check window,Task
tk730,,,2023-08-31,uploading assigned sections,Task
tk731,,,2023-09-01,review of token normalization approach,Task
tk732,,,2023-09-01,review of evaluation set selection logic,Task
tk733,,,2023-09-01,final edits and additional context,Task
tk1135,,,,,Task
tk1136,,,,,Task
tk1137,,,2023-09-04,technical and content rehearsal,Task
tk1138,,,,,Task
tk1139,,,,,Task
tk1140,,,2023-08-28,sharing specific slides or datasets,Task
tk1141,,,,,Task
tk1142,,,,,Task
tk4514,,,,,Task
tk4143,,,2023-09-25,venue selection,Task
tk4515,,,2023-04-08,detailed outline,Task
tk4516,0.815,['tk3909'],2023-04-10,finalizing outline and deciding submission venue (finalizing submission strategy),Task
tk1577,,,2023-06-11,camera-ready phase,Task
tk1578,,,2023-06-10 to 2023-06-13,video meeting,Task
tk1579,,,,prepare updated brief biography,Task
tk1580,,,,double-check credentials in backup slide on model bias,Task
tk1581,,,,circulate checklist for conformances,Task
tk1582,,,,add further context or content tweaks,Task
tk3548,,,current date,uploading supporting artifacts,Task
tk3549,,,2019-11-10,annotating artifacts,Task
tk3550,,,2019-11-14,finalizing UK institutional harmonization and international protocols section,Task
tk3502,,,,coordinate monitoring duties for the JOCCH portal,Task
tk3503,,,ongoing,check the portal at least twice weekly,Task
tk3504,,,2019-11-01,draft a collaborative reflection memo,Task
tk3505,,,,provide input on institutional contacts and negotiation practices,Task
tk3507,,,,set up a short call to divide contributions,Task
tk3508,,,,DST follow-up calls,Task
tk3509,,,,UKRI follow-up calls,Task
tk2865,,,,drafting the new conclusion paragraph,Task
tk2866,,,,clarifying LaTeX template requirements,Task
tk2867,,,,embedding detailed annotation guidelines,Task
tk2245,,,2022-04-08,near-completion of infographic slides,Task
tk2246,,,2022-04-08,consolidation effort for the final deck and FAQ list,Task
tk2247,,,2022-04-08,rehearsal scheduling,Task
tk2248,,,2022-04-08,uploading finalized infographics,Task
tk2249,0.8136,['tk2085'],2022-04-08,sharing press note draft,Task
tk2250,,,2022-04-06,providing finalized summary of NDAI user feedback and press mention round-up,Task
tk3992,,,,addressing JOCCH reviewers' comments,Task
tk3993,,,,drafting explanatory footnote for Section 3.2,Task
tk3994,,,,adding discrete 'Zenodo Accession' icon at workflow diagrams,Task
tk3996,,,,finalizing and uploading revised Zenodo citation language and annotation,Task
tk3989,,,2023-08-26,reworking Figures 2 and 3,Task
tk3991,,,2023-09-01,integrating all finished elements,Task
tk4271,,,within five working days,initial technical check,Task
tk4272,,,,full associate editor and reviewer re-evaluation,Task
tk663,,,,finalizing writing assignments,Task
tk664,,,,clarifying supplementary documentation requirements,Task
tk666,,,,internal drafts and selecting a provisional submission date,Task
tk1994,,,,onboarding update,Task
tk1996,,,,establishing FAQ repositories for media or external academic queries,Task
tk1997,,,,initiate a shared document for draft FAQ entries,Task
tk1998,,,2022-11-15,convene a focused virtual meeting,Task
tk1999,,,,"review early feedback from IACS, Oxford, and Stanford press/legal teams",Task
tk2001,,,,identify additional scenario requirements for the lead-up to JCDL 2022 and possible future conference/journal submissions,Task
tk247,,,2023-06-09,prepare the first draft of the digital poster,Task
tk251,,,,share a shortlist of candidate datasets,Task
tk3205,,,,cross-references insertion,Task
tk3207,,,,bibliography cross-check,Task
tk3208,,,,figure placement synchronization,Task
tk1222,,,current_date,quick status updates,Task
tk1223,,,current_date,agreement on public vs. internal repository structure,Task
tk1224,,,current_date,review of folder access and permission issues,Task
tk1225,,,current_date,timeline check for upcoming milestones,Task
tk1226,,,current_date,technical standards review,Task
tk1227,,,current_date,data compilation,Task
tk1228,,,current_date,toolchain documentation,Task
tk1229,,,2023-09-27,dataset & code doc uploads,Task
tk1230,,,current_date,GDPR/licensing notes,Task
tk1231,,,2023-10-02,pre-vetting ahead of the 2 October deadline,Task
tk376,,,2022-12-16,revise the caption for Fig. 3,Task
tk2656,,,2023-06-23,review the document,Task
tk2657,,,2023-06-23,annotate any final corrections or clarifications using tracked changes,Task
tk2658,,,2023-06-22,flag amendments related to institutional acknowledgments,Task
tk2659,,,2023-06-24,confirm receipt and availability for the Zoom walkthrough,Task
tk37,,,,,Task
tk38,,,2023-04-23,briefing on dataset harmonization progress and immediate needs,Task
tk39,,,2023-04-23,demonstration of OCR/post-processing pipeline,Task
tk40,,,2023-04-23,preliminary feedback on interpretability review and metadata system memo,Task
tk41,,,2023-04-23,joint discussion on unified vs. dual metadata mapping schema,Task
tk42,,,2023-04-23,scheduling and discussion of next milestone,Task
tk2388,,,2023-05-10,integrate researcher perspectives/quotes into blog narrative,Task
tk2389,,,2023-05-11,provide viewpoint on community-driven annotation efforts,Task
tk2390,,,2023-05-11,share insights on cross-site workflow management,Task
tk2391,,,2023-05-11,elaborate on international collaborative dynamics,Task
tk2392,,,2023-05-14,review error analysis research note outline,Task
tk2393,,,2023-05-21,support with methodological generalization sections,Task
tk2394,,,2023-05-10,collaborate on workshop agenda,Task
tk2395,,,2023-05-10,liaise with Oxford’s Humanities Digital Scholarship Programme,Task
tk2396,,,2023-05-31,coordinate with North American academic contacts,Task
tk2397,,,2023-05-10,upload new working documents and datasets,Task
tk2398,,,2023-05-14,confirm next full team meeting availability,Task
tk4088,,,,outreach event,Task
tk4089,,,noon IST,download summary of Q&A survey responses,Task
tk4090,,,,flyer distribution,Task
tk4091,,,,additions to event description,Task
tk4092,,,,opening remarks,Task
tk4093,,,,section overviews,Task
tk4094,,,,case vignette + interactive,Task
tk4095,,,,moderated Q&A,Task
tk4096,,,fifteen minutes prior to session start,soundcheck and role confirmation,Task
tk3751,,,,,Task
tk3752,,,,,Task
tk2568,,,2022-06-10,brief sync call,Task
tk3753,,,,,Task
tk3754,,,,,Task
tk3188,,,,,Task
tk3189,,,,,Task
tk3190,,,2023-05-10,upload section drafts to Drive and Overleaf,Task
tk3191,,,2023-05-08,upload participatory annotation literature and draft appendix,Task
tk3192,,,,,Task
tk812,,,2023-11-19,final structure for the code appendix,Task
tk813,,,2023-11-17,review final versions of both documents,Task
tk814,,,2023-11-19,prepare materials for upload,Task
tk815,,,,include call-out boxes in the graphical abstract,Task
tk816,,,,make reference to audit process within figure caption,Task
tk3908,,,,internal review and planning meeting,Task
tk3910,,,,integrating or annotating the LicensingAppendix_FV_23Apr.pdf,Task
tk3911,,,,ensuring data privacy statements are visible,Task
tk1036,,,,sending consolidated list and marked PDF to JOCCH editorial office,Task
tk1037,,,2023-10-10,providing a brief technical note on accessibility changes,Task
tk1038,,,2023-10-10,co-signing the covering note,Task
tk2713,,,,updating and finalizing the assigned sections,Task
tk2714,,,,anonymizing the additional data snapshots and code artifacts,Task
tk2715,,,,uploading the updated files to the shared Reviewer_Support_JOCCH2022 folder,Task
tk2716,,,,writing concise explanatory notes for the new artifact examples,Task
tk2717,,,,completing the schematic overview highlighting the pipeline's modularity and versatility,Task
tk2718,,,,providing final recommendations on literature cross-linking and adaptation exemplars,Task
tk2719,,,,circulating a summary email to confirm readiness for submission,Task
tk1890,,,,uploading IACS/general audience version,Task
tk3529,,,end of day,add comments and intended section contributions,Task
tk3530,,,2023-11-05,review and annotate the draft outline,Task
tk3531,,,,"discuss section leads, responsibilities, and proposed sources/examples",Task
tk3532,,,,bring immediate feedback or anticipated bottlenecks relating to new compliance or data access protocols,Task
tk1342,,,2023-10-12,cross-referencing compliance materials,Task
tk1343,0.8012,"['tk1361', 'tk1362', 'tk2688', 'tk2692', 'tk4174', 'tk744']",2023-10-12,evaluation metrics narrative and compliance annotations,Task
tk1344,,,2023-10-12,clarifying author order and funding statement wording,Task
tk1345,,,2023-10-12,updating timeline for internal review and pre-submission checks,Task
tk4498,,,2023-03-31,internal review milestone,Task
tk4499,,,2023-03-31,expand on challenges around periodic consent checks,Task
tk4500,,,2023-03-31,include annotated example of a communication log entry,Task
tk4501,,,2023-03-31,add distilled points or key lessons,Task
tk4502,,,2023-03-31,confirm approval or suggest edits for colloquium abstract,Task
tk4503,,,2023-04-01,touch base to confirm all inputs are harmonized,Task
tk4461,,,,drafting methods note for EMNLP System Demonstrations track,Task
tk4462,,,,revisiting methods note after JOCCH reviewer feedback,Task
tk719,0.7972,['tk3604'],2023-08-26,final review stage for Evaluation & Benchmarks section (final review phase),Task
tk980,,,,initial literature scan,Task
tk981,,,,draft phrasing expansion,Task
tk982,,,,footnote update,Task
tk983,,,,Table 2 integration,Task
tk984,,,,review recommendations and references,Task
tk2838,,,2021-01-17,preliminary format checks and administrative review,Task
tk2839,,,2021-03-10,notification of acceptance or requests for minor revision,Task
tk3311,0.7927,"['tk1035', 'tk3304']",2023-10-10,compiling corrections and summarizing remarks (proof corrections),Task
tk3315,,,,add post-publication note to team workspace,Task
tk763,,,,,Task
tk764,,,,,Task
tk765,,,,,Task
tk767,,,,,Task
tk631,,,yesterday,rehearsal for JCDL 2020 tutorial,Task
tk632,0.8732,['tk633'],Monday,send confirmatory reply after re-testing demo scripts (re-test demo scripts),Task
tk634,,,2019-07-24,monitor inboxes for official Zoom presentation link and access instructions,Task
tk2552,,,,drafting workshop report outline,Task
tk2553,,,,refining workshop report outline,Task
tk2555,,,,establishing timeline for submission,Task
tk365,,,,circulate system confirmation email and assigned submission ID,Task
tk558,,,2019-04-09,tutorial notification of acceptance or revision,Task
tk559,,,approximately four weeks post-notification,final camera-ready tutorial materials,Task
tk1616,,,Unspecified Date,uploading revised high-resolution figures,Task
tk1617,,,Unspecified Date,completing presenter declaration,Task
tk1618,,,Unspecified Date,reviewing Q&A 'Model Bias' section,Task
tk489,,,2023-03-09,final group review,Task
tk1619,,,2023-06-19,submitting final materials,Task
tk1620,,,Unspecified Date,indicating availability for wrap-up call,Task
tk566,,,2020-06-15,preparing a short screencast,Task
tk567,,,2020-06-18,coordinate a Zoom call,Task
tk568,,,2020-07-15,submit camera-ready materials,Task
tk75,0.8616,['tk76'],,align benchmarks with realistic use cases in digital history (refine evaluation benchmarks),Task
tk77,,,,conduct small pilot with human annotators,Task
tk78,,,,collect feedback from historians or expert users,Task
tk79,,,,evaluate actionability and trustworthiness of model outputs,Task
tk80,,,,operationalize chronology prediction,Task
tk81,,,,cross-dataset transfer,Task
tk82,,,,discuss annotation pipeline and author responsibilities,Task
tk1898,0.8406,"['tk2890', 'tk2949', 'tk901']",Unspecified Date,review and accept tracked changes (confirm edits),Task
tk1899,,,2022-09-26,final approval of outreach materials,Task
tk1900,,,2022-09-26,monitoring embargo compliance,Task
tk1901,,,2022-09-26,managing media queries,Task
tk1902,,,2022-09-26,planning for follow-up communications,Task
tk3312,0.8094,['tk3314'],2023-10-10,submit finalized correction form and annotated manuscript (upload correction form and annotated PDF),Task
tk334,,,Not specified,review alignment with current European archival licensing best practices,Task
tk335,,,Not specified,circulate a preliminary spreadsheet by midday Monday,Task
tk336,,,Not specified,confirm receipt of this link and availability,Task
tk337,,,Not specified,share specific suggestions for the agenda or additional data requests by Sunday evening,Task
tk338,,,2023-09-22,ensure we’re on track for the 22 September revision deadline,Task
tk4291,,,2022-01-10,present preliminary findings regarding archival governance and privacy protocols,Task
tk4292,,,2022-01-10,update on outreach with the National Library of Israel (NLI),Task
tk4293,,,2022-01-10,outline methodology for extracting cross-border annotation metrics,Task
tk4294,,,2022-01-14,joint drafting of Section 4.2’s new use case,Task
tk4295,,,2022-01-14,circulate a 'public compliance statement' draft,Task
tk4296,,,2022-01-28,coordinate minor formatting corrections,Task
tk4297,,,2022-01-28,integrated draft,Task
tk4298,,,2022-02-04,final consolidation and citation harmonization,Task
tk4299,,,2022-01-11,full summary and draft legal matrix from Japan and Chile,Task
tk4300,,,2022-01-08,"confirm NLI permissions, begin Section 4.2 drafting",Task
tk4301,,,2022-01-12,"annotation metrics, compliance statement (first version)",Task
tk4302,,,2022-01-14,joint review,Task
tk4303,,,2022-01-15,next progress check-in via email,Task
tk4485,0.7894,['tk718'],2023-03-29,technical merging of compliance texts (compliance harmonization),Task
tk4486,,,2023-03-29,comparative institutional workflows,Task
tk4488,,,2023-03-29,organizing the workspace,Task
tk4489,,,2023-03-29,technical process sections,Task
tk4490,,,2023-03-29,populating compliance and metadata diagrams,Task
tk4491,,,2023-03-29,compiling Oxford-specific reflections,Task
tk3422,0.8319,"['tk339', 'tk3481', 'tk3485', 'tk391', 'tk397', 'tk3978', 'tk4001', 'tk4197', 'tk4370', 'tk4383', 'tk450', 'tk467', 'tk778', 'tk789', 'tk792', 'tk796', 'tk841', 'tk966']",one week prior to JOCCH’s cutoff,coordinating and consolidating the 'Response to Reviewers' document (draft response letter),Task
tk3423,,,2022-02-06,Highlight all changes in revised manuscript,Task
tk3424,,,2022-02-06,Update cover letter with summary of revisions,Task
tk4367,,,2025-03-08,Expand Chilean and Japanese compliance sections,Task
tk4368,,,2025-03-18,Review annotation metadata discussion,Task
tk4371,,,2025-03-29,Finalize resubmission package,Task
tk4003,,,2023-08-30,consolidate revision materials,Task
tk4198,,,2023-11-29,address space restrictions,Task
tk4199,0.787,['tk4266'],2023-11-29,maintain visualization consistency (ensure visuals consistency),Task
tk4200,,,2023-11-29,compile legal clauses for Data Protection Bill,Task
tk4201,0.8413,['tk4195'],2023-11-27,preparation of working draft section and preliminary corpus tables (share working draft and corpus tables),Task
tk4202,,,2023-11-28,finalize rebuttal outline,Task
tk4203,,,2023-11-28,confirm section updates,Task
tk1033,,,2019-07-11,final submission,Task
tk4422,,,TODAY,Opening & Quick Confirmation,Task
tk4423,,,TODAY,Section-by-Section Review,Task
tk4424,,,TODAY,Redundancy and Cohesion,Task
tk4425,,,TODAY,Final Steps & Submission Timeline,Task
tk4426,,,TODAY,Prepare major remaining tracked comments or flagged sections,Task
tk4427,,,TODAY + 24 hours,Final textual edits,Task
tk2025,0.8668,"['tk2033', 'tk2037']",2022-11-20,circulating the integrated FAQ annex draft (circulate integrated draft FAQ annex),Task
tk2026,,,2022-11-18,supply US FERPA and Stanford-specific disclaimer footnotes,Task
tk2027,,,2022-11-20,synthesize metadata dissemination protocols,Task
tk2028,,,,post draft update protocol for consortium FAQ revisions,Task
tk2029,,,2022-11-20,harmonize region-specific RTI timelines and citation formatting,Task
tk2030,,,,initiate a changelog template,Task
tk2031,,,,draft an update protocol post-JCDL 2022,Task
tk855,,,2023-02-06,drafting an expanded description of how cell anchors are integrated within supplementary materials,Task
tk856,,,2023-02-05,sharing initial concept of a concrete schematic or figure,Task
tk857,,,,cross-section editing,Task
tk858,,,,proofreading the new error-type summary table,Task
tk2928,,,2023-02-23,clarifications in Section 4.4 regarding low-resource languages,Task
tk2929,,,2023-03-04,team meeting,Task
tk2930,,,,technical integration of the new interoperability reference,Task
tk2636,,,,Review the cover letter and add/edit contributions,Task
tk2637,,,,Verify all supplementary files are correctly named and cross-linked,Task
tk2638,,,,Notify the group of any anticipated bottlenecks or needed resources,Task
tk3557,0.9149,['tk3560'],2023-11-12,integration of NDLI workflow materials (integrating NDLI workflow documents),Task
tk3558,,,2023-11-12,uploading and annotating IACS/NDLI materials,Task
tk3559,,,2023-11-11,addressing cross-comparative questions,Task
tk2281,,,,prepare concise speaker bios,Task
tk2282,,,,draft a short summary for the conference website,Task
tk2283,,,,review technological requirements for the live session,Task
tk2284,,,2023-04-15 or 2023-04-16,coordinate preparation call,Task
tk1592,,,,sharing a checklist and providing 'before' and 'after' versions of any revised materials,Task
tk1366,,,2023-10-18,revised IACS embargo and release note,Task
tk1367,0.8548,"['tk1363', 'tk3584', 'tk3586', 'tk3591']",2023-10-19,circulating the consolidated full draft for final asynchronous review (final read-through),Task
tk1368,,,,ongoing edits to the Results and Acknowledgments,Task
tk1369,,,2023-10-19,coordinate a brief 30-minute Zoom session,Task
tk3468,,,2023-10-23,update JOCCH revision,Task
tk3469,,,,review Regional Data Licensing Addendum,Task
tk3470,,,,confirm sections and harmonize tables,Task
tk3471,,,,style and consistency review,Task
tk3472,,,,upload finalized batch to shared Drive,Task
tk2121,,,2020-08-08,submit finalized press release,Task
tk2122,0.7819,['tk2134'],,reconvene to confirm coordinated release date (coordinate release timing),Task
tk2123,,,,check inbox for follow-up queries,Task
tk3634,,,2022-03-03,add preliminary notes or outlines to the shared folder,Task
tk3635,,,2022-03-03,set up the Zoom link and share it with the group,Task
tk3636,,,2022-03-03,review the detailed reviewer comments on the ACL portal,Task
tk3637,,,2022-03-03,Quick recap of the major ACL revision points,Task
tk3638,,,2022-03-03,Responsibility allocations and key timelines,Task
tk3639,,,2022-03-03,Discussion of reviewer-specified improvements,Task
tk3640,,,2022-03-03,Consolidation of section leads and action items for the “RSVP to ACL reviewers” letter,Task
tk3641,,,2022-03-03,Timeline for draft completion and next internal review,Task
tk3642,,,2022-03-03,Open floor for additional concerns or integration suggestions,Task
tk491,,,2020-03-08,final crosscheck of manuscript and supplementary materials,Task
tk492,,,2020-03-09,submission of final camera-ready package,Task
tk493,,,2020-03-08,signal approval or flag remaining concerns,Task
tk383,,,2019-11-07,progress updates on assigned revision tasks,Task
tk384,0.8742,['tk1435'],2019-11-07,"identification and discussion of bottlenecks or reviewer points (discussion of possible bottlenecks, resource needs)",Task
tk385,,,2019-11-07,timeline coordination for integrating edits,Task
tk386,,,2019-11-07,final technical or compliance clarifications,Task
tk2116,,,2023-03-02,tailor the press release,Task
tk2117,,,2023-03-02,provide institutional quotes,Task
tk2118,0.8163,['tk2112'],2023-03-02,review and provide feedback on the draft (reviewing press release),Task
tk2150,,,,final synchronization meeting,Task
tk2151,,,,confirming the precise announcement date and time,Task
tk2152,,,,reviewing last-minute embargo logistics,Task
tk2153,,,,designating points of contact for each institution,Task
tk2154,,,,emailing respective communications office with final confirmation,Task
tk1016,,,2021-06-15,"upload finalized PDF, supplementary notebook, and cover letter to ScholarOne",Task
tk1017,,,2021-06-15,confirm authorship and conflict of interest declarations via ScholarOne,Task
tk1018,0.8102,"['tk1043', 'tk1378', 'tk1404', 'tk1469', 'tk2076', 'tk3265', 'tk3428']",Not specified,minor typo fixes and clarification of annotation workflow statistics (minor corrections),Task
tk2563,,,,leading the Introduction & Motivation,Task
tk2565,,,2022-06-10,synthesizing cross-cutting themes for Lessons Learned & Recommendations,Task
tk2566,,,,setting up a shared Google Doc template,Task
tk2569,,,,compiling background literature and initial drafts for the Introduction,Task
tk2055,,,2023-11-24,review the draft insert,Task
tk2056,,,2023-11-24,annotate the draft insert,Task
tk2057,,,2023-11-25,prepare a short checklist of outstanding items,Task
tk2832,,,,consolidated abstract upload,Task
tk2833,,,,backup review,Task
tk2834,,,,additional annotation metric details,Task
tk2835,,,,citation verification,Task
tk2836,,,,last-minute documentation or reformatting,Task
tk4438,,,,completion of current action items,Task
tk4439,,,,review of editorial harmonizations,Task
tk4440,,,,addition of 'provenance checkpoint' to the glossary,Task
tk4441,,,,pre-population of the required section of the cover letter,Task
tk4442,,,,compilation of formal responses,Task
tk4443,,,,initiation of the final document lock,Task
tk429,,,2023-01-25,prepare illustrative examples for Section 4.2,Task
tk430,,,2023-01-25,draft summary for Appendix B,Task
tk431,,,2023-01-25,coordinate re-tagging process for Tables 3 and 5,Task
tk432,,,2023-01-25,compile revised manuscript and Response to Reviewers letter,Task
tk433,,,2023-01-22,circulate draft for group review,Task
tk1645,,,Not specified,Figure Legend Enhancement,Task
tk1646,,,Not specified,Presentation Flow Rehearsal,Task
tk1647,,,Not specified,Q&A Strategy Compilation,Task
tk1648,0.7967,['tk1668'],Not specified,remain alert for last-minute notifications from ACL organizers (Logistics Coordination),Task
tk556,,,,uploading the proposal,Task
tk2205,,,,planning around live project spotlight at JCDL 2022,Task
tk2206,,,,drafting key talking points for the live session,Task
tk2208,,,,reviewing slides and discussing division of speaking roles and media responsibilities,Task
tk2209,,,,circulating institutional angles and notes,Task
tk2211,,,,confirming date and time for call scheduling,Task
tk2212,,,,preparing media tracking summary,Task
tk2213,,,,pitching targeted press materials ahead of the mainstage,Task
tk1555,,,2023-04-27,slide revisions,Task
tk1556,0.7854,"['tk1548', 'tk1644', 'tk3100']",2023-04-27,discuss possible audience questions (mock Q&A),Task
tk1557,,,2023-04-28,provide final comments,Task
tk1558,,,,assignment of speaking roles,Task
tk1559,,,2023-10-27,add direct quote to slide 18,Task
tk1560,,,2023-10-27,prepare backup slide for Q&A,Task
tk1561,,,2023-10-27,final iteration of slides,Task
tk1562,,,,,Task
tk4360,,,,,Task
tk4361,,,,,Task
tk4362,,,,,Task
tk923,,,,Table 2 formatting adjustments,Task
tk925,,,,Annotating sections in the supplementary Jupyter notebook,Task
tk927,,,,Preliminary content or diagrams for the data retention/destruction protocol section,Task
tk928,,,,Recording incremental updates and sharing draft sections using GSheet,Task
tk929,,,,Drafting the rebuttal,Task
tk316,,,,technical and ethical screening,Task
tk1259,,,,incorporate pointers to GDPR materials within the draft FAQ,Task
tk1260,,,,provide suggestions for legal footnotes or references,Task
tk3718,,,2023-03-01,collate checklist of questions,Task
tk3719,,,2023-03-03,confirm presenter status and timeline for manuscript and workflow draft updates,Task
tk3720,,,2023-03-01,input on final dataset and code repository alignment,Task
tk3721,,,2023-03-01,send direct note with anticipated issues,Task
tk2498,,,,executing the thorough simulation and summarizing pre-event communication test results,Task
tk2500,,,,coordinating with Ramesh to log and triage responses regarding session access or technical concerns,Task
tk2501,,,,maintaining a collaborative log for real-time questions and feedback,Task
tk2502,,,,compiling representative issues for the workshop opening Q&A segment,Task
tk4444,,,,final consolidation phase,Task
tk4445,,,2022-03-14,review editorial acknowledgment,Task
tk2725,,,,,Task
tk2726,,,2023-08-15,preliminary grant planning,Task
tk3227,,,2023-05-16,supporting materials upload,Task
tk3228,,,2023-05-16,appendix updates,Task
tk3229,,,2023-05-16,compliance checklist compilation,Task
tk3230,,,2023-05-16,role assignment,Task
tk3231,,,2023-05-16,live collaboration,Task
tk1285,,,,selection of submission venue,Task
tk401,,,,hyperlink verification process for compliance appendix and body text,Task
tk402,,,,standardizing hyperlink formatting,Task
tk403,,,,checking accessibility with Adobe Acrobat's Accessibility Checker,Task
tk4097,,,2024-01-01,Zoom registration and participant permissions,Task
tk4098,,,2024-01-01,download Q&A survey responses,Task
tk4099,,,2024-01-01,summarize key thematic clusters,Task
tk4100,,,2024-01-01,post event flyer to IACS,Task
tk4101,,,2024-01-01,finalize and upload Section 2 slides,Task
tk4102,,,2024-01-01,technical check and coordinate last-minute adjustments,Task
tk4103,,,2024-01-01,provide text draft for closing remarks,Task
tk4104,,,2024-01-01,address specific elements during seminar,Task
tk2375,,,2023-05-07,"create shared, version-controlled Google Drive folder",Task
tk2376,,,2023-05-07,assemble narrative arc for blog post,Task
tk2377,,,2023-05-14,provide error analysis structure,Task
tk2378,,,,highlight interoperability/multilinguality for ACL's Demo Track,Task
tk817,,,,,Task
tk819,,,,,Task
tk820,,,,,Task
tk822,,,,,Task
tk824,,,,,Task
tk825,,,2023-11-19,submission by 19 November,Task
tk917,,,2019-12-29,Compliance Protocol Clarification,Task
tk918,,,2019-12-29,Response Letter Drafting,Task
tk919,0.8354,['tk949'],2019-04-02,Draft updates completion (internal draft deadline),Task
tk920,,,2019-04-07,Internal review and minor corrections,Task
tk921,,,2019-04-10,Final proofreading and resubmission,Task
tk922,,,2019-03-26,Brief meeting to align on progress,Task
tk2645,,,2023-06-20,section revisions,Task
tk2646,,,2023-06-20,supplementary material uploads,Task
tk2647,,,2023-06-20,feedback on the cover letter,Task
tk2648,,,2023-06-20,finalizing the cover letter,Task
tk2649,,,2023-06-21,integration of final section edits,Task
tk2650,,,2023-06-21,preparing author contributions and compliance statement templates,Task
tk2651,0.8432,['tk2654'],2023-06-23,final round of comments and minor corrections (add minor corrections or final comments),Task
tk2652,,,2023-06-23,internal submission walkthrough,Task
tk4344,,,2025-01-20,verify footnote formatting,Task
tk4345,,,2025-01-20,provide original regulatory extracts,Task
tk2627,,,2023-06-16,upload annotated bibliography and dialect normalization note,Task
tk2628,,,2023-06-16,upload ACL D&I references and share cover letter draft,Task
tk2629,,,2023-06-16,coordinate integration of new references and ensure in-text citation compliance,Task
tk1820,,,2023-08-23,Apply Caption/Reference Edits,Task
tk1821,,,2023-08-24,Final Review and Manuscript Circulation,Task
tk2680,,,,"address communications related to file formats, metadata, or scope clarifications",Task
tk4144,,,,confirm integration of latest legal clarifications and workflow diagrams,Task
tk4145,,,,discuss and decide between JOCCH and JCDL,Task
tk4146,,,,establish a definitive manuscript and figures finalization schedule,Task
tk3525,,,2023-11-04,add brief bullets or comments clarifying intended section contributions,Task
tk3526,,,2023-11-04,upload sample ethics committee correspondence to shared Drive,Task
tk3527,0.8154,['tk3522'],2023-11-04,harmonize and document multi-year data sharing workflows (reviewing workflow on managing data-sharing agreements),Task
tk3528,,,2023-11-04,set targets for first full draft and coordinate asynchronous review,Task
tk2728,,,,,Task
tk2729,,,,exploring follow-up research avenues,Task
tk2730,,,by end of day tomorrow,summarizing recent papers,Task
tk2731,,,2019-08-01,brainstorming session for grant proposal,Task
tk2732,0.8141,"['tk2727', 'tk2735']",now,outlining the draft for a potential conference abstract (drafting conference abstract),Task
tk3179,,,2022-2022,compiling recent citations for digital humanities collaborations,Task
tk3180,,,2023-05-08,co-developing a short supplementary appendix outlining sample annotation guidelines,Task
tk3181,,,2023-05-06,section synchronization meeting,Task
tk3182,,,2023-05-10,submitting main sections,Task
tk1115,,,,outlining Oxford’s media release workflow,Task
tk1116,,,,organizing cross-institutional outreach,Task
tk1117,,,,taking leadership on IACS communications and logistics,Task
tk1118,,,2023-08-20,sharing draft slide deck framework,Task
tk1119,,,,reviewing press statements,Task
tk1120,,,,sending finalized release materials,Task
tk1121,,,,initiating OUC's internal review,Task
tk1122,,,,providing compliance forms or data management assurances,Task
tk1123,,,,preparing technical demo,Task
tk1125,,,,preparing case studies,Task
tk1126,,,,suggesting visual and annotation formats,Task
tk3619,,,,provide greater detail on practical challenges with cross-jurisdictional data-use agreements,Task
tk3621,0.8272,['tk3625'],,expand discussion on automated annotation tool validation and dataset error analysis (expanding discussion of the automated annotation pipeline and error analysis),Task
tk3622,,,,correct minor inconsistencies in Appendix B and IRB citations,Task
tk3623,,,2019-01-01,hold a short Zoom meeting to allocate responsibilities for each major revision point,Task
tk2489,,,2023-05-25,final review of emergency email template and backup dataset links,Task
tk2490,,,2023-05-25,cross-check link accessibility from UK and US networks,Task
tk2491,,,2023-05-25,upload final browser troubleshooting document,Task
tk2492,,,2023-05-25,confirm network accessibility and pre-event communications,Task
tk2493,,,2023-05-26,review feedback or error reports from test simulations,Task
tk3626,,,,detailed documentation of the cross-border agreement cases,Task
tk3627,,,,joint synthesis on generalizability and formatting corrections,Task
tk3135,,,2023-04-28,Audience Feedback Synthesis,Task
tk3136,,,2023-04-28,Technical Reflections & Lessons Learned,Task
tk3137,,,2023-04-28,Opportunities for Collaboration,Task
tk3138,,,2023-04-28,Next Publication Step,Task
tk3139,,,2023-04-28,Action Items and Timeline Confirmation,Task
tk4018,,,2023-09-15,drafting annotated slide outline,Task
tk4019,,,2023-09-15,compiling contact details for outreach,Task
tk4020,,,2023-09-15,scheduling group call,Task
tk4021,,,2023-09-15,finalizing authorship and distribution for preprint,Task
tk4022,,,2023-09-15,reviewing virtual seminar format options,Task
tk4023,,,2023-09-15,coordinating press release,Task
tk4024,,,2023-09-15,writing blog post or news update,Task
tk3815,,,,repository audit,Task
tk1974,,,2022-10-30,final sign-off,Task
tk2178,,,,sharing draft quotes for JCDL 2022 program newsletter,Task
tk2179,0.8269,['tk2193'],,reviewing and adjusting phrasing for JCDL 2022 program newsletter (reviewing the draft of the JCDL 2022 program newsletter),Task
tk2180,,,,updating media monitoring sheet with latest local coverage links,Task
tk4520,,,,,Task
tk4521,,,,summarizing Oxford's recent updates on data privacy,Task
tk4522,,,,sketching workflow diagram,Task
tk4523,,,,proposing annotated checklist,Task
tk4524,,,,venue selection discussion,Task
tk1072,,,2023-08-08,reviewing draft lay summary,Task
tk1073,,,2023-08-08,adding section on significance of pipeline for South Asian historical language corpora,Task
tk1074,,,2023-08-08,framing reproducibility efforts and relevance to digitization projects,Task
tk1075,,,2023-08-08,leading IACS media coordination,Task
tk1076,,,2023-08-08,sharing outreach email template and agenda draft,Task
tk843,,,2019-11-18,domain shift experiments,Task
tk844,,,2019-11-18,expanded context on ethical data sourcing and anonymization protocols,Task
tk845,,,2019-11-18,tightening the phrasing in Section 2.2,Task
tk846,,,2019-11-18,providing a summary table mapping error types to privacy-preservation strategies,Task
tk1933,,,2022-10-14,circulate the embargo log snapshot,Task
tk1934,,,2022-10-16,technical harmonization notes,Task
tk1935,0.8215,['tk1941'],2022-10-16,QA review of the final outreach draft (final QA on all outreach statements),Task
tk1936,,,2022-10-16,prospects for a joint submission or presentation at JCDL 2022,Task
tk1937,,,2022-10-13,propose any further agenda items,Task
tk3490,,,2023-10-10,micro-edits in the submitted manuscript,Task
tk3316,,,2023-06-29,consolidated proof corrections,Task
tk3317,,,2021-10-04,final typesetting pass,Task
tk3318,,,2023-08-01,pre-publication proof verification,Task
tk3319,,,2023-08-01,online publication,Task
tk987,,,,,Task
tk988,,,,,Task
tk989,,,,,Task
tk990,,,,,Task
tk991,,,,,Task
tk992,,,,,Task
tk993,,,,,Task
tk994,,,,,Task
tk995,,,2023-06-10,lock camera-ready master,Task
tk996,0.8087,['tk1009'],2023-06-12,convene Zoom call to sign off on package (team sign-off at the Zoom meeting),Task
tk2010,,,2023-11-10,compiling FAQ document,Task
tk2011,0.813,['tk3026'],2023-11-15,reviewing and adding perspectives to Q&A document (reviewing and providing comments on FAQ document),Task
tk2012,,,2023-11-15,finalizing meeting time,Task
tk2332,,,2022-04-24,final revisions of JCDL pre-recorded spotlight video,Task
tk2333,,,2022-04-25,submit all media to the conference portal,Task
tk3872,,,,draft structure for the dataset/resource paper,Task
tk3873,,,,initial draft of the user study survey,Task
tk3874,,,,finalizing talking points for the meeting agenda,Task
tk3875,,,,division of writing/liaison tasks,Task
tk2458,,,yesterday,internal demo run-through,Task
tk2459,,,yesterday,live demonstration of OCR error correction module,Task
tk2460,,,yesterday,presentation of NER module,Task
tk2461,,,yesterday,breakout room allocation and distribution of annotation packets,Task
tk2462,0.8665,['tk2455'],yesterday,"Accessibility features trial run (live captions, screen reader compatibility, alternative resources) (test of accessibility features)",Task
tk2463,,,yesterday,post-session survey distribution workflow verification,Task
tk2464,,,2023-05-22,provide a PDF variant of NER guide,Task
tk2465,,,2023-05-21,edit breakout packet to reflect multi-lingual dataset annotation,Task
tk2466,,,,continue tracking registration numbers and initial participant queries,Task
tk2467,,,,prepare troubleshooting email template and backup dataset links,Task
tk2806,,,2023-08-18,preparing JCDL abstract draft outline,Task
tk2807,,,2023-08-25,group review of JCDL abstract draft outline,Task
tk2808,,,2023-08-17,clarifying cross-institutional requirements for UKRI grant narrative,Task
tk2809,,,2023-08-16,compiling annotated checklist of UKRI documentation,Task
tk2811,,,2023-08-20,context expansion section,Task
tk2813,,,2023-08-18,refining 'novelty/impact' sub-section,Task
tk1563,,,2023-04-28T12:00:00Z,submit further comments or approval,Task
tk4221,0.7664,['tk4224'],2023-11-05,providing the legal protocol matrix (upload protocol matrix),Task
tk4222,,,2023-11-08,circulate legal footnotes and summary text,Task
tk4223,,,,coordinate with Ananya for final visual layout,Task
tk872,,,2023-02-08,clarifying statistical terminology,Task
tk873,,,2023-02-08,specifying minimum support threshold,Task
tk874,,,2023-02-08,integrating calibration drift commentary,Task
tk875,,,2023-02-08,updating y-axis annotations,Task
tk876,,,2023-02-08,highlighting reviewer cues,Task
tk877,,,2023-02-08,compliance and anonymization updates,Task
tk878,,,2023-02-08,technical read-through of draft,Task
tk879,,,2023-02-08,integrate latest updates,Task
tk2878,,,2023-11-28,lock content,Task
tk2879,,,2023-11-30,dedicated review window,Task
tk2880,,,2023-11-30,double-check 'Related Work' cross-references,Task
tk2881,,,2023-11-30,add 'Ready for submission' markers,Task
tk2882,,,2023-11-30,compile annotation pipeline flowchart,Task
tk2883,,,2023-11-30,confirm vector graphic formats,Task
tk2884,,,2023-11-30,review remarks on digital tool integrations,Task
tk2886,,,2023-12-04,live Zoom review,Task
tk659,,,within the next week,review scripts and annotation templates,Task
tk660,,,,draft README and compliance checklist,Task
tk661,,,2019-08-12,establish writing assignments and clarify submission logistics,Task
tk662,0.8443,['tk665'],,review recent JOCCH guidelines regarding supplementary materials and open-data statements (reviewing JOCCH's open-data and reproducibility guidelines),Task
tk3268,,,,,Task
tk3269,,,,,Task
tk3270,,,,,Task
tk3839,,,,brainstorming the talk structure,Task
tk3841,,,,release annotated historical corpora and scripts,Task
tk1938,,,2022-10-16,review the attached log,Task
tk1939,,,2022-10-16,technical update and harmonization notes,Task
tk1940,,,2022-10-16,coordinate Google Meet logistics and Oxford compliance,Task
tk757,0.771,['tk745'],2023-09-09,cross-reference methods flowchart with experimental results tables (Methods & Results Cross-Reference Integration),Task
tk758,,,2023-09-09,Compliance Supplement Finalization,Task
tk759,,,2023-09-08,Figure & Table Formatting,Task
tk760,,,2023-09-09,Compile and Circulate Camera-Ready Version,Task
tk3047,,,,AV Check,Task
tk3048,,,,Full Presentation Run,Task
tk3049,,,,Live Q&A Practice,Task
tk3050,,,,Debrief & Feedback,Task
tk3051,,,,integrate feedback on slide transitions and clarity,Task
tk3052,,,,ensure all materials are current in the Drive,Task
tk3053,,,,remind about potential latency or screen-share issues,Task
tk3054,,,,document major discussion points and next actions,Task
tk2507,,,,,Task
tk2508,,,,,Task
tk2510,,,,,Task
tk2511,,,,,Task
tk2512,,,,,Task
tk2513,,,,,Task
tk327,,,2023-09-04,expanding the “Limitations and Future Work” section,Task
tk328,,,,provide access to raw annotator agreement data,Task
tk4055,,,Today,Review of Technical Note Outline,Task
tk4056,,,Today,Next Steps for Figures and Supplementary Material,Task
tk4057,,,Today,Feedback Timelines,Task
tk4058,,,Today,Seminar Organization,Task
tk4059,,,Today,Action Items and Internal Deadlines,Task
tk2673,,,2020-11-13,submission to ACM Journal on Computing and Cultural Heritage,Task
tk211,,,,accept the final suggestions and compile the LaTeX source,Task
tk212,,,,post remaining inconsistencies to shared notes document,Task
tk4309,,,2025-01-15,integration of new Section 4.2 use case,Task
tk4310,,,,cross-reference similar workflows in primary datasets,Task
tk4311,,,,highlight parallels and divergences in legal matrix,Task
tk4312,,,,review compliance and legal framing,Task
tk1977,,,,finalization phase of harmonized press query response protocol,Task
tk1978,,,,onboarding for institutional communications teams,Task
tk1979,,,,notification to Stanford’s Media Relations and Data Governance offices,Task
tk1980,,,,distribution process,Task
tk1981,,,,future revisions,Task
tk1982,,,,deployment of robust framework,Task
tk189,,,Not specified,reviewing draft visualization figures,Task
tk190,0.8442,['tk178'],Not specified,implementing data anonymization,Task
tk191,,,Not specified,clarifying captions for normalization of annotator ratings,Task
tk192,,,Not specified,mapping tick labels to participant IDs,Task
tk193,,,Not specified,outlining binning method for artifact severity,Task
tk194,,,Not specified,visually highlighting margin notes in Document A vignette panel,Task
tk195,,,Not specified,standardizing file naming for LaTeX integration,Task
tk196,,,2023-05-23,integrating revisions and visual assets into the draft manuscript,Task
tk164,,,,use anonymized participant IDs in figures and legends,Task
tk166,,,,visually annotate edge case from Document F,Task
tk167,,,,explain color scales and highlighting conventions in figure captions,Task
tk2443,,,2023-05-18,incorporate Applied Toolkit Spotlight section,Task
tk2444,,,2023-05-17,build out FAQ for breakout sessions,Task
tk2445,0.8756,['tk2449'],2023-05-18,finalizing feedback and resource assessment form (finalize feedback and resource assessment form),Task
tk2446,,,2023-05-17,review final materials,Task
tk2447,,,2023-05-19,demo run-through,Task
tk482,,,2023-03-05,accessibility audit,Task
tk483,,,2020-02-28,review of marked-up .tex draft,Task
tk3370,,,2023-07-28,finalizing contributions regarding communication protocols and escalation cases,Task
tk3372,,,,planned compliance notes on UK/EU data considerations,Task
tk3373,,,,providing preferred structure for integrating subsections,Task
tk3374,,,,consolidating all comments after everyone has contributed,Task
tk3375,,,,brief asynchronous feedback window,Task
tk1655,,,2022-07-17,slide review,Task
tk1656,0.7679,['tk1659'],2022-07-17,pre-rehearsal transitions check (transitions practice),Task
tk1657,,,2022-07-18,technical check,Task
tk1658,,,2022-07-18,full run-through,Task
tk2871,,,2023-11-28,lock manuscript content,Task
tk2872,,,2023-11-28,integrate revised supplementary appendix,Task
tk2873,,,2023-11-28,insert LaTeX comment for 'Broader Impacts',Task
tk2874,,,2023-11-28,upload camera-ready LaTeX files,Task
tk2875,,,2023-11-25,provide feedback on manuscript,Task
tk2876,,,2023-11-28,finalize sections,Task
tk2877,,,2023-11-28,clarify digital tool integrations,Task
tk1232,,,,reproducibility standards,Task
tk1233,,,,data licensing and citation,Task
tk1234,,,,annotation toolchain,Task
tk1235,,,,uploading draft of technical setup instructions and sample notebook,Task
tk1236,,,,brief walkthrough of current technical documentation progress,Task
tk1237,,,,group review checklist,Task
tk3938,,,,review of the latest meta-annotation logs,Task
tk3939,,,,preparing the final legal notice template,Task
tk3940,,,,standardizing legal notice citations,Task
tk3941,,,2024-05-05,documentation lock,Task
tk4381,,,2023-03-08,Quick Progress Review,Task
tk4382,,,2023-03-08,Sectional Discussion,Task
tk4384,,,2023-03-08,Open Issues and Next Steps,Task
tk2058,,,Unknown,review Section 4,Task
tk2059,,,Unknown,style and integrate use-case box,Task
tk2060,,,Unknown,draft concise agenda,Task
tk2061,,,2022-11-25,final check-in,Task
tk2062,,,2022-11-25,submit to JCDL 2022,Task
tk1975,,,,distribution of the resource to IACS’s press/communications team,Task
tk930,,,2023-03-30,addressing Reviewer 1’s requests,Task
tk931,0.8318,"['tk31', 'tk36', 'tk926']",2023-03-27,sharing detailed and well-documented samples of OCR-affected text segments and metadata mapping tables (sample of problematic OCR segments),Task
tk932,,,,,Task
tk933,,,2023-03-30,update the “MinorRevision_ProgressTracker”,Task
tk799,,,2022-11-12,refining the limitations argument,Task
tk800,,,2022-11-12,incorporating graphical cues or numeric results into the updated graphical abstract,Task
tk801,,,2022-11-12,further refinements to the compliance/code appendix,Task
tk1930,,,2023-10-14,update embargo monitoring log,Task
tk1931,,,2023-10-14,circulate embargo monitoring log snapshot,Task
tk1932,,,,,Task
tk3794,,,2024-03-18,meta-review revisions,Task
tk3795,,,2024-03-22,formatting and compliance,Task
tk3796,,,2024-03-20,"copyright, presenter info, and supplementary files",Task
tk3797,0.8315,['tk3800'],2024-03-25,final internal review and submission,Task
tk1665,,,2020-07-21,update two final slides with simplified citations,Task
tk1667,0.8415,['tk1674'],2020-07-20,circulate the finalized Q&A answer sheet (finalizing Q&A answer sheet),Task
tk1322,0.7881,"['tk1327', 'tk1331']",,upload Oxford/UKRI template excerpts or key compliance points (circulating Oxford/UKRI template excerpts),Task
tk1323,0.786,['tk3588'],,guidance on harmonizing the language (harmonize terminology),Task
tk1324,,,,review the repository access and embargo sections,Task
tk3755,,,N/A,technical compliance review,Task
tk3756,,,N/A,finalizing graphical abstract integration,Task
tk3757,,,N/A,reviewing metadata and supplementary files,Task
tk3758,,,N/A,conducting closer review of 'Document Provenance' field,Task
tk4165,,,2024-10-11,review draft departmental announcement,Task
tk4166,0.8047,['tk4163'],2024-10-31,refine public-facing blog post,Task
tk2410,0.8039,['tk2424'],2023-05-12,preliminary agenda for workshop/tutorial (preliminary agenda review),Task
tk2411,0.8104,['tk2431'],2023-05-07,compile supporting materials (upload supporting materials),Task
tk2412,,,2023-05-12,provide feedback on agenda,Task
tk2413,,,2023-05-19,finalize agenda for outreach and registration,Task
tk4075,,,,sharing event description,Task
tk4076,,,,adapting registration link for Oxford's outreach channels,Task
tk4077,,,,proceeding with IACS DH mailings,Task
tk4078,,,,adapting Q&A prompt language to local context,Task
tk4079,,,,checking workflow diagrams and pitfall node figures,Task
tk4080,,,,input on event materials,Task
tk1326,,,,initiating necessary paperwork for official institutional 'no objection' or data release compliance letter,Task
tk1328,,,,harmonizing transparency narrative with main impact and ethical considerations sections,Task
tk3884,,,,add comparative insights for HuggingFace Datasets and institutional repositories,Task
tk3885,,,2023-04-21,prepare a comparative licensing table segment,Task
tk3886,,,2023-04-21,cross-reference both LDC and CLARIN requirements for inclusion in the appendix,Task
tk3887,,,2023-04-21,internal review draft exchange,Task
tk3888,,,2023-04-19,add a short introduction to the survey,Task
tk3889,0.7886,['tk4496'],2023-04-24,final integration of perspectives (synthesizing everyone’s input),Task
tk428,0.7579,['tk3251'],2019-12-27,minor revision requirements (address reviewer comments),Task
tk399,,,2021-12-18,review and approve Ethical Considerations section,Task
tk400,,,2021-12-20,integrate Ethical Considerations section into master document,Task
tk3763,,,2024-02-XX,completing narrative clarifications and historical annotation instances,Task
tk3764,,,2024-02-XX,ensuring consistency and intelligibility of Figure 2,Task
tk3765,,,2024-02-XX,triple-checking metadata encoding,Task
tk3766,0.8544,['tk3716'],2024-02-XX,verifying supplementary repository (validate supplementary materials),Task
tk3767,,,2024-02-XX,verifying presenter documentation,Task
tk3768,,,2024-02-XX,revising graphical abstract,Task
tk3769,,,2024-03-09,producing formal compliance sign-off,Task
tk293,,,2023-06-22,assembling complete documentation package,Task
tk580,,,2019-04-11,progress and feedback needs for screencast (annotation workflow),Task
tk581,0.7835,['tk572'],2019-04-11,preparing a high-resolution graphic and updated slide for the ACM reproducibility visual (ACM reproducibility visual and slide update),Task
tk582,,,2019-04-11,corpus period/context footnote for mapping schematic,Task
tk583,,,2019-04-11,integration plan for supplementary materials,Task
tk584,,,2019-04-11,checklist for camera-ready submission requirements,Task
tk585,,,2019-04-11,Q&A/Additional suggestions,Task
tk1530,,,,visualizing provenance-aware metrics,Task
tk1531,0.8117,['tk505'],,help with the slide deck (creating slide deck),Task
tk1533,,,,reviewing slides,Task
tk1534,,,,collaborating for presentation,Task
tk3933,,,2024-05-02,language edits and clarifying footnotes,Task
tk3934,,,2024-05-04,corpus integration and citation requirements,Task
tk3935,0.8398,"['tk2661', 'tk3951']",2024-05-08,final checklist and timeline coordination (final submission checklist),Task
tk3936,,,2024-05-05,cross-validation addendum completion,Task
tk3937,,,2024-06-02,complete submission draft preparation,Task
tk452,,,2020-01-18,upload annotated examples,Task
tk453,,,2020-01-18,review addition to Appendix B,Task
tk454,,,2020-01-18,ensure no table-based content references,Task
tk455,,,2020-01-20,Zoom review call,Task
tk216,,,Not specified,compiling and integrating final revisions,Task
tk217,,,Not specified,administrative review process,Task
tk219,,,Not specified,creating backup of all files,Task
tk425,,,,comprehensive hyperlink formatting and accessibility pass,Task
tk427,,,,coordinate acknowledgments or plan for additional dissemination,Task
tk600,,,2020-06-27,incorporate last feedback on revision memo and ancillary index,Task
tk601,0.8017,['tk2922'],2020-06-28,upload all files to JCDL submission portal (upload updated files through JCDL portal),Task
tk602,,,2020-06-28,document the entire upload process,Task
tk603,0.8016,['tk557'],2020-06-28,provide submission confirmation receipt and reference number (sharing the submission receipt and tracking information),Task
tk271,,,2023-06-16,technical validation,Task
tk272,,,,data normalization,Task
tk273,,,2023-06-16,documentation refinement,Task
tk274,,,2023-06-16,compliance draft,Task
tk275,,,2023-06-08,final confirmation from Data Services team,Task
tk276,0.8257,['tk270'],2023-06-16,insertion of explicit copyright attributions,Task
tk277,,,2023-06-16,robust and comprehensive data release protocol,Task
tk560,,,2019-05-06,upload revised camera-ready tutorial materials,Task
tk1517,,,2019-01-28,preparing slides,Task
tk934,,,,compliance write-up,Task
tk935,,,,notebook annotation,Task
tk936,,,,table formatting,Task
tk937,,,,LaTeX-to-Word conversion,Task
tk938,,,,sample output integration,Task
tk939,,,,reviewer mapping in response letter,Task
tk940,,,,realignment of internal deadlines,Task
tk941,,,,logistics for compiling the final revision package,Task
tk2347,,,,draft blog-style summary,Task
tk2349,,,,extension to other venues,Task
tk2350,,,,online hands-on session,Task
tk2351,,,,all-hands meeting post-acceptance,Task
tk2155,,,2020-08-19,coordinated announcement schedule,Task
tk2156,0.7963,"['tk2137', 'tk2142']",2020-08-18,communicate 'all-clear' to JCDL organizing committee's communications liaison (send unified 'all-clear'),Task
tk2157,0.8274,['tk2165'],2020-08-19,preparing press monitoring sheet (prepare press monitoring sheet),Task
tk2158,,,2020-08-16,circulate finalized logistical checklist and release version,Task
tk2159,,,,monitor institutional inboxes for post-release media requests,Task
tk4005,,,2022-09-23,comprehensive revision package,Task
tk4006,,,,embargo clarifications and data-sharing framework,Task
tk4008,,,,Zenodo citation suggestions,Task
tk4009,,,,editorial review,Task
tk1173,,,2023-09-10,review and integrate institutional webinar disclaimer,Task
tk1174,,,2023-09-10,confirm completion of checklist items,Task
tk1175,,,2023-09-10,update affiliations section in press release,Task
tk1176,,,2023-09-10,make minor bullet point tweaks on slide 17,Task
tk4347,,,2025-01-22,review marginal comments and incorporate/resolve,Task
tk4348,,,2025-01-22,confirm readiness for clean version consolidation,Task
tk4349,,,2025-01-22,clarify additional translation approaches,Task
tk4350,0.8162,['tk4352'],2025-01-24,finalization of camera-ready main text and supporting appendices (generating camera-ready manuscript),Task
tk1196,,,,,Task
tk1197,,,,,Task
tk1198,,,,,Task
tk1200,,,,,Task
tk1201,,,2023-10-02,gather component materials and draft summaries,Task
tk1202,0.8564,['tk1207'],2023-09-22,confirm availability for sync meeting (sync-up meeting),Task
tk2868,,,,concluding manuscript,Task
tk2869,,,,reviewing transitions,Task
tk2870,,,,finalizing manuscript for upload,Task
tk1032,,,2019-03-10,galley proof review,Task
tk1034,,,2019-03-10,email consolidated response to editorial office,Task
tk1011,,,2023-06-12,final changes review,Task
tk1012,,,2023-06-12,technical checklist completion,Task
tk1013,,,2023-06-12,file packaging and ScholarOne upload protocol,Task
tk1014,0.7869,"['tk1799', 'tk2133', 'tk2721', 'tk3073', 'tk3313', 'tk3692', 'tk4504']",2023-XX-XXT13:00:00Z,flag last-minute considerations or refinements (final refinements),Task
tk1914,0.8266,['tk1916'],not specified,establishment of embargo monitoring log (setting up embargo log),Task
tk1915,,,2019-10-14,planning progress review call,Task
tk577,,,,post-acceptance revision tasks,Task
tk578,,,,incorporate note into final screencast production,Task
tk579,,,,format note for updated schematic slide,Task
tk2130,,,,submission of press release to University of Oxford’s Public Affairs Directorate,Task
tk2131,,,within 2-3 working days,internal vetting process,Task
tk2132,,,,notification of final approval or feedback,Task
tk1917,,,,review any new communications or preliminary reviewer questions from JOCCH,Task
tk1918,,,,assess press office readiness and embargo log for outreach synchronization,Task
tk1919,,,,discuss contingency language for outreach statements if the submission decision is delayed,Task
tk1920,,,,assign clear handover protocols should urgent queries arise from the journal or media,Task
tk1921,,,2023-10-14,confirm Oxford press office’s scheduling flexibility,Task
tk1922,,,2023-10-14,additions from Stanford’s end,Task
tk1923,,,2023-10-14,reconfirm IACS communications has latest Q&A briefing,Task
tk2371,,,2023-05-07,setting up a shared resource folder,Task
tk2372,,,2023-05-15,error analysis outline,Task
tk2373,,,2023-05-07,team check-in,Task
tk2374,,,2023-05-07,participant engagement framework,Task
tk149,,,,bring recent feedback or queries from Dr. Patel,Task
tk150,,,,add margin notes and flagged excerpts into the relevant sections,Task
tk151,,,,provide remarks on visual representation approaches and supplementary figures,Task
tk66,,,,defining evaluation metrics,Task
tk68,,,,modeling and results benchmarking,Task
tk70,,,,Cross-Dataset Generalizability,Task
tk71,,,,interpretability memo,Task
tk72,,,,quantitative versus qualitative comparison protocols for model explanations,Task
tk1370,,,2023-10-19,harmonize compliance narrative,Task
tk1371,,,2023-10-19,complete embargo/release protocol review,Task
tk1372,,,2023-10-19,integrated read-through of the complete draft,Task
tk1373,0.812,"['tk2951', 'tk3783']",2023-10-19,finalizing manuscript and supplementary materials (resolve remaining editorial issues),Task
tk1374,,,2023-10-19,confirm supplementary material format,Task
tk1375,,,2023-10-19,assign last internal review responsibilities,Task
tk1487,,,2021-02-10,final template and macro checks,Task
tk1488,0.8025,"['tk1003', 'tk823', 'tk832']",2021-02-10,testing hyperlinks in supplementary materials (test supplementary links),Task
tk1489,,,2021-02-10,harmonization of compliance appendix’s language and references,Task
tk1490,,,2021-02-10,preparation of administrative summary,Task
tk1491,,,2021-02-10,DOI tests,Task
tk1492,,,2021-02-12,submission on Softconf,Task
tk311,,,2019-06-XX,submitting full dataset release package,Task
tk312,,,2019-06-XX,archiving final versions,Task
tk313,0.866,"['tk1846', 'tk2675', 'tk2679', 'tk3496', 'tk3501', 'tk3510', 'tk3521']",2019-06-XX,monitor the portal during the editorial screening phase (monitoring JOCCH portal),Task
tk3488,,,2023-10-25,review and finalize manuscript,Task
tk387,,,2019-12-17,update draft caption for Fig. 3,Task
tk388,,,2019-12-18,present draft additions to 'Ethical Considerations' section,Task
tk389,,,2019-11-08,verify hyperlinks in compliance appendix,Task
tk390,,,2019-12-20,collate all updated sections into a master camera-ready document,Task
tk392,,,2019-12-23,upload revised manuscript and response letter to JOCCH,Task
tk393,,,post-submission,consider supplementary 'annotation discrepancy table',Task
tk2452,,,,Quick overview of session flow and speaker handoff protocol,Task
tk2453,,,,Live demonstration of OCR error correction and NER modules,Task
tk2454,,,,"Breakout room scenario test, including distribution of annotation packets and FAQ response handling",Task
tk2456,,,,Review and simulate survey distribution/collection at session close,Task
tk2457,,,,"Open floor for final technical or logistic questions, with troubleshooting as needed",Task
tk803,,,2023-11-15,reviewing draft,Task
tk804,,,2023-11-15,uploading initial draft of Response to Reviewers,Task
tk805,,,2023-11-15,reviewing or contributing to Response to Reviewers,Task
tk806,,,2023-11-19,internal minor revision package deadline,Task
tk1818,,,2023-08-24,review Michael’s caption template,Task
tk1819,,,2023-08-23,address last-minute terminology or linking issues,Task
tk2074,,,2022-08-02,Prepare revised camera-ready version,Task
tk2075,,,2022-08-02,Clarify stakeholder engagement strategies for non-English-speaking press teams,Task
tk2077,,,2022-08-02,Explicitly reference supporting documentation for regional legal exceptions,Task
tk3347,,,,,Task
tk1896,,,2020-05-26,drafting and uploading outreach summaries,Task
tk1897,,,2020-09-26,internal call on 26 September,Task
tk3902,,,2023-04-24,assembling the internal review package,Task
tk3903,0.8121,['tk3581'],2023-04-24,reviewing materials in the shared directory (reviewing newly added documents),Task
tk3904,,,2023-04-24,elaborating in the survey introduction,Task
tk3905,,,2023-04-24,creating a work-in-progress licensing appendix,Task
tk3906,,,2023-04-24,expanding the hosting comparison table,Task
tk3907,,,2023-04-23,leaving high-level feedback or approval for their sections,Task
tk1276,,,,review of technical documentation,Task
tk1277,,,,correction of reference typo,Task
tk1278,,,today,final sync of GitHub repository,Task
tk1279,,,,public announcement,Task
tk1280,,,,discussion around primary publication target,Task
tk1281,,,,drafting a features matrix contrasting venue requirements and timelines,Task
tk3382,,,2023-07-28,upload finalized content,Task
tk3383,,,2023-07-28,open consolidated Google Doc for asynchronous review,Task
tk3384,,,2023-07-29,group feedback window,Task
tk4183,,,,coordinate over the weekend to outline the comparative structure,Task
tk4184,,,2023-10-31,review expanded methodological section,Task
tk4185,,,2023-10-31,provide updated error analyses,Task
tk2019,,,2023-11-13,double-checking FAQ entries,Task
tk1067,,,2023-08-08,complete edits and institutional highlights,Task
tk1068,0.8469,['tk2287'],,liaise with IACS on event logistics (coordinate with IACS events team),Task
tk1070,,,,coordinate with Oxford's events and media team for cross-promotion,Task
tk1071,,,2023-09-late,plan webinar,Task
tk639,,,2020-07-26,join official Zoom session,Task
tk640,,,2020-07-26,confirm demo materials and slides,Task
tk641,,,2020-07-26,ensure institutional Zoom accounts are logged in,Task
tk642,,,2020-07-26,verify screen-sharing privileges,Task
tk643,,,2020-07-25,submit supplementary bios or handouts,Task
tk644,,,2020-07-26,maintain agreed-on slide transition cues,Task
tk645,,,2020-07-26,Q&A moderation plan,Task
tk1867,,,,organizing Thursday’s Google Meet,Task
tk1868,,,,setting up collaborative draft environment,Task
tk1870,,,,updating compliance logs within the IACS data stewardship tracker,Task
tk1871,,,,sharing Zenodo embargo guidance,Task
tk1872,,,,preparing for Thursday’s meeting,Task
tk1873,,,,screen-share for embargo settings demonstration,Task
tk1874,,,,providing further compliance documentation,Task
tk3483,,,,compliance crosswalk cohesion,Task
tk3484,,,,dataset index & licensing,Task
tk3486,,,2023-10-23T12:00:00Z,provide last minor edits or clarifications,Task
tk3487,0.8097,['tk3489'],,finalizing cross-institutional acknowledgments section (acknowledgment recognition),Task
tk1511,,,2021-07-01,registration details submission,Task
tk1513,,,2021-10-09,session-specific details receipt,Task
tk554,,,,finalizing the master slide deck,Task
tk1212,,,2023-09-22,final structure alignment,Task
tk1213,,,2023-09-27,documentation preparation,Task
tk1215,,,2023-09-27,folder structure and permissions setup,Task
tk1216,,,2023-09-27,GitHub Organization setup,Task
tk1217,,,2023-10-02,review of compiled summaries and documentation,Task
tk44,,,,review recent files and memos,Task
tk45,,,,advance baseline modeling,Task
tk46,,,,clarify documentation and evaluation choices,Task
tk2952,,,2023-03-10,reviewer comment response sheet,Task
tk2953,,,2023-03-10,authorship and acknowledgements review,Task
tk3952,,,2023-05-11,confirmation of agenda items,Task
tk3953,0.7907,['tk3970'],2023-05-28,final compilation and circulation of locked draft (compile and lock final documents),Task
tk3954,,,2023-06-02,minor amendments,Task
tk963,,,2023-04-07,finalizing and uploading compliance protocol documentation and flowchart,Task
tk964,,,2023-04-07,internal review session,Task
tk965,,,2023-04-07,integration check,Task
tk967,,,2023-04-07,formatting consistency check,Task
tk968,,,2023-04-07,supplementary files check,Task
tk970,,,2023-04-07,ScholarOne upload,Task
tk2827,,,2023-08-24,review and provide feedback,Task
tk2828,,,2023-08-24,consolidate and circulate the final version,Task
tk58,,,,finalizing decade-based splits,Task
tk59,,,,proposing evaluation metrics for baseline modeling,Task
tk597,,,2020-06-28,final compilation and upload,Task
tk598,,,2020-06-28,internal cut-off,Task
tk599,,,,,Task
tk1412,,,,,Task
tk1413,,,,,Task
tk1414,,,2023-01-24,manuscript formatting and cross-referencing,Task
tk1415,,,,,Task
tk3512,,,2019-11-01,elaborating on contributions and negotiation experiences,Task
tk2166,,,,sharing press monitoring sheet access link,Task
tk2167,,,,providing updates for JCDL conference bulletins,Task
tk2168,,,,sharing summary materials or press data for IACS reporting,Task
tk2038,,,,completing a close review of the FAQ annex,Task
tk2039,0.8632,"['tk2045', 'tk2050']",2022-11-23,adding a clarifying sentence on the interplay between citation permission and embargo end-dates (review and clarify language on embargo-citation interplay),Task
tk2041,,,,referencing the in-house RTI liaison's contact details,Task
tk2042,,,,highlighting items requiring further confirmation post-legal review,Task
tk2043,0.7721,['tk2051'],,specifying that major versus minor changes be distinguished in future FAQ revisions (version control appendix recommendations),Task
tk2044,,,2022-11-25,final 30-minute check-in to approve and submit the FAQ annex,Task
tk3055,,,2023-04-13,"final tweaks to visuals, handover phrasing, and Q&A document",Task
tk3056,,,2023-04-14,review annotated run-order document,Task
tk3057,,,2023-04-14,clarification for camera-ready version or session materials,Task
tk3058,,,2023-04-14,revisit responses around scalability and multilingual facets of historical corpus NLP,Task
tk4276,,,2023-10-09,Expanding Non-Western Data Protection Analysis,Task
tk4277,,,within 6 weeks,Empirical Evaluation Clarification,Task
tk4278,,,within 6 weeks,Additional Use Case – Section 4.2,Task
tk4279,,,after major content expansions,Public Compliance Statement & Minor Corrections,Task
tk2002,,,2023-11-10,gather consent to share relevant excerpts,Task
tk2003,,,2023-11-10,upload example entries to shared drive,Task
tk355,,,2023-09-04,pre-formatted table integration,Task
tk356,,,2023-09-04,review and confirm accuracy,Task
tk357,,,2023-09-04,final tweaks or requests for statistical subsetting,Task
tk2338,,,,roadmap for extension,Task
tk2340,0.8718,['tk2345'],2019-06-01,schedule team call post-acceptance notification (team call after acceptance notifications),Task
tk2341,,,,plan JCDL attendance and related outreach activities,Task
tk2760,,,,organizing the bibliography template,Task
tk2761,,,,completing summaries on EMNLP papers,Task
tk2763,,,,initial input on EU funding opportunities,Task
tk2764,0.8465,['tk2772'],,tracking deadlines and eligibility requirements (deadline tracking),Task
tk2765,,,,notes on the JDoc special issue,Task
tk2766,,,,weighing pros and cons of parallel submission strategy,Task
tk1161,,,,registration portal feedback,Task
tk1162,,,,uploading slide materials,Task
tk1163,,,,roundtable discussion,Task
tk485,,,2023-03-06,metadata alignment check,Task
tk486,,,2023-03-06,merge accessibility changes,Task
tk487,,,2023-03-07,finalize author order and metadata,Task
tk490,,,2023-03-10,official submission,Task
tk3146,,,,Enhancement of Annotation Workflow Documentation,Task
tk3147,,,,Reproducibility and Open Resource Planning,Task
tk4105,,,2024-09-22,draft Technical Note,Task
tk4106,,,2024-09-24,review Technical Note with tracked changes,Task
tk4107,,,2024-09-19,"upload session recording, slides, and Q&A summary",Task
tk4108,0.8404,['tk4117'],2024-09-19,distribute redacted compliance negotiation vignette,Task
tk4109,,,2024-09-21,check-in discussion,Task
tk2899,,,2023-11-29,camera-ready manuscript submission,Task
tk906,,,2021-02-13,final proofreading,Task
tk907,,,2021-02-13,verify citation for IACS_ApprovalLetter.pdf,Task
tk909,,,2021-02-13,clarify manuscript and supplementary cross-referencing,Task
tk910,,,2021-02-14,compile final corrections,Task
tk911,,,2021-02-15,formal submission to JOCCH,Task
tk3418,0.8242,"['tk206', 'tk209', 'tk836']",2023-08-05,full review of the integrated manuscript draft (review and approve manuscript),Task
tk3419,,,2023-08-06,submit manuscript,Task
tk3570,,,,,Task
tk3571,,,,provide additional comparative analysis within annotations,Task
tk3572,,,,final revisions ahead of collective draft review cycle,Task
tk3573,,,,manage procedural alignment,Task
tk3574,,,,negotiate data handling clauses,Task
tk3575,,,,synchronize review timelines,Task
tk3577,,,,shift consent and data usage stipulations,Task
tk3578,,,,meet local and partner-country regulatory demands,Task
tk3193,,,2023-04-xx,complete initial draft of supplementary appendix,Task
tk3194,0.8528,"['tk3209', 'tk3215']",2023-05-11,internal peer review phase,Task
tk3195,,,2023-04-xx,harmonize citation styles,Task
tk3196,,,2023-04-xx,resolve figure placement,Task
tk1891,,,current date,drafting and uploading outreach summary,Task
tk1892,0.8179,['tk1889'],promptly,review and feedback on the outreach summary (feedback on outreach summary),Task
tk1893,,,2023-09-21,synthesizing both versions,Task
tk1894,,,after 2023-09-21,review for compliance and unified institutional voice,Task
tk4356,,,2025-01-23,line-by-line review,Task
tk4357,,,2025-01-23,final confirmation for records,Task
tk4359,,,2025-01-23,provide immediate clarifications,Task
tk4315,,,2023-01-15,collaborative drafting session,Task
tk4324,,,,rapid review of comparative outlines,Task
tk4326,,,,detailed mapping of NLI-specific considerations,Task
tk4327,,,,delegation of drafting responsibilities for compliance appendices and bibliography harmonization,Task
tk2660,,,,"harmonization of style, references, and narrative flow",Task
tk2662,,,,compliance statement and author contributions file,Task
tk2663,,,,append final remarks regarding institutional grants or data provider credits,Task
tk2664,,,,reviewing the author order and ensuring compliance checklist completion,Task
tk1950,,,2022-10-18,harmonization efforts,Task
tk1951,,,2022-10-18,initial review,Task
tk1952,,,2022-10-18,circulating press query response template,Task
tk1953,,,2022-10-20,formal acceptance of harmonized version,Task
tk1954,,,2022-10-20,joint sign-off,Task
tk1955,,,2022-10-20,archiving a locked PDF copy,Task
tk1956,,,2022-10-20,legal review,Task
tk3243,,,,reviewing draft author contribution statements,Task
tk3244,,,,finalizing and uploading author contribution statements,Task
tk3245,,,,maintaining periodic checks on the submission portal,Task
tk3246,,,,preparing collective responses to editor communications,Task
tk1777,,,,alignment on manuscript timeline,Task
tk1778,,,,final feedback on workflow diagram,Task
tk1779,,,,review and harmonization of case study vignettes,Task
tk1780,,,,walk-through of comparative protocol table,Task
tk1781,,,,next steps for full integration,Task
tk1783,,,,double-check alignment with Smith et al. template,Task
tk1784,,,,initial draft of 'Resource Transparency' section,Task
tk1785,,,,bring questions or concerns regarding code/data hosting,Task
tk698,,,,preparation of the lay abstract,Task
tk700,,,2023-09-05,uploading compliance appendix,Task
tk701,,,2023-09-06,indicating timeline constraints,Task
tk703,,,,supplemental materials and code review,Task
tk3690,,,2023-01-16,final pass on manuscript and response letter,Task
tk3691,,,2023-01-16T12:00:00Z,lock final edits and resolved comments,Task
tk318,,,2019-08-27,Expansion of the 'Limitations and Future Work' section,Task
tk319,,,2019-08-27,Addition of one further illustrative table,Task
tk320,,,2019-08-27,Minor clarifications on archival licensing terms,Task
tk321,,,2019-11-27,submit revised manuscript and response letter,Task
tk1748,,,,incorporate Dr. Markov's suggestions,Task
tk1749,,,2023-08-07,edit the annotation reproducibility template,Task
tk1750,,,,coordinate final integration into the manuscript draft,Task
tk3695,,,2023-01-16,final integration and editing pass,Task
tk3696,,,2023-01-16T12:00:00Z,resolve outstanding tracked changes and comments,Task
tk3697,,,2023-01-16T14:00:00Z,initiate the submission process,Task
tk3698,,,,final sweep of Overleaf main text and Google Drive response letter draft,Task
tk168,,,,visualization figures,Task
tk169,,,,collective focus on anonymization and accessibility,Task
tk170,,,,reviewing updated annotation metadata,Task
tk171,,,,mapping of anonymized participant IDs,Task
tk173,,,,document C 'highly actionable' segment,Task
tk174,,,,document F 'edge case',Task
tk175,,,,document A contrasting faithfulness assessments,Task
tk176,,,,noting operational definition of 'faithfulness',Task
tk177,,,,providing supplementary table cross-referencing willingness scores and document artifact severity,Task
tk4351,,,2025-01-24,producing clean version,Task
tk47,,,2019-04-19,metadata mapping for Chronicling America and British Library datasets,Task
tk48,,,2019-04-19,implement dual mapping schema,Task
tk49,,,2019-04-19,live demonstration of customized OCR correction pipeline,Task
tk50,0.8212,"['tk57', 'tk60', 'tk65']",2019-04-28,prepare clean corpus subset for subsequent modeling (curating the clean corpus),Task
tk51,,,2019-04-19,initial comparative review of LIME and SHAP,Task
tk52,,,2019-04-30,formalize findings as a technical memo,Task
tk53,,,2019-04-19,proceed with Transformer-based language model as a baseline,Task
tk54,,,2019-05-01,initiate data partitioning,Task
tk55,,,2019-05-01,draft model configuration,Task
tk56,,,ongoing,suggest further evaluation metrics,Task
tk649,,,2020-08-12,draft outline for JOCCH article,Task
tk650,,,,coordinate on feedback compilation and initial repository structure,Task
tk651,,,,review institutional guidelines for sharing resources,Task
tk3225,,,2023-05-15,send narrative draft for adjudication footnote and expanded narrative summary,Task
tk3226,0.7717,"['tk379', 'tk88']",2023-05-16,coordinate Google Meet platform and share link (coordinate meeting),Task
tk4505,,,2023-04-01T09:00:00,lock document for formal integration,Task
tk4506,,,,,Task
tk1401,,,2019-09-14,"submit revised, camera-ready version",Task
tk1402,,,,clarify annotation provenance in Section 4,Task
tk1403,,,,streamline compliance appendix for clarity,Task
tk3320,,,,setting up a Project Retrospective & Workflow Reference folder,Task
tk3321,,,,compiling process notes,Task
tk2547,,,TBD,synthesizing initial analytics,Task
tk2548,,,TBD,outlining discussion framework,Task
tk2549,,,TBD,real-time resource verification and escalation notes,Task
tk2550,,,TBD,mapping next steps for documentation and collaborative writing,Task
tk2551,,,TBD,brainstorming guidelines document,Task
tk2005,,,,,Task
tk2006,,,,,Task
tk2007,,,2022-11-10,uploading draft to consortium’s shared folder,Task
tk2008,,,,,Task
tk2297,0.8171,['tk2313'],,initiate a draft version of the pre-recorded spotlight presentation (sharing the first draft of the pre-recorded spotlight video),Task
tk2224,,,,preparing supporting materials,Task
tk2225,,,,reviewing final slides and analytics,Task
tk2226,,,,circulating short links to press coverage,Task
tk2227,,,,discussing possible post-conference technical workshop,Task
tk368,,,2019-11-27,genre segmentation procedures,Task
tk369,0.8786,['tk372'],2019-11-27,draft a brief expansion for the 'Ethical Considerations' section (expand Ethical Considerations section),Task
tk370,0.8595,['tk373'],2019-11-27,verify every hyperlink in the compliance appendix (ensure hyperlinks are active),Task
tk1509,,,2021-03-15,receiving final program and session abstracts,Task
tk1510,,,,,Task
tk358,,,,,Task
tk360,,,,,Task
tk361,,,2023-09-07,complete manuscript integration and finalize internal review,Task
tk2175,,,2022-03-23,review and provide feedback on draft quotes,Task
tk2176,,,2022-03-22,forward summary statements or bullet points,Task
tk2177,,,2022-03-23,attach or share links to visuals or project summaries,Task
tk590,,,2020-06-23,upload updated screencast,Task
tk591,0.8121,['tk588'],2020-07-15,Complete and check ancillary submission files (review ancillary materials list),Task
tk2314,,,,incorporating the group’s guidelines and recent feedback from the JCDL organizers,Task
tk2315,,,2023-04-20,reviewing the presentation,Task
tk2316,,,2023-04-24,finalizing the audit,Task
tk2317,,,2023-04-24,beginning edits immediately,Task
tk2318,,,,having the revised version ready by 24 April for a final collective review,Task
tk1399,,,2019-06-16,upload an updated pre-review version,Task
tk1400,,,2022-01-15,notification of review outcome,Task
tk2222,,,,upload latest IACS media tracking summary and press outreach statistics,Task
tk1452,,,2021-01-28,revised draft of the compliance appendix,Task
tk1454,,,,finalizing draft,Task
tk1455,,,,internal review round,Task
tk3798,,,,refining Section 5,Task
tk3799,,,2024-03-24,supplementary repository audit,Task
tk3801,,,,reviewer rebuttals,Task
tk3802,,,,technical language around data normalization,Task
tk439,,,,accessibility re-tagging,Task
tk1105,,,,,Task
tk1106,,,,,Task
tk1108,,,,,Task
tk2781,,,2023-08-13,Conference Abstract & Parallel Submission Strategy,Task
tk2782,,,2023-08-13,Methodological Synergies & Open Questions,Task
tk1739,,,,OCR post-processing,Task
tk1740,,,,expanding relevant sections,Task
tk1741,,,,writing phase,Task
tk1742,,,,scheduling a sync,Task
tk3126,0.8425,"['tk3112', 'tk3118']",2023-06-20,join Zoom session 20 minutes early (Zoom Room Access),Task
tk3127,,,2023-06-20,verify technical elements,Task
tk3128,,,2023-06-20,open proceedings,Task
tk3129,,,2023-06-20,support with transition cues,Task
tk3130,,,2023-06-20,Q&A moderation,Task
tk3131,,,2023-06-20,monitor WhatsApp group,Task
tk1833,,,2023-08-28,finalizing manuscript,Task
tk1834,,,2023-08-26,full draft review and copyedits,Task
tk3673,,,,uploading draft to shared folder,Task
tk3674,,,,reviewing Overleaf bibliography,Task
tk3675,,,,checking annotation guidelines in bib file,Task
tk3676,,,,addressing reviewer suggestion on legal interoperability,Task
tk3677,,,EOD today,sharing unresolved blockers or feedback,Task
tk3678,,,2019-01-13,integrated draft consolidation,Task
tk3679,,,2019-01-15,brief full-team review,Task
tk2289,0.7694,"['tk2298', 'tk2302']",,upload session summary and compiled bios to the shared drive (compilation of session summary and speaker biographies),Task
tk2290,,,,sharing updated bio,Task
tk2291,,,,preparing .pdf and .pptx versions of presentations,Task
tk2292,,,,setting up cloud-based backup folder for presentation assets,Task
tk2293,,,2023-04-15,coordination call,Task
tk2294,,,,reaching out to JCDL organizers for tech requirements,Task
tk416,,,,thorough accessibility review,Task
tk420,,,,share compiled response letter,Task
tk2900,,,2023-12-06,post-submission technical updates or versioning requests,Task
tk2901,,,2023-12-04,review initial feedback from the conference organizers,Task
tk2902,,,2023-12-04,final live walkthrough,Task
tk4241,,,,,Task
tk4242,,,,,Task
tk4243,,,,,Task
tk4244,0.8231,"['tk4188', 'tk4336']",2023-11-07,confirm placement of the comparative legal table (legal comparative table),Task
tk4245,,,2023-11-07,finalize the appendix formatting,Task
tk4246,,,2023-11-06,review the main integration draft,Task
tk4247,,,2023-11-06,provide feedback or inline edits,Task
tk4248,,,,,Task
tk4249,,,,,Task
tk612,,,,final presentation preparation,Task
tk614,,,,uploading CV and professional biography,Task
tk615,,,,reviewing Tutorial_Presentation_Guidelines.pdf,Task
tk617,,,,testing demo scripts under restricted network conditions,Task
tk618,,,,highlighting specific transitions or technical handover points,Task
tk4273,,,2022-02-10,Prepare revised manuscript,Task
tk4274,,,2022-02-10,Submit point-by-point response to reviewer and editor comments,Task
tk1743,,,2023-08-07,suggest edits or expansions to the annotation template,Task
tk1744,0.7803,['tk1751'],2023-08-07,advise on synergies between Smith et al. (2021) protocol and ours (evaluate Smith et al. (2021) approach),Task
tk1745,,,2023-08-07,share additional remarks or questions from the ACL chair,Task
tk1746,,,2023-08-07,provide input on the framing of corpus transparency,Task
tk1747,,,2023-09-05,assembly of the full methods and supplementary materials,Task
tk3038,,,2023-04-09,uploading slides and Q&A contributions,Task
tk3039,,,2023-04-09,final review and marking outstanding sections,Task
tk258,,,2023-06-10,clarify licensing and technical validation procedures,Task
tk259,,,2023-06-16,comprehensive draft ready for review,Task
tk260,,,2023-06-17,discuss flagged compliance issues and finalize phased release plan,Task
tk4211,0.837,['tk4190'],2023-11-06,methodological clarity section update (methodological section updates),Task
tk4212,0.8061,"['tk4177', 'tk4230']",2023-11-07,producing the new evaluation visualizations (preparing updated visualizations),Task
tk4213,,,2023-11-10,legal compliance table development,Task
tk4214,,,2023-11-11,rebuttal letter structure creation,Task
tk4215,,,2023-11-12,sectional drafts completion,Task
tk4216,,,2023-11-18,integrated manuscript and rebuttal letter group review,Task
tk4217,,,2023-11-28,final revision upload to JOCCH portal,Task
tk4218,,,2023-11-14,review and comment on supplementary materials,Task
tk4219,,,,,Task
tk4220,,,,,Task
tk2078,,,2022-02-25,draft the requested scenario annotations for Section 4,Task
tk2079,,,2022-02-25,review Section 2.3 and the version changelog appendix for typographical issues,Task
tk2080,,,2022-02-25,update the references to supporting legal documentation for RTI and FERPA,Task
tk2081,,,2022-02-19,consolidated walkthrough,Task
tk2082,,,2022-02-25,group call or asynchronous sign-off,Task
tk2468,,,,,Task
tk2469,,,,,Task
tk2470,0.8582,"['tk2471', 'tk2482', 'tk2483']",2022-05-23,sharing the emergency email template and backup dataset links in the Drive (sharing backup dataset links),Task
tk2472,,,,,Task
tk2473,,,,,Task
tk2474,,,,,Task
tk2621,0.8169,"['tk2640', 'tk3257', 'tk3420', 'tk3956', 'tk3959', 'tk3982', 'tk4354', 'tk4358', 'tk896']",2023-06-17,draft submission cover letter (draft cover letter),Task
tk2623,,,,,Task
tk4328,,,,organizing and circulating the proposed agenda and provisional Google Meet link,Task
tk4329,,,before the meeting,annotating the comparative legal matrix with newly integrated rows corresponding to the National Library of Israel's protocols,Task
tk4330,,,during the meeting,high-level alignment of terminology and structural flow,Task
tk4331,,,during the meeting,document-level revisions,Task
tk4332,,,after the meeting,assigning a short list of split tasks for compliance appendix revisions and pending bibliography entries,Task
tk4333,,,before the meeting,annotating legal divergences within the matrix,Task
tk4334,,,before the meeting,creating a 'track changes' document,Task
tk3824,,,,repository validation,Task
tk3825,,,,final pass through 'Formatting' and 'Meta-Review Response' tabs,Task
tk3827,,,,section-by-section walkthrough of the final manuscript and supplementary files,Task
tk3828,,,,"cross-check for formatting, references, and metadata completeness",Task
tk3829,,,,confirm copyright/licensing and presenter status,Task
tk3830,,,,final upload of the full camera-ready package to the ACL2024 portal,Task
tk4045,,,,seminar scheduling,Task
tk4046,,,,advance Q&A theme crowdsourcing,Task
tk4047,,,,draft flyer for event publicity,Task
tk4048,,,,registration link and survey distribution,Task
tk1249,0.7722,"['tk1199', 'tk2004']",2023-09-26,pre-populate draft FAQ document (curate FAQ/Community Q&A),Task
tk1250,,,2023-09-27,technical setup guide and Dockerfile,Task
tk1251,0.8031,['tk1258'],2023-09-27,review GDPR primer and sample participant consent materials (GDPR guidance and sample consent statements),Task
tk1252,0.8441,['tk1255'],2023-09-27,provide IACS dataset citation guidelines and annotation schema (IACS dataset citation and annotation schema templates),Task
tk2257,,,Not specified,"integration of final infographic slides, NDAI feedback summary, and press highlights into the master deck",Task
tk2258,,,Not specified,circulate the Zoom invite and a rehearsal agenda,Task
tk2259,,,Not specified,provide last feedback,Task
tk4262,,,2023-11-10,review and update figure legends,Task
tk4263,,,2023-11-10,annotate Google Slides or shared doc,Task
tk3963,,,2024-05-24,finalizing the compliance appendix,Task
tk3964,,,2024-05-24,drafting the JOCCH cover letter,Task
tk3965,,,2024-05-24,reviewing and endorsing the latest drafts,Task
tk3966,0.8183,"['tk3968', 'tk4155']",2024-05-28,compiling the complete final submission package (submission package assembly),Task
tk950,,,,comprehensive update and sharing of revised Table 2 files,Task
tk951,,,,reviewing the PDF sample on Windows and Linux,Task
tk952,,,,incorporating in-line commentary and code cells in the Jupyter notebook,Task
tk953,,,,uploading the latest version of the annotated notebook,Task
tk955,,,,performing a last technical proofread before submission,Task
tk827,,,2022-11-18,reviewing annotated notebook and audit checklist,Task
tk828,,,2022-11-18,"updating links, figure captions, and compliance references",Task
tk829,,,2022-11-18,cross-verifying all references in Response to Reviewers,Task
tk830,0.8228,['tk821'],2022-11-18,reference audit checklist in graphical abstract caption (updating graphical abstract),Task
tk831,,,2022-11-18,formatting and exporting supplementary materials as PDFs,Task
tk833,,,2022-11-19,confirming satisfaction with the complete package,Task
tk834,,,2022-11-19,flagging any last-minute points,Task
tk835,,,2022-11-19,formal submission to ACM Journal on Computing and Cultural Heritage,Task
tk975,,,2023-05-28,source recent cross-domain historical corpora,Task
tk976,0.8801,['tk973'],2023-05-28,suggest a succinct but explicit footnote definition for Boundary Error (clarify 'Boundary Error' definition in Table 2),Task
tk977,,,2023-05-28,revise the introductory markdown cell of the Jupyter notebook,Task
tk978,,,2023-05-28,circulate initial drafts of changes,Task
tk979,,,2023-06-16,final integration and technical checks,Task
tk4313,,,,,Task
tk4314,,,,,Task
tk4316,,,2023-01-13,finalizing drafting call timing,Task
tk4318,,,,,Task
tk4319,,,,,Task
tk4320,,,,,Task
tk4321,,,,,Task
tk4322,,,,,Task
tk3142,,,,discussing semi-supervised labeling for 19th-century Scottish Gaelic texts,Task
tk3143,,,,pilot work linking semantic similarity metrics to the ALMA archive project,Task
tk2956,,,2023-03-09,proofreading and formatting,Task
tk2957,,,2023-03-09,reviewer comment responses,Task
tk2958,,,N/A,authorship and acknowledgements,Task
tk2959,,,2023-03-12,file preparation and submission logistics,Task
tk2960,,,2023-03-10,contingencies and timeline,Task
tk404,,,2023-12-21,run the accessibility scan on the merged PDF,Task
tk405,0.7959,['tk424'],2023-12-21,skim the integrated Ethical Considerations section for cross-reference accuracy and correct pagination (integrated and paginated Ethical Considerations),Task
tk406,,,2023-12-21,double-check the placement and formatting of the updated Fig. 3 caption and agreement table,Task
tk407,,,2023-12-21,sign-off on the complete camera-ready file,Task
tk3114,,,tomorrow,review and confirm details of closing remarks,Task
tk3115,,,tomorrow,ensure access to all presentation assets,Task
tk3116,,,during the session,tech-check procedure,Task
tk3117,,,at the start of the session,acknowledge JCDL technical staff,Task
tk4135,,,2023-09-24,drafting Lessons Learned summary,Task
tk4136,,,2023-09-24,reviewing figures and diagrams,Task
tk4138,,,2023-09-25,final edits and venue decision,Task
tk4411,,,2023-03-18,editorial feedback,Task
tk4412,,,2023-03-18,cross-checking glossary draft,Task
tk4413,,,2023-03-18,inserting clarifications in manuscript,Task
tk4414,,,2023-03-18,reviewing sentences for suitability,Task
tk4415,,,2023-03-18,confirming alignment with manuscript structure,Task
tk4416,,,2023-03-16,Zoom call,Task
tk4417,,,2023-03-18,drafting sample response texts,Task
tk3140,,,2023-04-27,circulate compiled audience questions and comments,Task
tk3141,,,2023-04-27,send additional discussion points or resource requests,Task
tk2414,,,,draft agenda creation,Task
tk2416,,,,live demonstration scheduling,Task
tk2417,,,,ethics discussion,Task
tk2418,,,,breakout session management,Task
tk2419,,,,lightning talk facilitation,Task
tk2420,,,,networking slot organization,Task
tk2421,,,,promotional strategy development,Task
tk2422,,,,resource support preparation,Task
tk2423,,,,alignment with institutional priorities,Task
tk1686,,,2022-07-25,compatibility and backup tests,Task
tk1687,,,2022-07-25,synchronizing the references,Task
tk1688,0.935,['tk1697'],2022-07-25,coordinating with the session chair (coordinate with session chair),Task
tk1689,0.8327,"['tk1666', 'tk1678', 'tk1679']",2022-07-25,confirm Zoom backup hosting credentials and share a local recording test (local recording logistics),Task
tk1690,0.7591,['tk1699'],2022-07-25,having the Q&A sheet ready (keep Q&A handout ready),Task
tk1203,0.7942,['tk1193'],2023-10-02,manage the organization of the knowledge base (knowledge base initiative),Task
tk1204,,,2023-09-22,preparing best practices guide for GDPR/data sharing,Task
tk1205,,,2023-09-15,circulating summary of European source datasets,Task
tk1206,,,2023-09-22,reviewing technical notebooks,Task
tk3618,,,2022-03-26,address reviewer comments and upload revised version,Task
tk11,,,,initial work,Task
tk3961,,,2024-05-28,final manuscript compilation,Task
tk3962,,,2024-05-24,provide feedback on cover letter,Task
tk239,,,2019-05-29,initial drafting of digital poster,Task
tk240,,,2019-06-04,circulate current documentation template,Task
tk241,0.8143,"['tk250', 'tk256', 'tk269']",2019-06-16,review institutional requirements for dataset clearance (data clearance),Task
tk242,0.8082,"['tk249', 'tk262']",2019-06-16,adapt the codebase for annotator disagreement analysis (adapt scripts for disagreement metrics),Task
tk243,,,2019-06-16,explore potential multilingual datasets,Task
tk244,,,2019-12-01,draft preliminary outline for JOCCH,Task
tk245,,,2019-06-05,set up and circulate shared spreadsheet,Task
tk246,0.7988,['tk4134'],2019-06-17,reconvene for short check-in (reconvene for a brief sync),Task
tk2097,,,2022-02-25,finalizing camera-ready submission,Task
tk2098,,,2022-02-25,hyperlinking legal documentation,Task
tk2099,,,2022-02-25,updating appendix with attributions,Task
tk2100,,,2022-02-25,proofreading and consistency checks,Task
tk2102,,,2022-02-25,coordinated communication to institutional press offices,Task
tk3587,,,,integrate revised 'Appendix Navigation Table',Task
tk3589,,,,incorporate 'Notable Institutional Divergence/Convergence' column,Task
tk3590,,,,review table in Section C,Task
tk3592,,,2023-11-15,add flag for international partner protocol changes,Task
tk3593,,,,internal quality review phase,Task
tk261,,,2023-06-16,synthesizing compliance checklists,Task
tk263,,,2023-06-14,providing representative error samples and metadata,Task
tk264,,,2023-06-09,inputting anticipated deliverables,Task
tk3307,,,,cross-checking ORCID and funding lines,Task
tk3308,,,,verification of country-specific attribution,Task
tk3309,,,,font sizing in Data Availability section,Task
tk3323,,,mid-next week,create structured documentation,Task
tk3324,,,shortly after mid-next week,review and refine structure,Task
tk3325,,,after review and refinement,begin documentation in earnest,Task
tk3326,,,ongoing,collaborative collation,Task
tk3327,,,ongoing,communication with editorial offices,Task
tk3328,,,ongoing,compliance with international licensing and attribution protocols,Task
tk3329,,,ongoing,log unforeseen bottlenecks or challenges,Task
tk3330,,,ongoing,develop ready-made solutions,Task
tk3331,,,ongoing,append 'lessons learned' subsection,Task
tk2481,,,,validating the accessibility of the supplemental NER guide,Task
tk2484,,,,reviewing the troubleshooting steps,Task
tk2485,,,,drafting a concise checklist for browser and platform-specific technical support,Task
tk2486,,,,updating the breakout packet and the participant resource handouts,Task
tk2487,,,,reviewing the preliminary participant inquiry log,Task
tk2488,,,,preemptively addressing common registration and technical questions,Task
tk592,,,pending,upload revision memo,Task
tk646,,,2023-08-02,debriefing session,Task
tk1971,,,,,Task
tk1972,,,,,Task
tk1973,,,2022-10-29,compile the consolidated annex,Task
tk4280,,,,compiling or interpreting metadata for the quantitative analysis,Task
tk3175,,,2023-05-10,drafting manuscript sections,Task
tk3176,,,,collecting and annotating sample annotation guidelines,Task
tk3177,,,,creating error analysis visualizations,Task
tk3178,,,,final integration phase,Task
tk197,,,,consolidated feedback and development of visualization assets,Task
tk198,,,2023-10-18,reviewing current version of figures and supplementary material,Task
tk199,,,2023-10-23,finalizing file naming to ACL-compliant naming,Task
tk200,,,2023-10-23,giving a final pass to the results section for narrative cohesion,Task
tk201,,,2023-10-23,assembling the integrated manuscript draft,Task
tk2285,,,,session summary draft,Task
tk2286,,,,professional biography update,Task
tk2288,,,2023-04-15,prepare slide deck versions,Task
tk705,,,2023-08-26,upload current drafts,Task
tk707,,,2023-09-13,full draft integration,Task
tk1351,,,2023-10-10,evaluation metrics finalization,Task
tk1352,,,2023-10-10,author order and funding statement,Task
tk1353,,,2023-10-10,compliance and embargo policy,Task
tk1354,,,2023-10-10,timeline revision,Task
tk1355,,,2023-10-10,resolution of reviewer access to embargoed datasets,Task
tk1356,,,2023-10-10,coordination of Overleaf comments,Task
tk1357,,,2023-10-15,revise embargo note,Task
tk1358,,,2023-10-10,prepare evaluation metrics narrative,Task
tk1359,,,2023-10-10,complete funding and acknowledgments section,Task
tk3759,,,,final Overleaf edits,Task
tk3760,,,,repository metadata validation,Task
tk3762,,,,visual check of abstract image,Task
tk2893,,,,complete and circulate final visuals,Task
tk2894,,,,clarify supplementary file formats,Task
tk2895,,,,complete remaining edits on digital tool integration section,Task
tk2896,,,,review compliance metadata,Task
tk2897,0.8223,['tk2655'],2023-12-04,internal walkthrough and final checklist validation (finalize checklist walkthrough),Task
tk1165,0.824,['tk1124'],2023-09-05,preparing introduction,Task
tk1166,,,2023-09-05,Technical Demo,Task
tk1167,,,2023-09-05,Regional Case Studies,Task
tk1168,,,2023-09-05,Q&A Prep,Task
tk1169,,,2023-09-07,send disclaimers/statements,Task
tk1170,,,2023-09-05,finalize public registration link,Task
tk1171,,,2023-09-08,circulate draft press release,Task
tk1172,,,2023-09-10,review final slides,Task
