:ID,mergeConfidence,mergedFrom,taskDate,taskName,:LABEL
tk1,,,,Temporal Sentiment Analysis in Historical Archives,Task
tk2,0.792,"['tk24', 'tk3', 'tk32', 'tk7', 'tk8', 'tk9']",,develop models that can detect sentiment and understand how sentiment evolves over time in archival texts (Temporal Sentiment Analysis project),Task
tk4,,,,exploring historical lexicons to address diachronic language changes,Task
tk5,,,,comparing Transformer-based models with traditional techniques like LSTM and CRFs,Task
tk6,,,2019-04-06,meeting to discuss ideas and coordinate next steps,Task
tk10,,,,sentiment analysis,Task
tk11,,,,initial experiments with dataset implementation,Task
tk12,,,,defining a timeline for results,Task
tk13,,,,initial data processing,Task
tk14,0.7739,['tk4398'],,prepare results from preliminary analyses (early drop of preliminary figures),Task
tk15,,,,research additional evaluation methods,Task
tk16,,,,coordinate ongoing discussions,Task
tk17,,,,oversee the timeline,Task
tk18,,,,sentiment lexicon usage analysis,Task
tk19,0.7901,['tk33'],,evaluation of models’ longitudinal generalizability (evaluate temporal consistency of models),Task
tk20,,,,establish a baseline,Task
tk21,,,,benchmark Transformer models,Task
tk22,,,,data processing,Task
tk23,0.8044,"['tk2618', 'tk3254']",,propose preferred windows for such a call (progress review call scheduling),Task
tk25,,,,diachronic analysis,Task
tk26,,,,preprocessing across both datasets,Task
tk27,0.8039,"['tk34', 'tk57', 'tk81']",,mitigate OCR noise or metadata inconsistencies without losing valuable historical nuance (OCR correction),Task
tk28,,,,inconsistent metadata remediation,Task
tk29,,,,review of model interpretability methods for our project,Task
tk30,,,,,Task
tk31,,,,research recent developments in interpretability specific to NLP on historical texts,Task
tk35,,,,circulate a brief summary of interpretability options ahead of the meeting,Task
tk37,0.8055,['tk46'],,"applying basic preprocessing steps such as deduplication, lowercasing, and removal of extraneous symbols",Task
tk38,,,,extraction of clean sentences for analysis,Task
tk39,,,,integrating an OCR correction tool,Task
tk40,,,,create custom mappings tailored for each archive,Task
tk41,,,,standardize using the majority format,Task
tk43,,,,check-in,Task
tk44,,,,processing the historical datasets,Task
tk47,,,,text recovery,Task
tk48,,,,training a custom OCR correction model,Task
tk50,,,,downstream chronological analysis,Task
tk51,,,,probabilistic inference based on content or publication context,Task
tk52,,,,reviewing a targeted sample of the OCR-challenged segments,Task
tk53,,,,improve cleaning,Task
tk54,,,,tie in interpretability insights for downstream models,Task
tk55,,,,demonstration of correction workflow,Task
tk56,,,,data cleaning,Task
tk60,,,,robust longitudinal analysis,Task
tk61,,,,memo summarizing the pros and cons of a unified versus dual mapping system for metadata standardization,Task
tk62,,,,downstream harmonization and documentation,Task
tk63,,,2019-04-23,comments and preliminary analysis,Task
tk65,,,,tabulate the main date format inconsistencies,Task
tk66,,,,draft initial mapping schema for each archive,Task
tk67,,,,refine or switch to a unified mapping,Task
tk68,,,,interpretability memo,Task
tk69,,,,Sunita's briefing on dataset harmonization progress and immediate needs,Task
tk70,,,,Michael's demonstration of OCR/post-processing pipeline (using shared Chronicling America samples),Task
tk71,,,,Ananya's preliminary feedback on interpretability review and metadata system memo,Task
tk73,,,,"Scheduling and discussion of next milestone (e.g., baseline model implementation, evaluation setup)",Task
tk75,,,,circulate a brief summary of initial findings before the meeting,Task
tk76,,,,review recent files and memos,Task
tk77,,,,advancing baseline modeling,Task
tk78,,,,touch upon possible venues (conferences or journals) for ultimate submission,Task
tk79,0.8802,['tk80'],,metadata mapping for Chronicling America and British Library datasets (Dataset Harmonization),Task
tk83,,,,comparative review of LIME and SHAP on raw and OCR-corrected samples,Task
tk84,,,2019-04-30,formalize findings as a technical memo for circulation,Task
tk85,,,,Baseline Model Planning,Task
tk86,,,,data partitioning with decade-based splits for training and evaluation,Task
tk87,,,2019-05-01,draft the model configuration,Task
tk88,0.8389,"['tk82', 'tk98']",2019-04-28,prepare a clean corpus subset for subsequent modeling (share a jointly curated clean sample corpus),Task
tk90,,,2019-05-01,provide decade-partitioned data overview,Task
tk91,,,2019-05-01,share draft model configuration,Task
tk92,,,,suggest further evaluation metrics,Task
tk93,,,2019-05-03,next check-in meeting scheduling,Task
tk94,,,,manual verification to ensure high textual fidelity and alignment with dual metadata mapping policies,Task
tk95,,,,manual inspection or annotation standards for the initial subset,Task
tk96,,,,finalizing decade-based splits,Task
tk97,,,,proposing evaluation metrics for baseline modeling,Task
tk99,,,,summarising the applied pipeline and remaining challenges in the README,Task
tk100,,,,upcoming baseline modeling,Task
tk101,,,,classification subtasks,Task
tk102,,,,retrieval subtasks,Task
tk103,,,,historical analysis pipelines,Task
tk105,,,,post-hoc model explanations,Task
tk106,,,,case study selection,Task
tk107,0.7922,"['tk134', 'tk179']",,chronological prediction (year classification) (chronology prediction),Task
tk108,,,,entity linking across archives,Task
tk109,,,2019-05-01,early May check-in,Task
tk110,,,,nominate 1-2 stretch evaluation goals,Task
tk111,0.8356,['tk142'],2019-05-01,distribute draft on baseline model configuration and initial results (baseline model configuration and evaluation workflow draft),Task
tk112,,,,curating the clean corpus,Task
tk113,0.7933,"['tk1897', 'tk1914']",,hybrid evaluation framework rationale (defining evaluation metrics),Task
tk114,0.7946,"['tk36', 'tk45', 'tk49', 'tk58', 'tk72', 'tk736']",,Joint discussion: unified vs. dual metadata mapping schema; plan for next harmonization/annotation steps,Task
tk115,,,,modeling,Task
tk116,,,,results benchmarking,Task
tk117,,,,Cross-Dataset Generalizability,Task
tk118,,,,infer publication years or date ranges based on contextual signals,Task
tk119,,,,downstream historiographical analysis,Task
tk120,,,,Systematic transfer evaluation,Task
tk121,,,,quantitative comparison protocols for model explanations,Task
tk122,,,,qualitative comparison protocols for model explanations,Task
tk123,,,,ACL/EMNLP submission draft,Task
tk124,0.8361,['tk135'],,transfer evaluation between datasets (cross-dataset transfer),Task
tk125,0.8293,"['tk104', 'tk141', 'tk89']",2024-04-30,preparing interpretability memo (prepare interpretability memo),Task
tk126,,,,assessing explanation usability from a historian’s perspective,Task
tk127,0.821,"['tk59', 'tk64', 'tk74']",,contrast the interpretability outputs on raw versus post-OCR-corrected text (interpretability analyses),Task
tk128,,,,refine evaluation benchmarks,Task
tk129,,,2025-05-03,group meeting,Task
tk130,0.8295,"['tk139', 'tk148', 'tk159', 'tk165']",,incorporate a limited human annotation pilot in interpretability evaluations (pilot annotation),Task
tk131,,,,short annotation exercise,Task
tk132,,,,collect brief feedback from actual historians or expert users on sample explanations,Task
tk133,,,,,Task
tk136,,,,discuss the annotation pipeline and author responsibilities,Task
tk137,,,,streamline submission plan,Task
tk138,,,,develop protocol for interpretability evaluations,Task
tk140,,,,expert assessments by digital history collaborators,Task
tk143,,,,confirm baseline model configuration and initial results,Task
tk144,,,,agree on final set of evaluation metrics and protocols,Task
tk145,0.8083,['tk153'],,outline preliminary authorship and responsibilities map for planned ACL/EMNLP submission (authorship mapping and task allocation for ACL/EMNLP (tentative)),Task
tk146,,,,set timeline for subsequent drafts and code releases,Task
tk147,,,,finalize Google Meet or Zoom logistics and circulate the link,Task
tk149,0.8699,"['tk170', 'tk42']",,review interpretability findings (interpretability analysis),Task
tk150,,,,outline and confirm pilot annotation process & expected outputs,Task
tk152,,,,finalization of evaluation metrics & stretch goal feasibility,Task
tk155,,,,comparative quantitative evaluation of LIME vs. SHAP on our current corpus subset,Task
tk156,,,,proposed usability and faithfulness metrics,Task
tk157,,,,"vignettes with commentary on explanation clarity, including candidate samples for historian review",Task
tk158,,,,annotation protocol options (ad hoc survey vs. targeted feedback session),Task
tk160,,,,explanations associated with residual error,Task
tk161,,,,systematic annotation component in future work or as a post-submission extension,Task
tk162,,,,Monday’s session,Task
tk163,,,,accessing the interpretability memo materials or the Meet link,Task
tk164,,,,comparative evaluation of LIME and SHAP on clean corpus subset,Task
tk166,,,2019-05-10,prepare annotation instructions and feedback form,Task
tk167,0.872,['tk151'],2019-05-04,upload baseline model config and preliminary results (baseline model configuration (draft)),Task
tk168,,,2019-05-05,review interpretability memo and provide feedback,Task
tk169,0.8593,['tk5281'],,corpus construction and annotation pipeline (main corpus and annotation pipeline),Task
tk171,,,,modeling & evaluation,Task
tk172,,,,project oversight,Task
tk173,,,,literature review sections,Task
tk174,,,2019-05-10,initial results and annotation feedback,Task
tk175,,,2019-05-25,full draft with figures,Task
tk176,,,2019-06-05,ACL/EMNLP submission,Task
tk177,,,,training setup,Task
tk178,,,,validation setup,Task
tk180,,,,performance breakdown per data type,Task
tk181,,,,interpretability side-outputs,Task
tk182,,,,error case annotation,Task
tk183,,,,next round of experiments,Task
tk184,,,,make modeling workflow more explicit for reproducibility and submission appendix,Task
tk185,0.8385,['tk602'],,draft of the annotation instruction set (annotation guidelines drafting),Task
tk186,,,,historian review component of interpretability evaluation,Task
tk187,0.8226,['tk195'],2019-05-07,commencing annotation collection,Task
tk188,,,,external annotations,Task
tk189,,,,outreach to Stanford colleagues,Task
tk190,,,,provide feedback on annotation protocol,Task
tk191,,,,finalize and circulate annotation protocol,Task
tk192,,,2019-05-07,revise annotation protocol,Task
tk193,,,,sample walkthrough,Task
tk194,,,2019-05-07,finalizing annotation protocol,Task
tk197,,,,outreach with cover note,Task
tk198,,,,assist with queries concerning interpretability concepts,Task
tk199,,,,"dispatch the finalized annotation instructions, feedback form, and cover note to the Stanford historians",Task
tk200,,,2025-05-12,receiving feedback from external annotators,Task
tk201,,,,serve as the main point of contact for any annotation-related questions,Task
tk202,,,,,Task
tk203,,,,"confirm once the outreach has been completed, and track any progress updates from external collaborators",Task
tk204,,,,annotation synthesis and draft integration,Task
tk205,,,,visualize and present this human evaluation component for our target submission,Task
tk206,,,,initial outreach to digital historian collaborators,Task
tk207,,,,serve as main point of contact for procedural queries,Task
tk209,,,2019-05-10,check Google Drive folder periodically,Task
tk210,,,2019-05-12,review initial annotation returns and discuss synthesis strategies and workflow adjustments,Task
tk211,,,,share additional resources or exemplars with annotators,Task
tk212,,,2019-05-12,annotation feedback,Task
tk213,,,,collating the first set of annotator responses,Task
tk214,,,,summarizing the key themes from Dr. Liu’s feedback,Task
tk215,,,,reviewing the annotation forms,Task
tk216,,,,refine interpretability analyses and draft narrative,Task
tk217,,,,discuss best practices for visualizing qualitative themes for the reviewers,Task
tk218,,,,pre-analysis highlighting salient trends and adding in-line margin notes to the Google Drive copies,Task
tk219,,,,flag data for potential exemplar visualizations,Task
tk220,,,,"quick tally of “willingness to use” scores, cross-referenced with the presence of noise or error in input documents",Task
tk221,,,,explainable NLP,Task
tk222,,,,Rapid review of cross-annotator quantitative trends,Task
tk223,,,,Identification and discussion of recurring qualitative themes,Task
tk224,,,,Design choices for integrating visualizations,Task
tk225,,,,Alignment with conference reviewer expectations,Task
tk226,,,,Next steps for incorporating insights into the draft,Task
tk227,,,,Assignment of drafting/editing responsibilities,Task
tk228,,,,Timeline for internal review ahead of conference deadline,Task
tk229,,,,circulate the Google Meet link and a shared live notes document,Task
tk230,,,,bring any further updates from Dr. Patel to the meeting,Task
tk231,,,,compare evolving evidence with reviewer guidelines from the latest ACL/EMNLP CFPs,Task
tk232,,,,quantitative review,Task
tk233,,,,qualitative analysis,Task
tk234,,,,visualization planning,Task
tk235,,,,reviewer expectation matching,Task
tk236,,,,drafting assignments,Task
tk237,,,,additional discussion points,Task
tk238,,,,design planning segment,Task
tk239,0.8301,['tk4389'],,prepare to integrate insights into submission draft (converging on a robust manuscript draft),Task
tk240,,,2019-05-18,Initial draft of human evaluation section (quantitative and qualitative synthesis),Task
tk241,,,2019-05-19,Visualization first draft,Task
tk242,,,2019-05-21,Draft overall discussion and reviewer alignment commentary,Task
tk243,,,,historian workflow integration,Task
tk244,,,,highlighting the diversity of document types in submission,Task
tk245,,,,reviewer expectation alignment for interpretability and historical context,Task
tk246,,,2025-05-19,producing a first draft of the visualizations,Task
tk247,,,,smooth integration process for the human evaluation section,Task
tk248,,,,assembling the faithfulness/clarity heatmaps,Task
tk249,,,,bar chart breakdown of willingness scores by OCR artifact severity,Task
tk250,,,2025-05-17,highlighting exemplar explanatory segments in the vignette figure,Task
tk251,,,,proceed with draft visualizations and upload them to shared Drive,Task
tk252,,,,alignment with target conference guidelines,Task
tk253,,,,visualization plan,Task
tk254,,,,annotator anonymization,Task
tk255,,,,update shared annotation metadata sheet,Task
tk256,,,,employ a colorblind-friendly scheme for both heatmaps and bar charts,Task
tk257,,,,include exemplars to highlight in figures,Task
tk258,,,,review updated metadata,Task
tk259,0.8013,"['tk293', 'tk306']",,editorial suggestions on the evaluation results section (refining the evaluation narrative),Task
tk260,,,,draft visualizations,Task
tk261,0.7947,['tk689'],,best practices for accessibility compliance,Task
tk262,,,,privacy compliance,Task
tk263,,,,ACL submissions,Task
tk264,,,,EMNLP submissions,Task
tk265,,,,human evaluation section,Task
tk266,,,2019-05-21,review the draft figures and captions,Task
tk267,,,,provide feedback or mark suggestions directly in the shared Drive,Task
tk268,0.8254,"['tk4879', 'tk4885']",,integrating the summary table into the consolidated draft and harmonizing terminology (integrating these into the main draft),Task
tk269,,,,suggest a sequence for figure order in the manuscript,Task
tk272,,,,manuscript integration,Task
tk274,,,,bar chart grouping clarification,Task
tk275,0.8266,['tk283'],,visually highlighting margin notes in the Document A vignette panel (vignette panel highlighting),Task
tk276,,,,figure file renaming,Task
tk277,,,,supplementary table legend update,Task
tk279,,,,reviewing the draft visualization figures,Task
tk280,,,,"implementation of the suggestions for data anonymization, color accessibility, and figure clarity",Task
tk281,,,,clarify in captions the normalization of annotator ratings and map tick labels to participant IDs,Task
tk282,,,,outline the binning method for artifact severity,Task
tk284,,,,standardized file naming for smooth LaTeX integration,Task
tk285,,,2025-05-23,integrating revisions and visual assets into the draft manuscript,Task
tk286,,,,collectively review and finalize before submission to ACL,Task
tk287,,,,finalize ACL-compliant file naming,Task
tk289,,,,finalize the figures,Task
tk290,,,,group review,Task
tk291,,,,give a final pass to the results section for narrative cohesion,Task
tk292,,,,final narrative review,Task
tk294,,,,verify the integration and display of figures in the draft,Task
tk295,,,2019-05-23,circulate any final comments,Task
tk300,0.8706,['tk297'],,standard administrative pre-submission review (pre-submission administrative checks),Task
tk301,,,,accept final suggestions and compile the LaTeX source,Task
tk302,,,,admin check,Task
tk303,,,,post remaining inconsistencies to shared notes document,Task
tk304,0.815,['tk5411'],,compiling the complete final submission package (prepare package for formal submission),Task
tk305,,,,assemble a transparent evaluation pipeline,Task
tk307,0.8634,['tk316'],,perform the administrative review as a group,Task
tk308,,,2019-05-28,initiate the submission to ACL,Task
tk310,0.7536,['tk3688'],,circulate a confirmation email with the official submission ID (circulate submission confirmation email with tracking ID),Task
tk312,,,,Michael’s narrative pass,Task
tk313,,,,corrected the typographical error in Fig2_BarChart_ArtifactSeverity.png,Task
tk314,,,,italicized the interpretive note in the vignette panel,Task
tk315,,,,ensured consistent script citation formatting in all figure captions,Task
tk317,,,,mark off items in the administrative checklist,Task
tk318,,,,celebrating submission day with the team,Task
tk320,,,2019-07-15,reviewer feedback,Task
tk321,0.8212,"['tk325', 'tk330', 'tk4155']",,prepare a short presentation or poster summary for internal departmental or lab meetings (Preparation of a succinct presentation/poster),Task
tk322,,,,preliminary planning for follow-up work or dataset releases to coincide with or shortly after the conference notifications,Task
tk323,,,,prepare supplementary analyses as potential revisions or complementary material for a future journal article,Task
tk324,,,,schedule a virtual debrief meeting,Task
tk326,0.811,"['tk331', 'tk335', 'tk407', 'tk5440']",,Confirm next actions for public dataset release phases (Phased Dataset Release),Task
tk327,,,,supplementary analyses of annotator disagreement patterns,Task
tk328,,,,explore cross-lingual generalization using the existing codebase,Task
tk329,,,,,Task
tk332,,,,Brainstorming and prioritizing supplementary analyses,Task
tk334,,,,Presentation/Poster Development,Task
tk336,,,,Supplementary Analyses,Task
tk337,,,,Journal Extension Planning,Task
tk338,,,,prepare a concise digital poster,Task
tk339,,,2019-05-29,initial drafting of poster,Task
tk340,,,,methods/results visuals for poster,Task
tk341,,,,narrative structure for poster,Task
tk342,,,2019-06-04,circulate the current documentation template,Task
tk343,0.864,"['tk359', 'tk365']",,review the institutional requirements for dataset clearance (review institutional clearance requirements),Task
tk344,,,2019-06-16,initial phase of annotated OCR error corpus ready for internal review,Task
tk345,0.8046,"['tk347', 'tk356', 'tk374']",,adapting the analysis scripts for annotator disagreement (annotator disagreement experiments),Task
tk346,,,,cross-lingual transfer experiments,Task
tk348,,,,explore potential multilingual datasets for fast prototyping,Task
tk349,,,,extended journal version,Task
tk350,,,,Preliminary outline to be drafted post-ACL decision,Task
tk351,,,2019-06-05,"create a shared spreadsheet to track poster, dataset, and analysis deadlines",Task
tk352,,,2025-06-09,prepare the first draft of the digital poster,Task
tk353,,,,dataset release,Task
tk354,0.8543,"['tk361', 'tk369', 'tk383']",,compile relevant descriptive statistics and example cases from the annotated OCR error corpus (include representative OCR error cases and summary statistics),Task
tk355,,,,seminar poster visualizations,Task
tk357,,,,run initial scripts on the extended multilingual data splits,Task
tk358,,,,review several candidate datasets and share a shortlist,Task
tk360,,,,poster preparation,Task
tk362,,,,include a brief summary of the pipeline scripts for annotator disagreement metrics in the Technical Validation section,Task
tk363,,,,review the clearance checklists and add notes or flagged issues in the Compliance Notes section,Task
tk364,,,2019-06-16,prepare the first draft of the completed template for internal review,Task
tk366,,,,compliance check for copyright and consent,Task
tk367,,,2025-06-10,drafting a preliminary checklist,Task
tk368,,,2025-06-10,upload the initial version to the shared Drive,Task
tk370,,,,clarify licensing and technical validation procedures,Task
tk371,,,,highlight the versioning approach for the codebase within the documentation,Task
tk372,,,,be explicit about the minimum reproducibility standards,Task
tk373,,,2025-06-16,prepare a comprehensive draft of the dataset documentation,Task
tk375,,,2019-06-16,internal review,Task
tk376,,,,synthesize the compliance checklists from all three institutions,Task
tk377,,,2019-06-14,provide representative error samples and associated metadata,Task
tk378,,,,input anticipated deliverables in tracking spreadsheet,Task
tk379,0.8018,"['tk392', 'tk394', 'tk437', 'tk442']",,"section-by-section confirmation of finalized documentation, technical validation, and risk/compliance text",Task
tk380,,,,first-pass internal validation,Task
tk381,,,,advise if Oxford requires any additional metadata fields,Task
tk382,,,,documentation and compliance tracks,Task
tk384,,,,integration into the technical appendix or pipeline scripts,Task
tk385,0.8419,['tk447'],,cross-check integration of the “Sensitive Data & Risk Assessment” section,Task
tk387,,,,compliance checklist draft for data clearance,Task
tk388,,,,insert explicit copyright attributions for each legacy publisher/source,Task
tk389,,,,aggregated note in the dataset README for institutional approval,Task
tk391,,,,summary statistics or error examples expansion requests,Task
tk393,,,,institutional reporting,Task
tk395,,,,obtaining internal approvals,Task
tk396,,,,capturing a brief formal note in the README,Task
tk397,,,,including a summary of permissions obtained from IACS and the British Library,Task
tk398,,,,list explicit publisher/source notes for each major dataset segment,Task
tk399,,,2025-06-15,enter additional comments on the documentation or compliance notes,Task
tk400,,,2025-06-16,assemble a finalized draft for discussion,Task
tk401,0.8037,['tk412'],,Review of the current dataset documentation (Dataset Documentation Review),Task
tk402,,,,Summary statistics and representative cases,Task
tk403,,,,Integration of technical validation pipeline,Task
tk404,0.7821,['tk996'],,prepare an institutional compliance checklist for public code/data sharing,Task
tk405,,,,Sensitive data/risk assessment and external attestation recommendations,Task
tk406,,,,Technical and procedural questions,Task
tk408,,,,Identification of any required revisions and timeline to final draft,Task
tk409,,,,Upload outstanding comments or suggestions on the documentation and compliance notes to the shared drive or tracking spreadsheet,Task
tk410,,,,Proceed to institutional clearance,Task
tk411,,,,Begin preparing supplementary materials for possible journal or conference submission,Task
tk413,,,,Technical Validation Pipeline,Task
tk414,,,,Compliance Issues,Task
tk415,,,,Next Steps Toward Data Release and Submission,Task
tk416,,,2025-06-20,finalize documentation draft,Task
tk417,,,2025-06-18,upload updated validation logs and provide a summary paragraph for technical validation,Task
tk418,,,2025-06-19,finalize the compliance checklist and circulate with highlighted unresolved items,Task
tk419,,,2025-06-21,confirm attestation requirements with the Oxford team and update group,Task
tk420,,,2025-06-22,documentation finalization,Task
tk421,,,,incorporating the recommended edits into the dataset documentation,Task
tk422,0.8462,['tk436'],,clarifying the contextual notes for the representative OCR error cases (expanded contextual notes for OCR error cases),Task
tk423,,,,"expanding descriptions in the ""Examples"" section",Task
tk424,,,2019-06-19,revised draft ready for final review,Task
tk425,,,,uploading the latest version of validation logs,Task
tk426,,,,finalize the “Sensitive Data & Risk Assessment” note,Task
tk427,,,,receive confirmation from Oxford Data Services regarding external attestation,Task
tk428,,,,conclude the compliance documentation as a group,Task
tk430,0.8055,"['tk1089', 'tk2229', 'tk434']",2019-06-22,assemble the complete documentation package (full package assembly),Task
tk431,,,,documentation edits,Task
tk432,,,,compliance section finalization,Task
tk435,0.8294,['tk451'],2019-06-22,full dataset release package submission,Task
tk438,,,,finalized compliance checklist,Task
tk439,,,,rapid check of Section 3 (Attribution and Provenance),Task
tk440,,,,rapid check of Section 5 (Risk & Compliance),Task
tk441,,,2019-06-21,sign off on the merged documentation before submission,Task
tk444,,,,assignment of final responsibilities for submission upload and corresponding author designation,Task
tk445,,,,final review comments,Task
tk446,,,,"review compliance checklist, especially columns D and G",Task
tk448,,,,validate linkage between technical validation summary and expanded contextual notes,Task
tk449,0.7962,['tk903'],,assist with final PDF assembly or online submission portal entry (final compilation and upload),Task
tk450,,,,collective approval and group sign-off for submission,Task
tk453,,,,initial checks for compliance with technical and ethical standards and completeness of supporting documentation and data availability statements,Task
tk454,,,,associate editor assignment and peer review,Task
tk455,,,,track manuscript status or upload responses to queries in ScholarOne system,Task
tk456,,,,initial technical and ethical screening,Task
tk457,,,,peer review process,Task
tk458,,,,review window,Task
tk459,,,,provide an initial decision or request further clarifications,Task
tk460,,,,update contact information or submit an inquiry regarding manuscript’s progress,Task
tk461,,,2019-08-27,submit revised manuscript and point-by-point response letter,Task
tk463,,,,drafting a new subsection addressing domain shift issues in non-English OCR segments,Task
tk464,,,,summarizing relevant observations from the technical appendix and background analyses on corpus diversity,Task
tk465,,,,Illustrative Table on Annotator Agreement,Task
tk466,,,,extract and summarize the inter-annotator agreement metrics by genre,Task
tk467,,,,formatting and integrating the table into the results section,Task
tk468,,,,Compliance Appendix Clarifications,Task
tk469,,,,review the current compliance appendix and propose clarifications or additional language regarding archival licensing terms,Task
tk472,,,2019-09-22,coordination meeting to discuss progress and agree on a concrete timeline,Task
tk473,0.8112,['tk496'],2019-09-22,review and final edits before 22 September deadline (final group review before JOCCH’s deadline),Task
tk474,0.8336,"['tk1143', 'tk462']",,Expansion of the “Limitations and Future Work” Section (expanded limitations discussion),Task
tk475,,,,coordination meeting scheduling,Task
tk476,,,,access to raw annotator agreement data,Task
tk477,,,,inputs from Oxford’s library licensing team for compliance appendix clarifications,Task
tk478,,,2021-08-29,draft revised language for compliance appendix,Task
tk479,,,,coordinate with the Oxford library licensing team,Task
tk480,,,2021-08-30,coordination meeting,Task
tk481,,,2019-09-22,revision,Task
tk482,,,,review alignment with current European archival licensing best practices,Task
tk484,,,,,Task
tk485,,,,,Task
tk486,,,,,Task
tk487,,,2019-09-22,designate primary/secondary reviewers for each document segment,Task
tk488,,,2019-09-22,agree on a timeline for internal feedback before 22 September deadline,Task
tk490,,,2019-09-01,Draft “Limitations and Future Work”,Task
tk491,,,2019-09-02,Distribute final annotator agreement table,Task
tk492,,,2019-09-01,Circulate compliance appendix draft,Task
tk493,,,,Integrate inputs and update the response letter; coordinate feedback cycle,Task
tk494,,,2019-09-07,internal review of all segments,Task
tk495,,,2019-09-15,consolidate and finalize the full manuscript plus response letter,Task
tk497,,,,rapid review of revised wording and attribution table from an Oxford/European library perspective,Task
tk498,0.8071,"['tk505', 'tk569']",,integrate the revised appendix into the main manuscript and update the point-by-point response letter (integrate compliance appendix version into the main manuscript),Task
tk499,,,,suggestions for clarifying the language around annotator rights or third-party re-use,Task
tk500,,,2019-09-03,suggest immediate corrections or additions,Task
tk501,,,2019-09-04,review and confirm accuracy,Task
tk502,,,2019-09-04,statistical subsetting,Task
tk503,,,,prepare and share revised compliance appendix draft and comprehensive attribution table,Task
tk504,,,,review document with focus on articulation of open licenses and licensing attributions,Task
tk506,,,,update the response letter to mention appended compliance mapping table and clarity around third-party reuse,Task
tk507,,,,clarify annotator rights in the disclaimer section,Task
tk508,,,2025-09-07,complete manuscript integration and finalize internal review,Task
tk509,,,,provide input from the Oxford side regarding licensing or best practices documentation,Task
tk510,,,2019-09-06,review the manuscript and response letter,Task
tk511,,,2019-09-08,submission of the revised package,Task
tk515,0.8353,['tk6131'],,"drafting, review, and submission cycles (revision and resubmission process)",Task
tk516,,,,monitor the ACM system for further updates,Task
tk517,,,,historical language resources,Task
tk518,,,,evaluation approaches for NLP in digital heritage,Task
tk519,,,2019-11-27,revise manuscript and submit response letter,Task
tk521,0.8376,"['tk527', 'tk538']",,"rework the caption for Fig. 3, emphasizing genre split procedures and annotation subtleties (revision of Fig. 3 caption)",Task
tk523,,,,verify every hyperlink in the compliance appendix in Windows and Mac environments,Task
tk525,0.8697,['tk555'],,genre segmentation methodology clarification (genre segmentation clarification),Task
tk526,,,,responsible downstream use and adherence to terms of original source archives,Task
tk528,,,2021-12-16,draft caption and brief summary of edge cases,Task
tk529,0.8479,['tk539'],2025-12-15,revision of Ethical Considerations section (update the Ethical Considerations section),Task
tk530,,,,elaborate on responsible downstream use,Task
tk531,,,2025-12-15,share a draft of these additions on shared Drive in the Minor_Revisions folder,Task
tk532,,,,review and provide feedback prior to final integration,Task
tk533,,,2025-12-14,confirm if the proposed slot is agreeable,Task
tk534,0.7794,['tk522'],2025-12-14,provide additional points to address in the ethics section (draft expansion for the Ethical Considerations section),Task
tk535,0.8002,"['tk540', 'tk566']",,hyperlink verification process for the compliance appendix and body text,Task
tk536,,,,generate the camera-ready PDF,Task
tk537,,,2019-12-15,provide a summary of checks and any suggested tweaks in the shared “Minor_Revisions” subfolder,Task
tk541,,,,integrating edits into the camera-ready version,Task
tk543,,,,final technical or compliance clarifications before resubmission,Task
tk544,0.8382,['tk554'],2019-12-17,upload final caption for Fig. 3 (finalized caption for Figure 3),Task
tk545,,,2019-12-18,incorporate licensing statements into Ethical Considerations section,Task
tk546,,,2019-11-08,finalize hyperlink corrections and submit annotated checklist to Minor_Revisions folder,Task
tk547,,,2019-12-20,collate updated sections into master camera-ready document and draft response letter,Task
tk548,,,2019-12-22,internal deadline for all file finalizations,Task
tk549,,,2019-12-23,upload revised manuscript and response letter to JOCCH,Task
tk550,,,2019-11-27,journal deadline for revised submission to JOCCH,Task
tk551,,,,consider supplementary annotation discrepancy table post-submission,Task
tk552,,,,circulate additional thoughts or overlooked action items,Task
tk556,,,,cross-reference statement for NER ambiguity examples,Task
tk557,,,,annotation policy adjustments after preliminary inter-annotator agreement analysis,Task
tk558,,,,updated caption and tabular summary preparation,Task
tk559,,,,bulleted documentation of annotation outliers,Task
tk560,,,2019-12-20,internal compilation of minor revision tasks,Task
tk561,,,,final ethics section amendments,Task
tk562,,,,review the finalized updates for the “Ethical Considerations” section,Task
tk564,,,2021-12-20,20 December internal compilation,Task
tk567,,,,standardized hyperlink formatting throughout the document,Task
tk568,,,,documenting platform/browser tests and a record of each fix,Task
tk571,,,,meet the internal deadline,Task
tk572,0.7743,['tk570'],2019-12-21,run a final pass with the built-in Accessibility Checker on the combined PDF (run the accessibility scan on the merged PDF),Task
tk573,,,,skim the integrated Ethical Considerations section for cross-reference accuracy and correct pagination,Task
tk574,,,,double-check the placement and formatting of the updated Fig. 3 caption and agreement table,Task
tk575,,,2019-12-21,distribute the complete camera-ready file for sign-off,Task
tk576,,,2019-12-23,upload the final version and accompanying response letter to JOCCH,Task
tk577,,,,complete final checks on schedule,Task
tk578,,,,accessibility scan on the integrated camera-ready PDF,Task
tk579,,,,,Task
tk581,,,,tweak the contrast levels in Fig. 2 and Fig. 4 for improved accessibility,Task
tk582,,,,make minor visual adjustments,Task
tk584,,,,share the compiled response letter,Task
tk587,,,,"Integrated and paginated Ethical Considerations, with targeted stewardship/language compliance",Task
tk588,,,,"Comprehensive hyperlink formatting, accessibility pass, and verified appendix",Task
tk589,,,,Minor color contrast improvements in Fig. 2 and 4,Task
tk590,,,,"coordinate acknowledgments or plan for additional dissemination (e.g., supplementary materials page)",Task
tk593,0.8093,"['tk597', 'tk619']",,link language models’ name normalization steps to the historical OCR post-processing pipeline (proposed addition to Appendix B on the name normalization-OCR pipeline linkage),Task
tk594,,,,ensure all embedded tables comply with ACM's updated accessibility formatting,Task
tk595,,,2019-12-27,"upload revised manuscript, brief response to the reviewers and a summary of changes",Task
tk596,0.8334,"['tk604', 'tk618']",,drafting concise illustrative examples for entity disambiguation (prepare illustrative examples for Section 4.2),Task
tk598,0.9177,['tk620'],,coordinate accessibility re-tagging for Tables 3 and 5 (accessibility re-tagging of Tables 3 and 5),Task
tk599,,,2025-01-25,compile revised manuscript and Response to Reviewers letter,Task
tk600,,,2025-01-22,circulate draft of all changes for group review,Task
tk601,,,2025-02-11,submit revised manuscript,Task
tk603,0.9026,['tk592'],2020-01-16,clarification on the annotation guidelines used for entity disambiguation (clarification of the annotation guidelines for entity disambiguation),Task
tk605,,,2020-01-16,historical context validation,Task
tk607,,,2020-01-16,cross-verification with Oxford team,Task
tk608,,,,revision tasks,Task
tk609,,,,accessibility re-tagging,Task
tk610,,,2025-01-17,finalize this revision,Task
tk612,,,,iterative re-tagging of tables for assistive technology compatibility,Task
tk613,,,,secondary check on the fully compiled PDF,Task
tk614,,,2020-01-16,upload tagged PDF snapshots and a checklist of adjustments,Task
tk615,,,,consolidated document review,Task
tk616,,,,walkthrough of the tagging process,Task
tk617,,,,accessibility statements,Task
tk621,,,,secondary check post-integration,Task
tk622,,,2026-01-18,finalize your respective sections,Task
tk623,,,,compile the unified LaTeX and update the tagged PDF,Task
tk624,,,,Acrobat scripting support,Task
tk626,,,,validate the completed camera-ready package ahead of the editorial deadline,Task
tk627,,,,finalizing annotated examples (Section 4.2),Task
tk628,0.7902,['tk635'],,reviewing addition to Appendix B (updates for Appendix B),Task
tk629,,,,integrating new examples,Task
tk632,,,,revision package finalized for submission,Task
tk633,,,,finalized annotation examples,Task
tk634,,,,integration points confirmation,Task
tk636,,,,preliminary merge into the LaTeX manuscript,Task
tk637,,,,comprehensive tagged PDF check after final compilation,Task
tk638,,,,scripting assistance for accessibility tag issues,Task
tk639,,,,walkthrough of all revision point responses and their location in the manuscript,Task
tk640,,,,secondary accessibility check on Tables 3 & 5,Task
tk641,,,,consolidated review of “Response to Reviewers” letter,Task
tk642,,,,"final checks for cross-file consistency, including supplementary files",Task
tk643,,,2019-01-21,timeline confirmation for manuscript upload,Task
tk644,,,,integration of the illustrative examples in Section 4.2,Task
tk645,,,,technical summary of the normalization workflow,Task
tk646,,,,accessibility work to fulfill ACM’s updated requirements,Task
tk647,,,,plans for presenting this work at EMNLP or JCDL,Task
tk649,0.8273,['tk654'],,"compiling the final, accessibility-verified PDF as per ACM guidelines (v2020) (compiling the final accessibility-verified PDF)",Task
tk652,,,,prepare a crosswalk checklist mapping the revised document sections to the response letter and attach the final supplementary metadata,Task
tk653,,,2019-03-04,complete all updated files and checks,Task
tk655,,,,working through the table and figure tag compliance checklist,Task
tk656,,,2025-02-27,finalize review of the main manuscript’s references to all supplementary files,Task
tk657,,,,cross-verify institutional listings and order with the ScholarOne submission,Task
tk658,,,2025-03-10,compile and submit,Task
tk659,,,,systematic review of all supplementary file references in the main manuscript,Task
tk660,,,,Ananya’s accessibility audit,Task
tk662,,,,finalize this stage,Task
tk663,,,2019-03-05,accessibility audit of the final PDF using the latest ACM guidelines,Task
tk664,,,2019-03-06,rapid crosscheck of the metadata alignment and provide a final supplementary material checklist,Task
tk665,,,,ensure accessibility review changes are merged into shared Overleaf project for final compilation,Task
tk666,0.8358,['tk651'],2019-03-07,"finalize the author order, institutional affiliations, funding acknowledgments, and ensure consistency across the main manuscript and ScholarOne metadata (review and finalize the author/funding acknowledgment section and confirm institutional affiliations and author order)",Task
tk667,,,2019-03-08,compile the entire camera-ready submission package,Task
tk668,,,2019-03-10,final group review or emergency corrections,Task
tk669,,,,final crosscheck of manuscript and supplementary materials,Task
tk670,,,,detailed reference review,Task
tk671,,,2020-03-07,accessibility audit,Task
tk672,,,,ACM accessibility audit,Task
tk673,,,,"updates to authorship, institutional affiliations, and the funding/acknowledgment sections",Task
tk674,,,2020-03-09,submission of final camera-ready package,Task
tk677,,,,"final review to verify compliance with publication standards, accessibility tagging, and completeness of supplementary materials and metadata",Task
tk678,,,,manuscript processing,Task
tk679,,,,official publication timeline and proofs for author approval,Task
tk681,0.8173,"['tk692', 'tk729']",,retrospective review of the project (project retrospective),Task
tk682,,,,dataset normalization,Task
tk683,,,,accessibility in tabular annotations,Task
tk684,,,,integration of multi-source entity data for historical NLP tasks,Task
tk686,0.8017,"['tk694', 'tk748', 'tk758', 'tk766', 'tk779', 'tk816']",,synthesizing the main challenges and methodological insights from the Bengali-English entity alignment and normalization processes (cross-lingual normalization),Task
tk687,,,,guidelines for reproducibility in historical NLP,Task
tk688,,,,project management and scholarly communication,Task
tk690,,,,contribute a summary on respective sub-areas,Task
tk691,,,2019-04-01,schedule a short call to discuss and consolidate highlights,Task
tk695,,,2025-03-25,draft a summary focusing on cross-lingual ambiguity patterns in historical place names and issues in standardizing metadata across colonial gazetteer sources,Task
tk696,0.8133,['tk5873'],2025-03-25,upload notes directly to the shared drive version (upload summary to shared drive),Task
tk697,,,,provide feedback or integrate additional notes,Task
tk698,,,,contribute summaries,Task
tk699,,,2025-04-04,scheduling a consolidation call in the first week of April,Task
tk700,,,2025-04-04,indicate general availability for a 30–45 minute Google Meet session between 4–8 April,Task
tk701,,,,discussing ideas for short workshop proposals at ACL or JCDL,Task
tk702,,,,documenting workflow and key takeaways for future abstract or tutorial submissions,Task
tk703,,,,future abstract or tutorial submissions when calls open later this spring,Task
tk704,,,,internal retrospective,Task
tk705,,,,"documented experience with reproducibility, accessibility, and dataset normalization",Task
tk707,,,2025-03-25,draft a 2-3 paragraph summary,Task
tk708,,,,upload summary to the shared drive alongside Sunita’s entity alignment section,Task
tk709,,,,consolidation call,Task
tk710,,,,sketching an outline for a reproducibility or workflow best practices tutorial,Task
tk711,,,,coordinate meeting slots,Task
tk713,,,,entity alignment section,Task
tk714,0.8333,['tk777'],,methods appendix for future submissions,Task
tk715,,,,retrospective summaries,Task
tk716,,,,drafting external documentation/tutorial abstract,Task
tk717,,,,circulating the agenda,Task
tk718,,,,preparing a brief slide deck summarizing the retrospective highlights and next steps for potential workshop/tutorial proposals,Task
tk719,,,2025-04-06,consolidation call scheduling,Task
tk720,0.843,['tk731'],,data sharing & archival considerations for future documentation and methods papers (data sharing/archival considerations discussion),Task
tk721,,,,turn retrospective into a methods or workflow paper for JCDL,Task
tk722,,,,turn retrospective into a practical SIG tutorial,Task
tk723,,,,"outline immediate next steps for a potential tutorial proposal, including task responsibilities and draft deadlines",Task
tk724,0.7791,['tk726'],,assemble a summary slide deck (help with the slide deck),Task
tk725,,,,Bengali-English corpus normalization section,Task
tk727,,,,assist with the corpus normalization section,Task
tk728,,,,proposals for reproducibility standards in community tutorials,Task
tk732,,,,"outline of possible workshop/tutorial proposals (ACL, JCDL, SIG)",Task
tk733,,,,"immediate action items, division of responsibilities, and timelines for potential tutorial or workflow paper",Task
tk734,,,,reproducibility in historical NLP,Task
tk735,,,,provenance tracking,Task
tk737,,,,version control scripts for methods appendix or workflow tutorial,Task
tk738,,,,collaboration on the slide deck,Task
tk739,,,,open reproducibility challenges,Task
tk740,,,,aligning multilingual OCR output,Task
tk741,,,,mitigating annotation drift,Task
tk742,,,,future ACL or JCDL proposals,Task
tk743,,,,"submitting a minimal, reusable dataset sample",Task
tk744,,,,documented workflows,Task
tk745,0.813,"['tk754', 'tk763', 'tk775', 'tk780', 'tk789']",,Michael to share FAIR/Zenodo documentation draft within a week (FAIR/Zenodo draft),Task
tk746,,,,refining our materials,Task
tk747,,,,joint discussion on Thursday,Task
tk750,,,,project management in distributed teams,Task
tk751,,,,cross-corpus metadata normalization,Task
tk752,,,,data sharing and archival,Task
tk753,,,,"publication of a small, representative corpus sample with detailed annotation and normalization guidelines",Task
tk755,,,,workflow/methods tutorial aimed at JCDL 2020,Task
tk756,,,,monitor ACL’s special interest group sessions as a secondary venue,Task
tk757,,,,drafting the tutorial abstract and extended outline,Task
tk759,,,,Reproducibility frameworks and FAIR principles,Task
tk760,,,,Metadata schema harmonization and overall slide deck integration,Task
tk761,,,,"Coordination, timeline tracking, and community engagement strategy",Task
tk762,,,2019-04-17,Circulate draft contributions for the JCDL tutorial proposal,Task
tk764,,,2019-04-20,Ananya to integrate all content and circulate a master slide deck draft,Task
tk765,,,,Group to finalize target venue(s) once CFPs for JCDL and ACL’s SIGs are published,Task
tk767,,,,handling Bengali-English place names in historical corpus,Task
tk768,,,,script transliteration,Task
tk769,,,,context-sensitive string matching,Task
tk770,,,,iterative manual curation based on feedback from bilingual annotators,Task
tk771,,,,comparative evaluation of rule-based vs. neural string matching approaches,Task
tk772,,,,leveraging Wikidata and domain-specific gazetteers to increase normalization accuracy and recall,Task
tk773,,,,summary of unresolved issues in entity normalization,Task
tk774,0.8105,"['tk792', 'tk820', 'tk828']",,integration of all sections into the master slide deck (slide deck integration plan),Task
tk776,,,,data curation challenges,Task
tk778,0.8265,['tk786'],2020-04-17,additional contributions (other contributions),Task
tk781,0.8872,['tk825'],,creating a Zenodo record (Zenodo record creation),Task
tk782,,,,evaluating reproducible historical NLP workflows,Task
tk783,,,,schema harmonization section,Task
tk784,,,,evolving slide deck,Task
tk785,,,,reviewing workflow steps and open questions for JCDL reviewer audience,Task
tk787,,,,integration of tutorial draft,Task
tk788,,,,entity normalization draft,Task
tk790,,,,comparative table of string matching methods,Task
tk791,,,,FAIR guidelines,Task
tk793,,,,entity normalization section,Task
tk794,,,,reproducibility section,Task
tk795,,,,external reviewer submission format,Task
tk796,,,2019-04-17,finalize respective drafts,Task
tk797,,,2019-04-17,upload supplementary visuals or notes to the shared drive,Task
tk798,,,2019-04-18,harmonize the full extended outline,Task
tk799,,,2019-04-18,address final inconsistencies,Task
tk800,0.7947,"['tk196', 'tk2402']",2019-04-18,incorporate collective feedback (feedback synthesis),Task
tk801,,,,circulate the final draft for team approval,Task
tk802,0.8739,['tk811'],,slide deck integration process,Task
tk803,,,,master draft assembly for the JCDL tutorial proposal,Task
tk804,,,,provide two anonymized sample mappings (with brief captions),Task
tk805,,,,include a one-slide summary visual of the FAIR pipeline and recommendations for sensitive data management,Task
tk806,,,,assemble the integrated draft and circulate it for internal review,Task
tk807,,,2025-04-18,Ramesh’s harmonization and the final circulation,Task
tk808,,,,upload drafts and feedback,Task
tk809,,,,submit elements for slide deck,Task
tk810,,,,JCDL tutorial submission,Task
tk812,,,,upload anonymized sample mappings,Task
tk814,,,,reviewing the full integrated slide deck,Task
tk815,,,,last-minute revision,Task
tk819,0.7923,['tk826'],,"emphasize the workflow’s transferability to other low-resource and multi-script historical NLP scenarios in the concluding slide (multi-script, low-resource historical NLP projects)",Task
tk821,,,,final edits to the master slide deck,Task
tk822,,,,assemble the final deck and circulate a PDF copy for a last team review,Task
tk823,,,,data sensitivity triage,Task
tk824,,,,metadata capture,Task
tk827,,,,add a brief footnote to the FAIR summary slide regarding risk management in colonial and sensitive contexts,Task
tk829,,,2020-04-19,review the document,Task
tk830,0.8944,['tk837'],2020-04-19,formal submission to the JCDL 2020 committee (submission to JCDL 2020),Task
tk832,0.845,['tk836'],,sharing the submission receipt and tracking information (circulate the submission receipt and tracking ID),Task
tk835,,,,uploading the proposal,Task
tk838,,,,integration and review process,Task
tk839,,,2019-02-24,JCDL 2020 tutorial proposal submission,Task
tk840,,,2019-04-09,tutorial notification of acceptance or revision,Task
tk842,,,2019-05-06,upload revised camera-ready tutorial materials,Task
tk843,0.8561,"['tk847', 'tk870']",,prepare a brief screencast or annotated screenshot walking users through the annotation workflow (preparing a short screencast to cover the annotation workflow),Task
tk845,0.8124,['tk860'],,draft a concise note regarding the corpus period/context for the mapping ambiguity schematic (prepare succinct corpus period/context note for the ambiguous mapping schematic),Task
tk846,,,,finalize division of tasks and discuss the camera-ready submission plan,Task
tk848,,,,coordinate a Zoom call for this week,Task
tk849,,,,drafted a preliminary outline for the screencast,Task
tk850,,,,begin the screen recording,Task
tk851,,,,integrate Ramesh’s parenthetical explanation on the ambiguity schematic into the screencast and slide notes,Task
tk852,,,,reference Ananya's ACM reproducibility visual in the video or defer to slide update,Task
tk854,,,,drafting the screencast outline,Task
tk856,,,,modular stepwise walkthrough of the provenance workflow,Task
tk857,,,,demonstrate the workflow’s adaptability,Task
tk858,0.7879,"['tk844', 'tk859', 'tk871']",,prepare ACM reproducibility visual high-resolution graphic and updated slide (ACM reproducibility visual and slide update),Task
tk861,,,,integrate corpus period/context note across all channels,Task
tk862,,,,finalize the division of tasks,Task
tk864,,,,post-acceptance revision tasks,Task
tk865,,,,addressing the JCDL reviewers’ constructive feedback,Task
tk866,0.8087,['tk892'],,preparation and upload of the finalized screencast (final screencast production),Task
tk867,,,,updated schematic slide formatting,Task
tk868,,,,meeting scheduling via Zoom poll,Task
tk869,,,,textual clarification responses,Task
tk872,,,,Corpus period/context footnote for mapping schematic,Task
tk873,,,,Integration plan for supplementary materials into final slide-deck and supporting files,Task
tk875,,,,Q&A/Additional suggestions,Task
tk876,,,,review the current drafts and files in the shared ‘Revision_Materials’ folder,Task
tk877,,,2019-04-10,circulate a short video snippet/sample for the screencast section,Task
tk879,,,2019-06-23,Finalize screencast,Task
tk880,,,2019-06-24,Update slide deck,Task
tk883,,,,update slide deck for JCDL 2020 tutorial,Task
tk884,,,2020-06-23,prepare updated screencast,Task
tk886,,,,review ancillary materials list,Task
tk887,,,2020-07-15,communicate last-minute additions or technical notes to the JCDL committee,Task
tk888,,,,final cross-check and smooth submission process,Task
tk889,,,,finalizing screencast for camera-ready submission,Task
tk890,0.8428,['tk390'],,internal review of materials (upcoming internal review),Task
tk893,,,,integration of corpus period note and cross-referencing with updated slide materials,Task
tk894,,,2020-06-24,completion of first draft of revision memo,Task
tk895,,,,review the draft revision memo and use the Google Sheets checklist to indicate approval or suggest edits,Task
tk896,,,2020-06-26,"integrate feedback and upload a finalized, group-approved revision memo",Task
tk898,,,2020-06-28,last-minute corrections,Task
tk899,,,2020-07-15,final submission to conference,Task
tk900,,,2020-06-28,internal cut-off for final compilation and upload,Task
tk901,,,2020-07-15,camera-ready submission deadline,Task
tk902,,,,coordinate the upload to the conference portal,Task
tk905,,,2020-06-27,incorporate any last feedback on the revision memo and ancillary index,Task
tk906,,,2020-06-27,double-check all submission materials and prepare the zipped bundle according to the JCDL specifications,Task
tk907,0.823,['tk4030'],2020-06-28,upload all files to the official JCDL submission portal (upload updated files through the JCDL portal),Task
tk908,,,,document the entire upload process and provide the submission confirmation receipt and reference number,Task
tk910,,,2020-06-26,upload last updates to the slide deck or supporting files,Task
tk911,,,,file integrity verification,Task
tk912,,,2019-07-15,formal camera-ready acceptance or revision request,Task
tk913,,,2019-05-16,tutorial presentation during the main conference program,Task
tk914,,,,final delivery requirements review,Task
tk915,,,2019-07-20,clarifications or additional documentation,Task
tk916,,,,Slide Deck Review,Task
tk917,,,,timed dry-run,Task
tk918,,,,transitions between modules and the live demonstration artefacts,Task
tk919,,,,allocate 10 minutes at the end for Q&A and discussion,Task
tk920,,,,compile the team bios and submit consent forms,Task
tk921,,,,upload final bio/CV,Task
tk922,,,,double-check the legal name formatting as required by ACM,Task
tk923,0.904,['tk929'],,prepare local copies of all demo materials and datasets (prepare local copies of demo files and dataset samples),Task
tk924,,,,schedule a 60-minute Zoom meeting on either 20 or 21 July for rehearsal,Task
tk925,,,,final presentation preparation,Task
tk926,,,2020-07-20,rehearsal meeting,Task
tk927,,,,upload CV and professional biography to shared drive,Task
tk928,,,,review Tutorial_Presentation_Guidelines.pdf,Task
tk930,,,,test demo scripts under restricted network conditions,Task
tk932,0.7702,['tk952'],,verify legal spelling and diacritics on bios (double-checking legal names and diacritics),Task
tk933,,,2020-07-19,finalize rehearsal agenda,Task
tk934,,,,dataset annotation demo,Task
tk935,,,,historical text normalization walkthrough,Task
tk936,,,,facilitate transition with a bridging slide,Task
tk938,,,,testing of the Zoom live demo features,Task
tk939,,,,practice screen-sharing for each segment,Task
tk940,,,,test in-session Q&A handling,Task
tk942,,,,Demo & Handover Protocols,Task
tk943,,,,Screen Sharing & Q&A Functions,Task
tk945,,,,Documentation Checks,Task
tk946,,,,Open Points & Contingencies,Task
tk948,,,,rehearsal tasks,Task
tk951,,,,standardizing speaker bios according to ACM requirements,Task
tk953,,,,re-testing demo scripts,Task
tk954,,,,sending confirmatory reply after demo script testing,Task
tk956,,,,historical corpus annotation workflow walkthrough,Task
tk957,,,,normalization demo scripts,Task
tk958,,,,final rehearsal,Task
tk959,,,,tutorial presentation,Task
tk960,,,,AV logistics and co-host assignments,Task
tk961,,,,backup procedures,Task
tk963,,,2019-05-16,"Opening remarks, speaker introductions",Task
tk964,,,2019-05-16,Tutorial presentations and live demonstrations,Task
tk965,,,2019-05-16,Audience Q&A and closing discussion,Task
tk966,,,,join the Zoom room at least 15 minutes ahead of the start time for a technical sound check,Task
tk967,,,2020-07-25,send updates to speaker bios or additional handouts,Task
tk968,0.8562,"['tk931', 'tk947', 'tk949', 'tk955', 'tk962']",2020-07-26,coordinated dry-run and delivering a polished tutorial at JCDL (JCDL 2020 tutorial),Task
tk969,,,2020-07-25,submit supplementary bios or handouts,Task
tk971,,,2020-08-01,short debrief meeting,Task
tk972,0.794,['tk979'],,keep an eye out for any official survey or feedback summaries from the conference organizers and forward them (review official feedback or survey data from the organizers),Task
tk973,,,,compile lessons learned regarding tutorial delivery and AV logistics for future workshops or conference proposals,Task
tk974,,,,assess potential for publication or a follow-up tutorial at ACL/EMNLP,Task
tk975,,,,develop a resource website or an open repository for demo scripts and annotated corpora,Task
tk976,,,,debrief further and explore publication prospects,Task
tk977,,,,maintaining momentum through a resource repository,Task
tk978,,,,accessing scripts and annotation guidelines,Task
tk980,0.9156,['tk987'],,discussion of official feedback/survey results from JCDL organizers (review official feedback or survey results from JCDL organizers),Task
tk981,0.8074,['tk988'],,"review of the tutorial presentation process—strengths, challenges, and lessons learned (reflections on the tutorial process)",Task
tk982,0.8101,['tk989'],,outlining the structure and scope of a potential survey/methods paper for submission to JOCCH (outlining publication prospects for a survey/methods piece for JOCCH),Task
tk983,0.855,['tk990'],,"launching an open repository of demo scripts, annotation materials, and selected historical data samples (creating an open repository of demo scripts, annotation templates, and sample data)",Task
tk984,0.8426,['tk991'],,"brainstorming opportunities for future workshops or tutorials at venues like ACL or EMNLP (planning future workshops/tutorials (e.g., ACL or EMNLP) and community engagement ideas)",Task
tk986,,,,debrief meeting,Task
tk992,,,2020-09-30,draft a survey/methods paper for ACM Journal on Computing and Cultural Heritage (JOCCH),Task
tk993,,,2020-09-30,prepare draft outline for JOCCH article,Task
tk994,,,2019-08-12,Share a preliminary outline for the JOCCH article,Task
tk995,,,,Coordinate on feedback compilation and the initial repository structure,Task
tk997,,,,Review institutional guidelines for sharing resources and provide input at the next meeting,Task
tk998,0.8136,['tk5276'],2024-08-12,drafting a preliminary outline for the paper (drafting dataset/resource paper structure),Task
tk999,,,2024-08-12,target date for input on core structure,Task
tk1000,,,2024-08-11,send the draft outline,Task
tk1001,,,2024-09-30,delegate writing tasks and set internal milestones for a late September submission,Task
tk1002,,,,GitHub repository documentation and compliance,Task
tk1003,,,,compiling the attendee feedback,Task
tk1004,,,,collate any unique outreach messages for possible inclusion in the paper,Task
tk1005,,,,review logistical considerations or journal-specific guidelines,Task
tk1006,,,,,Task
tk1007,,,,Corpus Design,Task
tk1008,,,,Normalization Pipeline,Task
tk1009,0.8403,"['tk1492', 'tk706']",,outlining the reproducibility framework we developed (reproducibility pipeline),Task
tk1010,,,,Lessons Learned & Future Directions,Task
tk1011,,,,"Appendices: Demo scripts, figures, supplementary materials",Task
tk1012,,,,normalization,Task
tk1013,,,,,Task
tk1014,,,,,Task
tk1015,,,,,Task
tk1016,,,,finalize writing assignments,Task
tk1017,,,,clarify supplementary documentation requirements,Task
tk1018,,,,review JOCCH’s open-data and reproducibility guidelines,Task
tk1019,,,,distribute sections among co-authors based on expertise and interest,Task
tk1020,,,,"review latest JOCCH author guidelines, especially requirements for data/code sharing and manuscript structure",Task
tk1021,,,,"confirm the format for supplementary materials—figures, demo scripts, and feedback excerpts",Task
tk1022,,,,identify any remaining gaps in the attendee feedback compilation,Task
tk1023,,,,discuss timeline for internal drafts and select a provisional submission date,Task
tk1024,,,,report on progress of attendee feedback compilation,Task
tk1025,0.8582,"['tk1032', 'tk1318', 'tk1326', 'tk2453']",,revise Table 2 according to the most recent JOCCH guidelines (review the latest JOCCH guidelines),Task
tk1026,,,,integration of supplementary materials,Task
tk1027,,,,open-data policy,Task
tk1028,,,,repository documentation,Task
tk1029,,,,finalizing writing assignments and submission logistics,Task
tk1030,0.8342,['tk1034'],,discuss authorship order and individual contributions (clarify authorship order and section assignments),Task
tk1031,,,,brainstorm concrete ideas for the ACM Digital Library’s public-facing summary or lay abstract,Task
tk1033,,,,"compile relevant sections on data/code availability, supplementary materials, and public-facing summaries into a shared document",Task
tk1035,,,,document expected contributions in a shared outline,Task
tk1036,,,,prepare a short example ACM lay abstract,Task
tk1037,0.8373,['tk1043'],,circulating the Google Meet link and the comprehensive reference guide (circulate the meeting link and reference materials),Task
tk1038,,,,prepare the summary of JOCCH’s submission requirements,Task
tk1039,,,,integrate sections on institutional compliance and draft the initial lay abstract,Task
tk1040,,,,fill in authorship and contribution documentation during the meeting,Task
tk1041,,,,review the attached guide and propose any agenda additions,Task
tk1042,,,,work together towards a seamless manuscript submission,Task
tk1044,,,,clarifying data licensing and repository sustainability policies,Task
tk1045,,,,reviewing Stanford’s and IACS’s institutional data policies,Task
tk1046,,,,summarizing relevant compliance recommendations and uploading to the shared folder,Task
tk1047,,,,highlighting or resolving concerns from the IACS or Oxford side before submission,Task
tk1048,,,,submission and review process for JOCCH,Task
tk1049,,,,periodic review,Task
tk1050,,,,multi-institutional projects compliance,Task
tk1051,,,,dual-institutional hosting requirements,Task
tk1052,,,,license compatibility and alignment on proprietary data handling,Task
tk1053,,,,draft a compliance and licensing statement,Task
tk1054,,,,prepare the compliance summary,Task
tk1055,,,,circulate the repository more widely,Task
tk1056,,,2019-08-25,"final review of demo scripts, annotated samples, and attendee feedback excerpts",Task
tk1057,,,,compile the full supplement and circulate for feedback before the internal draft submission,Task
tk1058,0.8005,"['tk1065', 'tk1483', 'tk1489', 'tk1499', 'tk1521', 'tk1531', 'tk2539', 'tk2546', 'tk2562', 'tk2587']",2025-08-18,"short, accessible summary for internal communications and broader non-specialist audiences (draft lay summary)",Task
tk1059,,,2019-09-06,section drafts due,Task
tk1060,,,2019-09-13,integrated first draft circulation,Task
tk1061,,,2019-09-25,target JOCCH submission,Task
tk1062,,,,repository maintenance lead (initial contact),Task
tk1063,,,,repository maintenance backup,Task
tk1064,,,,update the shared timeline tracker and maintain the checklist with progress on each deliverable,Task
tk1067,,,,final submission,Task
tk1068,,,,assigned sections and supplementary material contributions,Task
tk1069,,,,preparation of the lay abstract,Task
tk1070,,,,repository documentation compliance summary,Task
tk1072,,,,integration of compliance statements with IACS archival requirements,Task
tk1073,0.8623,"['tk1081', 'tk3569']",2025-09-06,deadlines for individual section drafts,Task
tk1074,,,,,Task
tk1075,,,2019-09-06,section drafts deadline,Task
tk1076,,,,set up a dedicated directory in shared Google Drive or Overleaf workspace,Task
tk1077,,,2019-08-26,upload current drafts,Task
tk1078,,,2019-09-13,full draft integration,Task
tk1079,,,,brief status check via email,Task
tk1080,0.8064,['tk1725'],2020-08-26,"upload in-progress documentation, drafts, and feedback (upload work-in-progress versions)",Task
tk1082,,,2020-09-13,13 September integration,Task
tk1083,,,2020-08-29,brief status check,Task
tk1084,,,,institutional compliance appendices,Task
tk1085,,,,lay abstract drafting,Task
tk1086,0.834,['tk1066'],2025-08-24,repository hosting compliance statement (Oxford compliance appendix),Task
tk1087,,,2025-08-25,methods section overview,Task
tk1088,0.8691,['tk1091'],2025-08-29,29 August status check,Task
tk1090,,,2025-08-26,uploading Evaluation & Benchmarks section draft,Task
tk1092,,,,organizing the directory structure and checklist,Task
tk1093,0.8578,"['tk1103', 'tk1110']",,merging compliance appendices into a single PDF for the supplement (merging the compliance appendices),Task
tk1094,,,,submission-ready review,Task
tk1095,,,,draft on the Historical Corpus Profiling section,Task
tk1096,,,,Evaluation & Benchmarks draft,Task
tk1097,,,,methods section,Task
tk1098,,,,upload the finalized version of the methods section,Task
tk1099,,,,annotate subsections for focused feedback,Task
tk1100,,,2025-09-01,compile the combined supplement,Task
tk1101,,,,48-hour internal check of the combined supplement,Task
tk1102,,,2025-09-13,full-draft circulation and review before 13 September,Task
tk1104,,,,cross-reference all texts to ensure correct citation and confirm alignment of embargo and attribution notes,Task
tk1105,,,2025-08-31,prepare merged compliance document in 'Supplement – Ready for Review' folder,Task
tk1106,,,,48-hour internal check window for quick review,Task
tk1107,,,,upload and label assigned sections including 'Corpus Digitization and Annotation Protocols' in the main directory,Task
tk1108,,,,provide input on token normalization approach and evaluation set selection logic,Task
tk1109,,,,make final edits or add context to files such as annotated corpus samples or workshop artifacts before integration,Task
tk1111,,,,detailing the timeline for the internal review period,Task
tk1112,,,,examining the merged document for clarity and cohesion,Task
tk1113,0.8365,['tk4895'],,harmonizing the terminology throughout institutional artifact annotations (harmonizing terminology between institution-specific statements),Task
tk1114,,,,provide direct in-document comments,Task
tk1115,,,,finalized methods section,Task
tk1116,,,,linking methods section to Evaluation & Benchmarks and Historical Corpus Profiling sections,Task
tk1117,,,,reviewing the supplement or associated draft files,Task
tk1118,,,2019-09-01,track and resolve all queries before integration milestone,Task
tk1119,,,,Evaluation & Benchmarks,Task
tk1120,,,,Historical Corpus Profiling,Task
tk1121,,,,named entity recognition,Task
tk1122,0.8313,['tk4460'],,dataset curation (data curation),Task
tk1123,,,2024-09-01,comprehensive internal review,Task
tk1124,,,,submission of the camera-ready internal draft,Task
tk1125,,,,manuscript finalization meeting,Task
tk1126,,,,Methods & Results cross-reference integration,Task
tk1128,,,2025-09-08,Figure and table formatting corrections,Task
tk1129,,,2025-09-09,Address all action points,Task
tk1130,,,,Compile and circulate camera-ready version before formal submission to JOCCH,Task
tk1131,,,,Upload minutes as a Google Doc for record-keeping,Task
tk1133,,,2019-09-09,final 24-hour review of manuscript and supplement,Task
tk1134,0.829,"['tk1137', 'tk1180', 'tk1209', 'tk1210', 'tk1211', 'tk1212', 'tk1233', 'tk1248', 'tk1274', 'tk1304', 'tk1808', 'tk1816', 'tk2339', 'tk2343', 'tk2347', 'tk2351', 'tk2355', 'tk2365', 'tk2526', 'tk333', 'tk3562', 'tk3684', 'tk386', 'tk4295', 'tk4307', 'tk443', 'tk4447', 'tk4468', 'tk4497', 'tk4715', 'tk4718', 'tk4754', 'tk4798', 'tk4801', 'tk4805', 'tk4807', 'tk489', 'tk514', 'tk5233', 'tk5359', 'tk5450', 'tk553', 'tk5601', 'tk5608', 'tk5636', 'tk5640', 'tk5651', 'tk5658', 'tk5662', 'tk5663', 'tk5742', 'tk5744', 'tk5784', 'tk583', 'tk5907', 'tk5920', 'tk5935', 'tk5937', 'tk6008', 'tk611']",2019-09-09,Evaluate submission strategies for JCDL proceedings versus a JOCCH full-length submission (final upload),Task
tk1136,,,,,Task
tk1138,,,,provide submission ID for records,Task
tk1140,,,,highlight changes made to the manuscript using tracked changes or equivalent highlighting tools,Task
tk1141,,,2019-08-29,upload the revised manuscript and response document via the JOCCH submission portal,Task
tk1142,,,,"revising Section 4.2, focusing on the requested elaboration of model generalizability and conducting the error analysis for cross-lingual transfer tasks",Task
tk1144,,,,address Reviewer 2’s formatting concern for Table 3,Task
tk1146,,,,append a suitable code snippet to the supplement that illustrates our privacy-aware data processing routine,Task
tk1147,,,,"coordinate and consolidate the “Response to Reviewers” document, ensuring that all changes are thoroughly documented and highlighted using the journal’s preferred tracked changes format",Task
tk1148,,,2020-11-26,revision submission,Task
tk1149,0.882,['tk5691'],,division of revision tasks (revision task division),Task
tk1150,0.8933,['tk5900'],,creation of a clean version for Section 4.2 (revision of Section 4.2),Task
tk1151,,,,drafting an expanded discussion on cross-lingual model generalizability,Task
tk1152,0.8077,"['tk1181', 'tk1194']",,focused error analysis using most recent experiments on the Bengali–Gujarati and French–English historical corpora (Section 4.2 expansion and error analysis),Task
tk1153,,,2020-11-03,sharing a draft including new confusion matrices and error categories,Task
tk1154,,,,revisit code notebooks to extract key error cases,Task
tk1156,0.7792,"['tk1166', 'tk1198']",,guidance regarding code appendix requirements (code appendix structure and requirements),Task
tk1157,,,2020-11-26,meet the 26 November revision deadline,Task
tk1158,,,,revision process,Task
tk1159,0.8061,"['tk1145', 'tk1155', 'tk1160', 'tk1161', 'tk1174', 'tk1191', 'tk1197', 'tk270', 'tk271', 'tk4907']",2024-11-04,brainstorming visual concepts for cross-lingual model transfer workflow and dataset harmonization protocol (graphical abstract),Task
tk1162,,,2024-11-04,sharing draft images in Drive folder,Task
tk1163,,,,providing feedback on graphical abstract,Task
tk1164,,,,work on Section 4.2,Task
tk1165,,,,limitations discussion,Task
tk1168,,,,aligning visual abstract and supporting materials for consistency,Task
tk1169,,,2019-11-06,revision meeting,Task
tk1170,,,,include a sectioned Python notebook or PDF export as code appendix,Task
tk1171,,,,annotate each code cell with a concise description and cross-reference lines with Supplement Section 2.2,Task
tk1172,,,,expand Section 4.2,Task
tk1173,,,,provide detailed feedback on error categorization and referencing the new code appendix,Task
tk1176,0.8801,['tk3607'],,internal deadline at least one week prior to JOCCH’s cutoff to review the compiled package (targeted submission window for JOCCH),Task
tk1177,,,,graphical abstract review,Task
tk1182,,,2019-11-10,graphical abstract edits and high-res export,Task
tk1183,,,,Python notebook supplement structuring,Task
tk1184,,,,revise docstrings and add contextual comments,Task
tk1185,0.8249,"['tk1139', 'tk1175', 'tk1179', 'tk1200', 'tk1205', 'tk1311', 'tk1381', 'tk1393', 'tk4467', 'tk470', 'tk471', 'tk4724', 'tk4788', 'tk4790', 'tk483', 'tk4973', 'tk4980', 'tk524', 'tk542', 'tk5675', 'tk5724', 'tk5799', 'tk5925', 'tk5933', 'tk625', 'tk631']",2019-11-12,"consolidate all sections into the rebuttal letter, linking each change to the corresponding reviewer comment for traceability (reviewer rationale)",Task
tk1186,,,2019-11-19,internal review and consolidated submission,Task
tk1187,,,2019-11-26,journal submission cutoff,Task
tk1188,,,,confirm if new evaluation metrics fit journal word limits,Task
tk1189,,,,update manuscript’s Table 3 formatting,Task
tk1190,,,2019-11-10,finalize error analysis revision and expanded limitations,Task
tk1192,,,2019-11-12,annotate code appendix and coordinate on compliance supplement references,Task
tk1193,,,2019-11-12,consolidate Response to Reviewers and track manuscript changes,Task
tk1195,,,,expanded limitations subsection,Task
tk1196,,,,"refining the limitations argument, particularly around generalizability and its presentation for the Response to Reviewers",Task
tk1199,0.803,['tk2030'],2022-11-12,synthesizing changes ahead of our internal review target (finalize revisions before internal deadline),Task
tk1201,,,2025-11-15,review or contribute to portions interfacing with Section 4.2 or the code appendix,Task
tk1202,,,2025-11-19,meet internal minor revision deadline,Task
tk1204,,,,integrating Table 4 findings into the graphical abstract,Task
tk1206,,,2019-11-19,complete code appendix and related compliance documentation,Task
tk1207,,,2019-11-17,review final versions of both documents in the shared “JOCCH_Revision” Drive folder,Task
tk1208,0.7888,['tk512'],2019-11-19,prepare the materials for upload alongside the main revised manuscript and Response to Reviewers (upload materials),Task
tk1213,,,2019-11-18,revised manuscript submission,Task
tk1214,,,,prepare detailed response to reviewers,Task
tk1216,,,,domain shift experiments between Gujarati and French datasets,Task
tk1217,,,,explicit analysis of transferability limits,Task
tk1218,0.8001,"['tk1227', 'tk1276']",,short methodological section on how anchors facilitate code transparency and reviewer navigation (code anchor methods subsection),Task
tk1219,,,,expanded context on ethical data sourcing and anonymization protocols with explicit mention of compliance with local regulations,Task
tk1220,,,,tightening the phrasing in Section 2.2,Task
tk1221,,,,providing a summary table that concisely maps error types to privacy-preservation strategies,Task
tk1222,,,,cross-lingual transfer for NLP applications on historical corpora,Task
tk1223,,,,data privacy and reproducibility via anchored code appendices,Task
tk1224,,,2019-11-18,Domain Shift Analysis,Task
tk1225,,,2020-02-05,prepare expanded section on transferability limits,Task
tk1226,,,2020-02-05,review statistical framing and ensure consistency with cross-validation setup,Task
tk1228,,,,review and expand text on local regulatory compliance and anonymization,Task
tk1229,,,2020-02-07,revise Section 2.2 and draft new summary table,Task
tk1230,,,2020-02-07,initial drafts,Task
tk1231,,,2020-02-10,internal feedback and integration,Task
tk1232,,,2020-02-22,final revision ready for pre-submission checks,Task
tk1234,,,,drafting an expanded description of how cell anchors are integrated within supplementary materials,Task
tk1235,,,2026-02-05,share initial concept for a concrete schematic or figure,Task
tk1236,,,2026-02-06,have a draft methods subsection uploaded to the Drive folder,Task
tk1237,,,2026-02-08,progress meeting during the week of 8 February,Task
tk1238,,,,cross-section editing,Task
tk1239,,,,proofread the new error-type summary table,Task
tk1240,,,,"expanding coverage of ethical data sourcing, regional compliance measures, and anonymization protocols",Task
tk1241,,,,review previous drafts in light of the latest local and international data protection standards relevant to datasets,Task
tk1242,,,,detail anonymization workflow and cite compliance frameworks governing Indian and European archives,Task
tk1243,,,,incorporate justifications for procedures in line with COPE and the ACM Code of Ethics and include references to institutional approvals,Task
tk1244,,,2025-02-06,prepare draft update of revisions,Task
tk1245,,,2025-02-07,prepare first version of summary table on error types and privacy strategies,Task
tk1246,0.8515,['tk1269'],,review and proofread first version of summary table on error types and privacy strategies (preparing error-type privacy table),Task
tk1247,,,2025-03-01,finalize revision before deadline,Task
tk1249,,,2026-02-05,upload draft paragraphs and plots,Task
tk1250,,,,expanded code anchor methods subsection,Task
tk1251,,,,reference institutional compliance and recent international regulatory frameworks,Task
tk1252,,,2026-02-06,draft on institutional compliance and regulatory frameworks,Task
tk1253,,,2026-02-09,progress check-in call,Task
tk1254,,,,code anchor schematic,Task
tk1255,,,2021-02-06,review the analysis draft,Task
tk1256,,,2021-02-09,progress meeting,Task
tk1257,,,,quantitative expansion of limits of model transfer,Task
tk1258,,,,clarifying statistical terminology,Task
tk1259,,,,specifying minimum support threshold per label in plotted outlier cases,Task
tk1260,,,,integrating paragraph contrasting findings against previous literature benchmarks,Task
tk1261,,,,adjusting y-axis annotation to underscore critical points where transferability degrades,Task
tk1262,,,,highlighting reviewer cues corresponding to manuscript sub-sections and code cells,Task
tk1263,,,,compliance and anonymization updates,Task
tk1264,,,,technical read-through of draft,Task
tk1265,,,2021-02-08,integrate latest updates,Task
tk1266,,,,domain shift analysis draft,Task
tk1267,,,,initial code anchor schematic,Task
tk1268,,,2021-02-08,review the draft subsection and schematic,Task
tk1270,,,,integration of error-type privacy table to highlight privacy-preservation strategies,Task
tk1271,,,2021-02-09,provide comments or direct edits,Task
tk1272,,,2021-03-01,meet the 1 March submission deadline,Task
tk1273,,,,group call,Task
tk1275,,,,compliance and anonymization draft,Task
tk1277,,,,updated domain shift analysis,Task
tk1278,,,,integration of both Indian and EU compliance frameworks,Task
tk1279,,,,expansion on anchor-based navigation,Task
tk1280,,,,statistical framing and benchmarking in the domain shift analysis,Task
tk1281,,,,update of the privacy and error-type summary table,Task
tk1282,,,2021-02-09,final roundtable to confirm all major changes and ensure full cross-section coherence,Task
tk1283,,,2021-02-09,"assign responsibilities for the cover letter, last proofreading pass, and supplementary material packaging",Task
tk1284,,,2021-02-09,review the draft author response and finalize the document order for resubmission,Task
tk1285,,,2020-02-11,merge updated sections into the main manuscript,Task
tk1286,,,2020-02-12,cross-check merged manuscript for consistency,Task
tk1287,,,2020-02-12,finalize supplementary Jupyter notebook and submit final scripts,Task
tk1288,,,,prepare combined figures and tables PDF as per JOCCH guidelines,Task
tk1289,,,2020-02-12,draft the author response,Task
tk1291,,,2020-02-13,collective proofreading pass,Task
tk1292,,,,final check for adherence to JOCCH formatting,Task
tk1293,,,2020-02-17,resubmission,Task
tk1294,,,,clarify label definitions for rare error types in the summary table,Task
tk1295,,,,verify the supplementary material upload protocol based on latest JOCCH instructions,Task
tk1296,,,2021-02-13,collective proofreading,Task
tk1297,,,2021-02-17,final proof and submission,Task
tk1298,,,,Indian archival compliance,Task
tk1299,,,,manuscript consistency review,Task
tk1300,,,2021-02-13,final proofreading,Task
tk1301,,,,verify that the revised author response includes the citation for “IACS_ApprovalLetter.pdf”,Task
tk1302,,,,last check of supplementary Jupyter notebook,Task
tk1303,,,2021-02-14,complete proofreading and compile any final corrections,Task
tk1305,,,,cross-consistency pass,Task
tk1306,,,,supplementary validation,Task
tk1307,,,,integration and final packaging,Task
tk1308,0.8342,['tk5469'],,editorial review of responses and updated materials,Task
tk1310,0.8366,['tk1215'],2019-12-29,submit a revised version of your manuscript and supplementary material (prepare additional figures/supplementary files),Task
tk1312,,,,clarification of compliance protocols,Task
tk1313,0.7627,['tk1330'],,annotating some sections in the supplementary Jupyter notebook (supplementary notebook documentation),Task
tk1314,0.8549,"['tk1325', 'tk1367']",,Table 2 (ErrorPrivacy Summary) formatting revisions (Table 2 formatting),Task
tk1317,,,,expand the in-line commentary in the anchor-mapping Jupyter notebook,Task
tk1319,0.8319,"['tk1320', 'tk4489', 'tk4496', 'tk5435', 'tk5457', 'tk882', 'tk885']",,preparing a brief cover letter to the editors summarizing how we addressed each point in their minor revision request (Response Letter Drafting),Task
tk1321,0.8432,['tk1364'],2020-04-02,all draft revisions ready for team review (Draft updates),Task
tk1322,,,2020-04-07,Internal review and minor corrections,Task
tk1323,,,2020-04-10,Final proofreading and resubmission,Task
tk1324,,,,synthesis of the JOCCH reviewer feedback,Task
tk1327,,,,multi-line cell stabilization,Task
tk1328,,,,cross-platform PDF rendering issues,Task
tk1329,,,,LaTeX-to-Word conversion,Task
tk1331,,,,historical OCR noise threshold error analyses,Task
tk1333,,,,ensure the table’s compliance column reflects latest narrative accurately,Task
tk1334,,,,use the collaborative GSheet to record incremental updates and share draft sections,Task
tk1335,,,,drafting the rebuttal,Task
tk1336,,,2025-03-26,26 March call,Task
tk1337,,,,addressing Reviewer 1’s requests regarding the supplementary anchor-mapping Jupyter notebook,Task
tk1338,,,,reviewing all previous in-line commentaries,Task
tk1339,,,,drafting additional markdown cells detailing strategies for handling domain adaptation edge cases,Task
tk1340,,,,handling domain adaptation edge cases involving OCR-induced noise in low-resource historical corpora,Task
tk1341,,,,annotation pipeline modifications for ambiguous anchor indices,Task
tk1342,,,,including explicit run-through examples in the notebook,Task
tk1343,,,,referencing the error quantification workflow to improve notebook transparency,Task
tk1344,0.8519,['tk1372'],,supplying sample outputs related to the historical OCR noise thresholds (uploading the sample OCR noise outputs),Task
tk1345,,,,uploading sample outputs to the shared Drive in the “Supplementary-Finalization” folder,Task
tk1346,,,,integrating the examples directly into relevant notebook cells,Task
tk1347,0.7905,['tk1359'],,drafting the compliance/additional protocol section (Compliance Protocols),Task
tk1348,,,,adding a cross-reference in the opening markdown block of the notebook to the full compliance statement,Task
tk1349,,,2026-03-30,updating the “MinorRevision_ProgressTracker” as each notebook section is annotated,Task
tk1350,,,,team review prior to the proposed internal deadline,Task
tk1351,0.7941,['tk1913'],,compliance annotations (compliance write-up),Task
tk1352,,,,notebook annotation,Task
tk1353,,,,table formatting,Task
tk1354,,,,sample output integration,Task
tk1355,,,,reviewer mapping in response letter,Task
tk1356,,,,Realignment of internal deadlines,Task
tk1357,0.7875,"['tk3040', 'tk3049']",,float post-conference technical workshop during Q&A or as a forward-looking comment,Task
tk1358,,,,Logistics for compiling the final revision package,Task
tk1360,0.8281,"['tk1404', 'tk1429']",,update the supplementary notebook’s documentation to reference the uploaded compliance protocol and flowchart in the introductory markdown cell,Task
tk1361,,,,Response Letter,Task
tk1362,0.834,"['tk1315', 'tk1316', 'tk1332']",2020-03-30,"preparation of a detailed flowchart and extended narrative covering anonymization, data retention duration, and secure destruction protocols (Compliance Protocol Clarification)",Task
tk1363,,,2020-04-01,final notebook upload,Task
tk1365,,,2020-04-05,circulate the draft rebuttal and updated cover letter for final input,Task
tk1366,,,2020-04-10,complete a consolidated final submission,Task
tk1368,,,,address reviewer concerns about text misalignments and boundary overlaps,Task
tk1369,,,2020-04-02,implement necessary tweaks prior to the internal draft deadline,Task
tk1370,,,2020-04-01,review the table and share approval or required edits,Task
tk1371,,,,handling of edge case scenarios during anchor-based domain adaptation,Task
tk1373,,,,crosslinking the compliance protocol section,Task
tk1374,,,2024-04-02,review of the annotated notebook,Task
tk1375,0.7982,['tk288'],,assemble the integrated manuscript draft (assembling the consolidated draft),Task
tk1376,,,,integrating all section inputs into the response letter,Task
tk1377,,,,last technical proofread before submission,Task
tk1378,,,,JOCCH minor revision,Task
tk1379,,,,upload finalized compliance protocol section and accompanying flowchart,Task
tk1380,,,,integrate compliance protocol section and flowchart into the main manuscript and ensure appropriate cross-referencing,Task
tk1382,,,,verify the uploaded materials in the “MinorRevision_ProgressTracker/FinalDraft_02Apr” folder,Task
tk1383,,,2020-04-05,send any last technical or substantive edits,Task
tk1384,,,,complete the response letter and cover page,Task
tk1385,,,2020-04-07,final team review,Task
tk1386,,,,annotate concerns or suggested phrasings for the rebuttal directly in the shared Google Doc,Task
tk1387,,,,completion of the finalized compliance protocol document and accompanying flowchart,Task
tk1388,,,,integrate this section directly into the manuscript,Task
tk1389,,,,final integration,Task
tk1390,,,2019-04-07,internal review session,Task
tk1391,,,,systematic check of the full revision package,Task
tk1392,,,,integration check of updated sections,Task
tk1394,,,,formatting consistency verification,Task
tk1395,,,,supplementary files check,Task
tk1397,,,2019-04-07,add brief comments in the FinalDraft_02Apr folder checklist,Task
tk1398,,,,finalizing the ScholarOne upload,Task
tk1399,,,,monitor for successful submission and any system correspondence,Task
tk1400,,,,,Task
tk1401,,,,,Task
tk1402,0.8142,['tk1407'],,provide two additional references to recent cross-domain historical corpora to contextualize dataset selection criteria (source two recent cross-domain historical corpora and draft citations),Task
tk1403,0.8386,['tk1409'],,clarify the “Boundary Error” definition in a footnote in Table 2 (suggest footnote definition for Boundary Error),Task
tk1405,0.8147,"['tk1132', 'tk1135']",2019-02-18,"submit a clean, camera-ready version of the manuscript and supplementary files, together with a brief summary of final clarifications (camera-ready package preparation)",Task
tk1406,,,2020-06-16,address minor clarifications before camera-ready deadline,Task
tk1408,,,,review and sign off on additions for completeness,Task
tk1410,0.8608,['tk1420'],,revise introductory markdown cell of the Jupyter notebook (Jupyter notebook’s introductory cell update),Task
tk1411,,,2020-05-28,circulate initial drafts of changes in shared folder,Task
tk1412,,,,entity linking,Task
tk1413,,,,extraction,Task
tk1414,0.7931,"['tk3802', 'tk3896', 'tk3976']",,tracking of lexical change within digitized archival corpora (semantic drift studies),Task
tk1415,,,,noisy text normalization,Task
tk1416,,,,historical entity mapping,Task
tk1417,,,,multilingual historical NLP benchmarks,Task
tk1418,,,,direct comparative evaluation in cross-domain settings,Task
tk1419,,,2019-06-01,integrated document review,Task
tk1421,,,,final proofread of the Methods and Results sections,Task
tk1422,,,,footnote placement for Table 2’s “Boundary Error” column,Task
tk1423,,,,merge additional corpus references,Task
tk1424,,,,cross-domain corpus references,Task
tk1425,,,,“Boundary Error” footnote draft,Task
tk1426,,,,implement references and footnote in the latest LaTeX master,Task
tk1427,,,,share a compiled PDF for all to review formatting and readability in context,Task
tk1428,,,,run one final cross-platform check (Adobe Reader vs. browser-based viewers),Task
tk1430,,,,upload a preview screenshot or a temporary HTML export of the supplementary notebook,Task
tk1431,,,,confirm integration of new references and footnote prior to submission on ScholarOne,Task
tk1432,,,,run language/grammar check throughout the manuscript,Task
tk1433,0.8008,"['tk5038', 'tk5050', 'tk5064', 'tk5071', 'tk650']",,"update supplementary materials (references, DOIs, README) to align with revised main text (list all supplementary files and verify appendix cross-links)",Task
tk1434,,,,prepare a brief point-by-point summary addressing the three residual reviewer requests for inclusion in the cover letter,Task
tk1435,0.8286,"['tk1453', 'tk1972', 'tk2008', 'tk2023', 'tk2060', 'tk2063', 'tk2171', 'tk2179', 'tk2191', 'tk2192', 'tk2204', 'tk2233', 'tk2234', 'tk2249', 'tk2833', 'tk2841', 'tk2851', 'tk2855', 'tk2857', 'tk311', 'tk3959', 'tk3986', 'tk3998', 'tk4007', 'tk4032', 'tk4051', 'tk4053', 'tk4059', 'tk4075', 'tk4082', 'tk4197', 'tk4202', 'tk4208', 'tk5059', 'tk5082', 'tk5116', 'tk5132', 'tk5150', 'tk5168', 'tk5195', 'tk520', 'tk585', 'tk5903', 'tk648', 'tk661', 'tk675', 'tk841', 'tk853', 'tk863', 'tk878', 'tk891', 'tk897', 'tk904']",,"compile the camera-ready LaTeX files and upload a zipped folder with all source files, PDFs, and metadata to the JCDL portal (last group review)",Task
tk1436,,,2025-06-10,document freeze,Task
tk1437,,,2025-06-12,Zoom sign-off meeting,Task
tk1438,,,,finalize the submission package ahead of the ScholarOne upload window,Task
tk1439,,,,implementing the corpus references and footnote updates,Task
tk1440,,,,cross-linking supplementary materials in both the main manuscript and the Jupyter notebook,Task
tk1441,,,,final camera-ready version preparation,Task
tk1442,,,,checking the in-text citation ordering in the consolidated references,Task
tk1443,,,,rephrasing the sentence beginning “Recent corpora such as GHPC…” in the cover letter summary,Task
tk1444,0.8338,"['tk296', 'tk563']",,consider this section final for inclusion in the camera-ready draft (planned final checks),Task
tk1445,,,,team sign-off at the Zoom meeting,Task
tk1447,,,,moving toward submission,Task
tk1448,,,2019-06-08,indicate availability for Zoom meeting,Task
tk1449,,,,"Rapid walkthrough of all final changes (PDF, notebook, cover letter)",Task
tk1451,,,,Consensus on file packaging and ScholarOne upload protocol,Task
tk1452,,,,Any last-minute concerns or minor revisions,Task
tk1454,,,,coordinating the logistics,Task
tk1456,,,,forward the final PDF and supplementary file versions prior to the meeting,Task
tk1457,,,,review the latest updates in advance,Task
tk1458,,,,"Brief review of all recent document changes (camera-ready PDF, notebook update, cover letter)",Task
tk1459,,,,Final cross-check using the internal checklist,Task
tk1460,,,,Confirmation of submission procedure on ScholarOne,Task
tk1462,,,,final ScholarOne submission of JOCCH camera-ready manuscript,Task
tk1463,,,2021-06-15,"upload finalized PDF, supplementary notebook and cover letter to ScholarOne",Task
tk1465,,,2021-06-14,send minor typographical corrections,Task
tk1467,0.8104,"['tk1464', 'tk1466']",,confirm authorship and conflict of interest declarations via ScholarOne (sign off authorship and conflict of interest declarations),Task
tk1468,,,2021-07-11,return corrections or formal approval of the galley proofs,Task
tk1469,,,2021-07-11,compile the final list of corrections to send to the editorial office,Task
tk1470,,,2019-07-11,final deadline,Task
tk1471,,,2019-03-10,notify additional minor typographical corrections or accessibility suggestions,Task
tk1472,,,,compile the marked PDF and draft covering note to submit ahead of the camera-ready deadline,Task
tk1473,,,,email consolidated response to the editorial office,Task
tk1474,,,,communicate corrections to JOCCH Production,Task
tk1475,,,,send the consolidated list and marked PDF to the JOCCH editorial office,Task
tk1476,,,,co-sign the covering note,Task
tk1477,,,,provide a brief technical note on the accessibility changes,Task
tk1478,,,,"update ORCID, institutional webpages, and departmental repositories",Task
tk1479,,,,prepare a short summary for departmental news bulletins and public-facing platforms,Task
tk1480,,,,"coordinate social media posts tagging ACM, JOCCH, and institutions",Task
tk1481,0.8872,['tk3130'],,coordinate feature on IACS/Stanford/Oxford news sites or newsletters (synchronization of press releases between the Oxford and IACS teams),Task
tk1482,,,,apply HistocrNLP to regional corpora,Task
tk1484,0.7638,['tk1494'],,social media announcement posts (Social media dissemination),Task
tk1485,,,,Reaching out to IACS media or preparing promotional materials,Task
tk1486,0.8646,['tk1495'],2019-09-01,coordinate with IACS events team regarding support for the September webinar (late September webinar) (late-September webinar),Task
tk1487,0.7976,"['tk1496', 'tk1525']",,Meet on Zoom to plan the webinar in greater detail (Zoom planning session for webinar),Task
tk1488,,,,outreach summary and coordination for social dissemination,Task
tk1490,,,,regional corpus analysis,Task
tk1491,,,,language preservation,Task
tk1493,,,,Q&A or a blog post timed with the publication,Task
tk1497,,,,draft the summary in a shared Google Doc,Task
tk1498,,,,preparation of slides or demonstration snippets for the IACS media team/webinar,Task
tk1500,,,,assist with writing and outreach at Stanford,Task
tk1501,,,,contact the IACS media relations office for departmental website feature and wider publicity,Task
tk1502,,,,share summary draft and finalize core highlights,Task
tk1503,,,,ensure content alignment with IACS guidelines and circulate requests for approvals,Task
tk1504,,,2019-09-22,post-launch webinar,Task
tk1505,,,,reach out to IACS event support for a webinar slot and registration setup,Task
tk1506,,,,create shared Google Doc for drafting the outreach summary and slide deck,Task
tk1507,,,,each add 1–2 sentences reflecting institutional perspective or unique insights,Task
tk1508,,,,Zoom planning meeting to define webinar format and division of topics,Task
tk1509,,,,prepare initial draft of the lay summary for the article,Task
tk1510,,,,collaborative editing of lay summary,Task
tk1511,,,2023-08-08,complete edits and institutional highlights,Task
tk1512,,,,finalize content for the IACS media office,Task
tk1513,,,,coordinate with Oxford and Stanford communications teams,Task
tk1515,,,2023-08-09,Zoom meeting for webinar planning,Task
tk1516,,,,,Task
tk1517,,,,draft a brief meeting agenda,Task
tk1518,,,,liaise with IACS on event logistics,Task
tk1520,,,,coordinate with Oxford's events and media team for cross-promotion,Task
tk1522,,,,collaborative input timeline,Task
tk1523,,,2023-08-08,adding a brief section on the significance of the pipeline for South Asian historical language corpora,Task
tk1524,,,,framing reproducibility efforts and broader relevance to ongoing digitization projects,Task
tk1526,0.8166,"['tk1594', 'tk2602', 'tk2625']",,reconfirm that IACS communications has latest Q&A briefing,Task
tk1527,,,,share outreach email template and agenda draft ahead of meeting,Task
tk1528,,,,"finalize responsibilities for the event, registration, and promotion",Task
tk1529,,,,public launch of HistocrNLP work,Task
tk1530,,,,outreach and webinar plans,Task
tk1532,,,,section on the South Asian corpora,Task
tk1533,,,,add a paragraph on Stanford’s ongoing digitization partnerships,Task
tk1534,0.7615,['tk818'],,share sentences about the importance of FAIR data principles (FAIR data management),Task
tk1535,0.8469,['tk1542'],2025-08-08,finalize edits in the shared Google Doc (edits on the Google Doc),Task
tk1536,0.8335,['tk1595'],,logistical fronts for webinar (webinar logistics),Task
tk1537,,,,content review for webinar,Task
tk1538,,,,presenting the live demo during the webinar session,Task
tk1540,,,,draft agenda ahead of the meeting,Task
tk1543,,,,integrate requested modifications for the IACS media release and coordinate approvals with communications team,Task
tk1544,0.8371,"['tk1519', 'tk1539']",2025-08-08,share outreach email template and proposed agenda,Task
tk1545,,,,send the Zoom invitation and circulate outreach materials,Task
tk1547,0.8083,['tk2078'],,"oral session ""NLP for Historical Data and Digital Heritage""",Task
tk1548,,,,historical linguistics,Task
tk1549,,,,data-driven humanities,Task
tk1550,0.7847,"['tk3031', 'tk4239', 'tk4301', 'tk4627', 'tk6151', 'tk6154']",,set up the Zoom link for the meeting and circulate it along with a calendar invite (circulate the Zoom link),Task
tk1552,,,,finalizing the outreach summary and preparing the supporting materials,Task
tk1553,,,,HistocrNLP outreach activities,Task
tk1554,,,,upcoming late-September webinar,Task
tk1555,,,,Review and sign-off on public summary & communications,Task
tk1557,,,,Confirming registration processes and cross-institutional promotion plan,Task
tk1558,,,,Scheduling and milestones in alignment with the publication’s online release,Task
tk1559,,,,confirm your attendance,Task
tk1560,,,,add any discussion points or require additional documents for the session,Task
tk1561,,,,circulate the minutes and a consolidated task list,Task
tk1562,,,2019-08-14,finalize and submit the summary to IACS media,Task
tk1563,,,,coordinate submission to Oxford and Stanford communications,Task
tk1564,0.8362,['tk1626'],,public webinar for the HistocrNLP project (webinar planning),Task
tk1565,,,,10-min introduction,Task
tk1566,,,,20-min technical demo,Task
tk1567,,,,15-min applications/case studies,Task
tk1568,,,,live Q&A,Task
tk1569,,,,open discussion,Task
tk1570,,,,request IACS event support and registration setup,Task
tk1571,,,2019-08-20,prepare the draft slide deck framework,Task
tk1572,,,,review institutional mailing lists and possible partner organizations for webinar invitations,Task
tk1573,,,,lead on professional societies outreach,Task
tk1574,,,,share IACS registration portal link for feedback,Task
tk1575,,,2019-09-05,next check-in via email,Task
tk1576,0.7998,['tk1585'],,submission of finalized lay summary and outreach materials to the IACS Media and Communications Office (submission of the lay summary and outreach materials to the IACS Media Office),Task
tk1577,,,,review by IACS Media and Communications Office for alignment with institutional requirements,Task
tk1578,,,,notify media office of DOI and publication date,Task
tk1579,,,,share draft press outreach template and tailored IACS highlights with media office,Task
tk1582,,,,include additional messaging from IACS leadership in the official announcement,Task
tk1583,,,,communicate special requirements or compliance guidelines from Oxford and Stanford to IACS media team,Task
tk1584,,,,provide documents from IACS to collaborators for their respective media offices,Task
tk1586,,,,review of press releases by the University of Oxford central Media Relations office,Task
tk1587,,,,,Task
tk1588,,,,sharing the lay summary draft and media template with the Oxford office for preliminary review,Task
tk1589,,,,trigger the approval workflow once DOI and publication timeline are available,Task
tk1590,,,,clarify the equivalent media and communications process at Stanford and share required legal or open access statements,Task
tk1592,,,,coordinating with the Oxford IT support to ensure streaming compatibility for parallel live feeds,Task
tk1593,,,,Oxford’s media release workflow,Task
tk1596,,,,Stanford’s media release review,Task
tk1597,,,,review of press statements referencing Stanford-affiliated researchers or institutional partnerships,Task
tk1598,,,,include Stanford’s preferred department naming conventions in materials,Task
tk1599,,,,include disclosure regarding the open-access nature of work in materials,Task
tk1600,,,,include explicit mention of digital preservation and reproducibility priorities in materials,Task
tk1601,,,,adapt or request edits to OA statement and digital stewardship language,Task
tk1602,,,,send finalized release materials after DOI and official online publication date are confirmed,Task
tk1603,,,,initiate OUC’s internal review of release materials,Task
tk1604,,,,provide compliance forms or data management assurances from Stanford side for the IACS or webinar setups,Task
tk1605,,,2019-08-20,share draft slide deck framework,Task
tk1606,,,,Sunita’s introduction for webinar,Task
tk1607,,,,Ramesh and Ananya’s case studies for webinar,Task
tk1608,,,,comment directly on the slides or suggest additional sections,Task
tk1609,,,2025-08-25,add portions for the applications/case studies section,Task
tk1610,,,,finalize introduction narrative,Task
tk1611,,,2025-08-28,prepare registration portal and webinar technical infrastructure,Task
tk1612,,,,coordinate with Oxford’s IT,Task
tk1613,,,,short walkthrough to ensure smooth cross-institutional streaming,Task
tk1615,,,2025-09-01,brief trial run (technical and content rehearsal),Task
tk1616,,,,modifications in the slide deck or outreach materials,Task
tk1617,,,2019-09-01,technical and content rehearsal,Task
tk1618,,,,registration/streaming logistics and press release alignment,Task
tk1619,,,,comparative NLP analysis from the South Asian corpus segment,Task
tk1620,,,,OCR post-processing in low-resource historical datasets,Task
tk1621,,,,named entity recognition in low-resource historical datasets,Task
tk1622,,,,complementary European corpus applications,Task
tk1623,,,2025-08-28,sharing specific slides or datasets,Task
tk1624,,,,testing the registration portal and rehearsal streaming walk-through,Task
tk1625,,,,perform a full-system dry run,Task
tk1627,,,,extraction and normalisation of historical place names across multi-language corpora,Task
tk1628,,,2025-08-28,upload the relevant slides and a sample annotation schema to the shared drive,Task
tk1629,,,,update the registration portal,Task
tk1630,,,,distribute the link to Oxford’s digital humanities network and associated European partners,Task
tk1631,,,,reach out to Oxford’s comms team to ensure their preparation for joint institutional promotion,Task
tk1632,,,2019-09-02,Slide deck walkthrough and final content uploads,Task
tk1633,,,,"Verification of streaming/recording settings (Zoom & YouTube), coordinated with IT support at both IACS and Oxford",Task
tk1634,,,,Sound/video checks for all panelists,Task
tk1635,,,,Registration/attendance dashboard walkthrough,Task
tk1636,,,,Troubleshooting contingency plan for live technical issues,Task
tk1637,,,2019-08-28,upload slides,Task
tk1638,,,,issue the media release date proposal,Task
tk1639,,,,registration on the registration portal,Task
tk1640,,,,activate the public-facing version of the registration portal,Task
tk1642,,,,review the new demo visualization and ensure the annotation legend is accessible,Task
tk1643,,,2025-09-02,final pass on narrative/slide transitions,Task
tk1644,,,,align on the structure and cross-reference South Asian and European datasets,Task
tk1645,,,,include explicit pointers to GitHub code repository and dataset documentation at the end of the case study segment,Task
tk1646,,,,add a checklist item for backup local recording on each speaker’s laptop,Task
tk1647,,,,discuss contingency plan live during rehearsal,Task
tk1648,,,2025-09-05,full trial run for the webinar,Task
tk1649,,,,rehearse the speaker handover,Task
tk1651,,,,conclude rehearsal with a short roundtable to identify final tweaks or contingency needs,Task
tk1652,0.8152,['tk1661'],,circulate a summary and any action points after the rehearsal (compile and circulate minutes from rehearsal),Task
tk1653,,,,,Task
tk1654,,,,,Task
tk1655,,,,,Task
tk1656,,,,,Task
tk1657,0.7835,['tk1650'],2019-09-07,confirm institutional disclaimers or mandatory statements about recorded content (send institution-specific webinar disclaimers/statements),Task
tk1658,0.8035,['tk1670'],,finalize the public registration link and coordinate dissemination (distribute finalized registration/public event link),Task
tk1659,,,2019-09-08,circulate a draft press release for cross-institutional review,Task
tk1660,,,2019-09-10,review the shared “final slides” folder for last tweaks,Task
tk1662,,,,outline remaining action items,Task
tk1663,,,,review and integrate institutional webinar disclaimer into introductory remarks,Task
tk1664,0.8348,"['tk1450', 'tk1673']",2025-09-10,Confirmation of technical checklist completion,Task
tk1665,,,,alert the Oxford digital humanities communications team to align media outreach,Task
tk1666,0.8757,['tk1669'],,draft press release matching ACM JOCCH metadata (press release drafting),Task
tk1667,,,,demo pipeline for sequence labeling,Task
tk1668,,,,interoperability section adjustments,Task
tk1671,,,,coordinate North American rollout with Stanford’s communications,Task
tk1672,0.7733,['tk1678'],,"join the Zoom webinar room 30 minutes ahead of schedule to confirm A/V, screen sharing, and backup recording (join 30 minutes ahead for A/V and screen share tests)",Task
tk1674,,,,updates to presentation content and logistics,Task
tk1675,,,,"dissemination of webinar registration link across IACS, Oxford, and Stanford channels",Task
tk1676,,,,communication with the Oxford comms office for their campaign launch,Task
tk1677,,,,announcement on Stanford event aggregator,Task
tk1679,,,,IT support standby to assist with backup streaming/recording settings and troubleshooting,Task
tk1680,,,,opening statement incorporating Oxford-Stanford disclaimer regarding recording and content usage,Task
tk1681,,,,coordinate revised speaker list for institutional guests or media personnel opening remarks,Task
tk1682,,,,"delivering a highly successful webinar, ""NLP Methods for Historical Data: Global Challenges, Local Contexts.""",Task
tk1683,,,,"compilation of a structured knowledge base covering the methodologies, datasets, and code frameworks showcased in the webinar",Task
tk1684,0.8418,"['tk1688', 'tk1695']",,manage the organization of this knowledge base on our shared platform (coordination of knowledge base initiative),Task
tk1685,,,,enhance the technical documentation on annotation and visualization tools,Task
tk1686,,,,provide guidelines on GDPR and data sharing,Task
tk1687,,,,,Task
tk1689,,,,Core Code Repositories & Data Processing Scripts,Task
tk1690,,,,"provide summaries of regional datasets, annotation schemas, and licensing details",Task
tk1691,,,,curate main queries from the event and subsequent correspondence,Task
tk1692,,,2025-10-02,"gather component materials, draft summaries, and associated documentation",Task
tk1693,,,,create a structured folder tree on the shared drive,Task
tk1694,,,,consider a public GitHub Organization with private repo for internal drafts,Task
tk1696,,,,,Task
tk1697,,,,draft template consent statements,Task
tk1698,,,2025-10-02,assemble component materials,Task
tk1699,,,,,Task
tk1700,,,,review the technical notebooks before upload,Task
tk1701,,,,confirm the meeting time,Task
tk1702,,,,,Task
tk1703,,,,prepare annotated summaries on South Asian corpus construction,Task
tk1704,,,,prepare technical documentation for annotation and visualization pipeline,Task
tk1705,,,,prepare setup instructions and versioned dependencies,Task
tk1706,,,,prepare sample Jupyter notebooks for the core sequence labeling workflow,Task
tk1707,,,,prepare guidelines for contributing additional models/annotation scripts,Task
tk1708,,,,prepare code-of-conduct and licensing statements,Task
tk1709,,,,prepare first drafts of the notebooks and a provisional README,Task
tk1710,,,,cross-check notebooks and README for usability and clarity,Task
tk1711,,,,confirm the preferred time slot for the sync meeting,Task
tk1712,,,,block calendar and circulate a Google Doc for live note-taking and action tracking,Task
tk1713,,,,review Jupyter notebook drafts,Task
tk1714,0.9029,['tk1722'],,prepare GDPR and licensing primer,Task
tk1715,,,,compile summaries and documentation for key South Asian corpora and annotation schemas,Task
tk1716,,,2019-09-27,upload drafts to the shared folder,Task
tk1717,,,2019-10-02,2 October milestone,Task
tk1718,,,,assistance with folder structure or permissions on the shared drive or GitHub Organization setup,Task
tk1719,,,,"documentation for primary dataset characteristics (size, temporal scope, digitization protocols)",Task
tk1720,,,,detailed annotation guidelines including schema hierarchies and license restrictions,Task
tk1721,,,,technical note preparations and action tracking document,Task
tk1723,,,,setting up the new structured folder on IACS-drive,Task
tk1724,,,,initiate a GitHub Organization (‘histocrnlp-collab’) for source control and external transparency,Task
tk1726,0.7809,['tk4221'],,draft a ~90 second introductory statement reflecting unique contributions and institutional perspectives (prepare a brief (2-minute) overview of contributions and planned uploads),Task
tk1727,,,,discuss particular technical or organizational challenges in advance,Task
tk1728,,,,content vetting process,Task
tk1729,,,,technical barriers for public release,Task
tk1730,,,,desired templates for dataset summaries,Task
tk1731,,,,data compilation,Task
tk1732,,,,toolchain documentation,Task
tk1733,,,,agreement on public vs. internal repository structure within new GitHub Organization,Task
tk1734,,,,review of folder access and permission issues on IACS-drive and GitHub,Task
tk1735,,,2019-09-27,dataset & code documentation uploads,Task
tk1736,,,,GDPR/licensing notes,Task
tk1737,,,2019-10-02,pre-vetting,Task
tk1738,,,,"technical standards (metadata formats, Jupyter/Python package versions)",Task
tk1739,,,,actionable next steps for each member,Task
tk1740,,,,share links to in-progress drafts before the call,Task
tk1741,,,,reproducibility standards,Task
tk1742,0.7971,['tk1771'],,prepare IACS dataset citation guidelines and annotation schema (data licensing and citation),Task
tk1743,,,,annotation toolchain setup,Task
tk1744,,,,upload a draft of the technical setup instructions,Task
tk1745,,,,upload a sample notebook,Task
tk1746,,,,walkthrough of current technical documentation progress,Task
tk1747,,,,finalizing roadmap for a robust and open knowledge base,Task
tk1749,,,,prepare a sample Dockerfile and coordinate notebook structure,Task
tk1751,,,2019-09-25,supply standardized dataset citation templates for IACS-affiliated corpora,Task
tk1752,,,2019-09-27,"upload all major documents, annotated notebooks, and dataset summaries for team review",Task
tk1753,,,2019-09-25,"upload technical setup guide, sample notebook, and initial Dockerfile",Task
tk1754,,,2019-09-26,share GDPR overview and consent templates,Task
tk1755,,,2019-09-25,circulate IACS dataset citation guidelines and annotation schema template,Task
tk1756,,,,"integrate all uploads, coordinate pending access or permissions, and assemble a preliminary FAQ",Task
tk1757,0.8234,"['tk1766', 'tk1786']",2019-09-28,review checkpoint via email to consolidate feedback ahead of the 2 October content freeze (feedback consolidation),Task
tk1758,0.8397,['tk1768'],2025-09-26,assembling the preliminary FAQ (assemble the initial FAQ),Task
tk1759,,,2025-09-26,add suggestions to the FAQ,Task
tk1760,,,,serve as point-of-contact for access or permissions requests,Task
tk1761,,,,coordinate the collation of submitted materials,Task
tk1762,,,,prepare technical setup guide and Dockerfile,Task
tk1764,,,,integrate IACS dataset citation and annotation schema templates,Task
tk1765,,,2025-09-27,have all core components ready for review,Task
tk1767,,,,assigned deliverables for the knowledge base project,Task
tk1769,,,,upload the first draft of the technical setup instructions to the internal/private repository on GitHub,Task
tk1770,,,,,Task
tk1773,,,2025-09-27,coordinate resolutions for permissions issues before the content freeze,Task
tk1774,,,,integrate references within the setup guide and sample README templates,Task
tk1775,,,,review GDPR primer and consent materials,Task
tk1776,,,,incorporate pointers to GDPR and consent materials within the draft FAQ,Task
tk1777,,,,provide suggestions for legal footnotes or references for technical documentation and knowledge base README,Task
tk1778,,,2025-09-27,finalize GDPR and consent-related sections,Task
tk1779,,,,sequence labeling,Task
tk1780,,,,incorporate the core citation example into the FAQ and the main knowledge base README,Task
tk1781,,,,finalizing the technical documentation and walkthroughs for public release,Task
tk1782,,,,provide additional context from Oxford’s guidelines for multi-institutional dataset attribution,Task
tk1783,,,2025-09-27,complete final checks,Task
tk1784,,,2025-09-28,consolidate the full knowledge base package and execute a thorough internal review,Task
tk1785,,,,internal review milestone,Task
tk1787,,,,"compiling and reviewing the documentation, technical materials, and compliance components for the historical NLP knowledge base",Task
tk1788,,,,"Final review of docs/faq/, docs/legal/, and docs/compliance/",Task
tk1789,,,,confirm that technical and legal references flow logically across the README and the annotated setup instructions,Task
tk1790,,,,indicate final compliance notes or adjustments needed for dataset attribution in the schema documentation,Task
tk1791,,,2019-09-29,prepare a public draft of the knowledge base for release on the histocrnlp-collab organization,Task
tk1792,,,,collective consideration of initial publication targets (conference vs. journal),Task
tk1793,,,,public release,Task
tk1794,,,,final sync of the GitHub “histocrnlp-collab” repository,Task
tk1795,,,,issue a public announcement,Task
tk1796,,,,final export,Task
tk1797,,,,recheck any system dependencies prior to release,Task
tk1798,,,,begin the discussion around primary publication target,Task
tk1799,,,,draft a features matrix contrasting the two venues’ requirements and timelines,Task
tk1800,,,,preparing this comparison,Task
tk1801,0.8025,['tk1829'],,prepare a features matrix comparing JOCCH and ACL 2022 as potential submission venues (Review of the submission venue matrix (ACL 2022 Resource Track vs. JOCCH)),Task
tk1802,,,,,Task
tk1803,,,,,Task
tk1804,,,,selection of submission venue,Task
tk1805,,,,PhD progression reviews,Task
tk1806,,,,conference presentation,Task
tk1807,,,,resource paper at ACL,Task
tk1809,,,,meeting scheduling,Task
tk1810,0.8307,['tk1821'],,share a draft of the matrix a day prior,Task
tk1811,,,,digital humanities publication trends,Task
tk1812,,,,preparing the matrix,Task
tk1813,,,,outline for the comparative headings,Task
tk1814,,,,evaluating fit,Task
tk1817,,,,contribute to the features matrix,Task
tk1819,,,,extracting concrete timeline details for each venue,Task
tk1820,,,2022-10-03,meeting,Task
tk1822,,,,prepare targeted questions or institutional notes,Task
tk1823,,,,multi-stage publication strategies in the digital humanities,Task
tk1824,,,,,Task
tk1825,,,,,Task
tk1826,,,,circulate the draft matrix and relevant links,Task
tk1827,0.8082,"['tk3846', 'tk4607']",,"reviewing the shared document and flagging items needing collective attention, particularly unresolved referencing or funding eligibility questions (review draft outline and add in-line feedback or comments)",Task
tk1828,,,,reviewing the comparative draft,Task
tk1830,,,,Institutional and career priority mapping (PhD and faculty considerations),Task
tk1831,,,,Data/code transparency strategy alignment,Task
tk1832,,,,"Open discussion of staged submission methodologies, drawing on digital humanities precedents from Oxford and Stanford",Task
tk1834,,,,prepare the submission features matrix,Task
tk1835,,,,circulate the draft matrix and resources,Task
tk1836,,,,add Oxford-specific insights on iterative and dual-track publication strategies in the comments section,Task
tk1837,,,2019-05-22,Submission Venue Matrix Review,Task
tk1838,0.8255,"['tk1844', 'tk1936', 'tk1950', 'tk1958', 'tk1963', 'tk1966', 'tk2151', 'tk2160', 'tk2311', 'tk2324', 'tk298', 'tk319', 'tk4921', 'tk4922', 'tk5029']",2019-11-22,prepare the final upload in accordance with the ACL submission portal guidelines,Task
tk1839,,,2019-10-06,initiate the manuscript structure (per ACL template) and set up Overleaf,Task
tk1840,0.8498,"['tk1818', 'tk1849', 'tk1856', 'tk1859', 'tk1862', 'tk1867', 'tk1877', 'tk1885']",2019-10-08,cross-referencing Oxford/UKRI compliance excerpts with draft data/code transparency statement,Task
tk1841,0.8014,['tk1854'],,collate Oxford/UK examples of dual-track publications and best practices for staged dissemination (Oxford/UK dual-publishing practices summary),Task
tk1842,0.796,['tk4204'],,verify institutional co-authorship and funding acknowledgment requirements (reconfirm the details on affiliations and funding acknowledgments),Task
tk1843,,,2019-10-10,check-in meeting,Task
tk1845,,,,journal expansion,Task
tk1846,,,,open data and code archiving,Task
tk1847,,,,co-authorship or funding disclosure forms,Task
tk1848,,,,initiating the Overleaf template,Task
tk1850,,,,summarize UK/European dual-publishing experiences,Task
tk1851,,,2022-10-10,10 October check-in,Task
tk1852,,,,developing the Introduction section,Task
tk1853,,,,developing the Evaluation Method section,Task
tk1855,,,,IACS library support for repository options,Task
tk1857,,,,drafting an overview of Oxford and UK digital humanities experiences with staged submissions and dual-publishing strategies,Task
tk1858,,,2025-10-09,upload summary,Task
tk1860,,,,coordinated planning for open data archiving requirements for ACL and the journal expansion route,Task
tk1861,,,,"establishing an Overleaf comments thread dedicated to action items, manuscript versioning, and deadlines",Task
tk1863,,,,comparison with Oxford’s and UKRI’s transparency templates,Task
tk1864,,,,harmonizing the language with the manuscript’s impact narrative and technical documentation,Task
tk1865,,,,review of repository access and embargo sections for compatibility with IACS policies and library processes,Task
tk1866,,,2019-10-01,anticipated internal review,Task
tk1868,,,,annotating relevant Overleaf sections,Task
tk1869,,,,IACS/Zenodo repository planning,Task
tk1870,,,,planned release strategy leveraging dual repositories,Task
tk1871,,,,standard application via the IACS research office for embargo and restricted access,Task
tk1872,,,,appending a short procedural summary as supplemental note or supplementary compliance documentation,Task
tk1873,,,,harmonizing the transparency narrative with main impact and ethical considerations sections,Task
tk1874,,,,synchronize on final wording as the artifact documentation progresses,Task
tk1875,,,,circulate the Oxford/UKRI template excerpts,Task
tk1876,,,,benchmarking global compliance and anticipating reviewer expectations from JOCCH and similar venues,Task
tk1878,,,,"integration of compliance, licensing, and ethics topics",Task
tk1879,0.8005,['tk1884'],,upload Oxford/UKRI template excerpts or key compliance points (upload of Oxford/UKRI compliance materials),Task
tk1880,,,,reviewing dual-publishing practices summary,Task
tk1881,,,,incorporated initial edits in the Introduction and Evaluation sections,Task
tk1882,,,,reviewing Introduction and Evaluation sections,Task
tk1883,,,2019-10-01,full manuscript draft,Task
tk1886,,,,review of edits in the Introduction and Evaluation sections,Task
tk1887,,,,,Task
tk1888,0.8064,"['tk1905', 'tk1912']",,finalizing the evaluation metrics narrative,Task
tk1889,,,,clarifying author order and funding statement wording,Task
tk1890,,,,updated timeline for internal review and pre-submission checks,Task
tk1891,0.8449,"['tk1892', 'tk3797', 'tk3814']",,final review and harmonization of evaluation metrics—balancing quantitative and qualitative methodologies for historical NLP resource validation,Task
tk1893,,,,"confirmation of author order, roles, and final wording of the funding statement and acknowledgments",Task
tk1894,,,,"policy and process review: Embargo/restricted corpus access, compliance with IACS and UK/Stanford standards",Task
tk1895,,,,"timeline review: updated milestones for the first complete draft, pre-submission checklist, and revised ACL resource track deadlines",Task
tk1896,,,,"open discussion: outstanding issues, next action items, assignment of drafting/editorial responsibilities ahead of internal review",Task
tk1898,,,,author order and funding statement,Task
tk1899,0.8728,"['tk1919', 'tk1926']",,revised IACS embargo and release note within the Supplementary Materials/Compliance section (compliance and embargo policy),Task
tk1900,,,2023-10-27,timeline revision,Task
tk1901,,,2023-10-15,policy review,Task
tk1902,,,2023-10-18,update respective sections on Overleaf,Task
tk1903,,,,resolution of reviewer access to embargoed datasets,Task
tk1904,,,,coordination of Overleaf comments for outstanding references and section assignments,Task
tk1906,,,,annotate dual-archiving protocols on Overleaf,Task
tk1907,,,,complete funding and acknowledgments section,Task
tk1908,,,,cross-review Impact/Related Work for dual-publishing synthesis,Task
tk1909,,,,revise embargo note,Task
tk1910,,,,add comparative note referencing UKRI and Stanford protocols,Task
tk1911,,,,3-day circulation for internal review and compliance checks,Task
tk1915,0.8486,['tk1918'],,dual-archiving and embargo protocol annotations (dual-archiving and embargo annotation segments),Task
tk1916,,,,"Overleaf annotations consolidating the UKRI, Oxford, and Stanford best practices",Task
tk1917,,,,mapping to the ACL checklist,Task
tk1920,,,2025-10-18,IACS policy review,Task
tk1921,,,,edits to the Impact and Supplementary sections,Task
tk1922,,,,"final, integrated read-through to harmonize language and reviewer-facing messaging",Task
tk1923,,,,brief sync-up to cross-check the harmonization of compliance statements,Task
tk1924,,,,finalize contributions to the Results and Acknowledgments sections,Task
tk1925,,,,internal manuscript circulation,Task
tk1927,,,2019-10-18,final integrated read-through,Task
tk1928,,,,ongoing edits to the Results and Acknowledgments,Task
tk1929,,,2019-10-19,coordinate a brief 30-minute Zoom session on 19 October to review harmonized compliance language and resolve lingering points,Task
tk1930,,,,harmonizing the compliance narrative and completing the embargo/release protocol review on Overleaf,Task
tk1931,,,,integrated read-through focusing on harmonized compliance language and section transitions,Task
tk1932,,,,final comments on Results and Acknowledgments,Task
tk1933,0.8041,['tk881'],,confirmation of supplementary material format and submission checklist (Complete and check ancillary submission files),Task
tk1934,,,,assignment of last internal review responsibilities and timeline for formal internal circulation to all authors,Task
tk1935,,,,final author check-ins before internal circulation,Task
tk1937,0.8039,['tk4002'],2019-10-23,sign off on the submission checklist,Task
tk1938,,,2019-11-04,planned ACL submission,Task
tk1939,,,,Revise “synthetic sample” language and double-check UKRI compliance note,Task
tk1940,,,,Verify Results section numerics/annotation stats and finalize supplementary checklist,Task
tk1941,,,,Apply minor editorial and formatting fixes and manage Overleaf snapshot for internal sign-off,Task
tk1942,,,,Final check of Supplementary Compliance doc before upload,Task
tk1943,,,2019-10-22,Confirm completion of designated action items in Overleaf,Task
tk1944,,,,revisions to the “synthetic preview sample” section in the Supplementary Materials,Task
tk1945,,,,,Task
tk1946,,,,cross-verifying the statistics in the Results section,Task
tk1947,,,,final compliance review,Task
tk1949,,,2025-10-23,submission checklist sign-off,Task
tk1951,,,,circulate the submission package to all co-authors,Task
tk1952,,,2025-11-04,final review ahead of the 4 November deadline,Task
tk1955,,,,updated annotations on the manuscript’s compliance sections and supplementary materials,Task
tk1957,,,,sharing the final submission package for a last confirmation email before formal upload to the ACL system,Task
tk1959,,,,resource-sharing under ACL resource track and multi-institutional guidelines,Task
tk1960,,,,statistical summaries and annotation process documentation,Task
tk1961,,,,orchestrating multi-stage coordination,Task
tk1962,,,2020-10-26,review packaged files,Task
tk1965,,,,system upload,Task
tk1967,0.9021,['tk5915'],,tracking paper’s progress through the review process (manuscript progress through review workflow),Task
tk1968,0.7973,"['tk2279', 'tk2298', 'tk2299', 'tk2304']",,watch for last-minute technical notifications from the ACL committee (monitor notifications from ACL and relay updates),Task
tk1969,,,2019-06-16,pre-review revision,Task
tk1970,,,2022-01-15,notification of review outcome,Task
tk1971,,,2019-09-14,"revised, camera-ready version submission",Task
tk1973,,,,prepare a draft of the revised annotation provenance section,Task
tk1974,,,,review both the language and structure of the compliance appendix,Task
tk1975,0.8086,"['tk1980', 'tk2024', 'tk2035']",,comprehensive check of manuscript formatting and cross-referencing (formatting and section cross-check),Task
tk1976,0.8248,['tk4914'],2021-02-07,complete our team’s internal review (completion of internal review),Task
tk1977,,,2021-02-15,15 February submission deadline,Task
tk1978,0.8486,"['tk1981', 'tk1992', 'tk2010', 'tk5660']",2025-01-24,revise Compliance Appendix structure and language (compliance appendix revision),Task
tk1979,,,,annotation provenance improvements,Task
tk1982,,,,identifying historical reference samples,Task
tk1983,,,,rephrasing language in Section 4 as you elaborate the annotation provenance,Task
tk1984,0.8145,"['tk1985', 'tk4069']",2025-01-24,"updating the figure/table links, reference list, and ensuring alignment with the current ACL camera-ready template (Final Proofreading and Formatting Checks)",Task
tk1986,,,,parallel review focusing on section numbering and compliance with the latest conference guidelines,Task
tk1987,,,2019-02-15,final formatting,Task
tk1988,,,,revision draft for Section 4,Task
tk1989,,,,"historical context verifications and linguistic precision, particularly around the annotation provenance expansion",Task
tk1991,0.8373,"['tk4738', 'tk4739', 'tk5175']",,ensure adherence to ACL2024 formatting (formatting review),Task
tk1993,,,,"additional compliance documents or author forms (copyright, checklist revisions, etc.)",Task
tk1994,,,,Action Item Review,Task
tk1995,,,,recapitulation of revision feedback from the ACL reviewers,Task
tk1996,,,,"Confirmation of individual responsibilities (Section 4 rewrite, compliance appendix, formatting and cross-referencing)",Task
tk1997,,,,Revision Deadlines & Internal Milestones,Task
tk1998,,,2019-02-07,Agreeing on timeframes for section drafts and internal feedback cycles,Task
tk1999,,,2019-02-14,final Overleaf integration and pre-submission checks,Task
tk2000,,,,Outstanding Compliance & Administrative Tasks,Task
tk2001,,,,"Checklist for copyright, updated co-author metadata, and any new conference forms",Task
tk2002,,,,monitor and upload compliance and administrative items via Softconf,Task
tk2003,,,,Discussion of Possible Bottlenecks or Additional Edits,Task
tk2004,,,,aligning annotation provenance with compliance notes,Task
tk2005,,,,Next Steps and Wrap-Up,Task
tk2006,,,,Confirming communication channel (email/Slack) for interim queries,Task
tk2007,,,,Scheduling a short follow-up check-in before camera-ready submission,Task
tk2009,,,2021-01-26,draft expanded and clarified Section 4 - Annotation Provenance,Task
tk2011,,,2021-01-25,Formatting & Cross-Referencing parallel reviews,Task
tk2012,,,2021-01-30,upload all section drafts to Overleaf,Task
tk2013,,,2021-01-31,internal comprehensive review and feedback round,Task
tk2014,,,2021-02-08,"final integration, administrative form preparation, and upload checks",Task
tk2015,,,,review updated copyright/licensing forms,Task
tk2016,,,,verify all co-author and institutional metadata in submission portal,Task
tk2017,,,,oversee generation and cross-checking of compliance checklist and camera-ready PDF,Task
tk2018,,,,coordinate draft harmonization between Section 4 and compliance appendix,Task
tk2019,,,,explore template tools and investigate latest ACL macros for Overleaf,Task
tk2020,,,,circulate section drafts and provide written feedback in Overleaf comments,Task
tk2021,,,2021-02-13,brief follow-up email check-in to confirm camera-ready upload and administrative completion,Task
tk2022,,,2021-02-15,complete camera-ready upload and administrative tasks,Task
tk2025,,,,finalize draft,Task
tk2026,,,2019-01-28,insert comments or suggestions in Overleaf,Task
tk2027,,,,planned internal review round,Task
tk2028,,,2025-01-29,leave specific comments and suggestions directly in Overleaf,Task
tk2029,,,,finalize this important section for ACL,Task
tk2031,0.8394,"['tk4417', 'tk4427']",2025-05-11,internal peer review phase,Task
tk2032,,,2019-02-01,template and section number review,Task
tk2033,0.7857,"['tk1954', 'tk2041', 'tk299', 'tk5134']",2019-02-05,logging final comments or minor corrections in Overleaf (final Overleaf edits),Task
tk2034,,,2019-02-12,harmonization before the integration phase,Task
tk2036,,,,checks of ACL 2021 camera-ready manuscript,Task
tk2037,,,,double-check auto-generated labels in the compliance checklist subsection,Task
tk2038,,,,,Task
tk2039,,,,insert new resource URLs in the shared reference file,Task
tk2040,,,2021-02-05,log minor corrections directly in Overleaf,Task
tk2042,0.8248,"['tk2045', 'tk2051', 'tk2591']",2019-02-10,harmonization phase for ACL 2021 camera-ready submission,Task
tk2043,,,,administrative preparation in Softconf,Task
tk2044,,,2019-02-15,ACL official deadline,Task
tk2046,,,,unifying the manuscript’s terminology and ensuring consistency between main text and appendices,Task
tk2047,0.86,['tk2052'],,confirm whether the “synthetic instance generation protocol” description in the compliance appendix matches the latest text in Section 4 (line-by-line check of the “synthetic instance generation protocol” discussion),Task
tk2048,,,2021-02-09,"final scan for remaining template or macro issues, especially around reference list formatting or supplementary material links",Task
tk2050,,,2021-02-12,"final integration, PDF validation, and Softconf upload",Task
tk2053,,,,,Task
tk2054,,,,,Task
tk2055,,,,,Task
tk2056,,,,,Task
tk2057,,,2021-02-12,submission on Softconf,Task
tk2058,,,,ACL camera-ready deadline,Task
tk2059,,,,camera-ready manuscript upload,Task
tk2061,,,2019-09-26,finalize registration and indicate participation (oral/poster),Task
tk2062,,,2019-09-21,submit extremely minor post-acceptance corrections,Task
tk2064,,,2021-02-23,author contact details correction,Task
tk2065,,,,publication in the conference proceedings,Task
tk2067,,,2019-10-03,confirm the presenting author,Task
tk2068,0.8467,['tk2070'],2019-10-08,online registration via the ACL portal (conference registration),Task
tk2069,0.8768,['tk2071'],,return the completed and electronically signed proceedings release form (proceedings release form signing),Task
tk2072,,,,on-site check-in,Task
tk2073,,,2019-10-09,finalized program and session abstracts distribution,Task
tk2074,,,,session scheduling,Task
tk2075,,,,submission of signed proceedings release form,Task
tk2076,,,,on-site registration desk presentation of documents,Task
tk2077,,,2021-03-15,final program and session abstracts,Task
tk2079,0.8492,['tk4126'],,lead the oral presentation segment,Task
tk2080,,,2019-10-09,final program announcement distribution,Task
tk2081,0.8999,"['tk2085', 'tk2100']",2019-11-30,upload final presentation slides (slide upload),Task
tk2082,,,2019-11-18,request additional AV equipment,Task
tk2083,,,2019-11-13,adjust abstract or presenting author designation,Task
tk2084,,,,slide preparation,Task
tk2086,0.8891,['tk2088'],2019-11-13,update the abstract (abstract update),Task
tk2089,,,2019-11-13,final program update,Task
tk2090,,,,submit the revised abstract as a Word or PDF document attachment via reply to this email,Task
tk2091,,,,ensure that the revised abstract does not exceed the original character or word limit,Task
tk2092,,,,attach a brief note explaining the nature of the changes,Task
tk2093,,,,review the submission and confirm its incorporation into the online proceedings and printed program,Task
tk2094,,,,presentation and an engaging discussion during your session,Task
tk2095,,,,annotation alignment,Task
tk2096,0.7839,['tk2105'],,cross-institutional dataset benchmarking (cross-institutional benchmarking),Task
tk2097,,,,review of updated abstract,Task
tk2098,,,,update online proceedings and printed program,Task
tk2101,,,,preparation of the final presentation slides,Task
tk2102,,,2020-04-18,share current draft of the slides,Task
tk2103,,,2019-11-30,official slide upload deadline,Task
tk2106,0.809,"['tk2122', 'tk2123']",,address questions regarding generalizability of synthetic instance protocol during Q&A session at ACL,Task
tk2107,0.8435,"['tk2109', 'tk2118']",2019-04-18,finalizing the draft slides (prepare draft slides),Task
tk2108,,,,historical data tasks,Task
tk2110,,,,integrating the team's recent feedback on visual clarity and metric representation,Task
tk2111,,,,side-by-side metric comparisons,Task
tk2112,,,,clear dataset labeling,Task
tk2113,,,,Full presentation walkthrough by Sunita,Task
tk2115,,,,Discussion of remaining action items prior to upload,Task
tk2116,,,2020-04-18,circulate the PowerPoint file (or PDF if preferred),Task
tk2119,,,,create clear visual comparison between traditional and provenance-aware metrics,Task
tk2120,,,,include annotated historical samples illustrating annotation protocol across datasets,Task
tk2121,,,,,Task
tk2124,0.805,"['tk2104', 'tk2125']",2021-04-24,dry run session for ACL presentation (presentation dry run),Task
tk2126,0.7744,['tk2131'],,"practicing concise responses to potential audience questions, particularly around the scalability of our annotation approach and cross-dataset generalizability (scalability and annotation efficiency)",Task
tk2127,,,,draft Q&A talking points,Task
tk2129,0.8138,"['tk2143', 'tk2337']",,update slide 7 to clarify the baseline annotation process (annotation approach),Task
tk2130,,,,generalizability across historical domains,Task
tk2132,,,,choice of benchmark datasets,Task
tk2133,,,,rehearsal,Task
tk2134,,,,dry run Q&A drill,Task
tk2135,,,,targeted feedback round by slide/section,Task
tk2136,,,,integration of slide edits/annotations,Task
tk2137,,,,Q&A drill and strategy session,Task
tk2138,,,,final slide deck submission for ACL upload,Task
tk2139,0.8082,['tk2262'],,assignment of speaking roles for Q&A during the actual session (Q&A role assignments),Task
tk2140,,,,ACL submission portal closure,Task
tk2141,,,,historical sample illustration,Task
tk2144,,,,add a visual legend for the benchmark dataset color coding on slide 13,Task
tk2145,,,,add extra bullet on slide 18 summarizing specific feedback from domain historians,Task
tk2146,,,,integrate succinct talking points on generalizability and scalability into the Q&A slides,Task
tk2147,,,,run one final Q&A rehearsal prior to the upload deadline,Task
tk2148,,,,Assignment of specific Q&A segments,Task
tk2149,,,2021-04-27,circulate revised slide deck,Task
tk2150,,,2021-04-28,provide any final comments,Task
tk2152,,,,protocol generalizability,Task
tk2153,,,,metric comparisons,Task
tk2154,0.7914,['tk5669'],,dataset balancing procedures or rationales for selection (dataset rationale),Task
tk2155,,,,annotation design and expert feedback,Task
tk2156,0.81,"['tk2307', 'tk2313']",,upload updated slide deck (slide updates),Task
tk2157,,,,prepare backup slide on NLP model bias for underrepresented language corpora,Task
tk2158,,,,final iteration of the slides,Task
tk2159,,,,dataset balancing efforts,Task
tk2161,,,,,Task
tk2162,,,,,Task
tk2165,,,2019-11-16,oral presentation materials submission,Task
tk2166,,,,"final review of slides, supplementary Q&A notes, and biographical materials",Task
tk2167,0.8132,"['tk5057', 'tk5067']",,review the technical requirements as soon as ACL circulates the formatting instructions (monitor ACL camera-ready formatting guidelines),Task
tk2168,,,,schedule a group meeting to review changes and finalize presenter bios,Task
tk2169,,,,distribute a Google Doc for textual edits and updated slide deck for visual revision,Task
tk2170,,,2021-06-08,video review session,Task
tk2172,,,,prepare Google Doc and slide deck,Task
tk2173,,,,flag figures or supplementary material for higher resolution or updated citations,Task
tk2174,,,,,Task
tk2175,,,,prepare an updated brief biography,Task
tk2176,,,,double-check the credentials in the backup slide on model bias,Task
tk2177,,,,content tweaks or adding further context with respect to domain historian feedback or endpoint examples,Task
tk2178,,,2025-06-21,finalizing a polished version,Task
tk2180,,,,circulate checklist and draft calendar for internal deadlines,Task
tk2181,,,,bio updates,Task
tk2182,,,,textual tweaks,Task
tk2183,,,,visual content updates,Task
tk2184,,,,flagging lower-resolution figures or citation inconsistencies,Task
tk2185,,,,revisit provenance annotation slides to ensure consistent definitions,Task
tk2186,0.8586,"['tk5048', 'tk5058', 'tk5061', 'tk5068', 'tk5069']",,ensure metadata and graphical requirements (including graphical abstract) are met (support compliance and documentation matters),Task
tk2187,,,,"review the main slide deck with a focus on high-res figures, color contrasts, and font compliance",Task
tk2188,,,,cross-verify the consistency and provenance details in both the slides and supplementary Q&A notes,Task
tk2189,0.7665,['tk3141'],,finalize and share brief professional bios for each presenter (prepare concise speaker bios),Task
tk2190,,,,assign owners for outstanding action items including backup slide review and contributing final consent forms or declarations,Task
tk2193,0.8205,['tk874'],,"Checklist for camera-ready submission requirements and conference specs (format, deadlines, ancillary materials) (review detailed checklist for camera-ready requirements)",Task
tk2194,,,2021-06-10,upload updated bio,Task
tk2195,,,2021-06-11,confirm compliance with ACL guidelines and discuss flagged edits,Task
tk2196,0.7666,['tk2114'],2021-06-11,"slide-by-slide review for content, format, and clarity (Slide-by-slide feedback)",Task
tk2197,,,2021-06-11,update and approve supplementary materials,Task
tk2198,0.8316,"['tk4799', 'tk5725', 'tk6014']",2021-06-11,timeline review for final draft submissions and assignment of any outstanding follow-up actions (submission timeline),Task
tk2199,,,,revise slide figures for annotation workflow and provenance metadata,Task
tk2202,,,,double-check presenter bios for cohesive interdisciplinary spirit,Task
tk2203,,,,control for source corpus diversity,Task
tk2205,,,,upload updated biographies to the shared Drive folder,Task
tk2206,,,,figure improvements and Q&A clarification,Task
tk2207,,,,address Stanford-specific signature/logistics clarifications for the presenter declaration,Task
tk2208,,,,maintain the master checklist,Task
tk2209,,,,prepare the crosswalk between materials and ACL’s formatting guidelines,Task
tk2210,,,,send urgent issues or topics for the agenda,Task
tk2211,,,2020-06-13,"upload revised, higher-resolution workflow and provenance metadata figures",Task
tk2212,,,,finalize formatting and create consolidated PDF of presenter bios,Task
tk2213,0.8202,['tk2200'],2020-06-15,expand model bias section to reflect approach to corpus diversity controls (expand model bias coverage in Q&A document),Task
tk2214,0.8379,"['tk2163', 'tk2201', 'tk2819']",2020-06-16,coordinate signatures for Stanford and Oxford institutional compliance forms (institutional sign-off),Task
tk2215,,,2020-06-18,assemble updated materials and circulate camera-ready package for group check,Task
tk2216,,,2020-06-17,final walkthrough of filled checklist and report critical gaps,Task
tk2217,,,2020-06-19,submission to ACL,Task
tk2218,,,2020-06-16,review updated slide deck and drafts on Google Drive,Task
tk2219,,,2025-06-15,finalize Q&A document model bias section,Task
tk2220,,,2025-06-15,complete routing of Stanford-specific signature form,Task
tk2221,,,2025-06-16,upload final signed forms to folder 'Presenter_Declarations',Task
tk2222,,,2025-06-16,confirm all visual and bio updates in the Drive,Task
tk2223,,,2025-06-19,Sunita’s pre-submission group check,Task
tk2224,,,,upload revised high-resolution figures for the slide deck to Google Drive,Task
tk2225,,,,review revised high-resolution figures for the slide deck,Task
tk2226,,,,complete presenter declaration for Oxford,Task
tk2227,,,,coordinate presenter declarations and timelines,Task
tk2228,,,,refine Q&A “Model Bias” section,Task
tk2230,,,,checklist review,Task
tk2231,,,,last group review asynchronously via comments/suggestions on Drive,Task
tk2232,,,2025-06-19,package and submit,Task
tk2235,,,2021-06-19,submitting camera-ready package,Task
tk2236,,,,leadership in guiding camera-ready process,Task
tk2237,,,,collation of documents and scheduling,Task
tk2238,,,,dry-run rehearsal closer to the conference date,Task
tk2239,,,2020-01-10,corrections for technical or format-related issues,Task
tk2240,,,2020-07-15,"oral presentation slot, session assignment, and conference participation guidelines notification",Task
tk2241,,,2020-01-27,presenting author registration,Task
tk2242,,,2020-01-20,submit minor corrections,Task
tk2243,,,2020-01-20,upload presentation deck,Task
tk2244,0.8101,"['tk2524', 'tk4923', 'tk5376', 'tk5418']",2022-07-10,Proofreading and Final Metadata Check (final checklist review),Task
tk2245,,,2022-07-15,oral presentation slot notification,Task
tk2246,,,2022-07-20,upload finalized presentation deck,Task
tk2247,,,2022-07-22,conference registration for ACL,Task
tk2248,,,2022-07-09,confirm presentation role,Task
tk2251,,,,demo regarding the cross-institutional dataset integration,Task
tk2252,,,,final technical sweep,Task
tk2253,,,,lead presentation,Task
tk2254,,,,dataset demo segment,Task
tk2255,,,,Q&A participation,Task
tk2257,,,,prepare supplementary slide materials,Task
tk2258,,,,draft responses to anticipated audience queries,Task
tk2259,,,2020-01-30,oral presentation in “Historical Data & Societal NLP” session,Task
tk2260,,,,full walk-through,Task
tk2261,,,,slide and transition checks,Task
tk2263,,,,timing review,Task
tk2264,0.8149,"['tk2270', 'tk273', 'tk3191', 'tk4042', 'tk586']",,suggestions for refining captions or improving accessibility aspects (figure caption refinement),Task
tk2265,,,,sync the dataset demo transitions,Task
tk2266,,,,closing remarks,Task
tk2267,0.809,"['tk1641', 'tk3095']",2022-04-06,upload latest slide revisions to the shared drive (upload slide updates),Task
tk2268,,,,prepare 1-minute walkthrough and backup visuals,Task
tk2269,,,,brief sync call to test transitions live,Task
tk2271,,,,closing remarks and Q&A strategy discussion,Task
tk2272,,,,discuss possible audience questions regarding bias mitigation approach,Task
tk2274,0.8035,"['tk2256', 'tk2273']",,confirm color contrast and annotation updates for Figure 3 meet accessibility standards (Figure Legend Enhancement),Task
tk2275,,,,finalize refinements to Figure 3 at least two days prior to the conference,Task
tk2276,,,,rehearse allotted presentation sections separately before group session,Task
tk2277,,,,compile shortlist of predicted audience questions on historical dataset limitations and bias mitigation protocols,Task
tk2278,,,,provide anticipated questions from a historical perspective,Task
tk2280,,,,circulate urgent technical information to all co-authors,Task
tk2281,,,,Q&A preparation for ACL session,Task
tk2282,,,2019-07-18,finalizing presentation material and dry run,Task
tk2283,,,2019-07-17,Slide Review,Task
tk2284,0.7679,['tk2292'],2019-07-17,pre-rehearsal transitions check (Transitions Practice),Task
tk2286,0.7956,"['tk5587', 'tk5588']",2019-07-18,coordinate last-minute adjustments for the seminar (Technical Check),Task
tk2287,0.7775,['tk4174'],2019-07-18,rehearsal run-through with slides and screen-sharing (full run-through of presentation),Task
tk2288,,,2019-07-18,bandwidth and audio test,Task
tk2289,0.8219,"['tk2296', 'tk2308', 'tk2321', 'tk2335']",2019-07-18,confirm Zoom backup hosting credentials and share a local recording test (host the Zoom as backup),Task
tk2290,,,,,Task
tk2291,,,,,Task
tk2293,,,,4-minute segment and the Q&A transition,Task
tk2294,0.8372,['tk3096'],,full dry run,Task
tk2295,,,2020-07-21,update two final slides with simplified citations,Task
tk2297,0.8385,"['tk2303', 'tk2322']",2020-07-20,have the Q&A sheet (both print and PDF) ready for instant reference (finalized Q&A answer sheet),Task
tk2300,,,,confirm readiness for the conference session on 25 July,Task
tk2301,,,2022-07-21,upload the updated version to our shared Google Drive folder,Task
tk2302,,,,local recording test,Task
tk2305,0.8468,"['tk1815', 'tk2066', 'tk2087', 'tk2117', 'tk2128', 'tk2142', 'tk2250', 'tk2309', 'tk2333']",2022-07-25,forthcoming presentation at ACL 2021,Task
tk2306,,,,bias quantification,Task
tk2310,,,,run a quick compatibility check on backup systems with the latest file version,Task
tk2312,0.8228,"['tk2099', 'tk2325']",2019-07-25,presentation at the upcoming conference (presentation delivery),Task
tk2314,,,,ensure consistency across all referenced materials,Task
tk2315,,,,finalize Q&A handout,Task
tk2316,,,,compatibility and backup tests,Task
tk2317,,,,synchronizing the references,Task
tk2318,,,,outreach communications support,Task
tk2319,,,,be online at least 30 minutes before the session starts,Task
tk2320,,,,coordinate with the session chair as soon as the Zoom room is open,Task
tk2323,,,,circulate updates or procedural information from the ACL organizers to the team,Task
tk2326,,,,technical compatibility checks,Task
tk2327,,,,coordinate directly with the session chair on arrival and monitor the chat for any urgent instructions,Task
tk2328,,,,keep a printed/PDF copy of the Q&A handout and presentation notes for quick reference during live questions,Task
tk2329,,,,have local recording functionality primed and initiate recording if required,Task
tk2330,,,,give a brief cue before the introduction slide,Task
tk2331,,,,,Task
tk2336,,,,,Task
tk2338,0.8325,"['tk2400', 'tk5814']",,bias mitigation and annotation coverage limitations discussion,Task
tk2340,,,,debrief and planning session coordination,Task
tk2341,,,,,Task
tk2342,,,,discuss potential refinements and necessary expansions for a journal article,Task
tk2344,,,,outline a provisional writing schedule,Task
tk2345,,,,delegate initial roles for drafting,Task
tk2346,,,,collating attendee feedback from the ACL session chat and post-event follow-ups,Task
tk2348,,,,sharing a summary document,Task
tk2350,,,,compile feedback from ACL session,Task
tk2352,,,,coordinate schedules and agenda,Task
tk2353,,,,provide additional agenda points or reading recommendations relevant to journal expansion,Task
tk2354,,,,consider reaching out to ACL session chair for formal notes,Task
tk2356,,,,dataset transparency,Task
tk2357,,,,annotation reproducibility,Task
tk2358,,,,evaluation of Latin-script OCR errors,Task
tk2359,,,,collect and synthesize audience and session chair feedback,Task
tk2360,,,,extract actionable points from the feedback—particularly on dataset transparency and annotation reproducibility,Task
tk2361,,,,journal targeting comparative discussion,Task
tk2362,,,,outline strategies for integrating the latest developments in OCR post-processing (including recent advances in historical typeface adaptation),Task
tk2363,,,,circulate summary document of key attendee and chair feedback,Task
tk2364,0.8014,"['tk4292', 'tk4313']",,review and discuss key attendee and chair feedback (audience feedback review),Task
tk2366,,,,identify which aspects of the conference paper should be expanded for a journal article,Task
tk2367,,,,"plan timeline and delegate initial writing assignments, including sections on OCR post-processing updates",Task
tk2368,0.8646,['tk2373'],,contact the ACL session chair and relay any additional feedback (reach out to the ACL session chair for additional feedback),Task
tk2369,,,2020-03-07,writing first consolidated draft,Task
tk2370,,,2020-09-15,team review of draft,Task
tk2371,,,2020-08-03,circulate detailed feedback summary and template for annotation reproducibility,Task
tk2372,,,2020-08-02,identify and share 3–4 key recent articles on OCR post-processing,Task
tk2374,,,2020-08-06,review and comment on the JOCCH submission guidelines and recent special issue topics,Task
tk2375,0.8012,"['tk2397', 'tk2414', 'tk749', 'tk817']",,integrating corpus transparency and reproducibility elements into the draft,Task
tk2376,0.8025,"['tk2385', 'tk2399']",,efficacy and adaptability evaluation of OCR post-processing methods,Task
tk2377,,,,typeface adaptation,Task
tk2378,,,,handling regional orthographic variations,Task
tk2379,,,,annotation protocol as a reproducible resource,Task
tk2381,,,,methods section writing,Task
tk2382,,,,corpus construction details writing,Task
tk2383,,,,Experimental framework section writing,Task
tk2384,,,,evaluation metrics section writing,Task
tk2387,,,,bias mitigation strategies section writing,Task
tk2388,,,,Integration and overall framing of the paper,Task
tk2389,,,,correspondence with the journal,Task
tk2390,,,,sequence correction for historical OCR errors,Task
tk2391,,,,domain adaptation for OCR in multilingual historical archives,Task
tk2392,,,,post-correction pipelines for historical manuscript OCR,Task
tk2393,,,,expanding literature review and methodological sections of upcoming JOCCH submission,Task
tk2394,,,,writing phase for JOCCH submission,Task
tk2395,,,2025-08-07,suggest edits or expansions to the annotation template,Task
tk2396,,,2025-09-05,assembly of the full methods and supplementary materials,Task
tk2398,0.8084,"['tk4177', 'tk5283']",,evaluation of annotation consistency and inter-annotator agreement (inter-annotator reliability analysis),Task
tk2401,,,,"documenting annotation guidelines, reviewer training, and sampling strategies",Task
tk2403,,,,annotation reproducibility template,Task
tk2404,,,,comparative analysis of annotation protocols in related historical NLP projects,Task
tk2405,,,,append illustrative annotation case studies as exemplars for future replicators,Task
tk2406,,,,annotator disagreement resolution workflow,Task
tk2407,,,,inter-annotator agreement statistics across language strata,Task
tk2408,,,,corpus creation and methods sections integration,Task
tk2409,,,2025-08-07,edit the template,Task
tk2410,,,,final integration into the manuscript draft and supplementary appendix,Task
tk2411,0.7762,['tk2434'],,case study documentation structure informed by Smith et al. (2021) (organize case studies per the Smith et al. (2021) template),Task
tk2412,,,,September draft deadline,Task
tk2415,,,,finalizing edits on the reproducibility template,Task
tk2416,,,2019-08-07,incorporating all edits by the internal deadline,Task
tk2417,,,2019-09-01,consolidating and aligning draft sections ahead of the September milestone,Task
tk2418,,,,annotation case studies,Task
tk2419,,,,comparative analysis,Task
tk2420,,,2019-08-14,review preliminary case study template,Task
tk2421,,,2019-08-14,provide example cases from annotation work,Task
tk2422,,,,feedback on the comparative analysis outline,Task
tk2423,,,,coordinate a brief virtual check-in on progress next week,Task
tk2424,0.8516,"['tk2432', 'tk2473']",2025-08-14,drafting two representative case studies from the Bengali and English subcorpora (prepare Bengali and English case studies),Task
tk2426,,,,harmonizing the narrative style and annotation rationale for consistency,Task
tk2427,,,,compiling key features from the corpora referenced in Zhao & Müller (2021) and mapping their practices against our own,Task
tk2428,,,,prepare the workflow diagram,Task
tk2429,,,,annotate and suggest refinements based on QA and adjudication process,Task
tk2430,,,,set up a dedicated section on GitHub repo for draft case studies and the evolving annotation protocol,Task
tk2431,,,,review all materials and finalize integration plans during a short call mid-next week,Task
tk2433,0.7753,['tk2425'],2026-08-14,contribute a representative pair from the Hindi and Urdu subcorpora (share a Hindi and/or Urdu example),Task
tk2435,,,,review/comment on initial feature mapping and ensure terminological consistency across languages,Task
tk2436,,,,provide input on adjudication loop specifics for South Asian scripts,Task
tk2437,,,2026-08-15,20-30 min sync call,Task
tk2438,,,,contributions on GitHub and developing a robust methods section,Task
tk2439,,,2019-08-14,preparing case study vignettes and finalizing draft entries in the shared template,Task
tk2440,,,,provide critical feedback on the comparative table outline and on the workflow visual,Task
tk2441,,,,review the workflow graphic before the call,Task
tk2442,,,,manuscript timeline—review upcoming JOCCH submission milestones and confirm readiness of key sections,Task
tk2443,,,,final feedback on the workflow diagram and decision on figure integration,Task
tk2444,,,,review and harmonization of submitted case study vignettes,Task
tk2445,,,,walk-through of the comparative protocol table,Task
tk2446,,,,"next steps for full integration: assignments for method and appendix updates, timeline for receiving reviews, and cross-verification for consistency with JOCCH’s latest reproducibility checklist",Task
tk2447,,,,review the attached workflow PDF/PPTX,Task
tk2448,,,,double-check alignment with the Smith et al. template and ensure all sample texts are anonymized,Task
tk2449,,,,draft and share the manuscript’s “Resource Transparency” section including FAIR principles summary,Task
tk2450,,,,"bring questions or concerns regarding code/data hosting, open-access protocols, and compliance",Task
tk2451,,,,JOCCH September submission target,Task
tk2452,,,2020-08-31,finalizing the complete draft,Task
tk2454,,,2020-08-20,finalize workflow diagrams and circulate them for final approval,Task
tk2455,,,2020-08-18,"ensure all vignettes are anonymized, explicit about guideline references, and consistent in narrative style",Task
tk2456,,,,incorporate vignettes into the shared appendix and prompt for cross-review,Task
tk2457,,,2020-08-22,final reviews and additions to comparative protocol table,Task
tk2458,,,,GitHub hosting for protocols and vignettes,Task
tk2460,,,2020-08-18,finalize and anonymize case study entries,Task
tk2461,,,2020-08-24,"revise workflow diagrams, integrate case studies and transparency section, circulate final draft",Task
tk2462,,,,"oversee compliance review, particularly data/code hosting protocols",Task
tk2463,,,,schedule a follow-up call to review the full draft in the last week of August,Task
tk2464,0.833,['tk2471'],,finalizing Hindi and Urdu case study vignettes (upload finalized Hindi and Urdu vignettes),Task
tk2465,,,,uploading case study vignettes to shared GitHub in the “Supplementary/CaseStudies” directory,Task
tk2466,,,,verifying formatting and cross-section consistency of vignettes,Task
tk2467,0.8169,"['tk6060', 'tk6073']",,reviewing “lessons learned” summaries to align with the “Resource Transparency” section (Lessons Learned memo),Task
tk2468,,,,ensuring terminological consistency and leading compliance review,Task
tk2469,,,2019-08-20,confirming that all vignettes and supplementary files are ready for manuscript integration,Task
tk2470,,,,flagging further revisions,Task
tk2472,,,,provide detailed comments on harmonizing cross-lingual features and supplementary file formatting,Task
tk2474,,,,review all the case studies in the “Supplementary/CaseStudies” directory,Task
tk2475,,,,complete simplified workflow figure for the main text,Task
tk2476,,,,"create detailed workflow figure including references to guideline updates, QA branching, and data/code release flowcharts for the supplement",Task
tk2477,,,,,Task
tk2478,,,,,Task
tk2479,,,2025-08-22,"check revised file names, captions, and linkage between main text references and supplementary materials",Task
tk2480,,,,,Task
tk2481,,,,,Task
tk2482,,,2025-08-24,circulate the full manuscript draft for a final group review,Task
tk2483,,,,projected end-of-month submission,Task
tk2484,,,,integration of the workflow figures,Task
tk2485,,,,ensuring prompt access to finalized supplementary materials via GitHub,Task
tk2486,,,,"maintain consistency in vignette format, captioning, and terminology",Task
tk2487,,,,preliminary pass against the latest JOCCH reproducibility and data/code access checklist,Task
tk2488,0.8594,['tk2459'],2025-08-23,final clearance from the IACS ethics/legal officers regarding open GitHub hosting for the full protocols and supplementary vignettes (confirm with IACS’s legal/ethics committee about GitHub hosting),Task
tk2489,,,2025-08-24,group review of the complete manuscript (including all hyperlinks and references to supplementary materials),Task
tk2490,,,,proceed with the full submission package before the end-of-month deadline,Task
tk2491,,,,"notify immediately of any further compliance or formatting queries, or if additional authorization steps become necessary on the IACS or Oxford/Stanford sides",Task
tk2492,,,,review revised figures and supplementary files,Task
tk2494,0.8872,['tk2515'],,draft template for standardized captions (caption integration process),Task
tk2495,,,,cross-check Hindi/Urdu vignettes and Bengali/English contributions,Task
tk2496,,,,confirm initial ethics compliance,Task
tk2497,,,,legal review by IACS’s legal review,Task
tk2498,,,,adjust hosting permissions or protocols,Task
tk2499,,,2025-08-24,review caption template and apply across supplementary references,Task
tk2500,,,2025-08-23,call or email exchange for last-minute terminology or linking issues,Task
tk2501,,,,finalization phase of the project,Task
tk2502,,,2019-08-23,apply caption/reference edits,Task
tk2503,,,2019-08-24,final review and manuscript circulation,Task
tk2505,,,,rapid cross-review of caption applications in the supplement,Task
tk2506,,,,final manuscript review phase,Task
tk2508,,,,circulating the supplementary captioning templates and updating the repository,Task
tk2509,,,,integrating the recommended template into the Hindi/Urdu case study captions and corresponding in-text references,Task
tk2510,,,,cross-reviewing Bengali/English supplementary references and captions,Task
tk2511,0.7879,['tk2518'],2025-08-28,last cross-review to proofread for caption application and linkage consistency,Task
tk2512,,,,harmonization or late-stage copyediting after full integration,Task
tk2513,,,,assign tasks efficiently,Task
tk2514,,,,act as a team on updates from IACS legal/ethics before submission,Task
tk2516,,,,cross-review of Bengali/English case studies,Task
tk2519,,,2024-08-26,section-specific checks and collective sweep of the appendices,Task
tk2520,,,,typographical and minor formatting adjustments before final submission prep,Task
tk2521,,,,update from IACS legal/ethics,Task
tk2522,,,,align protocol and repository statements,Task
tk2523,,,2019-08-26,full draft review and copyedits,Task
tk2525,0.7598,['tk2504'],2019-08-28,JOCCH submission package assembly and lock (uploading package to JOCCH) (JOCCH online submission),Task
tk2527,,,,run spell check and citation format backup,Task
tk2528,,,,include each co-author as co-corresponding author,Task
tk2529,,,,upload full supplement as repository link and hosted PDF,Task
tk2530,,,,reply with objections or changes,Task
tk2531,,,,notify co-authors once submission is confirmed,Task
tk2532,,,,historical data analysis on South Asian texts,Task
tk2533,0.7774,"['tk2547', 'tk2559']",,Repository DOI Temporary Embargo (embargo activation),Task
tk2534,,,,Outreach and Workshop Plans,Task
tk2535,,,,Collaborative Review Monitoring,Task
tk2536,0.8075,['tk2554'],,configuring Zenodo’s embargo settings (Zenodo embargo guidance),Task
tk2537,,,,wording for the reviewer-only access notice,Task
tk2538,,,,outreach summary and communications plan,Task
tk2540,0.8966,['tk2545'],,adapting the language for a general audience (for social media and the IACS press office) (general audience adaptation for the IACS press office and associated social platforms),Task
tk2541,,,,biweekly internal reviews,Task
tk2542,,,,coordinate the reminders and collate any relevant status updates shared by the editorial office,Task
tk2543,,,,circulate an immediate summary if there is a sudden change such as reviewer feedback arriving before checkpoint,Task
tk2544,,,,co-lead the outreach drafting,Task
tk2548,,,,confirm that reviewer-only private access remains intact,Task
tk2549,,,,share the finalized access statement text with the group,Task
tk2550,,,,set up a shared folder for outreach materials for collaborative drafting and version history,Task
tk2551,,,,biweekly updates,Task
tk2552,,,,organizing Thursday’s Google Meet,Task
tk2553,,,,setting collaborative draft environment,Task
tk2555,,,,updating compliance logs within the IACS data stewardship tracker,Task
tk2556,,,,embargo settings demonstration,Task
tk2557,,,,journal communications,Task
tk2558,,,,stakeholder outreach,Task
tk2560,,,,logging embargo confirmation in the IACS data tracker,Task
tk2561,,,,sharing embargo compliance language with the JOCCH editorial office,Task
tk2563,,,2020-09-18,shape general audience release,Task
tk2564,,,,review outreach materials for accuracy and adapt embargo language,Task
tk2565,,,,prepare brief embargo status statement to append to all initial releases,Task
tk2566,,,,biweekly internal email check-in,Task
tk2567,,,,circulate internal reminders,Task
tk2568,,,,convene immediate group discussion if reviewer feedback is received,Task
tk2569,,,2020-09-18,draft Oxford/Stanford departmental abstract,Task
tk2570,,,,coordinate internal reminders,Task
tk2571,,,2020-09-19,prepare IACS/social media version,Task
tk2572,0.8049,['tk2598'],,monitor for any editorial office embargo queries (embargo monitoring),Task
tk2573,,,,coordinate content review,Task
tk2574,,,,oversee data compliance status,Task
tk2575,,,,review outreach drafts before external release,Task
tk2576,,,,coordinating outreach timeline,Task
tk2577,,,2019-09-12,issuing detailed minutes from 12 September meeting,Task
tk2578,,,2019-09-19,outreach draft preparation,Task
tk2579,,,,,Task
tk2580,,,,providing input on technical clarity and embargo status language,Task
tk2581,,,,iterating on outreach materials,Task
tk2582,0.8483,"['tk2619', 'tk2637', 'tk2639', 'tk5471', 'tk5481']",,circulate editorial notifications or clarifications regarding JOCCH submission via email (response from the JOCCH editorial office),Task
tk2583,,,,research-focused outreach summary for the Oxford and Stanford departmental channels,Task
tk2584,,,,novel NLP benchmarks for South Asian historical corpora,Task
tk2585,,,,post-publication resource release and collaboration opportunities,Task
tk2586,,,,IACS/general audience version,Task
tk2588,,,,harmonization of outreach versions,Task
tk2589,,,2019-09-21,synthesize both versions,Task
tk2590,,,,drafting and uploading both the general audience and research-focused outreach summaries,Task
tk2592,,,,onward compliance review,Task
tk2593,,,,advertise the full dataset/public access link via all mentioned institutional channels upon embargo expiry,Task
tk2594,,,2020-09-26,synthesis review and planning for external dissemination,Task
tk2595,,,2019-09-22,review and accept or edit tracked changes,Task
tk2596,,,,finalize both outreach versions for clearance with institutional press and outreach offices,Task
tk2597,,,,outreach summaries,Task
tk2599,,,,anticipated Q&A for external queries,Task
tk2600,,,,final sign-off before submission to press and outreach offices,Task
tk2601,0.8087,['tk2633'],,coordinate press office clearances at Oxford and Stanford (press office preparations at Oxford and Stanford),Task
tk2603,,,,final institutional clearance for outreach materials and scheduling public release in coordination with JOCCH editorial timeline,Task
tk2604,,,,review embargo monitoring and media query protocols,Task
tk2605,,,,preliminary discussion on next steps should we receive initial reviewer feedback on SUB-JOCCH-2022-0362,Task
tk2606,0.8002,['tk2892'],,submit the Oxford and Stanford outreach versions to their respective press offices (confirm formal submission to institutional communications/press teams),Task
tk2607,,,,notify the group as soon as institutional press officers confirm scheduling details,Task
tk2608,0.8245,['tk2612'],,maintain the embargo monitoring log and coordinate with press teams to handle prospective queries (maintain embargo log and handle communications tracking),Task
tk2609,,,,oversee final QA on all public-facing text and ensure compliance with JOCCH and home institution guidelines,Task
tk2610,,,,convene an immediate group call to coordinate response strategy if substantive feedback or revisions are requested,Task
tk2611,,,,liaise with respective press offices and keep the group updated on timelines,Task
tk2615,,,2019-10-14,plan a brief progress review call,Task
tk2616,,,,simultaneous international outreach,Task
tk2617,,,,liaising with communications teams,Task
tk2620,0.832,"['tk2627', 'tk2628', 'tk2642', 'tk2660', 'tk2865', 'tk2919', 'tk5485']",,assess press office readiness and embargo log for outreach synchronization (coordinated media outreach),Task
tk2621,0.85,['tk5823'],,discuss contingency language for outreach statements if the submission decision is delayed (Q&A and contingency planning if schedules or data access are delayed),Task
tk2622,,,,assign clear handover protocols for urgent queries from the journal or media,Task
tk2623,,,,confirm Oxford press office’s scheduling flexibility for rapid release,Task
tk2624,,,,provide additions from Stanford’s end,Task
tk2626,,,,embargo monitoring infrastructure,Task
tk2629,,,,Oxford press office readiness and outreach material clearance,Task
tk2630,,,,briefing the media team about embargo expiry and release synchronization with Stanford and IACS,Task
tk2631,,,,supplementing the Q&A briefing with clarifications on historical data handling in cross-jurisdictional projects,Task
tk2632,0.8525,"['tk2636', 'tk2640']",,add a forward-looking item on joint JCDL 2022 presentations to the agenda (discuss future joint presentations),Task
tk2634,0.8506,"['tk2614', 'tk2661', 'tk2668', 'tk2675', 'tk2685']",2025-10-14,collaborative review and improvements to the embargo monitoring log (setting up the embargo log),Task
tk2635,,,,public release synchronization upon embargo expiry,Task
tk2638,0.8627,"['tk2643', 'tk2648']",,prepare a brief technical update on the embargo monitoring log,Task
tk2641,,,,Status review of JOCCH submission/editorial communications,Task
tk2644,,,,Additional discussion on JCDL 2022 and related dissemination plans,Task
tk2645,,,2022-10-09,circulate the new Google Meet link,Task
tk2646,,,,,Task
tk2647,,,,"review and harmonization of press/outreach strategies among Oxford, Stanford, and IACS",Task
tk2649,,,,forward-planning for a joint submission or presentation at JCDL 2022,Task
tk2650,,,2022-10-14,circulate the embargo log snapshot,Task
tk2651,0.8528,"['tk3522', 'tk3730', 'tk4291']",2022-10-13,initial analytics and outlining discussion framework for the debrief (propose any further agenda items),Task
tk2652,0.8221,['tk2657'],,QA review of the final outreach draft (final QA on all outreach statements),Task
tk2653,,,2019-10-16,progress review,Task
tk2654,,,,embargo enforcement,Task
tk2655,,,,technical update and harmonization notes,Task
tk2656,,,,coordinating the Google Meet logistics and Oxford compliance,Task
tk2658,,,2020-05-26,embargo timeline management,Task
tk2659,,,,daily monitoring of shared inboxes and immediate information relay,Task
tk2662,0.8975,['tk2816'],,prospects for joint JCDL 2022 submission (jointly submitting to JCDL 2022),Task
tk2663,,,2022-12-15,collaborative documentation folder for JCDL 2022 abstract themes and dataset extensions,Task
tk2664,,,2022-10-22,draft shared follow-up template for unforeseen press queries,Task
tk2665,,,2022-10-25,open JCDL 2022 joint documentation workspace,Task
tk2666,,,,touch base with Oxford’s legal counsel regarding embargo expiry ramifications,Task
tk2667,,,2022-10-19,reply with additions or corrections to minutes,Task
tk2669,,,2019-10-20,review revised draft,Task
tk2670,,,2019-10-20,confirm that the revised terminology aligns with IACS communication policies,Task
tk2671,,,2019-10-20,identify compliance gaps from Oxford’s viewpoint,Task
tk2672,,,2019-10-20,jointly lock in all approved edits,Task
tk2673,,,,archive finalized log and use as official compliance reference,Task
tk2674,,,,circulate a summary sheet outlining all key harmonization decisions,Task
tk2676,,,,sharing the draft update to the embargo monitoring log (ver. 18Oct2022),Task
tk2677,,,2022-10-18,initial review of the embargo monitoring log,Task
tk2678,,,,terminology and process alignment in sections relevant to the IACS press office and India-facing communications,Task
tk2679,,,,adding marginal notes in Sheet 2 regarding two protocol sequences for incoming unanswered media queries,Task
tk2680,,,,circulating the press query response template,Task
tk2681,0.7911,['tk2682'],2022-10-20,formal acceptance of the harmonized version of the embargo monitoring log (joint sign-off on the harmonized embargo monitoring log),Task
tk2683,,,,archiving a locked PDF copy with an audit trail in the shared directory,Task
tk2684,,,,onboarding IACS press office with access to the finalized harmonized log,Task
tk2686,,,2020-04-14,compliance check from the Oxford side,Task
tk2687,,,2020-04-14,approval and joint sign-off of the harmonized embargo log as version-locked for the JOCCH workflow,Task
tk2688,,,,archive the PDF master copy of the harmonized embargo log,Task
tk2689,,,,distribution of the harmonized embargo log to the Oxford press office,Task
tk2690,,,,notify communications teams,Task
tk2691,,,,circulation of the draft press query response template,Task
tk2692,,,,field Oxford-specific escalations,Task
tk2693,,,2020-04-14,embargo monitoring log maintenance for JOCCH workflow,Task
tk2694,,,2022-10-25,review the press query response template and suggest any institution-specific amendments,Task
tk2695,,,,propose proactive outreach scenarios for joint JCDL 2022 or ACL 2022 submissions,Task
tk2696,,,,Media Query Regarding Joint Dataset Release,Task
tk2697,,,,Real-Time Social Media Escalation,Task
tk2698,,,,External Collaborator Citation Requests,Task
tk2699,0.8329,"['tk2706', 'tk2729']",,expanding the set of proactive outreach scenarios within our draft press query response template (development of unified press query response template and scenario annex),Task
tk2700,,,,including explicit mention of Stanford’s Data Governance office,Task
tk2701,,,,tailor the language for U.S.-specific compliance,Task
tk2702,,,,adding brief notes in the shared “Working_Draft_Scenarios” document regarding GDPR-specific advisory language for EU-based inquiries,Task
tk2703,,,,adding procedures for referencing embargoed archival sources in response to sector-specific researcher requests,Task
tk2704,0.8166,['tk2711'],2019-10-29,integrate all feedback and prepare a unified version for sign-off (clean version consolidation) (compile the consolidated annex and circulate a unified draft),Task
tk2705,,,,,Task
tk2707,,,,supplement the section on early access requests with a note regarding India’s Right to Information provisions,Task
tk2708,,,,draft response pathway under the Media Queries Originating Under RTI heading,Task
tk2709,,,,protocol for rapid English-to-Hindi translation of key compliance messages,Task
tk2710,,,,append scenario supplement as a formal annex to the finalized press query response template,Task
tk2712,,,2022-10-30,final minor corrections or required endorsements from Oxford or Stanford,Task
tk2713,,,,formal distribution of the resource to IACS’s press/communications team,Task
tk2714,,,,coordinate parallel notifications at Oxford and Stanford,Task
tk2715,0.7777,['tk2719'],,managing public and media queries for upcoming JCDL 2022 and future collaborations (proactive communications for our JCDL 2022 and future submissions),Task
tk2716,0.8122,"['tk1953', 'tk1964', 'tk2613', 'tk2902', 'tk3759', 'tk3764', 'tk3924', 'tk4924', 'tk5113', 'tk5121', 'tk5214', 'tk5382', 'tk5461', 'tk676', 'tk834', 'tk909']",,sharing last-minute concerns or additional sections that could still be clarified in the next 24 hours (final approval),Task
tk2717,,,,finalization phase of harmonized press query response protocol,Task
tk2718,,,,seamless onboarding for all institutional communications teams,Task
tk2720,,,,distribution process of the unified template and scenario annex,Task
tk2721,,,,future revisions as we roll out this resource,Task
tk2722,,,,advancing research and public engagement objectives,Task
tk2723,,,,distribution across IACS,Task
tk2724,,,,coordinating at Stanford,Task
tk2725,,,,share feedback from the IACS communications team as the onboarding proceeds,Task
tk2726,,,,region-specific translation protocol,Task
tk2727,,,,append updates to the scenario annex,Task
tk2728,,,,distribution milestones and initial feedback during onboarding,Task
tk2730,,,,onboarding process at IACS,Task
tk2731,,,2022-11-01,"familiarization session on scenario annex sections concerning region-specific press outreach, RTI-triggered requests, and embargoed dataset clarifications",Task
tk2732,,,,translation advisory for Hindi communications,Task
tk2733,,,,adaptational planning to integrate workflows into standard press response training modules,Task
tk2734,,,,inclusion of a Frequently Asked Questions section summarizing standard responses in future annex update,Task
tk2735,,,,preparation for future major submissions,Task
tk2736,0.8743,['tk3713'],,periodic refreshes or additional documentation (further documentation),Task
tk2737,,,,JCDL 2022 submission deadlines,Task
tk2738,,,,initiate a shared document for draft FAQ entries,Task
tk2739,,,,"Review early feedback from IACS, Oxford, and Stanford press/legal teams",Task
tk2740,,,,Outline the structure and content of an FAQ annex,Task
tk2741,,,,Identify additional scenario requirements for the lead-up to JCDL 2022 and possible future conference/journal submissions,Task
tk2742,,,2024-11-10,upload example FAQ entries to shared drive,Task
tk2744,,,,share Stanford’s media FAQ templates for the consortium,Task
tk2745,,,,extract and anonymize several sample questions and responses from Oxford’s most recent FAQ cycle,Task
tk2746,,,,"synchronize sample questions and responses with categories (embargo, co-publication, citation, and open access)",Task
tk2747,,,2025-11-10,upload a draft to the consortium’s shared folder (“PressQuery_FAQ_Drafts”),Task
tk2748,,,,share a preliminary set of IACS or India-specific FAQ materials,Task
tk2749,,,,arrange calendar and ensure appropriate materials are ready for review for the meeting,Task
tk2750,,,,,Task
tk2751,,,2019-11-10,upload preliminary IACS FAQ suggestions as a subfolder to “PressQuery_FAQ_Drafts”,Task
tk2753,,,,,Task
tk2754,,,,,Task
tk2755,,,,,Task
tk2756,,,,,Task
tk2757,,,,,Task
tk2758,,,2019-11-11,upload initial set of draft FAQ entries to the “PressQuery_FAQ_Drafts” shared folder,Task
tk2759,,,2019-11-13,review others’ contributions and leave margin comments or suggestions,Task
tk2760,,,2019-11-01,integration into the Unified Press Query Protocol,Task
tk2761,,,,finalize the FAQ component,Task
tk2762,,,,prepare for external engagement as JCDL 2022 approaches,Task
tk2763,,,2024-11-13,double-check uploads and drafts,Task
tk2764,,,,"consolidating a clear, consortium-appropriate default policy for metadata sharing",Task
tk2765,,,,"version the FAQ document going forward, to accommodate policy changes post-JCDL 2022",Task
tk2766,,,,FAQ annex working session,Task
tk2767,,,,press protocol coordination,Task
tk2768,,,,JCDL 2022 preparations,Task
tk2769,,,,initiate a changelog template,Task
tk2770,,,,draft an update protocol post-JCDL 2022,Task
tk2771,,,2019-11-20,harmonize discrepancies regarding region-specific RTI timelines and citation formatting,Task
tk2772,0.8384,['tk2777'],2019-11-20,circulate an integrated draft FAQ annex,Task
tk2773,,,2019-11-18,supply concise US FERPA and Stanford-specific disclaimer footnotes,Task
tk2774,,,2019-11-20,synthesize a bullet-point section for standard metadata dissemination protocols,Task
tk2775,,,,post the draft update protocol for consortium FAQ revisions,Task
tk2776,0.7655,['tk3429'],,integrating FAQ suggestions into the participant handouts (integration of the FAQ),Task
tk2778,,,,release of personally identifiable information from student records for research or press purposes,Task
tk2779,,,,pre-publication sharing of Stanford-origin data,Task
tk2780,,,2025-11-23,review integrated draft of FAQ annex and leave in-document comments or forward minor corrections,Task
tk2781,,,,indicate suggested revisions as tracked changes or highlighted notes for substantive regional policy changes,Task
tk2782,,,2025-11-30,schedule a brief check-in (30 mins) to finalize the annex for submission along with the Unified Press Query Protocol,Task
tk2783,,,2025-11-30,finalize the annex for submission along with the Unified Press Query Protocol,Task
tk2784,,,,policy confirmation with communications or legal teams,Task
tk2785,,,,press protocol integration,Task
tk2786,,,,FAQ version changelog and update protocol post-JCDL 2022,Task
tk2787,,,,metadata dissemination (pre- and post-publication),Task
tk2788,,,,harmonize outstanding discrepancies (RTI processing timelines and UKRI mandates) asynchronously,Task
tk2789,,,,"Embargo Policy and Citation Permissions handling for region-specific nuances (India, UK, US)",Task
tk2790,,,,RTI processing timelines,Task
tk2791,,,,UKRI mandates,Task
tk2792,0.8427,"['tk2798', 'tk2806', 'tk3070']",2022-11-01,submit thoroughly vetted FAQ annex on schedule (draft FAQ list),Task
tk2793,,,2022-11-23,final statement from press affairs office,Task
tk2794,0.8455,"['tk2799', 'tk2807']",2024-11-23,draft concise use-case box with examples of appropriate metadata disclosures (drafting the metadata use-case box),Task
tk2795,,,2024-11-23,circulate addition as an insert in the protocol section for comments,Task
tk2796,,,,seeking prompt confirmation from press liaisons on RTI/UKRI timeline notes,Task
tk2797,0.817,['tk2801'],,version control appendix recommendations to distinguish major from minor FAQ revisions with explicit visual cues and dedicated changelog notes (modify Appendix A to distinguish major from minor FAQ updates),Task
tk2800,,,,propose clarifying sentence on the relationship between embargo end-dates and citation permissions in rolling co-publication scenarios,Task
tk2802,,,,pending confirmation of RTI contacts,Task
tk2803,,,,legal sign-off from each institution,Task
tk2804,,,,draft an agenda and compile open items,Task
tk2805,,,,final round of feedback,Task
tk2808,,,,clarifying institutional details,Task
tk2809,,,,engaging local liaison offices for final input,Task
tk2810,,,,,Task
tk2811,,,,annotate the draft insert,Task
tk2812,,,,prepare a short checklist of outstanding items,Task
tk2813,,,,finalizing our submission for JCDL 2022,Task
tk2814,,,,style and integrate the use-case box into the protocol and add visual cues for major vs. minor updates in the changelog,Task
tk2815,,,2022-11-25,approve the annex for consortium submission,Task
tk2817,,,,final check-in meeting,Task
tk2818,,,,Final Language Review,Task
tk2820,,,,Submission Package Readiness,Task
tk2821,,,,Submission Logistics,Task
tk2822,,,,Any Other Business,Task
tk2823,,,,JCDL 2022 portal upload,Task
tk2824,,,,draft a brief cover letter for Sunita’s signature,Task
tk2825,,,2020-05-17,submit final package via JCDL 2022 portal,Task
tk2826,,,,double-check PDF formatting before final upload,Task
tk2827,,,,confirm receipt of submitted files and acknowledge the submission email,Task
tk2828,,,,draft press engagement note for circulation upon acceptance,Task
tk2829,,,2020-05-17,finalized FAQ annex and supplementary materials submission,Task
tk2830,0.7912,['tk2866'],,coordinate on a draft for the press engagement note and embargoed announcement (draft an embargoed press release),Task
tk2831,,,2020-07-20,initial decision notifications,Task
tk2834,0.8077,"['tk3717', 'tk3767', 'tk4070', 'tk5944', 'tk5949']",2022-02-25,Sunita’s plan for compiling and harmonizing the draft response to reviewers (Response Letter Strategy),Task
tk2835,0.8344,['tk2842'],,scenario annotation addressing stakeholder engagement strategies for non-English-speaking press teams (Stakeholder Engagement for Non-English Media),Task
tk2836,,,,draft the requested scenario annotations for Section 4,Task
tk2837,,,,Typographical Corrections,Task
tk2838,,,,review Section 2.3 and the version changelog appendix for minor typographical issues,Task
tk2839,0.846,['tk2847'],,"update legal references in the appendix, including hyperlinking the RTI and FERPA supporting documents (update the references to supporting legal documentation for RTI and FERPA, adding hyperlinks)",Task
tk2840,,,2022-02-19,consolidated walkthrough (Google Doc comments and tracked changes),Task
tk2843,,,2025-02-15,incorporate the final text,Task
tk2844,,,,preparing a short cross-reference to the stakeholder engagement supplement in the legal exceptions appendix,Task
tk2845,,,2025-02-18,confirm final annotation version acceptability,Task
tk2846,,,,incorporate unified annotation into Section 4 and update the submission,Task
tk2848,,,,review Google Doc’s tracked changes and check formatting consistency,Task
tk2849,,,2025-02-20,coordinate a final asynchronous review in the shared Google Doc with comments closed,Task
tk2850,0.8569,['tk3201'],2025-02-18,arrange a brief call to discuss outstanding points,Task
tk2852,,,,integrating all outstanding revisions and facilitating consensus on the Section 4 annotation,Task
tk2853,,,,formatting review of the shared Google Doc,Task
tk2854,,,2019-02-20,closing the Google Doc for further edits,Task
tk2856,,,,support the press engagement draft,Task
tk2858,,,2022-02-25,final JCDL deadline,Task
tk2859,,,,coordinated communication to institutional press offices regarding this work’s acceptance,Task
tk2860,,,,editorial checks for print formatting and compliance,Task
tk2861,,,,drafting a brief communication to institutions’ press contacts to coordinate announcement timing,Task
tk2862,,,,quick review of the drafted communication before it is sent out,Task
tk2863,,,2020-08-07,final author review of proof,Task
tk2864,,,,,Task
tk2867,0.8942,['tk2873'],,"provide contextual statements on IACS’s NLP research initiatives, particularly in relation to the RTI use-cases (NLP research initiatives in relation to the RTI use-cases)",Task
tk2868,,,,supply a succinct comment on the Stanford repository’s role in the project,Task
tk2869,,,,share the formal template or any style guidance required by the IACS press office,Task
tk2870,,,,provide feedback on the initial draft press release,Task
tk2871,0.8044,"['tk2886', 'tk2893', 'tk2897', 'tk2904']",2019-03-01,"reconvene to confirm coordinated release date, aligned with the JCDL program’s official announcement schedule (synchronize the release according to the JCDL program schedule)",Task
tk2872,,,,showcasing the fruits of this collaboration,Task
tk2874,,,,prepare first draft of JCDL 2022 press release,Task
tk2876,,,,coordinate with IACS communications team for press release,Task
tk2877,,,,joint press release,Task
tk2878,,,,JCDL submission,Task
tk2879,0.8131,['tk2875'],2025-03-02,review the draft and provide tracked comments and suggestions in the Google Doc (review JCDL 2022 press release via Google Docs),Task
tk2880,,,,drafting and refining the press release for our JCDL 2022 paper,Task
tk2882,,,,"circulate the finished draft to all participating press offices (IACS, Stanford, Oxford) in parallel to expedite compliance review",Task
tk2883,,,,announcement go live,Task
tk2884,,,,session at JCDL 2022,Task
tk2885,0.8137,['tk2907'],2020-08-08,press release submission process,Task
tk2887,,,,respond to follow-up queries from communications teams,Task
tk2889,,,,legal compliance,Task
tk2890,,,,upload and formal submission of finalized press release file to the IACS Press and Public Relations Office,Task
tk2891,,,,finalize compliance and factual vetting,Task
tk2894,,,,confirm receipt from institutional teams,Task
tk2895,,,,handle last-minute adjustments or additional documentation requested from IACS or partner offices,Task
tk2896,,,,Stanford internal vetting of press release,Task
tk2898,,,,inform each other promptly as formal approvals come through at all three institutions,Task
tk2899,,,,submission of the finalized press release draft to the University of Oxford’s Public Affairs Directorate,Task
tk2900,,,,internal vetting process,Task
tk2901,,,,quick legal check,Task
tk2903,0.8253,['tk2924'],,inform group when Oxford’s clearance comes through or if there are comments to adjudicate (notify all of you upon receipt of Oxford’s final approval or feedback),Task
tk2905,,,,press release submission to IACS and Stanford’s communications teams,Task
tk2906,,,,keeping everyone up to date on anticipated timelines,Task
tk2908,,,,confirm approvals or requests for changes from press offices,Task
tk2909,,,,reconvene for a brief video meeting to adjudicate and harmonize changes,Task
tk2910,0.8564,['tk2932'],,dispatch the “all-clear” notification to the JCDL communications liaison (circulate a final all-clear email to the JCDL communications liaison),Task
tk2911,,,,share supplementary documentation or background in the shared folder,Task
tk2912,,,,JCDL 2022 press release,Task
tk2913,0.8167,['tk2921'],,notify Christine when the release timeline is set (synchronized release window determination),Task
tk2914,,,,prep media lists and finalize embargo compliance,Task
tk2915,,,,provide formal approval from press offices,Task
tk2916,,,,unified update system and simultaneous dissemination,Task
tk2918,,,,short check-in to align on announcement timing and communicate the all-clear,Task
tk2920,,,,Stanford University’s Office of Communications approval of JCDL 2022 press release,Task
tk2922,,,,share IACS’s official approval and centralize all documentation in the shared folder,Task
tk2923,,,,maintain seamless updates among the partners via outlined protocol,Task
tk2925,,,,schedule internal “all-clear” email and external announcement after Oxford’s sign-off,Task
tk2926,0.7849,['tk2928'],,brief Google Meet/Zoom to harmonize residual details and fix synchronized release date (schedule a brief Google Meet or Zoom call),Task
tk2927,,,,prepare draft “all-clear” notification for the JCDL 2022 communications liaison,Task
tk2929,,,,finalize the announcement date,Task
tk2930,0.7722,['tk2941'],,coordinate with the Oxford media team on embargo compliance (coordinating with Oxford’s media team),Task
tk2931,,,,notify Oxford media team of joint announcement timeline,Task
tk2933,,,,"circulate the final, approved version of the release to all three communications offices for internal preparation",Task
tk2934,,,,final synchronization,Task
tk2935,,,,Google Meet scheduling,Task
tk2936,,,,confirming the precise announcement date and time,Task
tk2937,,,,reviewing embargo logistics required by the media offices,Task
tk2938,,,,designating points of contact for each institution during the external launch window,Task
tk2939,,,,emailing respective communications office with final confirmation of timing and internal “green light” memo,Task
tk2940,,,,uploading official approvals and maintaining order in the shared drive,Task
tk2942,,,,managing the Doodle scheduling,Task
tk2943,,,2020-08-19,press release,Task
tk2944,,,2020-08-18,send unified all-clear to the JCDL program communications liaison,Task
tk2945,,,,circulate the finalized logistical checklist and release version to all institutional teams,Task
tk2946,,,2020-08-19,prepare a press monitoring sheet for tracking pick-up across media outlets and share with the group,Task
tk2947,,,,monitor institutional inboxes for post-release media requests and coordinate responses,Task
tk2948,,,,send internal confirmation to respective press offices after the external all-clear is dispatched,Task
tk2949,,,,immediate notification via WhatsApp and group email thread if last-minute issues arise within 12 hours of launch; possible decision to delay by max 24 hours,Task
tk2950,,,,serve as institutional media liaison for urgent queries on launch day,Task
tk2951,,,,JCDL 2022-related press release,Task
tk2952,,,,simultaneous international media announcement,Task
tk2953,,,2020-08-19,public dissemination of press release,Task
tk2954,,,,handle queries arising on and immediately after release,Task
tk2955,,,,oversee external academic communications,Task
tk2956,,,,inclusion of the project announcement in next major conference bulletin,Task
tk2957,,,,simultaneous publication of JCDL 2022 press release,Task
tk2958,,,2019-03-21,follow-up newsletter,Task
tk2960,,,,press release phase,Task
tk2961,,,,coordinated launch across institutions,Task
tk2962,,,,post-release protocol,Task
tk2963,,,,prepare the press monitoring sheet,Task
tk2964,,,,log significant mentions or coverage,Task
tk2965,,,,internal reporting,Task
tk2966,,,,demonstrating impact to funding agencies,Task
tk2967,,,,supporting future joint proposals,Task
tk2968,,,,further contributions to the JCDL conference bulletins,Task
tk2969,,,,share specific quotes or assets,Task
tk2970,0.8429,['tk4802'],,complete the submission process on schedule (coordinate timely submissions),Task
tk2971,,,,provide summary materials or press data for IACS reporting purposes,Task
tk2973,,,,log media mentions and press coverage of JCDL 2022 announcement,Task
tk2974,0.8116,"['tk3286', 'tk3329', 'tk3389', 'tk4193']",,"maintaining accessible, up-to-date materials on the shared drive (organizing the materials on the shared drive)",Task
tk2975,,,,coordinating with media office,Task
tk2976,,,2023-03-31,provide a comprehensive summary,Task
tk2977,,,,distribution of assets through the upcoming JCDL bulletin,Task
tk2978,,,,JCDL program newsletter,Task
tk2979,,,2022-03-23,review draft quotes,Task
tk2980,,,,provide summary statements or bullet points from IACS,Task
tk2981,,,,finalize all content for the JCDL communications team,Task
tk2982,,,,bridging the academic and public history divide,Task
tk2983,,,,enabling digitized archives in regional languages to be more broadly searchable and accessible,Task
tk2984,,,,building multilingual tools for less-resourced cultural datasets,Task
tk2985,,,,,Task
tk2986,,,,editorial leadership on the JCDL 2022 program newsletter,Task
tk2987,,,,"submit consolidated quotes, summary statements, and chosen visuals to the JCDL communications team",Task
tk2988,,,,upload introductory project blurbs or additional images from Oxford or IACS,Task
tk2989,,,,tracking bulletin updates via monitoring sheet,Task
tk2990,,,,reconvene for a brief call to strategize media follow-up and discuss upcoming conference presentations,Task
tk2992,,,2019-03-26,final review of JCDL 2022 program newsletter draft,Task
tk2993,,,2019-03-26,confirm accuracy and request corrections,Task
tk2994,,,2019-03-26,annotate feedback in the linked review document,Task
tk2995,,,2019-03-26,reply to this message with required changes,Task
tk2996,,,,,Task
tk2997,,,,,Task
tk2998,,,,,Task
tk3000,,,,content/preparation for possible conference live session,Task
tk3001,,,,"outreach priorities (supplementary blog posts, social media campaigns)",Task
tk3002,,,,task distribution ahead of the JCDL mainstage,Task
tk3003,,,,review media tracking results,Task
tk3004,,,,"indicate availability for a call on Monday, 31 March or Tuesday, 1 April",Task
tk3005,,,,forward draft talking points or outreach materials,Task
tk3006,,,,plan project dissemination phase,Task
tk3007,,,,set up a Zoom room for the call,Task
tk3008,,,,assess need for further institutional press releases,Task
tk3009,,,,participate in upcoming live project spotlights and thematic media sessions,Task
tk3011,,,,field questions from digital library and computational linguistics communities,Task
tk3012,,,,check for potential scheduling conflicts with colleges or labs,Task
tk3014,,,,call scheduling for the live project spotlight,Task
tk3015,,,,agenda preparation for the live session,Task
tk3016,0.807,['tk3027'],,upload a preliminary set of slides and the most recent social media engagement analysis to the shared drive (upload draft slides and engagement analysis),Task
tk3017,,,,review slides in advance and discuss division of speaking roles and media responsibilities,Task
tk3018,,,,circulate institutional angles notes (recent coverage or future partnerships),Task
tk3019,,,,prepare media tracking summary and potential targeted press materials ahead of the mainstage,Task
tk3020,,,,confirm the date and time for the call,Task
tk3021,0.857,['tk3032'],,strategy call for the JCDL 2022 live project spotlight (JCDL live project spotlight strategy),Task
tk3022,,,,"Content focus for the live project spotlight—highlighting advances in multilingual NLP for historical datasets, and refining key messages for broad relevance",Task
tk3023,,,,"Supplementary outreach: Social media plan, potential blog posts, and prioritization of target channels",Task
tk3024,,,,"Division of speaking and moderation roles, including identification of team representatives for Q&A",Task
tk3025,,,,Review of newsletter media analytics and discussion of press release timing,Task
tk3026,,,,Coordination on upcoming deadlines for JCDL mainstage contributions and associated communications,Task
tk3028,,,,review draft slides and suggest possible framing based on recent Oxford feedback,Task
tk3029,,,,present department-level collaborations or recent media references,Task
tk3030,,,,prepare summary of the IACS media tracking data for newsletter spotlight,Task
tk3033,,,,outreach discussion,Task
tk3034,,,,"finalize a compelling, targeted approach for the JCDL project spotlight and related communications",Task
tk3035,,,,Zoom call,Task
tk3036,,,,live spotlight session,Task
tk3037,0.8263,"['tk3167', 'tk4095', 'tk4113', 'tk4116', 'tk4218', 'tk4228', 'tk4276', 'tk5033']",,preliminary slide and materials development (JCDL session),Task
tk3038,0.8861,"['tk3039', 'tk3047']",,highlight the multilingual benchmarking and cross-institutional data sharing protocols,Task
tk3041,,,,follow-up event on “Responsible NLP for Cultural Heritage.”,Task
tk3042,,,,review the final slides and analytics,Task
tk3043,,,,circulate short links to the relevant press coverage,Task
tk3044,,,,prepare additional updates or angles,Task
tk3045,,,,downstream collaboration,Task
tk3046,,,,integrating metadata extraction tools in NDAI processing pipeline,Task
tk3048,,,,mention joint protocol emphasizing standardization and privacy features,Task
tk3050,,,,ensuring spotlight presence is impactful and future-oriented,Task
tk3052,,,2022-04-04,finalize the live session slide deck,Task
tk3053,,,2022-04-05,circulate draft text for departmental releases,Task
tk3054,,,,condense newsletter traffic and regional uptake into two visual slides,Task
tk3055,,,,review and suggest edits to media analytics slides,Task
tk3056,,,,respond to technical-methodological questions,Task
tk3057,0.801,"['tk5579', 'tk950', 'tk970']",,moderated Q&A based on pre-submitted and live attendee questions (Q&A moderation),Task
tk3059,,,,Responsible NLP for Cultural Heritage workshop proposal,Task
tk3060,0.7951,['tk3086'],2022-04-04,consolidation effort for the final deck and FAQ list (finalize slide deck and FAQ list),Task
tk3061,,,,coordinate IACS press release timeline and prepare infographic slides,Task
tk3062,,,,draft Oxford press note and compile audience engagement queries,Task
tk3063,,,,liaise with NDAI and share final user feedback summary,Task
tk3064,,,,have all materials ready for internal review by the end of this week,Task
tk3065,,,,cross-continental NLP collaborations,Task
tk3066,,,,NDAI partnerships,Task
tk3068,,,,early benchmark comparisons tailored for diverse JCDL audience backgrounds,Task
tk3069,,,2022-04-04,completed slide deck,Task
tk3071,,,,infographic summaries,Task
tk3072,0.8308,"['tk3081', 'tk3093']",,Oxford press note drafting (Oxford draft press note),Task
tk3073,,,,Stanford-specific revisions for North American outreach,Task
tk3074,,,,infographic slides,Task
tk3075,,,,brief internal rehearsal via Zoom after materials are finalized,Task
tk3076,,,,live session at JCDL,Task
tk3077,0.9736,['tk3078'],2022-04-04,upload the files to “JCDL2022_SpotlightPrep” (finalize the last visualizations),Task
tk3079,,,,offer peer feedback on draft infographic materials,Task
tk3080,,,,provide feedback on slide deck and FAQ synthesis,Task
tk3082,,,2022-04-07,finalize the updated NDAI feedback,Task
tk3083,,,2022-04-07,incorporate late-stage press or outreach developments,Task
tk3085,,,,media analytics visualization,Task
tk3087,,,2022-04-07,rehearsal scheduling,Task
tk3088,,,,review the complete slide deck at least 24 hours in advance,Task
tk3089,,,,share press note draft beforehand,Task
tk3090,,,2022-04-06,provide the finalized summary of NDAI user feedback and the press mention round-up from IACS,Task
tk3091,,,,integrate any necessary updates,Task
tk3094,,,2022-04-08,rehearsal session,Task
tk3097,,,,coordinate internal rehearsal logistics,Task
tk3098,0.8253,['tk5076'],,circulate the Zoom link and preliminary agenda (circulate the Zoom invite and agenda),Task
tk3099,,,,review updated master slide deck,Task
tk3100,,,,familiarize with latest content flow and note last tweaks,Task
tk3101,,,2022-04-07,share last-minute suggestions for technical content clarity or session logistics,Task
tk3102,,,,circulate the Zoom invite and a rehearsal agenda,Task
tk3103,,,,re-read the entire deck and rehearse my section with attention to timing and transitions,Task
tk3104,,,,address specific points in the analytics or impact portions,Task
tk3106,,,,"Quick check-in, role assignments, and session objectives",Task
tk3107,,,,Full run-through of entire slide deck,Task
tk3108,,,,"Transition and timing feedback, including audience engagement checks and Q&A drill",Task
tk3109,,,,"Final roundtable: open technical points, last-minute adjustments, press alignment",Task
tk3110,,,,internal rehearsal for JCDL 2022 spotlight session,Task
tk3111,,,2022-04-10,upload a condensed set of regional engagement charts,Task
tk3112,0.763,['tk3116'],,revise the FAQ slide to foreground the cross-platform benchmarking results (revisions to foreground the cross-platform benchmarking in the FAQ),Task
tk3113,,,2022-04-11,coordinate one more check with communications teams to ensure press releases are synchronized,Task
tk3114,0.8261,"['tk3121', 'tk4888', 'tk4892', 'tk4900', 'tk6088']",2022-04-11,circulate the full consolidated draft for asynchronous review among all authors (asynchronous review process),Task
tk3115,,,2022-04-10,review the new version on Slide 9 of the main deck,Task
tk3117,,,,review the FAQ slide along with the updated engagement visuals,Task
tk3118,,,,coordinating the final press release checks,Task
tk3119,,,,synchronization with communications offices,Task
tk3120,,,2022-04-11,unified distribution,Task
tk3122,,,,cross-platform benchmarking,Task
tk3123,,,,ethical model deployment,Task
tk3124,,,2022-04-11,review updated FAQ slide and condensed regional charts,Task
tk3125,,,2022-04-11,formal asynchronous sign-off,Task
tk3126,0.8169,"['tk1614', 'tk3105']",2022-04-11,coordinated press release publication in parallel with Oxford’s and Stanford’s local versions (press release synchronization),Task
tk3127,,,,final review and sign-off,Task
tk3128,0.8655,"['tk3134', 'tk3220']",,confirm successful submission to the JCDL session chairs (monitor the status of the submission),Task
tk3131,,,,final review by the IACS communications office,Task
tk3132,,,,coordination with the session chairs for our formal submission,Task
tk3133,,,,combined outreach efforts for further dissemination of research,Task
tk3137,,,,JCDL 2022 spotlight submission,Task
tk3138,,,,monitor the dedicated drive for correspondence from the organizing committee,Task
tk3139,,,,provide additional materials such as short bios or media abstracts,Task
tk3142,,,,draft a short summary of spotlight session for the conference website,Task
tk3143,0.8265,['tk3151'],,circulate current professional biography (share professional biography),Task
tk3144,,,,collectively review technological requirements for the live session,Task
tk3145,,,,provide prior JCDL logistical notes from IACS’s past participations,Task
tk3146,0.9013,['tk6115'],,Executive Summary drafting (session summary draft),Task
tk3147,,,,assemble a complete and cohesive set of professional biographies for submission,Task
tk3148,0.8185,"['tk3155', 'tk3163', 'tk3172']",,confirm outreach to JCDL organizers regarding technical or accessibility requirements (communication with the JCDL organizing team),Task
tk3149,,,,coordination call,Task
tk3150,,,,compilation of session summary and speaker biographies,Task
tk3152,,,,prepare .pdf and .pptx versions of presentation assets,Task
tk3153,0.8018,['tk3156'],,set up cloud-based backup folder for all presentation assets (prepare cloud-based backup folder for presentation assets),Task
tk3154,,,2025-04-15,coordination call scheduling,Task
tk3157,,,,share secure access link for backup folder,Task
tk3158,,,,draft message to conference organizers about technical or accessibility guidelines for spotlight sessions in 2022,Task
tk3159,,,,draft the session summary and incorporate all bios,Task
tk3160,,,,submission upon formal acceptance,Task
tk3162,,,,discuss backup procedures for presentation delivery and asset sharing,Task
tk3164,,,,synchronize on next steps once formal acceptance arrives,Task
tk3165,,,,coordination call to collectively review the session summary and asset checklist,Task
tk3168,0.8107,['tk3178'],,initiate a draft version of the pre-recorded spotlight presentation (drafting the pre-recorded presentation),Task
tk3169,,,,upload polished version of the session summary and compiled bios to the shared drive and send a final review notice to the team,Task
tk3170,,,,review slide deck for accessibility compliance and ensure alt-text is provided for all visuals,Task
tk3171,,,,distribute more detailed instructions including the link for mandatory tech-check registration,Task
tk3173,,,,compiling a clear list of action points,Task
tk3174,0.7934,['tk3202'],2025-04-20,auditing slide deck for accessibility,Task
tk3175,,,,"providing alt-text for every image, chart, and diagram",Task
tk3176,,,,reviewing colour contrast and font choices for screen-reader compatibility,Task
tk3177,,,2025-04-20,uploading revised slides to the shared drive,Task
tk3179,,,,commenting on and refining the pre-recorded presentation,Task
tk3180,,,,adding the finalized session summary and compiled biographies to the asset folder,Task
tk3181,,,,sending brief email notification once assets are uploaded,Task
tk3182,,,,communicating anticipated absences or timeline adjustments for deliverables,Task
tk3183,0.7871,['tk3161'],2022-04-20,review finalized session summary and consolidated speaker biographies (review and finalize session summary and speaker bios),Task
tk3184,,,2022-04-20,annotate minor issues in the documents,Task
tk3186,,,,Sunita’s preliminary video draft,Task
tk3187,,,,Ramesh’s accessibility-audited slides,Task
tk3188,,,,pre-recorded spotlight presentation preparation,Task
tk3189,,,,provide feedback on narration clarity and pacing,Task
tk3190,,,,provide feedback on slide accuracy and gaps in visual/audio content,Task
tk3192,,,,identify potential content overlaps or required additions,Task
tk3193,,,2022-04-22,add comments in the shared drive folder or email major suggestions,Task
tk3194,,,2022-04-24,coordinate a revised version of the video,Task
tk3195,0.8531,['tk3207'],,pre-recorded spotlight video preparation,Task
tk3196,,,,cross-lingual evaluation,Task
tk3197,,,,Ramesh's accessibility audit,Task
tk3198,,,,collaborative annotation workflow for multilingual corpora,Task
tk3199,,,,beginning edits to the video,Task
tk3200,,,2024-04-24,final collective review of revised video,Task
tk3203,,,,expedited feedback cycle on pre-recorded JCDL spotlight video,Task
tk3204,,,,exporting captions from a transcript prepared in Google Docs,Task
tk3205,,,,Michael’s technical verification,Task
tk3206,,,,final rendering of the video,Task
tk3208,,,,final editing,Task
tk3209,,,,upload the revised video,Task
tk3210,,,,expedited checks ahead of submission,Task
tk3211,,,,final revisions of JCDL pre-recorded spotlight video,Task
tk3212,0.8278,"['tk3185', 'tk3216', 'tk831']",2019-04-25,direct upload to the conference submission portal (upload to the conference portal),Task
tk3213,,,2019-04-24,provide critical last-minute observations,Task
tk3214,,,,brief sync-up before official submission,Task
tk3215,,,,collaborative annotation,Task
tk3217,0.8171,"['tk3013', 'tk3051', 'tk3067', 'tk3084', 'tk3092', 'tk3129', 'tk3135', 'tk3166']",2020-09-21,JCDL 2022 live project spotlight and associated communications work (spotlight at JCDL),Task
tk3218,,,,coordinate a brief celebratory call,Task
tk3219,,,,disseminating our work more widely in advance of the event,Task
tk3221,,,,dissemination ahead of JCDL,Task
tk3222,,,,share a lightly redacted preprint,Task
tk3223,,,,,Task
tk3224,,,,outline a brief research note or demo for submission to a later venue,Task
tk3226,0.8828,['tk3235'],2019-06-01,scheduling a team call after acceptance notifications arrive (schedule a brief team call post-acceptance notification),Task
tk3227,,,,pre-conference dissemination,Task
tk3228,,,,sharing a redacted summary or teaser,Task
tk3229,,,,review a draft summary for wider communication,Task
tk3230,0.7793,['tk3262'],,drafting an error analysis note (Error Analysis Research Note),Task
tk3232,,,,propose a structure for a short research note,Task
tk3233,0.8107,['tk3225'],2019-06-01,organizing an online code sprint or tutorial post-conference (organizing a hands-on tutorial or community code sprint),Task
tk3234,,,,draft a call for interest and outline logistics,Task
tk3236,,,,align on JCDL presentation strategy,Task
tk3237,,,,discuss next steps for publications or outreach,Task
tk3238,,,,drafting outreach materials in the coming weeks,Task
tk3239,,,,current evaluations,Task
tk3240,,,,post-submission outreach and collaborative plans,Task
tk3241,,,,prepare dissemination and follow-up strategies,Task
tk3242,,,,sharing a high-level summary or analysis,Task
tk3243,0.8254,['tk3289'],,draft a blog-style summary (draft blog post),Task
tk3244,,,,review/edit blog-style summary,Task
tk3245,,,,extension to other venues,Task
tk3247,,,,provide guidance on which upcoming tracks would be most receptive,Task
tk3248,,,,position our extension as offering reusable tools/workflows for other cohort-based or multilingual historical datasets,Task
tk3249,,,,online hands-on session after JCDL,Task
tk3250,,,,tutorial for early-career researchers or archivists,Task
tk3251,,,,draft a tentative outline and timeline,Task
tk3252,,,,circulate outline and timeline to the rest of the group for further input,Task
tk3253,,,,all-hands meeting post-acceptance notification,Task
tk3255,,,,Error Analysis Extension,Task
tk3256,,,,pre-conference blog post,Task
tk3257,,,,concise research summary,Task
tk3258,0.7928,['tk3281'],,blog post structure with researcher perspectives (researcher perspective piece),Task
tk3259,,,,online tutorial post-JCDL,Task
tk3260,,,,interest survey within the UK/Oxford digital scholarship community,Task
tk3261,,,2020-09-30,Blog Post Draft,Task
tk3263,,,2020-05-15,initial structure and breakdown of OCR/multi-script evaluation,Task
tk3264,,,,co-develop a concise research note for the ACL System Demonstrations track,Task
tk3265,,,,Workshop Planning,Task
tk3266,,,,tutorial outline,Task
tk3267,0.8784,['tk5476'],,coordinate with university contacts in North America to broaden reach and ensure scheduling flexibility for participants (coordinate with the communications teams at Stanford and IACS for institutional press releases),Task
tk3268,,,2025-05-14,error analysis note outline circulation,Task
tk3269,,,,assembling tabulated results and qualitative notes from OCR and alignment evaluation experiments,Task
tk3271,,,2025-06-10,team call in June,Task
tk3272,,,,Doodle/When2Meet poll to finalize meeting slot,Task
tk3273,,,,OCR and alignment evaluation experiments,Task
tk3274,,,,ACL-style demo notes,Task
tk3275,,,,engaging the digital scholarship community at Oxford,Task
tk3276,,,,review of clarity and significance for the broader NLP audience,Task
tk3277,,,,post-JCDL submission plans,Task
tk3279,,,,synthesizing the qualitative findings into broader methodological themes,Task
tk3280,,,,communicate workflow’s adaptability to new historical corpora,Task
tk3282,,,,provide reflective statement on collaborative lessons or technical hurdles from the IACS standpoint,Task
tk3283,,,,workshop agenda scaffolding,Task
tk3284,,,,"identifying resources (code walkthroughs, demo datasets, accessibility checklists)",Task
tk3285,,,,"participant engagement strategies for workshops (interactive Q&A, hands-on modules)",Task
tk3287,,,2019-05-09,schedule a brief check-in meeting,Task
tk3288,,,2019-05-01,error analysis outline,Task
tk3290,,,2025-05-07,team check-in,Task
tk3291,,,,team check-in meeting scheduling,Task
tk3292,,,,"resource coordination via shared, version-controlled Google Drive folder",Task
tk3293,0.8439,['tk5630'],,blog post outline drafting (blog post drafting),Task
tk3294,0.8378,['tk3246'],2022-05-14,draft initial structure for the error analysis (error analysis structure),Task
tk3295,,,,adapt post-JCDL notification,Task
tk3296,,,,highlighting interoperability/multilinguality for ACL’s Demo Track,Task
tk3297,,,,dissemination deliverables alignment,Task
tk3298,,,,Michael’s draft blog post narrative: review process and timeline for feedback,Task
tk3299,,,,gathering and integrating researcher quotes (all co-authors),Task
tk3300,,,2026-05-14,circulate the structured document,Task
tk3302,,,,cross-institutional collaboration and community invitations,Task
tk3303,,,,version control and shared resource logistics,Task
tk3304,,,,address institutional requirements or updates regarding the JCDL notification,Task
tk3305,,,,populate shared Drive folder with tabulated OCR error metrics and draft notes on annotation challenges,Task
tk3306,,,,collaborative editing of Michael’s blog post outline document,Task
tk3307,0.8079,"['tk3270', 'tk3301', 'tk3324', 'tk3331']",,draft initial workshop/tutoring session agenda and upload one-page outline (workshop/tutorial agenda),Task
tk3308,,,,annotation challenges documentation,Task
tk3309,,,2022-05-10,integrate researcher perspectives/quotes into the main blog narrative,Task
tk3310,0.9625,['tk3323'],2022-05-10,provide viewpoint on community-driven annotation efforts from the IACS context,Task
tk3311,,,2022-05-10,share insights on cross-site workflow management,Task
tk3312,,,2022-05-10,elaborate on international collaborative dynamics,Task
tk3313,,,2022-05-11,final review and feedback on revised blog draft,Task
tk3314,,,2022-05-14,review outline of error analysis research note and suggest focal points for ACL Demo suitability,Task
tk3315,,,,support sections on methodological generalization in error analysis research note,Task
tk3316,,,2022-05-21,full draft development of error analysis research note,Task
tk3317,,,2022-05-10,collaborate on workshop agenda with emphasis on live demonstration and interactive Q&A,Task
tk3318,,,,liaise with Oxford’s Humanities Digital Scholarship Programme for cross-institutional outreach,Task
tk3319,,,2022-05-31,coordinate with North American academic contacts and collect preliminary interest feedback,Task
tk3320,,,,upload new working documents and datasets to the Historical NLP Dissemination & Outreach (JCDL 2022) folder,Task
tk3321,,,,keep all key drafts modular for rapid adjustment pending JCDL notification outcomes,Task
tk3322,0.8265,"['tk1446', 'tk3793', 'tk3804', 'tk3820', 'tk3830', 'tk3847', 'tk4050', 'tk4149', 'tk855']",2022-05-14,circulate Doodle poll to confirm availability for next full team meeting (organize a Doodle poll),Task
tk3325,,,2025-05-10,compile preliminary agenda,Task
tk3326,,,2025-05-10,upload preliminary agenda to the shared Drive and notify for feedback,Task
tk3327,,,,review current tabulated OCR error metrics and annotation notes,Task
tk3328,,,2025-05-14,circulate the structured research note outline,Task
tk3330,,,,indicate any potential constraints with upcoming dates or tasks,Task
tk3332,,,,focus session to integrate live demo and engagement components,Task
tk3333,,,,preliminary agenda preparation,Task
tk3334,,,,provide detailed feedback with special attention to participant engagement methodology,Task
tk3335,0.8228,['tk3346'],,breakout sessions for small-group problem-solving using sample OCR challenges,Task
tk3336,,,,incorporating a brief lightning talks format for audience contributions,Task
tk3337,,,,short segment on ethical data handling in historical NLP workflows,Task
tk3338,,,,aligning promotional mechanisms and time slots,Task
tk3339,,,,lead the drafting of a session feedback form,Task
tk3340,,,2026-05-15,detailed review and margin comments on the research note outline,Task
tk3341,,,,upload Sunita’s document,Task
tk3342,,,,ACL Demo-driven recommendations,Task
tk3343,,,,Opening Remarks & Goals,Task
tk3344,,,,Keynote Overview,Task
tk3345,0.7948,['tk3413'],,live demonstration of the OCR error correction module,Task
tk3347,,,,Interactive Q&A and Lightning Talks,Task
tk3348,,,,Ethics in Historical NLP Workflows,Task
tk3351,,,,"compiling supporting slides, sample datasets, and code notebooks",Task
tk3352,0.8079,"['tk3367', 'tk4644']",,uploading contributions to the shared Drive and flagging sections for group review (uploading materials to the shared Drive),Task
tk3353,,,,exploring options for asynchronous engagement,Task
tk3354,,,,providing detailed feedback on agenda,Task
tk3355,,,2019-05-12,reply with comments and suggested revisions,Task
tk3356,,,,finalize the agenda for outreach and registration preparations,Task
tk3357,,,,OCR/NER challenges,Task
tk3358,,,,annotation tasks,Task
tk3359,,,,"ethical data curation, annotation, and reproducibility",Task
tk3360,,,,annotation processes,Task
tk3361,,,,sharing code notebooks and datasets ahead of the event,Task
tk3362,0.8086,"['tk3365', 'tk5477']",,draft outreach messages for relevant mailing lists and community bulletins (draft outreach blurbs),Task
tk3363,,,,assist with promotional and technical logistics,Task
tk3364,,,,circulate a call for lightning talk volunteers,Task
tk3368,,,,draft a concise resource sheet,Task
tk3369,,,2025-05-13,confirm availability for the proposed time slot,Task
tk3371,0.7867,"['tk3349', 'tk3350', 'tk3366', 'tk3392', 'tk3396']",2025-05-16,draft the participant feedback and resource assessment form (feedback form design),Task
tk3372,,,,future reporting and improvement,Task
tk3373,,,,promotional campaign,Task
tk3374,,,,adapt the blurb for Oxford’s digital scholarship and computer science networks,Task
tk3375,0.8445,['tk3399'],,cross-post in relevant UK-based mailing lists and digital humanities forums (cross-posting in UK and digital humanities channels),Task
tk3376,,,2022-05-17,final feedback on materials,Task
tk3377,0.8378,"['tk3370', 'tk3380', 'tk3381', 'tk3394', 'tk3395']",2022-05-18,launch the outreach campaign and registration,Task
tk3378,0.7592,['tk3412'],2022-05-19,demo preparation internal run-through (internal demo run-through),Task
tk3379,,,2022-05-16,customization of Draft Feedback & Resource Assessment Form,Task
tk3382,,,,outreach phase,Task
tk3383,,,,adding FAQ on OCR/NER troubleshooting issues,Task
tk3384,,,,future workshop topics,Task
tk3385,,,,outreach for North American DH-NLP and ACL-NA Chapter mailing lists,Task
tk3386,,,2026-05-18,finalize outreach blurbs,Task
tk3387,,,2026-05-19,internal run-through,Task
tk3388,,,,test live captioning and screen sharing on Zoom,Task
tk3390,,,,build out FAQ for breakout sessions based on recurring queries from prior pilot events,Task
tk3391,,,,,Task
tk3393,,,2025-05-17,review all final materials in the Drive,Task
tk3397,,,,registration link confirmation,Task
tk3398,,,,official launch of registration,Task
tk3400,,,2019-05-19,test survey distribution and breakout flows,Task
tk3401,,,,review and circulate announcement documents,Task
tk3402,,,,,Task
tk3403,,,,North American and ACL-NA channel dispatch,Task
tk3404,,,,UK/Europe outreach launch,Task
tk3405,,,,institutional social media amplification,Task
tk3406,0.7723,"['tk4165', 'tk4248', 'tk941']",,session transitions run-through focusing on speaker handovers and timekeeping cues (Timed Dry-run of Slide Deck),Task
tk3407,,,,Live demonstration of OCR error correction and NER modules,Task
tk3408,,,,"Breakout room scenario test, including distribution of annotation packets and FAQ response handling",Task
tk3409,0.8367,['tk3418'],,"Accessibility features trial run (live captions, screen reader compatibility, alternative resources) (test of accessibility features)",Task
tk3410,,,,Review and simulate survey distribution/collection at session close,Task
tk3411,,,,"Open floor for final technical or logistic questions, with troubleshooting as needed",Task
tk3414,,,,NER module presentation,Task
tk3415,,,,real-time annotation guidance,Task
tk3416,,,,breakout room allocation and distribution of annotation packets,Task
tk3417,,,,simulate participant FAQ handling,Task
tk3419,,,,post-session survey distribution workflow,Task
tk3420,0.8163,['tk3433'],2025-05-22,preparing the supplemental PDF NER guide with updated accessibility features (provide a PDF variant of NER guide),Task
tk3421,,,2025-05-21,edit the breakout packet to reflect multi-lingual dataset annotation suggestion,Task
tk3422,,,,tracking registration numbers and initial participant queries,Task
tk3423,,,,prepare a troubleshooting email template and backup dataset links ahead of the live event,Task
tk3424,,,,confirm the accessibility performance on device,Task
tk3425,,,,prepare a plain-text alternative,Task
tk3426,,,2022-05-23,contingency email template,Task
tk3427,,,2022-05-23,backup dataset links,Task
tk3428,,,,contributing annotations for multi-lingual samples,Task
tk3430,0.805,"['tk3436', 'tk3448']",,logging participant queries into the “Inquiries” doc (logging preliminary participant queries),Task
tk3431,,,,dataset citation,Task
tk3432,,,,demo session timing,Task
tk3434,,,,testing the supplemental PDF NER guide with Mac OS VoiceOver and JAWS for Windows,Task
tk3435,,,,integration of multilingual annotation FAQ updates into the breakout packet,Task
tk3437,,,,emergency email template,Task
tk3438,,,,technical troubleshooting steps for North American time zones and browser-specific issues,Task
tk3440,,,,validate accessibility of supplemental NER guide,Task
tk3441,,,2026-05-24,check-in call,Task
tk3442,0.8667,['tk3439'],2026-05-24,review remaining logistics and contingency communication protocol (contingency communications protocol),Task
tk3443,,,,complete emergency email template and backup dataset links,Task
tk3444,,,,share emergency email template and backup dataset links in the Drive,Task
tk3445,,,,review troubleshooting steps,Task
tk3446,,,,draft checklist for browser and platform-specific technical support,Task
tk3447,,,,update breakout packet and participant resource handouts,Task
tk3449,,,,address common registration and technical questions at start of live event,Task
tk3450,,,,prepare workshop for seamless and inclusive experience,Task
tk3451,,,,final review of emergency email template and backup dataset links,Task
tk3452,,,,cross-check link accessibility from UK and US networks,Task
tk3453,,,,distribute browser/platform troubleshooting checklist to technical volunteers,Task
tk3454,,,,initiate a test send of the pre-event communication with real user simulation,Task
tk3455,,,,"screen sharing rotation, FAQ monitoring, breakout escalation path during live session",Task
tk3456,,,,short internal rehearsal for the first breakout scenario,Task
tk3457,,,2025-05-25,upload final browser troubleshooting doc,Task
tk3458,,,2025-05-25,confirm network accessibility and pre-event communications send-through,Task
tk3459,,,2025-05-26,review feedback or error reports from test simulations,Task
tk3460,,,,,Task
tk3461,,,2022-05-26,sending the official pre-event communication to all registered participants,Task
tk3462,,,,,Task
tk3463,,,,,Task
tk3464,,,,,Task
tk3465,,,,,Task
tk3466,,,,,Task
tk3467,,,,,Task
tk3468,,,,,Task
tk3470,,,,,Task
tk3471,,,,,Task
tk3472,,,,,Task
tk3473,,,,monitoring participant responses post-dissemination of the pre-event communication,Task
tk3474,,,,distill key concerns from the responses log,Task
tk3475,,,,draft succinct response templates,Task
tk3476,,,,group related questions and highlight those requiring tailored follow-up,Task
tk3477,,,2022-05-28,finalize Q&A strategy and confirm moderation roles,Task
tk3478,,,,grouping participant queries for live Q&A,Task
tk3479,,,,distilling major themes and preparing concise response templates,Task
tk3480,,,,finalize the protocol for escalating technical or accessibility questions in real time,Task
tk3481,,,,review the latest additions to our “Responses” log and flag institution-specific or outlier queries,Task
tk3482,,,,summarize any overnight messages from participants based in the Asia-Pacific region,Task
tk3483,,,,test run of moderation workflow by role-playing the most complex queries,Task
tk3484,,,,planning Q&A approach ahead of workshop,Task
tk3485,,,,citing the annotated historical datasets,Task
tk3486,,,,,Task
tk3487,,,,real-time accessibility support,Task
tk3488,,,,live escalation options for accessibility,Task
tk3489,,,,walk through themes and role-play escalation scenarios,Task
tk3490,,,,accessibility and citation protocols,Task
tk3491,,,,simulations for response templates,Task
tk3492,,,,finalizing moderation and escalation strategies,Task
tk3493,,,2022-05-30,Final review of the welcome and moderation slide decks,Task
tk3494,,,,Dry run of the first Q&A transitions directly prior to the live session,Task
tk3495,,,2022-05-30,Verify backup resource mirror links for global access,Task
tk3496,,,,Monitor live chat and support email throughout the event,Task
tk3497,,,,completion of the tests for both the main and backup resource mirrors from the Stanford (US-Pacific) network,Task
tk3498,,,,parallel confirmation from network in India,Task
tk3499,,,,formally mark this step as complete in shared event checklist,Task
tk3500,,,,review of the welcome and moderation slide decks,Task
tk3501,,,,adjustments to the introductory Q&A protocol summary,Task
tk3502,,,,finalizing slide on citation protocols,Task
tk3503,,,,last slide edits,Task
tk3504,,,,quick cross-check of the chat and support email channels,Task
tk3505,,,,"parallel set of tests from IACS (Kolkata, India) network",Task
tk3506,,,,downloads from non-university domains,Task
tk3507,,,,access from a mobile connection (Jio 4G),Task
tk3508,,,,access via institutional VPN,Task
tk3509,,,,urgent edit requests ahead of brief dry run and chat/email support channel verification,Task
tk3510,,,,backup moderation workflow,Task
tk3511,,,,successful launch and engaging sessions tomorrow,Task
tk3512,,,,workshop launch,Task
tk3513,,,,real-time “Responses” log monitoring,Task
tk3514,,,,technical troubleshooting guidance for breakout room access,Task
tk3515,,,,finalizing templates and escalation pathways for Q&A,Task
tk3516,,,2022-06-01,"debrief session to review live session analytics, collect initial feedback, and identify next steps for documentation and publication",Task
tk3517,,,,historical NER evaluation strategies,Task
tk3518,,,,consolidating initial participant analytics from the workshop platform,Task
tk3519,,,,sharing draft analytics and real-time feedback summaries in shared Google Drive folder,Task
tk3520,,,,adding direct participant messages or troubleshooting logs to the folder,Task
tk3521,,,,workshop report or joint manuscript submission,Task
tk3524,,,,,Task
tk3526,,,,,Task
tk3527,,,,,Task
tk3528,,,,,Task
tk3529,0.8227,"['tk3540', 'tk3552', 'tk3555']",,"Workshop Design & Accessibility Protocols – documentation of inclusive design, participant support pathways, and accessibility interventions",Task
tk3530,,,,triaging live accessibility requests,Task
tk3531,,,,open dataset dissemination in future events,Task
tk3532,,,,synthesizing a formal citation protocol,Task
tk3533,,,,drafting an outline for the workshop report,Task
tk3534,,,,refining the workshop report outline,Task
tk3535,0.783,['tk6139'],,dividing drafting responsibilities (delegate writing tasks),Task
tk3536,,,,establishing a timeline for a possible JCDL workshop proceedings or JOCCH submission,Task
tk3537,,,2020-11-04,first draft of manuscript,Task
tk3538,,,2020-06-10,check-in call to synchronize progress and discuss emerging questions,Task
tk3539,,,,Introduction & Motivation – Framing the historical NLP challenges and aims of the workshop,Task
tk3541,,,,"Dataset Overview – Description of the historical corpora provided, mirroring infrastructure, and lessons from cross-regional access",Task
tk3543,0.8504,['tk3553'],,"Participant Feedback Analysis & Outcomes – Synthesis of surveys, chat transcripts, and satisfaction metrics",Task
tk3544,,,,"Lessons Learned & Recommendations – Cross-cutting insights, future improvements, and citation protocols",Task
tk3545,,,,"Appendices – Example survey instruments, accessibility guidelines, and moderator scripts",Task
tk3546,,,2022-06-10,gather up-to-date submission deadlines and formatting guidelines for both JCDL 2022 and JOCCH,Task
tk3547,,,2022-06-10,coordinate the agenda and notes for a brief sync call,Task
tk3548,,,,begin compiling background literature and initial drafts for the Introduction,Task
tk3549,,,2020-11-23,proceedings submission,Task
tk3550,,,2022-09-01,submissions for 2022 inclusion,Task
tk3551,,,2022-06-10,Submission planning ahead of the 10 June meeting,Task
tk3556,,,,ongoing literature review for the Introduction,Task
tk3557,0.8765,['tk3558'],2022-06-10,coordinate 10 June agenda (coordinate the agenda),Task
tk3559,,,,compile the submission deadlines and guidelines,Task
tk3560,,,,Review progress and address any challenges in section drafting and literature integration,Task
tk3561,,,,Discuss lessons learned from the workshop to shape the overarching recommendations section,Task
tk3563,,,,"Confirm internal deadlines for section drafts, final integration, and figure/table standardization",Task
tk3564,,,2024-06-25,Plan for circulation of the near-final draft for group review,Task
tk3565,,,2024-06-08,flag any additional topics for the agenda by reply,Task
tk3566,,,,prepare an early “Q&A/Moderation” section draft to circulate pre-meeting,Task
tk3567,,,2025-06-08,final agenda items,Task
tk3568,,,2025-06-25,integrated review,Task
tk3570,,,,planning for final revisions and workflow for group review leading to submission,Task
tk3571,,,2025-06-08,reply with further topics or adjustments,Task
tk3572,,,,circulate a finalized agenda and accompanying materials,Task
tk3573,,,,draft a short guidance document for consistent in-text referencing and citation management across the report,Task
tk3574,,,,discussion and synthesis of Lessons Learned & Recommendations,Task
tk3575,,,,incorporate illustrative participant feedback or anonymized chat excerpts,Task
tk3576,,,,set a tentative template for figure/table formatting standards,Task
tk3577,,,,Ramesh’s upcoming Q&A/Moderation section visuals,Task
tk3578,,,,Ananya’s literature review,Task
tk3579,,,,Sunita’s accessibility protocol summaries,Task
tk3580,,,,share a short design guideline,Task
tk3581,,,,circulate an updated literature review document,Task
tk3582,,,,circulate the citation guidance,Task
tk3583,,,,accessing the shared folders or templates,Task
tk3584,,,,flag any issues accessing the shared folders or templates,Task
tk3585,,,,"continuing our progress towards a robust, well-integrated report",Task
tk3586,,,,,Task
tk3587,,,2019-06-10,coordinate on standardized captioning and color schemes,Task
tk3588,,,,,Task
tk3589,,,2019-06-10,share partial drafts and key figures,Task
tk3591,,,,circulate the design guidelines,Task
tk3593,,,,outline submission priorities for comparative analysis between JCDL and JOCCH,Task
tk3595,,,,finalize section integration plans,Task
tk3596,,,,lock down the submission venue,Task
tk3597,,,,"establish a concrete, consensus-driven internal timeline",Task
tk3598,,,2020-06-15,revise visuals,Task
tk3599,,,2020-06-18,submit revised sections for group review,Task
tk3600,,,2020-06-25,circulate integrated full draft for final feedback,Task
tk3601,0.8465,"['tk3590', 'tk3594', 'tk3612', 'tk3617', 'tk3621', 'tk3632']",2020-06-14,collate extra background material on accessibility evaluation frameworks,Task
tk3602,,,,flag permissions or technical integration issues during merging of section drafts,Task
tk3603,,,,review and provide in-line comments on other sections by internal deadlines,Task
tk3604,,,2020-06-12,reply with additional corrections or questions,Task
tk3605,,,2021-01-06,target submission of workshop report to JOCCH,Task
tk3606,,,,,Task
tk3608,,,,integrating curated participant feedback into the draft “Lessons Learned & Recommendations” section,Task
tk3609,,,,coordinate a compliance review with the journal’s editorial office before submission,Task
tk3611,,,2019-06-17,share cover letter in Google Drive for group edits and approval,Task
tk3613,,,,monitor permissions as sections are merged and check version histories to ensure that all contributions are appropriately credited,Task
tk3614,,,,integration of participant feedback,Task
tk3615,0.7987,['tk3699'],,anonymize metadata and remove identifying author or institutional information (anonymization process),Task
tk3616,,,,upload ACL 2022 Diversity & Inclusion references to the shared folder,Task
tk3618,,,2025-06-14,upload consolidated bibliography into the “Accessibility_Resources” directory,Task
tk3619,,,,prepare a summary note on historical dialect normalization literature,Task
tk3620,,,2025-06-15,integrate visual elements into the draft,Task
tk3622,,,,upload annotated bibliography and dialect normalization note,Task
tk3623,,,,upload ACL D&I references and share cover letter draft,Task
tk3624,,,,coordinate integration of new references and ensure in-text citation compliance,Task
tk3625,0.8469,"['tk3652', 'tk3661', 'tk3665']",2025-06-16,prepare a summary note on historical dialect normalization,Task
tk3626,,,2025-06-18,18 June internal review deadline,Task
tk3627,,,,update the master checklist in the shared drive,Task
tk3628,,,,full-draft integration,Task
tk3629,,,,test collaborative editing workflows across latest section drafts and supplementary folders,Task
tk3630,,,,discuss how best to integrate historical dialect normalization references into specific sections,Task
tk3631,,,,flag bottlenecks or new resource requirements by email or annotations in the drive,Task
tk3633,,,,upload relevant ACL 2022 D&I initiative documents,Task
tk3634,,,,integrate references into “Workshop Design & Accessibility Protocols” and “Lessons Learned” sections,Task
tk3636,,,,upload ACL D&I references,Task
tk3637,,,2019-06-18,review milestone,Task
tk3639,,,,cross-annotate relevant lessons in the “Lessons Learned” section,Task
tk3640,,,,review Sunita’s note to verify alignment,Task
tk3641,,,,connecting technical escalation procedures to dialect/variant detection,Task
tk3643,,,,final citation checks,Task
tk3644,,,,review the document for reference consistency,Task
tk3645,,,,ensure in-text citations align with JOCCH guidelines,Task
tk3646,,,,updating the “Integrated Draft Progress” tracker,Task
tk3647,,,,cross-lingual workshop scenarios,Task
tk3648,,,,Workshop Design & Accessibility Protocols section,Task
tk3649,,,,Lessons Learned section,Task
tk3650,,,2025-06-18,full section review,Task
tk3653,,,,cross-dialectal evaluation approach,Task
tk3654,,,,Q&A escalation framework,Task
tk3655,,,,updating in-text citations and integrated progress tracker,Task
tk3656,,,,finalize and upload section revisions,Task
tk3657,,,,review the cover letter and add/edit contributions,Task
tk3658,,,,verify all supplementary files are correctly named and cross-linked,Task
tk3659,,,,notify the group of any anticipated bottlenecks or needed resources,Task
tk3662,,,,cross-linguistic Q&A,Task
tk3663,,,,review workflow,Task
tk3664,,,,full-draft review,Task
tk3666,,,2019-06-20,finalize the cover letter,Task
tk3667,,,2019-06-21,integration of final section edits and circulate the merged “Full_Draft_JOCCH.docx” for group approval,Task
tk3668,,,2019-06-21,prepare the author contributions and compliance statement templates and upload drafts to the “Submission_Documents” folder,Task
tk3669,,,2019-06-23,final round of comments and minor corrections on the merged draft,Task
tk3670,,,,internal submission walkthrough,Task
tk3671,,,2025-06-21,review and approve the final cover letter and integrated draft,Task
tk3672,,,2025-06-23,add minor corrections or final comments on the merged manuscript,Task
tk3673,,,,coordinate a short Zoom meeting for an internal walkthrough and final checklist validation before uploading to JOCCH,Task
tk3674,0.8323,"['tk3680', 'tk4448', 'tk4451', 'tk4456', 'tk4465', 'tk4469']",,uploading author contributions and compliance statement files (author contribution statements),Task
tk3675,,,2025-06-22,amendments related to institutional acknowledgments,Task
tk3676,,,,revised cover letter,Task
tk3677,,,,JOCCH online submission portal checklist,Task
tk3678,,,,dialect classification scheme clarification in Table 2,Task
tk3679,,,,final checklist for submission,Task
tk3681,,,,reviewing the author order,Task
tk3682,0.8181,"['tk429', 'tk433', 'tk6071', 'tk6082', 'tk6095', 'tk6106']",,circulate a first set of bullet points for the “do’s and don’ts” checklist (consolidate the checklist),Task
tk3683,,,,seamless submission process,Task
tk3685,,,2019-06-25,final check on Acknowledgments section for grants/data provider updates,Task
tk3686,,,2019-06-25,address any last-minute tracked changes/comments,Task
tk3687,,,2019-06-26,complete online portal upload,Task
tk3689,,,,historical question answering,Task
tk3690,0.8229,"['tk3695', 'tk4094', 'tk4106', 'tk5422', 'tk5664']",,provide brief checklist for remaining author disclosures or copyright forms,Task
tk3691,,,,editorial screening phase,Task
tk3692,0.8696,"['tk452', 'tk4812', 'tk4820']",,monitor the JOCCH portal for reviewer assignment or status changes (monitoring the JOCCH portal),Task
tk3693,0.7976,['tk3705'],,organizing supporting materials or datasets for reviewers (preparing for reviewer engagement),Task
tk3694,0.7583,['tk3712'],,setting up a shared folder for anonymized supplementary files (providing additional anonymized supplementary materials),Task
tk3696,0.8227,['tk3704'],,prepare supporting materials for potential reviewer queries (compiling potential reviewer-support materials),Task
tk3697,,,,compiling the code snippets and the annotated examples from comparative dialectal analyses,Task
tk3698,,,,organize materials into folder “Reviewer_Support_JOCCH2022” in project drive,Task
tk3700,,,,monitoring the portal during the editorial screening phase,Task
tk3701,,,,"circulate communications requiring action related to file formats, metadata, or scope clarifications",Task
tk3702,,,,address communications collectively to avoid delays,Task
tk3703,0.803,['tk4843'],,remain alert for the next update from JOCCH or any reviewer requests (keeping in sync with anticipated JOCCH editorial feedback),Task
tk3706,,,,coordinating the communications with the journal office,Task
tk3707,,,,"providing scope clarifications, technical queries responses, or file adjustments",Task
tk3708,,,,"ensuring that all support materials are thorough, anonymized, and easily accessible",Task
tk3709,,,,responding to movement in the editorial process or reviewer feedback,Task
tk3710,,,,structuring and reviewing the Reviewer_Support_JOCCH2022 folder,Task
tk3711,,,,formatting files according to double-blind requirements,Task
tk3714,0.7981,['tk5034'],,anticipating possible queries during the review process (rehearse possible reviewer queries),Task
tk3716,0.7947,['tk3720'],,dialect classification robustness,Task
tk3718,,,,cross-dialectal dataset selection,Task
tk3719,,,,evaluation of ambiguous annotations,Task
tk3721,,,,generalizability to other historical corpora,Task
tk3722,,,,compiling the initial reviewer response points,Task
tk3723,,,,structuring the draft document in the shared drive,Task
tk3724,,,,coordination call to discuss final concerns and distribute action items,Task
tk3725,,,,review and refine or elaborate on specific sections of the response draft,Task
tk3726,,,,cross-link the dataset description points to supplementary table references,Task
tk3727,,,,strengthen the discussion on annotation reliability by including artifact examples,Task
tk3728,,,,prepare a brief outline of how evaluation metrics generalize to novel dialectal input,Task
tk3731,,,,distribute action items around supplementary table references and artifact example preparation,Task
tk3732,,,,articulate metric generalizability and modular codebase components in responses,Task
tk3733,,,,reviewer preparation call,Task
tk3735,,,,Refinement of Reviewer Response Draft,Task
tk3736,,,,evaluation metric adaptation,Task
tk3737,,,,annotation reliability,Task
tk3738,,,,cross-dialect comparability,Task
tk3739,,,,linkage between methodological generics and specific historical language contexts,Task
tk3740,,,,Supplementary Artifact Preparation,Task
tk3741,0.8762,['tk3751'],,anonymizing the additional data snapshots and code artifacts (anonymizing additional data snapshots and code artifacts),Task
tk3742,0.812,"['tk3754', 'tk3761']",,writing concise explanatory notes for the new artifact examples (sharing concise explanatory notes),Task
tk3743,,,,Generalizability Argument,Task
tk3744,,,,prepare schematic overview of modular pipeline components,Task
tk3745,,,,review literature integration in the current draft,Task
tk3746,0.919,['tk3750'],2022-07-21,updating and finalizing the assigned sections in the “JOCCH2022_Reviewer_Response_Preparation” document (update assigned sections of “JOCCH2022_Reviewer_Response_Preparation”),Task
tk3747,,,2022-07-21,circulate updated artifact examples,Task
tk3748,,,2022-07-21,review updated artifact examples for double-blind compliance,Task
tk3749,,,2022-07-21,finalize generalizability/technical discussion segments,Task
tk3752,,,,upload updated files to the shared Reviewer_Support_JOCCH2022 folder,Task
tk3753,,,,final checks of updated files,Task
tk3755,,,,completing the schematic overview highlighting the pipeline’s modularity and versatility,Task
tk3756,,,,inserting the visual into the generalizability section of the shared document,Task
tk3757,,,,providing final recommendations on literature cross-linking and adaptation exemplars,Task
tk3758,,,,"circulating a summary email to confirm reviewer materials are organized, anonymized, and ready for rapid submission",Task
tk3760,,,,assigned updates to JOCCH2022 reviewer response document and supplementary materials,Task
tk3762,,,,reviewing schematic overview and integrating it into the generalizability section,Task
tk3763,,,,adding additional literature references and adaptation exemplars,Task
tk3765,,,,rapid submission of reviewer preparation materials if JOCCH editorial team requests clarifications or additional documentation,Task
tk3766,,,,Reviewer_Support_JOCCH2022 package preparation,Task
tk3768,,,,documenting new insights or relevant literature,Task
tk3769,,,,revision responses,Task
tk3770,,,,synthesize notes on recent related work,Task
tk3771,,,,discuss potential subsequent research avenues,Task
tk3772,,,,Annotated Bibliography,Task
tk3773,,,,contribute summarized notes on 1–2 relevant papers published since January,Task
tk3775,,,2019-08-01,brainstorming session to outline possible directions for a follow-up project,Task
tk3776,,,,Conference Abstract Drafting,Task
tk3777,,,,prepare a shortened abstract summarizing key methodologies for potential conference presentation,Task
tk3778,,,2019-08-12,share availability for a potential discussion,Task
tk3779,,,,collaborative online sessions,Task
tk3780,0.8136,"['tk3788', 'tk3819', 'tk3839']",,pre-populate bibliography and funding call sections before group meeting (annotated bibliography efforts),Task
tk3781,,,,exploring follow-up research avenues,Task
tk3782,,,,"summarizing recent papers' methodologies, datasets, and implications",Task
tk3783,,,,updating references and contextual framing in case of revision,Task
tk3784,,,,setting up a template and circulating the link,Task
tk3785,0.8116,"['tk3774', 'tk3791', 'tk3805', 'tk3850']",2019-08-01,brainstorming session for a potential grant proposal (grant proposal ideation),Task
tk3786,0.8121,"['tk6128', 'tk6140', 'tk6144']",,drafting a concise version of our methodology for conference abstract (drafting methods note/short-form paper),Task
tk3787,,,,keeping the group informed of any editorial correspondence,Task
tk3792,,,,outlining the draft for a potential conference abstract,Task
tk3794,,,,include the call details in literature notes for group discussion,Task
tk3795,,,,literature contributions on cross-temporal normalization and context reconstruction,Task
tk3796,0.8545,['tk3832'],,summaries on the two EMNLP papers concerning diachronic corpus alignment and data augmentation techniques (reviews on two recent EMNLP papers),Task
tk3798,,,,benchmarking dataset augmentation strategies,Task
tk3799,0.8091,['tk3806'],,collate potential funding calls and eligibility criteria (pre-collate funding calls),Task
tk3800,,,,compiling a brief list of ongoing digital humanities and AI funding initiatives in India and the UK,Task
tk3801,,,,reviewing recent publications,Task
tk3803,,,,interplay between semantic drift and named entity recognition,Task
tk3807,,,,compile an initial list of relevant initiatives in India and the UK,Task
tk3808,,,,contribute a section on EU/H2019 opportunities,Task
tk3809,,,,have the bibliography template and preliminary funding information circulated,Task
tk3810,,,,collaborative annotated bibliography template,Task
tk3811,,,,"including citation details, dataset descriptions, novel methodological aspects, limitations, and relevance notes",Task
tk3812,,,,diachronic alignment,Task
tk3813,,,,corpus augmentation,Task
tk3815,,,,annotating selected ACL/EMNLP articles,Task
tk3816,,,,"compiling current digital humanities, AI, and cross-national research funding calls",Task
tk3817,,,,India/UK research funding leads,Task
tk3818,,,,EU research funding additions,Task
tk3821,,,,flagging technical or structural comments on the template,Task
tk3822,0.8452,['tk3790'],,select a couple of recent ACL/EMNLP publications addressing cross-temporal normalization and context reconstruction for contributions (drafting entries on the two selected ACL and EMNLP papers focusing on cross-temporal normalization and context reconstruction),Task
tk3823,,,2019-08-10,indicate availability in Doodle poll,Task
tk3824,,,,populating the funding opportunities section,Task
tk3825,,,,consolidating the India/UK calls and overview notes,Task
tk3826,,,,prepare EU or H2019 opportunities for inclusion,Task
tk3827,,,,brainstorming discussion,Task
tk3828,,,,including additional methodological frameworks or recent evaluation resources in the bibliography,Task
tk3829,,,,maintain comprehensive coverage ahead of the session,Task
tk3831,,,,organizing the bibliography template,Task
tk3833,,,,reviewing an additional dataset paper that proposes evaluation benchmarks for low-resource historical corpora,Task
tk3834,0.8406,['tk3841'],,tracking EU funding deadlines and eligibility requirements (maintaining the deadline tracker for funding calls),Task
tk3835,0.7654,['tk3851'],,parallel submission strategy to JDoc special issue,Task
tk3836,,,,JOCCH submission outcome,Task
tk3837,,,,confirming meeting time and circulating the agenda,Task
tk3838,,,,providing feedback on the content or structure of the shared document,Task
tk3840,,,,updating the EU/H2019 funding table with three relevant digital humanities calls and annotating their alignment with NLP work on historical corpora,Task
tk3842,,,,summarizing two recent ACL papers on evaluation metrics for semantic drift in diachronic NER,Task
tk3843,,,,conducting literature reviews on evaluation metrics for semantic drift in diachronic NER,Task
tk3844,,,,grant proposal scoping,Task
tk3845,,,,finalizing core messages for potential conference abstract and parallel journal submission discussion,Task
tk3849,,,,evaluation metrics for semantic drift in diachronic NER,Task
tk3852,,,,Methodological Synergies & Open Questions,Task
tk3853,,,,diachronic benchmarking,Task
tk3854,,,,semantic drift evaluation,Task
tk3855,,,,finalizing methodology documentation,Task
tk3856,,,,keeping literature summaries and funding tables current in the shared document,Task
tk3857,,,,bringing 1-2 suggestions for the conference/journal submission plan,Task
tk3858,,,,noting any schedule concerns for post-meeting action points,Task
tk3859,,,,Conference & Journal Submission Strategy,Task
tk3860,,,2020-08-20,update portions in the shared doc,Task
tk3861,,,,preliminary draft of the project summary,Task
tk3862,,,,provide the India-side requirements and supporting documentation,Task
tk3863,,,,collate necessary institutional letters for the UK side,Task
tk3864,,,2020-08-18,draft an outline timeline,Task
tk3865,,,2020-08-25,Abstract drafting for JCDL 2023,Task
tk3866,,,,review and finalize the semantic drift evaluation section,Task
tk3867,,,,suggest revised approaches for context expansion across temporal boundaries,Task
tk3868,,,2020-08-27,next check-in via email to align final proposal/abstract text and progress on funding applications,Task
tk3869,,,,funding applications,Task
tk3870,,,,grant proposal for the “DST-India AI” call,Task
tk3871,0.7881,['tk3881'],,20-minute sync call to clarify cross-institutional requirements for UKRI Digital Humanities grant narrative (UKRI Digital Humanities application),Task
tk3872,0.8345,"['tk3878', 'tk3879', 'tk3887']",2019-08-18,initial outline or targeted bullet points for the JCDL abstract (preliminary JCDL abstract outline),Task
tk3873,,,2019-08-25,assembling the first draft of the JCDL abstract,Task
tk3874,,,,semantic drift evaluation portion draft,Task
tk3875,0.9373,['tk3884'],2019-08-20,update assigned sections in the shared document (update assigned sections in shared doc),Task
tk3876,,,2019-08-27,next check-in,Task
tk3877,,,,funding requirements section,Task
tk3880,,,2019-08-25,group review of JCDL abstract outline,Task
tk3882,,,,compile annotated checklist of UKRI documentation,Task
tk3883,,,2019-08-17,advise preferred time for quick meeting,Task
tk3885,,,,provide input on context expansion section,Task
tk3886,,,,flag institutional requirements or constraints that may impact deliverables,Task
tk3888,,,,Methods/Novelty section drafting,Task
tk3889,,,,semantic drift analysis,Task
tk3890,0.7854,['tk4819'],,grant documentation for upcoming DST and UKRI follow-up calls (grant proposal for UKRI/DST-India calls),Task
tk3891,,,,annotated UKRI checklist,Task
tk3892,,,,DST requirements,Task
tk3893,,,2019-08-18,refine the novelty/impact sub-section,Task
tk3894,,,,synthesis meeting,Task
tk3895,,,,pilot evaluation tools in UKRI/DST-India calls,Task
tk3897,,,2019-08-19,group check-in,Task
tk3898,,,2019-08-19,add inline comments or propose revisions in the shared document,Task
tk3899,,,2019-08-25,consolidate and circulate the penultimate version for group review,Task
tk3900,,,,linkage between annotation protocols and metadata-driven structuring of benchmark datasets,Task
tk3901,,,,foreground methodological generalizability via multilingual corpus diversity,Task
tk3902,0.778,['tk3927'],,review of section transitions and broader framing of impact (narrative refinements),Task
tk3903,,,,emphasize cross-disciplinary contribution to both the JCDL submission and the concurrent grant proposal,Task
tk3904,,,,compile integration notes asynchronously,Task
tk3905,,,,finalize the datasets table,Task
tk3906,,,2019-08-21,complete all in-line edits and finalize respective sections,Task
tk3907,,,,submit to JCDL 2023,Task
tk3908,,,,tailor parallel JOCCH submission,Task
tk3909,,,,update the datasets table and clarify the multilingual scope,Task
tk3910,,,,write methods and metrics narratives,Task
tk3911,,,,Context Reconstruction,Task
tk3912,,,,bridging comments between the “Context Reconstruction” and “Evaluation/Metrics” segments,Task
tk3913,,,2019-08-25,consolidate the abstract and circulate a final review version,Task
tk3914,,,,revise the conclusion to reference cross-disciplinary contribution,Task
tk3915,,,,foreground simultaneous utility for the UKRI and DST-India grant objectives,Task
tk3916,,,,spot remaining redundancies or ambiguity and flag in the Google Doc or email,Task
tk3917,,,,submit parallel JOCCH submission,Task
tk3918,,,2019-08-21,in-line edits,Task
tk3919,,,2019-08-25,full review,Task
tk3921,,,,ensure that submission formatting aligns with the JCDL 2023 requirements,Task
tk3922,,,,temporal context reconstruction,Task
tk3923,,,,technical clarifications,Task
tk3925,,,,dataset construction,Task
tk3926,,,,evaluation/metrics section revision,Task
tk3928,,,2025-08-24,consolidate and circulate the final version,Task
tk3930,,,2023-08-24,approvals of the final version,Task
tk3931,,,2023-08-25,official submission to JCDL 2023,Task
tk3932,,,,EasyChair upload process,Task
tk3934,,,,inclusion of additional annotation metric details,Task
tk3935,,,,reviewing feedback,Task
tk3936,,,2023-01-01,preparing the camera-ready version,Task
tk3937,,,,preliminary format checks and administrative review,Task
tk3938,,,2021-03-10,notification of acceptance or requests for minor revision,Task
tk3939,,,2021-05-06,camera-ready abstract and updated supplementary materials submission,Task
tk3940,,,,keep compliance and metadata requirements updated,Task
tk3941,,,,acceptance of presentation slot upon receipt of final version,Task
tk3942,,,2021-05-06,prepare the camera-ready version,Task
tk3944,,,,draft a new sub-paragraph for the conclusion on methods’ applicability to digital humanities tools,Task
tk3945,,,,"compile and format the final version, ensuring metadata and compliance with JCDL style requirements",Task
tk3946,,,,upload the revised files to the portal,Task
tk3947,,,2021-11-25,review the detailed reviewer feedback and share comments or further suggestions,Task
tk3949,,,,writing draft sub-paragraph for the conclusion,Task
tk3950,,,2019-12-01,Zoom meeting scheduling,Task
tk3951,,,2025-11-20,circulating revised Related Work draft,Task
tk3953,,,,tool development for large-scale archival digitization projects,Task
tk3954,0.8083,['tk3974'],,studies on diachronic semantic change across diverse language families (discovery of semantic change across time and language),Task
tk3955,,,,research in sociolinguistics,Task
tk3956,,,,cross-lingual literary analysis,Task
tk3957,,,,digital curation,Task
tk3958,,,2019-11-19,drafting sub-paragraph on downstream digital humanities applications,Task
tk3960,,,2023-11-20,submit the revised Related Work section,Task
tk3961,,,,detail the practical impact of our work in digital humanities environments,Task
tk3962,,,,coordinating this final phase and managing the compliance checklist,Task
tk3963,,,,finalize the date for the Zoom meeting,Task
tk3964,0.819,"['tk2386', 'tk3943', 'tk3948', 'tk3952', 'tk3969', 'tk4351']",2019-11-20,finalize condensed Related Work section (Related Work drafting),Task
tk3965,,,,digital humanities paragraph,Task
tk3966,,,2019-11-21,indicate availability for meeting,Task
tk3967,,,,add availability for meeting dates,Task
tk3968,,,,complete revision phase,Task
tk3970,,,,draft new conclusion paragraph,Task
tk3971,,,,clarify LaTeX template Broader Impacts requirement,Task
tk3972,,,,decide format for detailed annotation guidelines in supplementary material,Task
tk3973,,,,provide collaborative feedback on revised section and digital humanities draft,Task
tk3975,,,,digital humanities examples as capstone in conclusion,Task
tk3977,,,,mapping semantic evolution in literary genres and historical newspapers,Task
tk3978,,,,curation of interactive digital exhibits,Task
tk3979,,,,research in cultural analytics,Task
tk3980,,,,informing public scholarship platforms,Task
tk3981,,,,benchmark-driven evaluation protocols,Task
tk3982,,,2025-11-28,lock manuscript content,Task
tk3983,,,2025-11-28,resolve all final comments or tracked changes in the shared document,Task
tk3984,,,,"integrate the revised supplementary appendix, embedding the annotation guidelines and prepare a standalone PDF for portal compliance",Task
tk3985,,,,insert a LaTeX comment noting the reviewers’ preferences in the Broader Impacts subsection,Task
tk3987,0.9087,['tk5044'],,circulate the submission confirmation and receipts to the group (circulate the official confirmation and Submission ID),Task
tk3988,,,2025-12-04,live Zoom review meeting,Task
tk3989,,,,send a separate calendar invitation and secure meeting link,Task
tk3990,,,2025-11-25,"provide further textual suggestions, new references, or unresolved concerns",Task
tk3991,0.8057,['tk4004'],,indicate in the shared document once sections are finalized (“Ready for submission”) (sign-off notes in the shared document (“Ready for submission”)),Task
tk3992,,,,make comments on points that need clarification around digital tool integrations,Task
tk3993,,,2019-11-28,lock content,Task
tk3994,,,,double-check the “Related Work” cross-references,Task
tk3995,,,,compile annotation pipeline flowchart,Task
tk3996,,,,annotate further suggestions regarding broader deployment scenarios,Task
tk3997,,,2019-12-04,live Zoom review,Task
tk3999,,,,upload supplementary appendix visuals to shared folder,Task
tk4000,,,,finalize compliance metadata fields,Task
tk4001,,,2023-11-28,lock the document,Task
tk4003,,,,portal demo,Task
tk4005,,,,finalize the checklist walkthrough,Task
tk4006,,,2023-12-06,post-submission technical updates or versioning requests,Task
tk4008,,,,compliance checklist,Task
tk4009,,,2023-12-06,contingency planning for possible revision requests or minor version updates,Task
tk4010,,,,post-submission dissemination,Task
tk4011,,,,next research steps,Task
tk4012,,,,assign roles for monitoring the JCDL submission status and responding to technical issues,Task
tk4013,,,,JCDL 2023 submission review and coordination meeting,Task
tk4014,,,,compliance checklist discussion,Task
tk4015,,,,review the filled author contributions and updated dataset licensing info in the shared Google Sheet prior to the meeting,Task
tk4016,,,,confirm which team member will act as point of contact on the JCDL portal for any last-minute communication,Task
tk4017,,,,,Task
tk4018,,,,,Task
tk4019,,,2019-12-06,JCDL portal point-of-contact,Task
tk4020,,,,notify the group if organizers request revisions or technical adjustments,Task
tk4021,,,,initiate preprint submission to arXiv after JCDL compliance confirmation,Task
tk4022,,,,draft a brief announcement for departmental and project partner lists,Task
tk4023,,,,broaden cross-lingual alignment to South Asian historical corpora,Task
tk4024,,,,discuss possible interactive demo publications,Task
tk4025,,,,continue drafting outlines for extension proposals,Task
tk4026,,,2019-12-07,review and suggest amendments to minutes,Task
tk4027,,,2022-12-06,updates or correction requests,Task
tk4028,,,,draft the arXiv preprint version,Task
tk4029,,,,revise manuscript and supplementary files,Task
tk4031,,,,author registration for the conference,Task
tk4033,,,2021-02-23,draft clarifying paragraphs on corpus selection strategy and annotation reliability measures for low-resource languages,Task
tk4034,,,,"source and summarize one recent, highly-cited publication on interoperability frameworks and add to related work section",Task
tk4035,,,,conduct a formatting audit of all appendix figure captions per the latest JCDL guideline PDF and propose edits,Task
tk4036,,,,review registration status and compile a checklist for conference logistics,Task
tk4037,,,2021-03-10,complete all substantial revisions,Task
tk4038,0.7877,['tk4043'],,clarifications in Section 4.4 regarding low-resource languages (Section 4.4 clarifications),Task
tk4039,,,,analyze corpus sampling and annotation reliability,Task
tk4040,,,2023-02-23,circulate a draft of expanded paragraphs,Task
tk4041,,,,coordinate on the technical integration of the new interoperability reference,Task
tk4044,,,,contextualize low-resource language selection,Task
tk4045,,,,share QA statistics,Task
tk4046,,,,provide data exports or visualizations from annotation pipeline logs,Task
tk4047,,,,"identify a suitable, highly-cited recent reference on archival interoperability frameworks",Task
tk4048,,,2026-02-24,summarize relevance and integration points of the archival interoperability frameworks reference in the shared document,Task
tk4049,,,,coordinate reference list alignment with finalized appendix caption formatting,Task
tk4052,,,,provide literature access or formatting support,Task
tk4054,,,2024-02-25,indicate feasible times in Doodle poll,Task
tk4055,,,2024-02-23,share draft for Section 4.4 clarifications,Task
tk4056,,,2024-02-24,add the interoperability reference with rationale,Task
tk4057,0.8607,"['tk4061', 'tk4066']",,complete the appendix caption formatting audit and share notes (audit of appendix figure captions),Task
tk4058,,,,upload assigned materials to the “JCDL_CameraReady2023” shared folder before the meeting,Task
tk4060,,,,"evaluation of cross-repository metadata harmonization, persistent identifier strategies, and relevance for scaling semantic drift detection with multilingual datasets",Task
tk4062,,,,draft for Section 4.4,Task
tk4063,,,2023-03-01,March review meeting,Task
tk4064,,,2023-03-01,finish all major drafting,Task
tk4065,,,,joint proofread and compliance verification,Task
tk4067,,,,finalize all document-level edits,Task
tk4068,,,,internal review meeting agenda preparation,Task
tk4071,,,,Authorship and Acknowledgements Review,Task
tk4072,,,,Contingency Planning,Task
tk4073,,,2021-03-05,personal review of the current draft and appendix,Task
tk4074,,,,"final validation, compliance cross-checks, and submission logistics",Task
tk4076,,,2021-03-10,complete registration status,Task
tk4078,0.8279,['tk3920'],2021-03-10,proofreading the consolidated version (final proofread),Task
tk4079,,,2021-03-12,assemble and upload camera-ready materials,Task
tk4080,,,,internal review meeting,Task
tk4081,,,,consolidation of all tracked changes and integration of minor edits,Task
tk4083,,,,ensure individual conference registration status is up to date,Task
tk4084,,,2023-03-10,confirm receipt of this message and indicate any urgent issues,Task
tk4085,,,,core submission phase,Task
tk4086,,,2023-05-15,proceedings publication,Task
tk4087,,,2021-07-03,author registration,Task
tk4088,,,2021-07-01,Metadata accuracy confirmation,Task
tk4089,,,2023-04-25,Author notification of session schedule,Task
tk4090,0.8991,['tk4105'],2023-03-22,author metadata verification and update,Task
tk4091,0.8527,['tk5224'],2023-03-24,presenter registration (primary),Task
tk4092,,,2023-03-22,reply with explicit confirmation on registration completion and metadata verification,Task
tk4093,,,,prepare talks and presentation materials,Task
tk4096,,,,session coordination,Task
tk4097,,,,administrative readiness confirmation,Task
tk4098,,,,report back to the Proceedings Committee,Task
tk4099,,,,dissemination strategy for the conference,Task
tk4100,,,,prepare for the London event,Task
tk4101,,,,notify the group of impending issues before the deadline,Task
tk4102,,,2023-03-21,Conference registration for JCDL 2023,Task
tk4103,,,2023-03-24,Notify the JCDL Proceedings Committee,Task
tk4104,,,,,Task
tk4107,,,,session allocation preparation and presentation preparation,Task
tk4108,,,,final verification of all metadata and uploaded camera-ready components,Task
tk4109,,,2021-07-21,session scheduling and preliminary conference program circulation,Task
tk4110,,,2023-05-01,digital conference proceedings publication,Task
tk4111,,,2021-07-03,authors complete individual conference registrations,Task
tk4112,,,,assigning presentation roles,Task
tk4114,,,2023-04-01,virtual coordination meeting scheduling,Task
tk4115,0.812,['tk4176'],,coordinate benchmarking dataset visuals (benchmarking dataset visualizations),Task
tk4117,,,,assembling slides on the evaluation methodology,Task
tk4119,,,,prepare a backup set of slides,Task
tk4120,,,2023-04-04,prepare and share slides focusing on semantic interoperability and practical implications for digital humanities integration,Task
tk4121,,,,set up the Google Drive directory and provide all co-authors with editor access,Task
tk4123,,,2023-04-03,virtual coordination meeting preparation and participation,Task
tk4124,,,,preparing a contingency plan for both oral/poster and in-person/virtual presentations,Task
tk4125,,,,have a harmonized draft ready for rehearsal,Task
tk4127,,,2026-04-04,contributing slides on the corpus annotation methodology,Task
tk4128,,,2026-04-04,upload preliminary section to the shared Google Drive,Task
tk4129,,,,initiating the organization of the shared folder,Task
tk4131,,,,draft three to five likely audience queries over the next few days,Task
tk4132,0.8129,['tk4143'],,prepare two versions of the presentation (oral and poster format) (advancing both oral and poster-format slides),Task
tk4133,,,,synchronize the visual design across slides,Task
tk4134,,,,organizing the shared Drive folder and confirming edit permissions,Task
tk4135,,,,"lead the oral presentation component, with focused coverage on the evaluation framework and experimental results",Task
tk4136,,,,deliver the corpus annotation methodology section,Task
tk4137,,,,articulate findings regarding interoperability and practical applications,Task
tk4138,,,,coordinate visual materials for the benchmarking datasets and moderate the post-talk Q&A,Task
tk4139,,,2021-07-15,upload draft slides for respective sections to shared Google Drive,Task
tk4140,,,,propose a unified design template for slides,Task
tk4141,,,,coordinate content handoff between evaluation and interoperability sections,Task
tk4142,0.7963,"['tk2285', 'tk2743', 'tk3058', 'tk4118', 'tk4122', 'tk4130', 'tk4150', 'tk4154', 'tk4160', 'tk4180']",2021-04-05,pre-populate the draft FAQ document with 4-5 anticipated high-frequency questions (Q&A Preparation),Task
tk4144,,,,coordinate the consolidation of poster materials,Task
tk4145,,,,take lead on format adaptation if required,Task
tk4146,,,2021-07-17,internal rehearsal,Task
tk4147,,,,review and provide feedback on each section’s slides before the rehearsal date,Task
tk4148,,,,update assigned materials and confirm slide uploads within stated deadlines,Task
tk4151,,,,designing a template for slides,Task
tk4152,,,,adapting sections of slides for visual consistency,Task
tk4153,0.8537,['tk4159'],,contributing suggested questions for Q&A document (contribute questions to the Q&A document),Task
tk4156,,,2023-04-10,submitting availability for rehearsal slot,Task
tk4157,,,,upload slides for the interoperability section,Task
tk4161,,,,finalize responses ahead of rehearsal,Task
tk4162,,,,manage the Doodle poll,Task
tk4163,,,2019-04-10,enter preferred slots for rehearsal,Task
tk4164,,,,propose a backup rehearsal date,Task
tk4166,,,,ensure comfort with segment timing,Task
tk4167,,,,provide technical support with video/pre-recorded content for hybrid contingencies,Task
tk4169,,,,brief dry run of respective sections prior to rehearsal,Task
tk4170,,,2023-04-09,lock all slide decks and finalize the Q&A,Task
tk4171,,,,practice session,Task
tk4172,0.8092,['tk4257'],,deliver a compelling session at JCDL 2023 (JCDL 2023 session),Task
tk4173,,,2023-04-09,final review of Q&A document,Task
tk4175,,,2023-04-09,final alignment call and troubleshooting with Drive or AV content,Task
tk4178,,,,assessment of ethical implications of digitizing culturally sensitive historical materials,Task
tk4179,,,,coordinating the latest round of reviews,Task
tk4181,,,,review of the most recent document version,Task
tk4182,,,,preparing a short handover sentence for transitions,Task
tk4183,,,,rehearsal segments within the 8–10 minute slot,Task
tk4184,,,,Q&A practice,Task
tk4185,0.8002,['tk4195'],,joining a few minutes early for the AV check (AV check at the start),Task
tk4186,,,,presenting at JCDL 2023,Task
tk4187,,,,last-minute sync before scheduled slot,Task
tk4188,,,,AV Check,Task
tk4189,,,,Full Presentation Run,Task
tk4190,,,,Live Q&A Practice,Task
tk4191,,,,Debrief & Feedback,Task
tk4192,,,,integrate suggestions on handover phrasing and label adjustments in the interoperability slides,Task
tk4194,,,,circulating the technical troubleshooting guide,Task
tk4196,,,,document major discussion points and next actions after the rehearsal,Task
tk4198,,,2023-04-13,"Final tweaks to visuals, handover phrasing, and Q&A document",Task
tk4199,,,,review the annotated run-order document and suggest any last-minute changes,Task
tk4200,,,2023-04-14,discuss via email any further clarification for the camera-ready version or session materials required by the JCDL organizing committee,Task
tk4201,,,,revisit responses around the scalability and multilingual facets of historical corpus NLP,Task
tk4203,,,,final pass through the shared Google Drive archive to check for version mismatches or minor formatting glitches,Task
tk4205,,,,ensure the updated run-order and backup PDF are duly labeled as “camera_ready” versions,Task
tk4206,,,2023-04-13,initiate submission,Task
tk4207,,,2023-04-12,confirm go-ahead or flag any last concerns,Task
tk4209,0.7812,['tk513'],,implement changes in graphical or metadata elements ahead of the deadline (last-minute adjustments before upload),Task
tk4210,,,2019-04-21,schedule a brief coordination call,Task
tk4211,,,,rehearse live introductions and closing remarks,Task
tk4212,,,,discuss approaches for engaging with audience questions,Task
tk4213,,,,review correspondence from the JCDL committee for last-minute updates or requirements,Task
tk4214,,,,monitor inboxes for alerts regarding formatting or technical adjustments,Task
tk4215,0.8693,"['tk4216', 'tk4219', 'tk4236', 'tk4255']",,circulate draft Presenter Instructions checklist ahead of call (draft the “Presenter Instructions” checklist),Task
tk4217,,,,indicate availability for a rehearsal call between 17–21 April,Task
tk4220,,,,"brief rehearsal dedicated to opening and closing remarks, as well as handling the audience Q&A",Task
tk4222,,,,coordinate introductory statements into a cohesive opening script,Task
tk4223,,,,collectively brainstorm key takeaways emphasizing cross-institutional nature and ethical imperatives of NLP work on historical data,Task
tk4224,,,,review or augment the presenter checklist with learnings from the current JCDL guidelines,Task
tk4225,,,,provide tips or do’s and don’ts from live session moderation at prior JCDLs,Task
tk4226,,,,organizing rehearsal logistics,Task
tk4227,,,,synthesizing the introductory statements,Task
tk4229,,,,moderation and live Q&A best practices,Task
tk4230,0.927,['tk4241'],,monitor the session chat for queries not voiced live,Task
tk4231,0.852,['tk5590'],,incorporating a poll or inviting brief audience reflections (address feedback collection during the seminar),Task
tk4232,0.8128,['tk4242'],,designating a secondary speaker to step in in case of connectivity drops (serve as secondary speaker should technical interruptions arise),Task
tk4233,0.811,"['tk937', 'tk944']",,rehearsing contingency plan for connectivity drops (Backup Plan Walkthrough),Task
tk4234,,,,draft and send ~90-second opening introduction statement,Task
tk4235,0.7545,['tk4253'],,highlight cross-institutional teamwork and ethical considerations in closing (highlight interdisciplinary collaboration and ethical engagement),Task
tk4237,,,,comment and supplement Presenter Instructions checklist,Task
tk4238,,,,finalizing the rehearsal date,Task
tk4240,,,,coordinate the introductory statements,Task
tk4243,,,,reviewing Presenter Instructions checklist,Task
tk4244,,,,annotate Presenter Instructions checklist with additional insights from the most recent JCDL guidelines and previous experiences moderating similar sessions,Task
tk4245,,,,decide upon the two or three core takeaways during rehearsal,Task
tk4246,,,2021-07-25,review and synchronize ~90 second intros,Task
tk4247,,,2021-07-25,email any revisions to introductory statements,Task
tk4249,,,,mock audience Q&A moderation,Task
tk4250,,,,chat monitoring and summary rehearsal,Task
tk4251,,,,backup speaker role in Q&A,Task
tk4252,,,,brainstorm/discussion to finalize two to three core takeaways,Task
tk4254,,,,simulation of tech glitches including switching roles and screen sharing recovery,Task
tk4256,0.853,['tk4258'],,prepare concise Q&A best practices tip-sheet for the group (prepare Q&A tip-sheet),Task
tk4259,,,,rehearsal session this evening,Task
tk4260,,,,mock Q&A today,Task
tk4261,,,,final coordination,Task
tk4262,,,,make minor wording adjustments to the composite script and circulate for final sign-off,Task
tk4263,0.8989,['tk4273'],,join the Zoom room 20 minutes ahead of our slot for last-minute tech checks (join the Zoom session 20 minutes early),Task
tk4264,,,,consolidate the concluding script and circulate it for feedback,Task
tk4265,,,,send a group reminder the day before,Task
tk4266,0.7793,['tk4278'],,check the backup slide decks,Task
tk4267,,,,confirm that all files are accessible from the shared folder,Task
tk4268,,,,circulate JCDL program updates or procedural details promptly,Task
tk4269,,,,submission to the session hosts,Task
tk4270,,,,Q&A inclusivity,Task
tk4271,,,,session logistics,Task
tk4272,,,,acknowledgment of the JCDL technical staff at the outset,Task
tk4274,,,,final tech-check reminder,Task
tk4275,,,,share last-minute updates from the JCDL organizers,Task
tk4277,,,,Zoom Room Access,Task
tk4279,,,,Screen Share Assignments,Task
tk4280,,,,Tech-Check Protocol,Task
tk4281,,,,Introduction & Closing,Task
tk4282,,,,Q&A Logistics,Task
tk4283,,,,monitoring program updates or session changes from JCDL organizers,Task
tk4284,,,,time zone conversions double-check,Task
tk4285,,,,log in to the Zoom room,Task
tk4286,,,,acknowledgment of the JCDL technical staff,Task
tk4287,,,,monitor WhatsApp group for fast troubleshooting,Task
tk4289,,,2023-04-28,debrief call,Task
tk4290,,,,compile a document with all audience questions and post-session comments,Task
tk4293,,,,Technical Reflections & Lessons Learned,Task
tk4294,,,,Opportunities for Collaboration,Task
tk4296,,,,Action Items and Timeline Confirmation,Task
tk4297,,,,review abstract drafts and note needed enhancements based on feedback,Task
tk4298,,,,Outline timeline for revision and assignment of writing responsibilities,Task
tk4299,,,,review the audience questions and comments compiled by Sunita,Task
tk4300,,,,add to or modify the agenda,Task
tk4302,,,,adapting neural models to morphologically rich languages,Task
tk4303,,,,semi-supervised labeling for 19th-century Scottish Gaelic texts,Task
tk4304,,,,linking semantic similarity metrics to the ALMA archive project,Task
tk4305,0.7822,['tk4308'],,enhancement of annotation workflow documentation (annotation workflow on expert-curated subsets),Task
tk4306,,,,engagements with new collaborators,Task
tk4309,,,,reproducibility and open resource planning,Task
tk4310,,,,code/data release timeline,Task
tk4311,,,,plan for long-term support for open-sourced models,Task
tk4312,,,,prepare a brief slide deck summarizing priorities,Task
tk4314,,,,collaborator follow-up,Task
tk4315,,,,next publication target discussion,Task
tk4316,,,,circulate a refined outline for the manuscript,Task
tk4317,,,,draft outreach emails for new collaborations and update on scheduled calls,Task
tk4318,,,2022-05-15,group writing sprint to expedite manuscript drafting,Task
tk4319,,,,coordinate final decision once outline is circulated and respond with a detailed timeline,Task
tk4320,,,2022-05-05,confirm manuscript outline,Task
tk4321,,,,submission before the next ACM JOCCH cycle,Task
tk4322,,,,ALMA project,Task
tk4323,,,,cross-lingual and under-represented historical data analysis,Task
tk4324,,,,multi-modal heritage NLP,Task
tk4325,,,,evaluation and results reporting,Task
tk4326,,,,open-sourcing plans,Task
tk4327,,,,extending work to additional languages (including Gaelic),Task
tk4328,,,,mid-May writing sprint,Task
tk4329,,,,,Task
tk4330,,,,review and suggest additional elements or deletions,Task
tk4331,,,,finalize the outline,Task
tk4332,,,2023-05-03,provide feedback on outline,Task
tk4333,,,,synthesizing the feedback and producing draft outline,Task
tk4334,,,2025-05-03,expand the segment on participatory annotation in Related Work,Task
tk4336,,,,coordinate with Michael to ensure cohesion with the error analysis and interpretability measures,Task
tk4337,,,,flag potential technical challenges with extending models to morphologically rich language archives,Task
tk4338,0.8581,['tk4345'],,take the lead on the “Error Analysis” and “Overall Evaluative Methodology” subsections (lead on the error analysis and overall evaluative methodology),Task
tk4339,,,2025-05-06,schedule a brief sync to align drafting approaches,Task
tk4340,,,,timeline for completing first drafts,Task
tk4341,0.8619,['tk4354'],2025-05-10,initial draft of assigned sections (First draft of assigned sections),Task
tk4342,,,,strong manuscript submission,Task
tk4343,0.7842,"['tk4462', 'tk4474']",,manuscript preparatory process (manuscript drafting),Task
tk4344,,,,sharing detailed suggestions and commitment to key sections,Task
tk4346,,,,synchronize drafting approaches,Task
tk4347,,,2025-05-06,jointly outline the interface between semantic metrics and error taxonomy,Task
tk4348,,,,propose sample tables/diagrams for visualizing annotation or error analysis workflows,Task
tk4349,,,,guidance on manuscript formatting or anticipated word limits,Task
tk4350,,,,Introduction drafting,Task
tk4352,,,2025-05-10,Methodology drafting,Task
tk4353,,,2025-05-10,Discussion & Future Work drafting,Task
tk4355,,,2025-05-11,Section exchange and peer review,Task
tk4356,,,2025-05-17,Group writing sprint (full convergence/editing),Task
tk4357,0.8221,"['tk1948', 'tk2517']",2025-05-20,Final consolidated draft ready for full review (circulate the integrated manuscript),Task
tk4358,,,2025-05-25,Target submission to ACM JOCCH,Task
tk4359,,,,use ACM JOCCH LaTeX template,Task
tk4360,,,,archive and reproducibility section drafting,Task
tk4361,,,,include planned GitHub/Zenodo DOIs,Task
tk4362,,,2025-05-10,circulate all section drafts via shared Google Drive folder,Task
tk4363,,,,drafting ACM JOCCH manuscript,Task
tk4364,,,,section leads and drafting responsibilities,Task
tk4365,,,,collaborative workflow and schedule keeping,Task
tk4366,,,,collecting and annotating sample annotation guidelines,Task
tk4367,,,,finalizing annotation guidelines for the appendix,Task
tk4368,,,,error analysis visualizations,Task
tk4369,,,,final integration phase,Task
tk4370,,,2023-05-10,meeting 10 May milestone,Task
tk4371,,,,productive drafting over the next week,Task
tk4372,,,2026-05-10,Related Work section with participatory annotation emphasis,Task
tk4373,0.8653,['tk4335'],2026-05-10,take the lead on the Semantic Metrics Alignment subsection within Methodology (Semantic Metrics Alignment for Methodology),Task
tk4374,,,,compiling recent citations for digital humanities collaborations (2022–2022),Task
tk4375,0.8837,"['tk4385', 'tk4386']",2026-05-08,co-develop a short supplementary appendix outlining sample annotation guidelines (co-developing the annotation guidelines appendix),Task
tk4376,,,2026-05-08,upload draft of supplementary appendix to the Drive’s relevant folder,Task
tk4377,,,2026-05-06,Zoom sync to pin down cross-over points between error analysis and semantic metrics and ensure cohesive evaluation framework,Task
tk4378,,,,prepare a shared whiteboard document and a draft of harmonized subheadings for respective sections,Task
tk4379,,,2026-05-10,submitting main sections,Task
tk4380,,,,initiating the logistics for today's sync,Task
tk4381,,,,sharing detailed preparatory notes,Task
tk4382,,,,fleshing out the “Error Analysis” and “Evaluative Methodology” subsections within the Overleaf project,Task
tk4383,,,,upload the initial drafts and draft figures to the Drive,Task
tk4384,,,,sharing prior templates for timeline or workflow visualizations,Task
tk4387,,,,advising on preferred referencing style and division of “Limitations & Future Work”,Task
tk4388,,,,cross-section review,Task
tk4390,,,,consolidating all references at the end of the main manuscript,Task
tk4391,,,,citing within sections using BibTeX keys,Task
tk4392,,,,organizing a single integrated “Limitations and Future Work” section within the Discussion,Task
tk4393,,,,dedicated thread for in-depth feedback on the annotation guidelines appendix,Task
tk4394,,,,collaborative review in Google Drive of the annotation guidelines appendix,Task
tk4395,,,2025-05-10,uploading section drafts (including figures and tables) to Drive folders and incorporating into Overleaf,Task
tk4397,,,2025-05-08,uploading the participatory annotation literature and draft appendix,Task
tk4399,,,,reviewing both the main text and the appendix materials,Task
tk4400,,,,annotator onboarding,Task
tk4401,,,,adjudication on ambiguous cases,Task
tk4402,,,,harmonizing citation styles,Task
tk4403,,,,resolving figure placement across Overleaf and Drive,Task
tk4404,,,,onboarding/annotation schema,Task
tk4405,,,,adjudication protocols,Task
tk4406,,,,integrating cross-references to the error taxonomy,Task
tk4407,,,,appendix review,Task
tk4408,,,,,Task
tk4409,,,2023-05-10,finalizing Related Work section,Task
tk4410,,,2023-05-10,finalizing Semantic Metrics Alignment section,Task
tk4411,0.8142,['tk4709'],,review section integration (section-by-section review),Task
tk4412,,,,coordinating heading into peer review,Task
tk4413,,,,checking balance between methodological detail and practical guidance in the appendix,Task
tk4415,0.8521,"['tk1309', 'tk2832', 'tk3734']",2019-05-11,section peer review phase,Task
tk4418,,,,Comments on Michael’s error analysis and visualizations,Task
tk4419,,,,Review of Sunita’s methods documentation and entity schema definitions,Task
tk4420,,,,Final review of Ananya’s “Semantic Metrics Alignment” and applicability of recent citation updates,Task
tk4421,,,,"Holistic review of full draft and appendix focusing on logic, cohesion, and ACM JOCCH guidelines compliance",Task
tk4423,,,,Review and integrate supplementary explanations for annotator agreement table,Task
tk4424,,,2025-05-15,Incorporate all peer review feedback,Task
tk4425,,,2025-05-16,Consolidation meeting,Task
tk4426,,,,"Initiate ACM JOCCH submission process and ensure checklist items (metadata, code repository, data availability statement)",Task
tk4428,,,,detailed review of Ananya’s “Semantic Metrics Alignment” section,Task
tk4430,,,,consolidation phase,Task
tk4431,,,2026-05-16,final consolidation meeting,Task
tk4432,,,2026-05-14,requests for additional supporting figures or dataset references in the appendix,Task
tk4433,,,,coordinate uploads and attributions,Task
tk4434,,,,refining the equations and adding new citation anchors,Task
tk4436,,,,maintaining a live collaborative document during consolidation meeting,Task
tk4437,,,,last round of edits and confirm checklist completion before submission,Task
tk4438,,,2025-05-14,circulate requests for additional supporting materials or clarifications,Task
tk4439,,,2019-05-14,"circulate additional figures, tables, or dataset citations",Task
tk4440,,,2019-05-15,send the narrative draft,Task
tk4441,,,,coordinate the platform and share the Google Meet link in advance,Task
tk4442,,,2019-05-17,initiate the ACM JOCCH submission process,Task
tk4443,,,,ACM JOCCH submission,Task
tk4444,,,,metadata entry,Task
tk4445,,,,corresponding author responsibilities,Task
tk4446,,,,Semantic Analysis,Task
tk4449,,,,,Task
tk4450,,,,double-check access to the submission portal,Task
tk4452,,,2023-05-25,suggest potential reviewers,Task
tk4453,,,,submission progress and expected editorial review timeline,Task
tk4454,,,,accessing the ACM JOCCH submission portal,Task
tk4455,,,2019-05-25,propose alternative reviewers or raise concerns about listed reviewers,Task
tk4457,,,,draft author contribution statement with a focus on methodology and data curation,Task
tk4458,,,,annotation consistency,Task
tk4459,,,,adjudication,Task
tk4461,,,,methodology,Task
tk4463,,,,conceptualization,Task
tk4464,,,,supervision,Task
tk4466,,,,review and revision phases,Task
tk4470,,,,investigation,Task
tk4471,,,,methodology design,Task
tk4472,,,,designing the agreement protocol,Task
tk4473,,,,designing statistical metrics,Task
tk4475,,,,correspondence,Task
tk4476,,,,uploading the contribution statements via the portal’s “Additional Documents” section,Task
tk4477,,,,maintaining periodic checks on the submission portal,Task
tk4478,,,,preparing collective responses to editor communications,Task
tk4479,0.8516,['tk4493'],2021-06-02,update the Data Availability and licensing segments (Data Availability and Licensing section update),Task
tk4480,,,2021-06-06,refine the figure legends in the manuscript draft,Task
tk4481,,,2021-06-07,review of the revised manuscript prior to portal re-submission,Task
tk4482,,,2021-06-08,internal approval,Task
tk4483,0.7606,['tk4494'],,Enhanced figure legends and supporting documentation (figure legend improvements),Task
tk4484,,,,review and confirm revised Data Availability language,Task
tk4485,,,,finalizing internal review ahead of the revised submission,Task
tk4486,,,,licensing documentation,Task
tk4487,,,,updates to the figure legends for Figures 2 and 4,Task
tk4488,,,2023-06-08,review the revised legends and overall manuscript edits,Task
tk4490,,,,coordinating the license clarifications,Task
tk4491,,,,confirm once all merged edits are finalized in the manuscript,Task
tk4492,,,,upload the finalized manuscript and accompanying cover letter to the editorial portal,Task
tk4495,0.8026,['tk5821'],,division of minor format corrections and citation harmonization (minor formatting corrections (citations & ORCID alignment)),Task
tk4499,,,,"verify typesetting, author information, and references",Task
tk4500,,,,finalizing open-access licensing,Task
tk4501,,,,proof approval,Task
tk4502,,,,do not share the accepted manuscript publicly until official proofs are received,Task
tk4503,,,2019-06-01,"verify all typesetting, author lists, ORCIDs, references, and the Data Availability statement",Task
tk4504,,,,coordinate on institutional archiving requirements,Task
tk4505,,,2019-06-01,return corrections on galley proofs,Task
tk4506,0.8244,['tk4524'],,proof review and author coordination (collaborate on edits to proofs),Task
tk4507,,,2019-06-01,galley proof turnaround,Task
tk4508,,,,logging feedback on specific sections of the proofs,Task
tk4509,0.7916,"['tk4529', 'tk4795']",,"data licensing transparency, including source, legal, and negotiating details (data and licensing disclosures)",Task
tk4510,0.7844,['tk4528'],,"scrutinize all figure legends, graphics, and cross-references (review methodology visuals and figure legends)",Task
tk4511,,,,"focus on institutional affiliations, citation formatting, and archiving requirements",Task
tk4512,,,,repository submission to IACS,Task
tk4513,,,2019-06-01,confirm travel or leave plans for end of June and early July,Task
tk4514,,,,identify a backup reviewer,Task
tk4515,,,,sign or provide input on copyright/license forms,Task
tk4516,0.8609,['tk4525'],,final proof review,Task
tk4517,,,,production stage,Task
tk4518,,,,Data Availability Statement verification,Task
tk4519,,,,Licensing Disclosures verification,Task
tk4520,,,,Final Formatting cross-check,Task
tk4521,,,,circulate the proofs via Drive or Box,Task
tk4522,,,,coordinate in the online sheet for dedicated sections,Task
tk4523,,,,cover each other’s sections during brief absences,Task
tk4526,0.7739,['tk4498'],,review galley proofs (review the proofs),Task
tk4527,,,,figure and methods review,Task
tk4530,,,,centralize feedback via a shared online sheet,Task
tk4531,,,,send the proofs and a direct link to the sheet,Task
tk4532,,,,reviewing my section,Task
tk4533,,,,double-checking institutional and funding attributions,Task
tk4534,,,,input on acknowledgments for US-based sponsors,Task
tk4535,,,,review assigned sections in galley proofs,Task
tk4536,,,,submit author corrections to ACM production team,Task
tk4537,,,2023-06-27,submit inputs and suggestions on the sheet,Task
tk4538,,,,collation and quality check before uploading to the production portal,Task
tk4539,,,,"scan the Author Information, ORCIDs, and overall typesetting for inaccuracies",Task
tk4540,,,,fill out proof correction form collaboratively,Task
tk4541,,,,liaise with the ACM production editor,Task
tk4542,,,,"review of institutional affiliations, citation formatting, and acknowledgments",Task
tk4543,,,,review of author list and ORCID identifiers on the galley front matter,Task
tk4544,,,,double-check institutional footers for consistency with accepted version,Task
tk4545,,,,escalate ambiguous typesetting issues or licensing discrepancies,Task
tk4546,,,,compile granular corrections in Google Sheet in advance of formal submission to ACM Production,Task
tk4547,,,2025-06-27,additional review pass,Task
tk4548,,,,verify sections in question to meet the 72-hour deadline,Task
tk4549,,,2025-06-27,comprehensive coverage in the correction form,Task
tk4550,0.8155,['tk4556'],,"review, consolidate, and submit the final correction form to ACM (final collation and submission of corrections to ACM Production)",Task
tk4551,,,,engagement with the galley proofs,Task
tk4552,,,,thorough cross-checking,Task
tk4553,,,,review of the proofed sections,Task
tk4554,,,,entering detailed annotations in the Google Sheet,Task
tk4555,,,,review notes in the sheet,Task
tk4557,,,,prepare the final correction form for submission to ACM Production,Task
tk4558,,,,upload the completed correction form and annotated PDF to the ACM production portal,Task
tk4559,0.8264,['tk4564'],,respond to ACM queries or clarifications based on corrections (responding to ACM clarifications or further author action),Task
tk4560,,,,circulate the projected publication schedule,Task
tk4561,,,,proof corrections consolidation and submission,Task
tk4562,,,,highlighting subtle format and content issues,Task
tk4563,,,,adding a post-publication note to team workspace,Task
tk4565,,,2021-10-04,complete all correction executions,Task
tk4566,,,,,Task
tk4567,,,,,Task
tk4568,,,,proof corrections,Task
tk4569,,,,final publication stage,Task
tk4570,,,,typesetting,Task
tk4571,,,,licensing,Task
tk4572,,,,figure integrity,Task
tk4573,,,,affiliation reporting,Task
tk4574,,,,"summarize major communication points, reviewer allocation, proofing strategies, and rapid-response protocols for production queries",Task
tk4575,0.8463,"['tk4578', 'tk4598', 'tk4599', 'tk4612', 'tk4619', 'tk4625']",,setting up a “Project Retrospective & Workflow Reference” folder in our existing Drive workspace,Task
tk4576,0.8127,['tk4606'],,inclusion of generic templates and checklists for both journal and conference submissions (include a generic timeline template and example checklists for future submissions),Task
tk4577,,,,circulate a draft outline for collective input,Task
tk4579,,,,"capturing proofing workflow, communication strategies, role allocations, and production-response methods",Task
tk4580,,,,"including timeline templates, checklists, and annotated examples tailored to both journal and conference submissions",Task
tk4581,,,,"logging unforeseen bottlenecks or challenges (e.g., DOI assignment and typesetting ambiguities) and their resolutions",Task
tk4582,,,,developing ready-made solutions for bottlenecks or challenges,Task
tk4583,,,,taking the lead on the documentation initiative,Task
tk4584,,,,"contributing perspective on collaborative collation, communication with editorial offices, and compliance with international licensing and attribution protocols",Task
tk4585,,,,appending a “lessons learned” subsection respective to institutional or task-specific roles,Task
tk4586,,,,producing Sunita’s proposed outline draft,Task
tk4587,,,,Documenting collaborative and technical efforts,Task
tk4588,,,,Prompt escalation of minor anomalies,Task
tk4589,,,,Flagging of typesetting inconsistencies,Task
tk4590,,,,Flagging of DOI workflow ambiguities,Task
tk4591,,,,Include a flowchart or timeline illustrating how issues were triaged,Task
tk4592,,,,Modeling best practices for interdisciplinary ventures with broader consortia,Task
tk4593,,,,"Collaborate on the Visuals, Data, and Production Communication sections",Task
tk4594,,,,"Share notes on image asset workflow, caption harmonization process, and coordination with ACM Production",Task
tk4595,,,,Propose a simple visual pipeline summarizing communication loops,Task
tk4596,,,,"Set periodic review meetings or informal check-ins at project kickoff, proofing, and submission stages",Task
tk4597,,,,Review outline next week and provide input promptly,Task
tk4600,,,,section on interdisciplinary communication protocols and challenges specific to Indian research institutions navigating international publishing standards,Task
tk4601,,,,compile notes regarding typical approval pipelines and the integration of funder mandates,Task
tk4602,,,,"including bottleneck logs, annotated templates, and periodic review touchpoints",Task
tk4603,,,,incorporate a visual workflow from project proposal to publication,Task
tk4604,0.7703,['tk4615'],,drafting a proposed Roles & Responsibilities matrix (building a Roles & Responsibilities matrix),Task
tk4605,,,,compile anonymized examples of successful escalation/clarification email chains,Task
tk4608,,,,organize internal review meeting and circulate calendar invite with Zoom link,Task
tk4609,,,,prepare summary bullet-point list on what worked well and what could be improved,Task
tk4610,,,,prepare workflow diagram in Lucidchart,Task
tk4611,,,,integrate workflow diagram into the evolving document,Task
tk4613,,,,reviewing the outline and adding initial comments,Task
tk4614,,,,,Task
tk4616,,,,contributing points regarding inter-institutional coordination and mandatory compliance topics,Task
tk4617,,,,consolidating preferences and circulating a final time and Zoom link,Task
tk4618,,,,preparing a concise “lessons learned” summary,Task
tk4620,,,,translating end-to-end process into a draft flowchart using Lucidchart,Task
tk4621,,,,upload preliminary PNG version of the workflow diagram to shared Drive,Task
tk4622,,,,integrating a color-coded legend to differentiate between journal- and conference-specific pathways,Task
tk4623,,,,collate everyone's preference for meeting time,Task
tk4624,,,,prepare visual components and bullet-point lessons learned summary for discussion,Task
tk4626,,,,finalize internal documentation standards,Task
tk4628,,,,,Task
tk4629,,,,presentation and group review of workflow diagram with live annotation,Task
tk4630,,,,"section-by-section review for actionable improvements: Roles & Responsibilities, Communication Protocols, Bottleneck Handling, and Template Library",Task
tk4631,,,,"discussion of lessons learned with focus on coordination, escalation mechanisms, and visual/data workflows",Task
tk4632,,,,assigning leads for section finalization,Task
tk4633,0.799,['tk5323'],,timeline confirmation for draft revisions and tentative submission windows (establishing a rough timeline for document completion and periodic review),Task
tk4636,,,,,Task
tk4637,,,,,Task
tk4638,,,,,Task
tk4639,,,2021-10-18,all section revisions,Task
tk4640,,,,,Task
tk4641,,,2025-07-19,summarizing the key discussion points and circulating a clear record of the 19 July review,Task
tk4642,,,2025-07-28,finalizing contributions regarding communication protocols and escalation cases,Task
tk4643,,,2025-07-28,adding annotated samples and a summary analysis of key patterns,Task
tk4645,,,,document lead responsibilities including structuring and integrating subsections,Task
tk4646,,,,updating flowchart reflecting the remote collaboration feedback,Task
tk4647,,,,preparing compliance notes on UK/EU data considerations for collaborative NLP research on historical data,Task
tk4648,,,2025-08-01,brief asynchronous feedback window before the proposed 1 August meeting,Task
tk4649,,,2025-08-01,proposed 1 August meeting,Task
tk4650,,,,document championship process and assisting with editorial harmonization and bibliography,Task
tk4652,,,,shaping a best-practices reference for cross-border and multi-disciplinary NLP collaborations,Task
tk4653,,,2025-07-28,content upload,Task
tk4654,,,,provide asynchronous suggestions in shared Google Doc prior to final review,Task
tk4655,,,,coordinate numbering/caption styles for diagrams and callouts,Task
tk4656,,,,draft a short user-guide paragraph explaining navigation between visual diagram and process checklists,Task
tk4657,0.8262,"['tk4662', 'tk4687']",,finalize the compliance notes (compliance summaries),Task
tk4658,,,,prepare annotated drafts on communication protocols and escalation scenarios,Task
tk4659,,,,complete revised workflow diagram incorporating feedback on remote collaboration handoffs and scenario-based escalation,Task
tk4660,,,,create style guide “Captioning & Cross-Reference Protocols”,Task
tk4661,,,,draft a brief user-guide paragraph to orient future readers,Task
tk4663,,,,insert in-text anchor references to relevant workflow actions,Task
tk4664,,,2019-07-28,open the consolidated Google Doc for asynchronous review,Task
tk4665,,,2019-07-28,upload finalized content,Task
tk4666,,,2019-07-31,group feedback window,Task
tk4667,,,2019-08-01,final review meeting,Task
tk4668,,,,lock the document for editorial harmonization,Task
tk4669,,,,assign bibliography and appendix tasks,Task
tk4671,,,2021-10-19,finalized compliance and data governance section upload,Task
tk4672,,,,preparing the Captioning & Cross-Reference Protocols,Task
tk4673,,,,v2 diagram and proposed navigation guide,Task
tk4674,,,,circulate the consolidated Google Doc link,Task
tk4675,,,,create a summary table or Q&A appendix addressing common compliance queries in historical NLP research,Task
tk4676,,,2022-08-01,1 August review,Task
tk4677,,,2023-07-31,feedback window,Task
tk4678,,,,1 August meeting,Task
tk4679,,,,Major Edit Review,Task
tk4680,,,,Compliance & IRB Protocols,Task
tk4682,,,2019-08-03,Bibliography and Appendix Finalization,Task
tk4683,,,,Submission Strategy Discussion,Task
tk4684,,,,Next Steps & Task Deadlines,Task
tk4685,,,,harmonize references and appendix labeling in the post-meeting clean-up,Task
tk4686,,,,act as chair/moderator for the session,Task
tk4688,,,,submission process,Task
tk4689,,,,concatenation of checklist/diagram cross-references,Task
tk4691,,,,integration of cross-referenced diagrams and user-guide,Task
tk4692,,,,"summary of compliance provisions, including GDPR/UK data regulations and implementation strategies for international collaborations",Task
tk4693,,,,final read-through post-harmonization,Task
tk4694,0.8813,['tk4698'],2021-08-03,final editorial/classification pass (final editorial review),Task
tk4695,,,,finalize Appendices (FAQ and Data Licensing Table),Task
tk4696,,,,prepare concise version for potential EMNLP workshop submission,Task
tk4697,,,,draft the cover letter and handle corresponding author duties,Task
tk4699,,,2021-08-04,Appendices and compliance FAQ,Task
tk4700,,,2021-08-05,complete author contribution and conflict of interest statements,Task
tk4701,,,,circulate template for author contribution and conflict of interest statements,Task
tk4702,,,2021-08-08,full draft sign-off and cover letter review,Task
tk4703,,,2023-08-02,division of tasks,Task
tk4704,,,2023-08-04,final diagram callouts or navigation tips embedded in the appendices,Task
tk4705,,,2023-08-05,complete all remaining contribution and COI statements,Task
tk4706,,,,assembly with final main-text draft,Task
tk4707,,,,cross-jurisdictional NLP research,Task
tk4708,,,,final editorial harmonization on the main text and appendices,Task
tk4710,,,,compile and embed author contribution and COI statements,Task
tk4711,,,,export manuscript as Word and PDF meeting ACM’s submission standards,Task
tk4712,,,,"clarifications on compliance, dataset licensing, and annotation workflow documentation",Task
tk4713,,,2019-08-05,circulate the full version to all co-authors for a last round of signoff,Task
tk4714,0.878,['tk4717'],2019-08-05,provide additional corrections or final approval (final manuscript review),Task
tk4719,,,,Transparent documentation pipelines for multilingual NLP on historical data,Task
tk4720,0.7708,['tk6038'],,initial editorial check to ensure compliance with JOCCH format and submission requirements (initial editorial checks),Task
tk4721,,,,technical corrections,Task
tk4723,0.8122,['tk4722'],,first round of reviewer comments (first-round reviewer comments),Task
tk4725,,,,highlight all changes in revised manuscript and update cover letter to include a summary of revisions,Task
tk4726,0.8129,"['tk5898', 'tk5912']",,prepare a brief cover letter summarizing the major improvements in response to JOCCH’s reviewer feedback (addressing the major revision points),Task
tk4727,,,,"enhance Section 3.2 with a comparative table mapping required steps across UK, India, and US contexts",Task
tk4728,,,,expand Appendix I to more explicitly flag licensing tiers and include DOIs or URLs,Task
tk4730,,,,coordinate a last style review across the whole document,Task
tk4731,,,,draft additional analysis code and share results,Task
tk4732,,,2019-10-24,"complete drafting all major textual, compliance, and dataset index revisions",Task
tk4733,,,2019-10-31,internal review and harmonization,Task
tk4734,,,2019-11-05,prepare point-by-point response to reviewers and revise cover letter,Task
tk4735,,,2019-11-15,peer sign-off and final integration,Task
tk4736,,,2019-11-15,target resubmission,Task
tk4737,,,2019-12-04,meet 4 December deadline,Task
tk4740,,,,updated compliance tables,Task
tk4741,,,,expanded dataset index,Task
tk4742,,,,generate additional analysis for the quantitative evaluation,Task
tk4744,,,,expansion of the licensing tables,Task
tk4745,,,2019-10-10,joint call,Task
tk4746,,,2019-10-24,circulate revised sections internally,Task
tk4747,,,,expand Appendix I with dataset index and licensing table,Task
tk4748,,,2024-10-18,circulate a draft update to the dataset/index section,Task
tk4749,,,,"Progress updates on assigned revision responsibilities (compliance workflow table, dataset index/licensing, experimental evaluation, and formatting)",Task
tk4750,,,,Deep-dive on addressing reviewer concerns regarding reproducibility and dataset accessibility under international regulatory frameworks,Task
tk4751,,,,Workflow for assembling the tracked-changes master document and planning for harmonized cross-institutional sign-off,Task
tk4752,,,,Prepare a list of datasets that may pose specific issues,Task
tk4753,,,,"Timeline confirmation and checkpoints for integration, internal review, and resubmission",Task
tk4755,,,2024-10-16,initiate the compliance workflow crosswalk table,Task
tk4756,0.7745,['tk4777'],,finalizing the expanded dataset index with explicit licensing annotations and persistent identifiers (expanded dataset index template with licensing and DOI columns),Task
tk4757,0.8706,"['tk4729', 'tk4743']",2024-10-17,compile inter-annotator agreement metrics and additional statistical insights from pilot study (compile inter-annotator statistics and pilot study insights),Task
tk4758,,,2024-10-23,assemble feedback into tracked-changes master draft,Task
tk4759,,,2024-10-20,integrate additional pilot study data,Task
tk4760,,,2024-10-18,all individual section updates,Task
tk4761,,,2024-10-24,integrated master draft,Task
tk4762,,,2024-10-25,group review and response-to-reviewers letter draft,Task
tk4763,0.7706,['tk4774'],,draft addendum clarifying ongoing negotiations and compliance constraints (data licensing),Task
tk4764,,,,lead the cover letter revision,Task
tk4765,,,,update on the compliance workflow table and the integration plan for the new pilot study results,Task
tk4766,,,2025-10-16,prepare draft compliance crosswalk table,Task
tk4767,,,2025-10-17,deliver new inter-annotator agreement tables,Task
tk4768,,,,rerun meta-analysis scripts,Task
tk4769,,,2025-10-18,asynchronous review of final figures,Task
tk4770,,,2025-10-21,final draft of compliance and experimental sections,Task
tk4771,,,2025-10-23,style harmonization,Task
tk4772,,,2025-10-24,master draft milestone,Task
tk4773,,,,provide detailed in-document comments and running Q&A thread via Google Docs,Task
tk4775,,,2019-10-23,style and consistency review,Task
tk4776,,,,sharing the detailed inter-annotator agreement metrics and the draft addendum clarifying regional licensing constraints,Task
tk4778,,,2025-10-20,review the dataset index and share any final amendments or edge cases,Task
tk4779,,,2025-10-21,sync to verify cross-referencing and prepare the master document for final style review,Task
tk4780,,,,delivery of IAA data and comprehensive regional licensing addendum,Task
tk4781,,,,delivery of compliance crosswalk,Task
tk4782,,,,delivery of updated dataset index with clear licensing notations,Task
tk4783,0.8325,"['tk4789', 'tk5628']",,collation and layering of the disparate section materials into a cohesive draft (integrating all revised materials into master draft),Task
tk4784,,,,"harmonize cross-references, standardize table/figure/appendix callouts, and ensure updated compliance language remains consistent throughout",Task
tk4785,,,2019-10-21,send last-minute updates or additional edge cases,Task
tk4786,,,2019-10-23,circulate the full tracked-changes master draft,Task
tk4787,,,2019-10-27,focused group review of integrated file,Task
tk4791,0.7799,['tk1461'],2019-10-23,provide any last minor edits or clarifications (technical or editorial adjustments),Task
tk4792,,,,finalize the cross-institutional acknowledgments section,Task
tk4793,,,,"ongoing access negotiations (NDLI, WBSA)",Task
tk4794,,,,cross-institutional (India-UK-US) compliance reconciliation and replicable documentation workflow,Task
tk4796,,,,"detailed clarification on annotation protocols, pilot study expansion, and quantitative transparency in error/consensus adjudication",Task
tk4797,,,2023-10-25,final micro-edits to the manuscript and the response letter,Task
tk4800,,,,group sign-off,Task
tk4803,,,,editorial pre-review process,Task
tk4804,0.7834,['tk4809'],,monitor the submission portal for any notifications (check the submission portal regularly),Task
tk4806,,,,pre-submission coordination,Task
tk4808,,,,monitoring responsibilities during editorial review phase,Task
tk4810,,,,draft a brief internal reflection memo summarizing major collaborative strategies,Task
tk4811,,,,coordinate an outline for the reflection memo,Task
tk4813,,,,primary point of contact for the first review stage,Task
tk4814,,,,check the portal at least twice weekly,Task
tk4815,,,,circulate any updates from the editorial office,Task
tk4816,,,2025-11-15,collaborative reflection memo,Task
tk4817,,,,divide contributions for reflection memo,Task
tk4818,,,,provide input on institutional contacts and negotiation practices,Task
tk4821,,,,drafting the internal reflection memo,Task
tk4822,,,,distilling cross-institutional strategies and licensing-compliance protocol into a succinct document,Task
tk4823,0.8205,"['tk4831', 'tk4864', 'tk4877']",,advise if additional compliance documents from the NDLI negotiations should be added to the cross-institutional section or benefit from a similar annotation protocol,Task
tk4824,,,,engagement with the IACS ethics committee regarding historical corpus digitization and anonymization,Task
tk4825,,,,summarize the evolving licensing conditions with the West Bengal State Archives,Task
tk4826,,,,finalize the division of topics and clarify any institutional segments,Task
tk4827,,,2019-11-03,complete the Doodle poll,Task
tk4828,0.8514,['tk4830'],2019-11-02,circulate a preliminary outline for the reflection memo (circulate a preliminary shared outline),Task
tk4829,,,,review and add suggestions to the preliminary shared outline,Task
tk4832,,,,documenting institutional-specific approaches,Task
tk4833,,,,provide select anonymized samples of ethics committee documentation and approval correspondence,Task
tk4834,,,,monitoring the JOCCH editorial portal,Task
tk4835,,,,review workflow on managing data-sharing agreements over multiple years,Task
tk4836,,,,include a concise set of recommendations in the final section of the memo,Task
tk4837,,,2025-11-04,add brief bullets or comments clarifying intended section contributions,Task
tk4838,,,,upload sample ethics committee correspondence to shared Drive,Task
tk4839,,,,harmonizing and documenting multi-year data-sharing workflows for recommendations section,Task
tk4840,,,,section lead assignment and review of outline contributions,Task
tk4841,,,,"discussion on appendices: documentation, approvals, and anonymized samples",Task
tk4842,,,,data-sharing over multiple years: best-practice recommendations and open challenges,Task
tk4844,,,,setting targets for first full draft and coordinating asynchronous review,Task
tk4845,,,2023-11-05,review and annotate the draft outline,Task
tk4846,,,,"discuss section leads, responsibilities, and proposed sources/examples during the meeting",Task
tk4847,,,,bring feedback or anticipated bottlenecks relating to new compliance or data access protocols for agenda item 3,Task
tk4848,,,,Overview/introduction and US-side compliance practices,Task
tk4849,,,,UK data negotiation and international harmonization,Task
tk4850,,,,Institutional ethical approval documentation and comparative analysis,Task
tk4851,,,,"Details of the NDLI access workflow, annual data licensing, and drafting recommendations on multi-year data sharing agreements",Task
tk4852,,,,upload the anonymized IACS ethics committee correspondences,Task
tk4853,,,,collate UK and Stanford sample artifacts for appendix inclusion,Task
tk4854,,,2024-11-14,populate assigned outline sections,Task
tk4855,,,2024-11-15,review of draft material and asynchronous comments,Task
tk4856,,,2024-11-20,circulate consolidated draft for final team review,Task
tk4857,,,,devote a specific subsection to evolving practices in multi-year data and compliance arrangements,Task
tk4858,,,,align memo’s recommendations with anticipated DST and UKRI reporting templates,Task
tk4859,,,2025-11-10,annotation of appendix artifacts,Task
tk4860,,,2025-11-14,finalize the UK institutional harmonization and international protocols section,Task
tk4861,,,2019-11-14,finish contributions to the US compliance narrative and overview section,Task
tk4862,,,2019-11-10,share a sample annotated artifact,Task
tk4863,,,,confirm if the NDLI workflow and IACS-specific approval flowcharts should be referenced directly in the main methodology or integrated within the appendices with cross-links,Task
tk4865,,,,"propose a clear, concise annotation template",Task
tk4866,,,,formalize this annotation protocol for the full set of materials,Task
tk4867,,,,upload Stanford artifacts to shared “Memo_Appendices_Working” folder,Task
tk4868,,,,review uploaded Stanford artifacts and suggest clarifications or comparative notes,Task
tk4869,,,,share Oxford ethics documentation,Task
tk4870,,,,annotate each document with a brief introductory annotation in Ananya’s recommended format,Task
tk4871,,,2025-11-12,finalizing uploads and annotations for the IACS/NDLI materials,Task
tk4872,,,,sending specific cross-comparative questions,Task
tk4873,,,,integrating the NDLI workflow documents,Task
tk4874,,,,drafting a navigational summary table for appendices,Task
tk4875,,,,include a brief note in NDLI materials explaining implications of the 2022 regulatory changes,Task
tk4876,,,,comparative remark highlighting convergence/divergence in post-2022 archival protocols (NDLI vs. West Bengal State Archives and Stanford IRB),Task
tk4878,,,,uploads and annotated documents completion,Task
tk4880,,,,flag any specific points or queries for Sunita ahead of annotation deadline,Task
tk4881,,,,responsible and transparent NLP research on historical data across international borders,Task
tk4882,,,,finalizing the NDLI documentation uploads,Task
tk4883,,,,"providing comprehensive, contextual annotations",Task
tk4884,,,,comparative analysis of regulatory shifts and their impact on cross-border project planning,Task
tk4886,,,,US compliance narrative cross-referencing,Task
tk4887,,,,integration of the navigation table and harmonization edits,Task
tk4889,,,2025-11-15,provide final feedback on the navigation table and the harmonized annotation framework,Task
tk4890,,,2025-11-15,notify of any clarifications or expansion requests,Task
tk4891,,,,indicate further cross-references between the compliance narrative and the annotated appendices,Task
tk4893,0.8292,['tk4902'],,complete the internal quality review ahead of pre-submission (preparing for pre-submission quality review),Task
tk4894,,,,integrating the revised Appendix Navigation Table into the consolidated draft,Task
tk4896,,,,proposing the Notable Institutional Divergence/Convergence column,Task
tk4897,,,,reviewing the table in Section C and the harmonized annotation framework,Task
tk4898,,,,flagging in the annotation for the Stanford ContinuingReview_Sample.pdf the IRB update recommendation,Task
tk4899,,,,drafting a brief sentence about IRB update recommendation,Task
tk4901,,,,providing additional supporting context or cross-references from the US side before the internal quality review phase,Task
tk4903,,,2019-11-20,asynchronous internal quality review,Task
tk4904,,,2019-11-20,submit any final comments,Task
tk4905,,,,initiating the pre-submission checklist,Task
tk4906,,,,targeting intended conference submission window,Task
tk4908,,,,,Task
tk4909,,,,,Task
tk4910,,,,,Task
tk4911,,,,NDLI annual review protocol,Task
tk4912,,,,,Task
tk4913,,,,,Task
tk4915,,,,draft an in-text reference,Task
tk4916,,,,insert a short paragraph in the conclusion summarizing the core learning outcomes,Task
tk4917,,,,draft a concise version of the conclusion paragraph,Task
tk4919,,,,finalize targeted edits,Task
tk4920,,,,upload the revised document in the shared drive for final sign-off,Task
tk4925,,,,monitor the status of our submission,Task
tk4926,,,,accessing the updated files or submission receipt,Task
tk4927,,,2022-03-26,"upload a revised version, including a summary of modifications",Task
tk4928,,,,targeted revisions to reflection memo,Task
tk4930,,,,elaborating on how protocol harmonization insights could generalize to less-resourced or alternative domains,Task
tk4932,0.8004,['tk4944'],,correcting minor inconsistencies in Appendix B and IRB citations,Task
tk4933,,,,documentation of case examples from data agreement negotiations,Task
tk4934,,,,technical expansion on annotation validation,Task
tk4935,,,,synthesis of generalization beyond core case studies,Task
tk4936,0.7993,"['tk4940', 'tk4951', 'tk4960']",,Ramesh & Ananya: draft bullets on generalization of findings to under-resourced settings and list of formatting/referencing inconsistencies (addressing formatting corrections),Task
tk4938,0.8305,"['tk4950', 'tk4959']",,Michael: outline and example figures/tables for annotation tool validation and error analysis (NDLI and Europeana sub-corpora) (Michael’s annotation validation/error analysis),Task
tk4939,,,,handling detailed documentation of the cross-border agreement cases,Task
tk4941,,,,preparing a compelling revision,Task
tk4942,,,,automated annotation pipeline revisions,Task
tk4943,,,,refine analysis on how the compliance and harmonization strategies could generalize to projects in under-resourced settings,Task
tk4945,,,,assemble preliminary notes and circulate them ahead of the meeting,Task
tk4946,,,2022-01-31,clearly delineate individual tasks and establish deadlines for each section,Task
tk4947,,,2022-03-03,revision planning Zoom meeting,Task
tk4948,0.8128,['tk5726'],,add preliminary notes or outlines to the shared folder (upload draft materials and notes to the shared drive),Task
tk4952,0.9271,['tk4965'],,review detailed reviewer comments on the ACL portal before the meeting,Task
tk4953,,,,ACL2023 paper revision,Task
tk4954,,,2022-03-03,ACL revision planning session,Task
tk4955,,,,Quick recap of the major ACL revision points,Task
tk4956,,,,Responsibility allocations and key timelines,Task
tk4957,,,,Discussion of reviewer-specified improvements,Task
tk4961,,,,Consolidation of section leads and action items for the “RSVP to ACL reviewers” letter,Task
tk4962,,,,Timeline for draft completion and next internal review,Task
tk4963,,,,"Upload preliminary notes, figures, and revision outlines to shared Google Drive folder",Task
tk4964,,,,Add section updates to “ACL2023_RevisionNotes”,Task
tk4966,0.8894,"['tk4929', 'tk4949', 'tk4958']",2022-03-12,Draft detailed section on challenges and case studies concerning cross-jurisdictional data-use agreements (Sunita’s documentation of cross-jurisdictional data-use challenges),Task
tk4967,0.8721,"['tk4931', 'tk4937', 'tk4981']",2022-03-12,expanding discussion on automated annotation tool validation and dataset error analysis (writing the section on annotation tool validation/error analysis),Task
tk4968,0.8028,"['tk1167', 'tk1178', 'tk1203', 'tk3231', 'tk3278']",2022-03-12,collating the error breakdowns from current evaluations (error analysis),Task
tk4969,,,2022-03-12,Collaborate to synthesize protocol harmonization lessons and clean up referencing and formatting inconsistencies,Task
tk4970,,,2022-03-16,Integrated first full draft (Sunita consolidating),Task
tk4971,,,2022-03-19,Internal feedback round,Task
tk4972,,,2022-03-24,"Final revisions, author responses, and resubmission",Task
tk4974,,,,Upload all materials to shared folder “TransnationalNLP_ACL2023/RevisionMaterials/.”,Task
tk4975,,,2023-01-17,Note any challenges or unforeseen issues by email before the next check-in,Task
tk4976,,,,Every co-author signs off before resubmission,Task
tk4977,,,2026-01-14,drafting the section on the generalization of protocol harmonization strategies to under-resourced and non-Western institutional contexts,Task
tk4978,,,2026-01-14,address the formatting and referencing corrections in Appendix B,Task
tk4979,0.8306,['tk5400'],,integrate all finalized contributions and address outstanding author notes (integrating all contributions and maintaining version control),Task
tk4982,,,2026-01-11,brief check-in via email to share progress updates,Task
tk4983,,,,"produce a strong, well-argued response for the ACL reviewers",Task
tk4984,0.8686,['tk5006'],,revision phase of ACL submission (ACL revision),Task
tk4985,,,,harmonization and generalization section,Task
tk4986,,,2019-01-10,first complete version of harmonization text,Task
tk4987,,,2019-01-11,share incremental drafts and highlight unresolved points,Task
tk4988,,,,confirm reference style for resubmission,Task
tk4989,,,,check if figures and validation documentation require additional data-source attributions,Task
tk4990,,,,digital heritage or archival NLP projects in settings with limited legal infrastructure or capacity,Task
tk4991,,,,generalization section,Task
tk4992,,,2025-01-10,preliminary draft upload,Task
tk4993,,,2025-01-14,finalize and share draft section including finalized figures,Task
tk4994,,,2025-01-11,confirm reference formatting,Task
tk4995,,,,error analysis section,Task
tk4996,,,,progress tracking,Task
tk4997,,,,reference management,Task
tk4998,,,2019-01-11,update the shared Overleaf bibliography to strictly follow the ACL BibTeX style,Task
tk4999,,,2019-01-11,standardize legacy entries or non-compliant citation formats,Task
tk5000,,,,figure attribution plan including dataset DOIs in the captions and supplemental details in the main text,Task
tk5001,,,,integration of JDoc and ACM JOCCH sources,Task
tk5002,,,,oversight of the harmonization/generalization section drafting,Task
tk5003,,,,review uploaded materials and coordinate cross-referencing in Appendix B,Task
tk5004,,,2019-01-11,"asynchronous check-in to confirm each section’s progress, resolve referencing issues, and flag content for joint discussion",Task
tk5005,,,,share blockers or questions ahead of the asynchronous check-in,Task
tk5007,,,2026-01-12,integrated draft consolidation,Task
tk5008,,,2026-01-14,brief full-team review,Task
tk5009,,,,address reviewer suggestion on legal interoperability with Creative Commons archives,Task
tk5010,,,,drafting an addendum for the harmonization section,Task
tk5011,,,,finalize this segment and upload it to the shared folder,Task
tk5012,,,,Sunita’s integration schedule,Task
tk5013,,,,confirm the bib entries after upload,Task
tk5014,,,,double-check for consistency with the ACL BibTeX style,Task
tk5015,,,,review the ambiguous references highlighted in Appendix B and propose clarifications or deletions,Task
tk5016,,,,flag unresolved entries for collective decision in the next round,Task
tk5017,,,2019-01-14,14–15 January internal review deadline,Task
tk5018,,,2026-01-14,review consolidated draft on Overleaf,Task
tk5019,,,,prepare brief overview of implemented changes for author response letter,Task
tk5020,,,,finalize the author response and address late-stage feedback,Task
tk5021,,,,author response letter drafting,Task
tk5022,,,,integrating the various sections and ensuring reference consistency and compliance with ACL formatting requirements,Task
tk5023,,,,protocol adaptation for under-resourced settings,Task
tk5024,,,,justification for Creative Commons data use,Task
tk5025,,,,annotation tool error mitigation approach,Task
tk5026,,,2024-01-15,finalizing the author response letter ahead of submission,Task
tk5027,,,2026-02-01,final pass on both the manuscript and response letter,Task
tk5028,,,2026-01-16,lock all final edits and resolved comments,Task
tk5030,,,,additions on legal interoperability,Task
tk5031,,,,improvements to the error analysis,Task
tk5032,,,,link detailed supplemental materials in the submission system,Task
tk5035,,,,final integration and editing pass,Task
tk5036,,,,harmonizing minor editorial or formatting corrections,Task
tk5037,,,,implementing last-minute clarification requests,Task
tk5039,,,2019-01-16,resolving outstanding tracked changes and comments,Task
tk5040,,,,technical compliance checks in the ACL portal,Task
tk5041,,,2019-01-16,initiate the submission process,Task
tk5042,,,,final sweep of the Overleaf main text and Google Drive response letter draft,Task
tk5043,,,,submitting our revision,Task
tk5045,,,2022-03-15,update submission,Task
tk5046,0.825,"['tk5178', 'tk5188']",2022-04-30,presenter confirmation processes through the conference portal,Task
tk5047,,,,minor revisions on protocol-specific exceptions and annotation workflow,Task
tk5049,,,,prepare graphical abstract for online proceedings,Task
tk5051,,,2024-03-09,finalize textual and technical updates,Task
tk5052,,,2024-03-03,expand the section on protocol-specific exceptions,Task
tk5053,0.9449,['tk5097'],2024-03-03,clarify the annotation workflow outlined in Figure 2 (clarifying the annotation workflow in Figure 2),Task
tk5054,,,2024-03-03,draft concise explanatory notes to accompany the update,Task
tk5055,,,,presenting author for oral session at ACL 2024,Task
tk5056,,,,"preview specific datasets, code artifacts, or visualization assets ahead of submission",Task
tk5060,,,2026-03-09,address technical and editorial contingencies,Task
tk5062,0.9289,"['tk5063', 'tk5070']",,liaise with the proceedings team for visualization clarifications (graphical asset integration),Task
tk5065,,,,,Task
tk5066,0.8705,['tk5072'],,review Section 4.3 and Figure 2 workflow for clarity for interdisciplinary audiences (provide detailed review of Section 4.3 and Figure 2 workflow updates),Task
tk5073,,,,finalize plan and prepare for smooth submission,Task
tk5074,,,,arrange the organizational call,Task
tk5075,,,,monitor for the final ACL camera-ready instructions,Task
tk5077,,,,update materials promptly upon receipt of the final instructions,Task
tk5078,,,,presenter status,Task
tk5079,,,2019-03-03,manuscript and workflow draft updates,Task
tk5080,,,,code repository alignment,Task
tk5081,,,,manuscript revisions,Task
tk5083,,,,"review of reviewer and meta-reviewer recommendations, especially regarding Section 4.3 and the annotation workflow diagram",Task
tk5084,,,,progress update on textual and supplementary material revisions,Task
tk5085,,,,confirmation of Overleaf and code/data repository status and final compliance timelines,Task
tk5086,,,,discussion of preliminary checklist for camera-ready formatting and graphical abstract integration,Task
tk5087,,,,outline of required metadata updates and presenter confirmation documentation,Task
tk5088,,,2024-03-13,contingency planning and division of labor to ensure all action items are ready before the 13 March deadline,Task
tk5089,,,2026-03-03,editing Section 4.3 to expand on the protocol-specific exceptions,Task
tk5090,,,2026-03-03,circulate the updated draft for review,Task
tk5091,,,,access the repository and provide additional feedback regarding any potential ambiguity,Task
tk5092,,,,graphical assets and compliance checks,Task
tk5093,,,,flag any potential metadata inconsistencies in the manuscript,Task
tk5094,,,,draft the official confirmation note to ACL for presenter documentation,Task
tk5095,0.8085,['tk5160'],2026-03-09,formal internal sign-off (internal completion),Task
tk5096,,,,revising Section 4.3,Task
tk5098,,,,providing one clear historical example per exception type for protocol-specific exceptions,Task
tk5099,,,,numbering each workflow step in Figure 2 and mirroring these in the narrative,Task
tk5100,,,,revising the metadata fields “Language Tags” and “Document Provenance” in the compliance checklist,Task
tk5101,,,,ensuring consistency across the manuscript and supplementary materials,Task
tk5103,,,,checking the final graphical abstract and supplementary material links,Task
tk5104,,,,validating the data and repository accessibility,Task
tk5105,,,,assembling the documentation for submission,Task
tk5106,,,2025-03-09,arranging a brief check-in prior to the internal review submission,Task
tk5108,,,,,Task
tk5110,,,,,Task
tk5111,,,,,Task
tk5112,,,2025-03-09,internal completion deadline,Task
tk5115,,,,accessibility check,Task
tk5117,,,2026-03-09,sync call before internal deadline,Task
tk5118,,,2026-03-05,sync call availability,Task
tk5119,,,,incorporation of action items into revised Section 4.3 and Figure 2 workflow,Task
tk5122,,,,approach the internal submission,Task
tk5124,,,,graphical abstract integration,Task
tk5125,,,,compliance feedback review,Task
tk5127,,,2019-03-06,confirm checklist and circulate calendar invite,Task
tk5128,,,,review in-line comments on Overleaf regarding ambiguous source attribution and annotation color for hybrid entries,Task
tk5129,,,,triple-check encoding of Source Language tags for mixed-script materials,Task
tk5130,,,,finalizing the abstract image,Task
tk5131,,,,documentation for presentation confirmation,Task
tk5133,,,,repository metadata validation,Task
tk5135,,,,rapid review of any outstanding checklist items,Task
tk5136,,,,circulate both the compliance checklist and the meeting invite,Task
tk5137,,,,last-minute visual check of the abstract image,Task
tk5138,,,,ensure the doc links directly to the signed confirmation file,Task
tk5139,,,,"finalize manuscript refinements, repository edits, and checklist sign-offs",Task
tk5140,0.8319,['tk5166'],2024-03-09,produce the formal compliance sign-off to be included with submission (compiling compliance sign-off form and submission packet),Task
tk5141,,,2022-03-07,finalize Section 4.3 and Figure 2 edits for ambiguous source attribution and hybrid entry color-coding,Task
tk5142,,,,triple-check Source Language tag encoding for mixed-script Bengali/English instances,Task
tk5143,,,,share metadata compliance summary checklist and flag remaining anomalies,Task
tk5144,,,,complete graphical abstract alignment tweaks prior to export,Task
tk5145,,,,cross-verify final README and confirm all DOIs/accessibility post-upload,Task
tk5146,0.7817,"['tk5159', 'tk5164']",,presenter documentation hyperlinking and confirmation within the PDF (accurate hyperlinking of the presenter confirmation),Task
tk5147,,,2022-03-09,complete checklist and internal submission,Task
tk5148,,,,circulate final compliance sign-off to be included in submission packet,Task
tk5151,0.9162,['tk5964'],,circulating meeting minutes and documenting action plan (documenting the meeting minutes),Task
tk5152,,,2026-03-06,camera-ready coordination call,Task
tk5153,,,,update README file in the supplementary repository,Task
tk5154,,,,revalidate all DOIs,Task
tk5155,,,,check accessibility of supplementary PDF and tabular data files,Task
tk5156,,,,endorse compliance summary,Task
tk5158,,,,editorial revisions to Section 4.3,Task
tk5161,,,,editorial revisions and color-coding adjustments for Section 4.3 and Figure 2,Task
tk5163,0.8208,['tk5226'],,supplementary materials validation and accessibility checks (supplementary package audit),Task
tk5165,,,,graphical abstract integration and visual alignment,Task
tk5167,,,,,Task
tk5169,,,2024-03-24,confirm participation,Task
tk5170,,,2022-05-10,presenter information completion,Task
tk5171,0.7728,['tk5225'],2022-05-10,sign ACL copyright/license form,Task
tk5172,,,2024-03-18,meta-review revisions,Task
tk5173,,,2024-03-18,compile checklist of required changes,Task
tk5174,,,,coordinate edits in Overleaf under branch ACL2024_CameraReady,Task
tk5176,,,2024-03-22,final metadata validation cross-check,Task
tk5177,,,2024-03-20,initiate copyright signature process,Task
tk5179,,,2024-03-24,final audit of supplementary files and DOI links,Task
tk5180,,,,final internal review and submission,Task
tk5181,,,2024-03-18,finalize coordinated checklist,Task
tk5182,,,,refining Section 5,Task
tk5183,,,2024-03-24,"audit of data files, README consistency, DOI validity, and graphical abstract formatting",Task
tk5184,,,2024-03-25,final internal review Zoom call,Task
tk5185,,,2024-03-21,synchronizing manuscript with latest ACL2024 style files,Task
tk5186,,,2024-03-20,metadata validation phase,Task
tk5187,,,,copyright processes through the conference portal,Task
tk5189,,,2024-03-22,"meta-review responses, section sign-offs, and supplementary verifications reflected in Overleaf and on the checklist",Task
tk5190,,,,repository consistency oversight,Task
tk5191,,,,repository audits,Task
tk5192,,,,work on Section 5,Task
tk5193,,,,initiating an editable compliance checklist on Google Drive,Task
tk5194,,,,final internal review,Task
tk5196,0.7701,['tk5162'],2024-03-22,metadata review and compliance certification (metadata validation),Task
tk5197,,,,repository audit,Task
tk5198,,,,presenter confirmation and copyright forms,Task
tk5199,,,,compliance checklist maintenance,Task
tk5200,0.8243,"['tk5201', 'tk5203']",2024-03-22,resolving ambiguous script tagging (mixed-script tagging),Task
tk5202,,,2024-03-22,finalising all checklist items,Task
tk5204,,,,integrated the additional code-switch markers into the supplementary documentation,Task
tk5205,,,,annotated the justification process in README,Task
tk5206,,,,final repository audit,Task
tk5207,,,,review and sign off on the “Mixed-Script Decisions” tab before internal walkthrough,Task
tk5208,,,,review the mapping in Section 5’s error analysis figure,Task
tk5209,0.8103,['tk5218'],,updating the corpus citation at line 336 to cite the newly published peer-reviewed source (update citation in line 336 in references and dataset documentation),Task
tk5210,,,2025-03-23,set the “Last Updated” field in the supplementary package,Task
tk5211,,,2025-03-25,resolve minor items before scheduled Zoom review,Task
tk5212,,,2025-03-25,"cross-check each compliance item, upload the full camera-ready package, and address any last-minute portal issues",Task
tk5213,,,,repository validation,Task
tk5215,,,,meta-review responses alignment with the supplementary package,Task
tk5216,,,,code-switch marker insertions,Task
tk5217,,,,clarifying the two error analysis legend labels in Section 5,Task
tk5219,,,,replacing the preprint throughout the manuscript and supplementary documents,Task
tk5220,,,2023-03-23,updating the “Last Updated” field for supplementary materials,Task
tk5221,,,2024-03-25,final pass through the “Formatting” and “Meta-Review Response” tabs and digital sign-off,Task
tk5227,,,,"updates to legends, reference corrections, and final Overleaf formatting",Task
tk5228,,,2019-04-01,follow-up discussion to review conference logistics and potential project extensions,Task
tk5229,,,,final compliance check,Task
tk5230,,,2022-05-17,confirmation of technical compliance,Task
tk5231,,,2022-05-17,notification of required corrections,Task
tk5232,,,,participation in ACL2024,Task
tk5234,,,,brainstorm the talk structure and coordinate the division of speaking roles,Task
tk5235,,,,release of annotated historical corpora and scripts as a resource paper or dataset note,Task
tk5236,,,2024-04-22,planning call,Task
tk5237,,,,prepare extended version of ACL2024 paper,Task
tk5238,,,,journal extension structure & division of new writing tasks,Task
tk5239,,,,dataset/resource paper logistics and timeline,Task
tk5240,,,,outreach to the broader historical NLP community,Task
tk5241,,,,preliminary organization of upcoming ACL2024 presentation,Task
tk5242,,,,formal resource paper to accompany the dataset release,Task
tk5243,,,,separate dataset note or technical report,Task
tk5244,,,,maximize visibility and community reusability,Task
tk5245,,,,outline a modest user study to track uptake,Task
tk5246,,,,begin drafting a brief outline for the extended version,Task
tk5247,,,,collate feedback on dataset dissemination channels,Task
tk5248,,,,journal extension,Task
tk5249,,,,resource-oriented outreach,Task
tk5250,0.8045,['tk5282'],,annotation guidelines and normalization methods (expanding the annotation guidelines),Task
tk5251,,,,language normalization methodology,Task
tk5252,0.7928,"['tk5257', 'tk5263', 'tk5288', 'tk5297']",,compile a draft section on normalization workflows and the annotator agreement statistics (normalization guidelines and agreement statistics section),Task
tk5253,,,,"coordinate a modest user study protocol to accompany public release, including a short survey for corpus users",Task
tk5254,0.8541,['tk5272'],,"assemble materials, analyses, or datasets prior to the planning meeting (prepare core datasets or supplementary analyses in advance)",Task
tk5255,,,,submitting a dataset note or technical report in parallel,Task
tk5256,,,2025-04-24,planning meeting,Task
tk5258,0.8591,"['tk5262', 'tk5273']",,prepare and share supplementary annotation logs and annotation metadata (assembling the annotation logs and metadata),Task
tk5259,,,,circulate a preliminary comparison table of dataset publication venues,Task
tk5260,,,,liaise with institutional repositories to verify hosting requirements for datasets,Task
tk5261,,,,"expand on inter-annotator agreement results, longitudinal normalization experiments, and detailed annotation protocol in journal extension",Task
tk5264,,,,process comparative statistics or generate plots,Task
tk5265,,,,upload the data to the shared repository and highlight key segments,Task
tk5266,,,,prepare preliminary table comparing resource hosting venues,Task
tk5267,,,,coordinate the dataset note logistics,Task
tk5268,,,,circulate template or format for the user study survey,Task
tk5269,,,,refine questions related to usability and linguistic diversity,Task
tk5270,,,,add a preliminary timeline for the journal submission and resource paper,Task
tk5271,,,2025-04-24,distribute writing and revision tasks after the 24 April call,Task
tk5274,,,,dataset hosting venue comparison,Task
tk5275,,,,expanding the survey of dataset hosting platforms,Task
tk5277,,,,including survey instruments and uptake tracking in the appendix,Task
tk5278,,,,reviewing and commenting on user study survey,Task
tk5279,,,,finalizing talking points for the meeting agenda,Task
tk5280,,,,agreeing on division of writing/liaison tasks,Task
tk5284,,,,release logistics and access protocols,Task
tk5285,,,,documentation of the user study framework,Task
tk5286,,,,"user study survey on corpus usability, representativeness of historical scripts, and NLP pipeline compatibility",Task
tk5287,,,,"curating the supplementary annotation logs, edge cases, and inter-annotator metadata",Task
tk5289,,,,including institutional insights into data licensing as an appendix,Task
tk5290,0.8125,"['tk5303', 'tk5330']",,drafting a short section contextualizing the motivations for the survey (add a short introduction to the survey),Task
tk5291,,,2026-04-21,circulate written contributions,Task
tk5292,,,,"integrate details of additional datasets, analyses, or hosting platforms for comparison",Task
tk5293,,,,making a strategic decision on resource hosting venues,Task
tk5294,,,,position the survey as an appendix,Task
tk5295,,,,adding survey items related to multi-script queries and historical language normalization,Task
tk5296,,,,draft dataset note structure,Task
tk5298,,,,integrating institutional and legal nuances for the licensing appendix,Task
tk5299,,,,comparative insights for HuggingFace Datasets and institutional repositories,Task
tk5300,,,,"gather latest on repository obligations, licensing templates, and data privacy stipulations",Task
tk5301,,,,preliminary user study survey,Task
tk5302,,,,incorporating qualitative questions on challenges during multi-script retrievals and language normalization protocols,Task
tk5304,,,,prepare a comparative licensing table segment and cross-reference LDC and CLARIN requirements,Task
tk5305,,,2025-04-21,21 April internal review draft exchange,Task
tk5306,,,2025-04-24,24 April call,Task
tk5307,,,2025-04-19,notify additional repositories or legal considerations,Task
tk5308,,,,outreach preparation materials,Task
tk5309,,,,align licensing appendix and dataset dissemination strategy with evolving best practices,Task
tk5310,,,,reviewing the summary and comparative licensing table,Task
tk5311,,,,evaluating real-world usability,Task
tk5313,,,,understanding community needs for normalization,Task
tk5314,,,,academic research on code-switching in colonial records,Task
tk5315,,,,licensing assessment,Task
tk5316,,,2024-04-20,upload the finalized annotation logs and selected edge-case materials,Task
tk5317,,,2024-04-21,21 April internal review,Task
tk5318,,,,resource note submission,Task
tk5319,,,,review of written section drafts,Task
tk5320,,,,finalization of dataset hosting venue and DOI allocation strategy,Task
tk5321,0.7721,['tk5339'],,discussion and approval of the user study/survey (survey finalization),Task
tk5322,,,,assignment of writing/editorial tasks for both journal extension and resource note submission,Task
tk5324,,,2024-04-23,provide inline comments or revision notes in your sections,Task
tk5325,,,,upload the finalized legal/licensing summary,Task
tk5326,,,,supplement the dataset documentation with any outstanding meta-annotations or edge-case illustrations,Task
tk5327,,,,flag any external datasets or benchmarks to be cited in the related work,Task
tk5328,,,,assembling the internal review package,Task
tk5329,,,,review the materials in the shared directory,Task
tk5331,,,,uploading annotation edge cases,Task
tk5332,,,,work-in-progress licensing appendix,Task
tk5333,,,,integrate finalized legal summary into shared document and link institutional policy references as footnotes,Task
tk5334,,,,expanded hosting comparison table,Task
tk5335,,,,add a short section on citing external benchmarks for historical document normalization efforts,Task
tk5336,,,2025-04-23,leave high-level feedback or approval for sections,Task
tk5337,,,,section reviews,Task
tk5338,,,,dataset hosting,Task
tk5340,0.8139,"['tk154', 'tk1833']",2024-07-01,Timelines and next steps for drafting and submission responsibilities (submission and drafting timeline),Task
tk5341,,,2024-04-28,prepare Student-Led Project Legal Notice template,Task
tk5342,,,2024-05-05,cross-validate meta-annotations and finalize dataset documentation,Task
tk5343,,,2025-04-24,documentation of the 24 April meeting,Task
tk5344,,,2025-04-30,finalizing Zenodo project entry,Task
tk5345,,,2025-04-28,28 April internal checkpoint,Task
tk5346,,,2025-05-05,final review of cross-validation workflow for meta-annotations,Task
tk5347,0.8714,['tk5383'],2025-06-02,2 June consolidated draft deadline (2 June draft deadline),Task
tk5348,,,,cross-validation workflow for meta-annotations,Task
tk5349,,,,editorial refinement and coordination for the manuscript,Task
tk5350,,,,circulate up-to-date draft sections for asynchronous review,Task
tk5351,,,,prepare further citations and explanatory notes,Task
tk5352,,,,draft metadata preparation,Task
tk5353,,,,finalize point-of-contact emails and institutional affiliations for all contributors,Task
tk5354,,,,reflect Ananya’s preferred Oxford affiliation,Task
tk5355,,,,apply co-authoring conventions required by JOCCH for dataset notes,Task
tk5356,0.8399,['tk5364'],2024-05-05,meta-annotation review integration (meta-annotation logs review),Task
tk5357,,,,add final clarifying footnotes to the normalization section,Task
tk5360,,,2024-05-05,cross-validation addendum,Task
tk5361,,,2024-05-08,prepare a consolidated submission checklist,Task
tk5362,,,2024-05-04,"respond about external corpus integrations, citation requirements, or manuscript author order preferences",Task
tk5363,,,2024-06-02,produce the complete submission draft,Task
tk5365,,,,,Task
tk5366,,,,cross-validation,Task
tk5367,,,,preparing the final legal notice template,Task
tk5368,,,,standardizing legal notice citations,Task
tk5369,,,2024-05-05,documentation lock,Task
tk5370,,,,compilation for the consolidated checklist,Task
tk5371,,,,completion of meta-annotation addendum,Task
tk5372,,,2024-05-05,documentation review phase,Task
tk5373,,,,integration of addenda and clarifying comments into 2024_JournalExtension/Draft_v2May/ folder,Task
tk5374,,,,cross-checking compliance procedures and legal notices for consistency,Task
tk5375,,,,incorporating standardized citations for the Student-Led Project Legal Notice,Task
tk5377,0.8164,['tk1956'],2024-06-02,compiling the full package for targeted 2 June draft milestone (compiling the final submission package),Task
tk5378,,,,confirm institutional affiliations and author order,Task
tk5379,,,,double-check final list of external corpus citations,Task
tk5380,,,,review final Zenodo project page for typographical consistency,Task
tk5381,,,,indicate embargoed resources or legal notifications requiring updates,Task
tk5384,,,,remaining checklist items and manuscript assembly steps,Task
tk5385,,,,final document compilation workflows,Task
tk5386,,,,author order or contribution statement nuances,Task
tk5387,,,,Zenodo/embargoed data release logistics,Task
tk5388,,,,contingencies for last-minute edits or required approvals,Task
tk5389,,,2024-05-12,approvals documentation,Task
tk5390,,,2024-05-28,final compilation and circulation of locked draft for group sign-off,Task
tk5391,,,,draft candidate cover letter for the JOCCH submission,Task
tk5392,,,,circulate a template following the meeting,Task
tk5393,,,,final draft assembly for JOCCH,Task
tk5394,,,2025-05-18,confirm embargo status of one dataset subset in the compliance appendix,Task
tk5395,0.8325,"['tk2493', 'tk278', 'tk4416', 'tk5358', 'tk5404', 'tk5648', 'tk606', 'tk630']",2025-05-28,final manuscript integration before the next draft deadline (finalizing manuscript),Task
tk5396,,,,final review of Zenodo metadata and supplementary legal documentation,Task
tk5397,,,2025-05-17,cover letter drafting with emphasis on legal compliance and meta-annotation methodology,Task
tk5398,,,,update author order and corresponding author metadata,Task
tk5399,,,,final embargo confirmation and typo checks for Zenodo project,Task
tk5401,,,2025-05-28,review compiled submission package and provide last feedback,Task
tk5402,0.8306,['tk5408'],2022-12-10,embargo status clarification for the relevant subset of our historical corpus (clarifying the embargo terms),Task
tk5403,,,,update the compliance appendix to specify the extended embargo lift date and standardize the citation language,Task
tk5405,0.8244,"['tk1290', 'tk1396', 'tk3610', 'tk3635', 'tk3642', 'tk3651', 'tk5415', 'tk5904', 'tk5908', 'tk6017']",2024-05-24,provide feedback on the cover letter draft,Task
tk5406,,,2024-05-28,finalize all submission materials prior to compilation and collective sign-off,Task
tk5409,,,,drafting the JOCCH cover letter,Task
tk5410,,,2024-05-24,review and endorse or comment on the latest drafts,Task
tk5412,,,,proactive engagement with external corpus providers,Task
tk5413,,,,inclusion of external corpus providers' specific data usage language,Task
tk5416,,,,meta-annotation process,Task
tk5419,,,,enhancements to the compliance appendix and cover letter,Task
tk5420,,,2025-05-28,"compile, lock, and circulate the final documents for universal sign-off",Task
tk5421,,,2024-05-29,upload full package via JOCCH’s ScholarOne system,Task
tk5423,,,,,Task
tk5424,,,,,Task
tk5425,,,,,Task
tk5426,,,,,Task
tk5427,,,2022-10-09,upload revised manuscript and brief response letter via ScholarOne system,Task
tk5431,,,2022-09-01,complete first-pass updates,Task
tk5432,,,,updating the embargo explanation in Section 3.2 and drafting a supplementary sentence about future post-embargo dataset availability,Task
tk5433,,,,adjust Figures 2 and 3 for clarity in Inkscape/Illustrator,Task
tk5434,,,,review Reviewer #2’s PDF annotations and suggest precise language for the Zenodo citation block,Task
tk5436,,,,drafting an expanded clarification on the rolling embargo mechanism,Task
tk5437,,,2024-08-24,upload full draft as a marked revision to the 2024_JournalExtension/Revision_Materials folder,Task
tk5438,,,,diagram annotation,Task
tk5439,,,,expanded embargo clarification,Task
tk5442,,,,annotation flow mappings,Task
tk5443,,,,manual/automated annotation,Task
tk5444,,,,legal review,Task
tk5445,,,,embargo entry,Task
tk5446,,,,open release,Task
tk5447,,,,datasets become available post-embargo,Task
tk5449,,,2025-09-01,integrate all finished elements,Task
tk5451,,,,embargo clarification,Task
tk5452,,,,improved diagrams,Task
tk5453,,,,Zenodo citation block and annotation workflow suggestions,Task
tk5454,,,,assemble the final revision package,Task
tk5455,,,,integrate Ramesh’s citation format into both the main reference list and the supplementary appendix,Task
tk5456,,,,merge all components into the manuscript,Task
tk5458,,,2025-08-28,review the integrated folder and send minor corrections or points of clarification,Task
tk5459,,,2025-08-30,ScholarOne submission of our revision package,Task
tk5460,,,2025-09-18,meet 18 September deadline,Task
tk5462,,,,notify the team and share the ScholarOne receipt,Task
tk5463,,,,consolidating all revision materials and synthesizing collective modifications for the JOCCH resource note,Task
tk5464,,,2019-08-30,proceeding with submission on ScholarOne,Task
tk5465,,,,"receiving the formal acknowledgment from the editorial system, including the new submission receipt",Task
tk5466,,,,embargo clarifications and data-sharing framework,Task
tk5467,,,,visualization updates for annotation and release workflow documentation,Task
tk5468,,,,Zenodo citation suggestions and attention to reviewer specifics,Task
tk5470,0.829,"['tk5473', 'tk5508']",,drafting a concise technical note on compliance management for historical NLP resources,Task
tk5472,,,,"responding to queries about supplementary files, compliance wording, or data accessibility",Task
tk5474,,,,data-sharing challenges,Task
tk5475,,,,reaching out to relevant ACM SIGs and digital humanities networks,Task
tk5478,,,2019-10-01,hosting a virtual seminar,Task
tk5479,,,,draft an annotated slide deck around the embargo mechanics and Zenodo integration,Task
tk5480,,,,set up a shared document to outline talking points for the technical note and compile outreach channels,Task
tk5482,,,,post-submission outreach,Task
tk5483,,,,documenting compliance workflow and rolling embargo best practices in a focused preprint or repository note,Task
tk5484,,,2025-09-15,outlining the core content of the technical note,Task
tk5486,,,,draft an annotated slide outline for a prospective virtual seminar,Task
tk5487,,,,coordinate a press release and blog/news updates for the IACS and Stanford websites,Task
tk5488,,,2019-09-01,schedule a group call to finalize authorship and distribution for the preprint and review virtual seminar format options for October,Task
tk5489,,,,circulate a draft program and event description to both institutions for cross-listing once dates are confirmed,Task
tk5490,,,,,Task
tk5491,,,2019-09-13,contribute text and reviewer feedback excerpts,Task
tk5492,,,,upload annotated drafts of MOU negotiation summary and legal correspondence templates to shared folder under “TechnicalNote_Inputs”,Task
tk5493,0.8044,"['tk5513', 'tk5535']",2024-01-01,"integrate references to legal correspondence templates, MOU summary, and January 2024 compliance negotiation vignette within the next draft (compliance negotiation vignette case study)",Task
tk5494,,,,draft a brief “future directions” technical sidebar on compliance automation,Task
tk5495,,,,comment on figure placements as the first draft is circulated,Task
tk5496,,,2019-09-18,fix the final date for the virtual seminar and move on to drafting invitations,Task
tk5497,0.8199,['tk5519'],,solicit common questions from NLP and DH colleagues at IACS and Stanford in advance for Q&A (capturing representative questions from both NLP and DH communities),Task
tk5500,,,,prepare annotated workflow schematic incorporating updated Zenodo iconography and staged embargo timeline,Task
tk5501,,,,review de-identified legal correspondence and template materials and format them as drop-in supplementary panels for the note,Task
tk5502,0.8083,['tk5548'],,set up Stanford Zoom registration for the primary seminar (Stanford Zoom seminar registration),Task
tk5503,,,,circulate short survey template to crowdsource Q&A themes in advance among institutional and digital humanities contacts,Task
tk5504,,,,"draft a one-page program flyer and share for cross-listing at IACS, Stanford, and Oxford",Task
tk5505,,,,schedule a short preparatory call after Sunita’s draft and figures are uploaded,Task
tk5506,,,,confirm availability for 16 September quick check-in,Task
tk5507,,,2024-09-16,preparatory call for seminar and technical note,Task
tk5510,0.84,['tk5528'],,advance Q&A theme crowdsourcing,Task
tk5511,,,,draft flyer for event publicity,Task
tk5512,,,,local distribution of registration link and survey among the IACS DH and NLP groups,Task
tk5514,,,,circulating the annotated technical note outline,Task
tk5515,,,,coordinating the logistics for preparatory call,Task
tk5516,,,,preparing tracked-changes markup for Section 2 phrasing of the compliance pipeline steps,Task
tk5517,,,,review and edit the event flyer and registration materials for the seminar,Task
tk5518,,,,leveraging Oxford and external DH networks for outreach,Task
tk5521,,,,Next Steps for Figures and Supplementary Material,Task
tk5522,0.8244,['tk5526'],,tracked-changes feedback process (Feedback Timelines),Task
tk5523,0.7757,"['tk5509', 'tk5557']",2019-09-18,Seminar Organization (seminar logistics),Task
tk5524,,,,Action Items and Internal Deadlines,Task
tk5525,,,,delivery schedule for diagrams and ‘pitfall node’ graphics,Task
tk5527,,,,target date for first full draft,Task
tk5529,,,,"division of outreach/registration tasks (Stanford Zoom link registration, flyer review, institutional mailings)",Task
tk5530,,,,"uploading de-identified legal communication templates, compliance negotiation vignette, and data-sharing MOU samples to shared drive",Task
tk5531,,,,verify access to shared drive materials,Task
tk5532,,,,clarification of materials if required,Task
tk5533,,,2024-09-17,circulate tracked-changes edits and minor rewording suggestions for Section 2,Task
tk5534,,,2024-09-18,"upload finalized workflow diagrams, annotated with “pitfall nodes”",Task
tk5536,,,2024-09-18,set up Stanford Zoom registration and share meeting link and Google survey for Q&A theme crowdsourcing,Task
tk5537,,,,,Task
tk5538,,,2024-09-22,complete internal review of full technical note draft,Task
tk5539,,,2024-09-25,external preprint circulation of technical note,Task
tk5540,,,2024-09-19,"finalize seminar logistics (registration, flyer, Q&A collection)",Task
tk5541,,,2024-09-18,draft ~200-word event description for institutional cross-listing,Task
tk5542,,,,sharing draft event description for virtual seminar,Task
tk5543,0.8883,"['tk5561', 'tk5572']",,circulate the Stanford Zoom registration link and the Q&A survey (Stanford Zoom link and registration set-up),Task
tk5544,,,,"incorporate registration details into the event blurb and begin dissemination through the IACS DH mailing list, posters, and Slack groups",Task
tk5545,,,,provide editable version for Oxford’s channels or suggestions for refinement,Task
tk5546,,,2025-09-19,integrate figures and supplementary legal templates into the technical note’s first full draft,Task
tk5547,,,2025-09-18,provide input on the event description and registration materials,Task
tk5549,,,,advance Q&A survey,Task
tk5550,,,,"solicit common pain points and anticipated questions about compliance automation, MOU/legal workflows, and historical data embargoes",Task
tk5551,,,,"circulate registration and survey links in a stand-alone announcement to the Stanford DH, HCI, and NLP grad/postdoc distribution lists",Task
tk5552,,,,proceed with the IACS DH mailings,Task
tk5553,,,,adapt the Q&A prompt language to local context,Task
tk5554,,,,upload finalized workflow diagrams and “pitfall node” figures to the drive,Task
tk5555,,,,check the “Figures” subfolder for the vector originals and an annotated placement legend in .pptx format for Sunita’s draft integration,Task
tk5556,,,,provide input on the event materials,Task
tk5558,,,,technical note,Task
tk5559,,,,draft event description,Task
tk5560,,,,finalized event flyer,Task
tk5562,,,,event description,Task
tk5563,,,,open access and data stewardship issues,Task
tk5564,,,,uploading the flyer and annotated workflow diagrams,Task
tk5565,,,,Oxford DH and NLP listservs distribution,Task
tk5566,,,,posting to internal Slack channels and the Oxford Digital Scholarship newsletter,Task
tk5567,,,2025-09-20,circulate the registration and survey links widely,Task
tk5568,,,2025-09-20,20 September session,Task
tk5569,,,,integrating the latest figures and legal annexes into the full draft,Task
tk5570,,,,case vignette for Section 2 of the technical note,Task
tk5571,,,,prepare technical note and outreach event,Task
tk5573,,,,Q&A Survey response summary download,Task
tk5574,,,,"flyer distribution across IACS, Oxford, and Stanford channels",Task
tk5575,,,,additions to the event description,Task
tk5576,,,,opening remarks framing compliance and practical challenges in historical NLP data,Task
tk5577,,,,"section overviews on legal workflows, embargo model, and automation directions",Task
tk5578,,,,case vignette and interactive segment,Task
tk5580,,,,set up Google Meet backup,Task
tk5581,,,,"organize and share slide decks, diagrams, and legal templates in shared drive",Task
tk5582,,,,"soundcheck and confirm roles (host, share screen, chat moderator)",Task
tk5583,,,,download and summarize Q&A survey responses,Task
tk5584,,,,panel discussion coverage of themes from advance submissions and live attendee input,Task
tk5585,,,,dissemination of event flyer in DH and NLP networks,Task
tk5586,,,,finalize and upload Section 2 slides to “Seminar_2024” drive,Task
tk5589,,,,prepare text draft for the session’s closing remarks,Task
tk5591,,,,address recording consent during the seminar,Task
tk5592,,,,circulate Google Meet backup access details if technical issues arise,Task
tk5593,,,,use Zenodo pipeline as a case study in the event flyer,Task
tk5594,,,,cross-check figures and annotations against Michael’s diagram placement legend,Task
tk5595,,,,share screen for Section 2 portion of the session,Task
tk5596,,,2024-09-22,circulate the integrated first full draft,Task
tk5597,,,2024-09-24,review the full draft with tracked-changes and targeted feedback,Task
tk5598,,,,"upload the session recording, slides, and curated Q&A summary",Task
tk5599,,,,incorporate select questions into an Appendix for the technical note,Task
tk5600,0.8295,['tk5606'],,distribute a redacted excerpt of the compliance negotiation vignette (share a redacted version of negotiation vignette),Task
tk5602,,,,finalize the technical note and set submission direction,Task
tk5603,,,2019-09-24,focused review and tracked-changes feedback,Task
tk5604,,,,curate and organize the seminar outputs,Task
tk5607,,,,comment on points requiring further anonymization or redaction,Task
tk5609,,,,,Task
tk5610,,,,,Task
tk5611,,,,,Task
tk5612,,,,,Task
tk5613,,,,,Task
tk5615,0.8161,"['tk5627', 'tk5887']",2024-09-24,review track changes version and add comments or direct suggestions (Targeted Review),Task
tk5616,,,,Supplementary Outputs,Task
tk5617,,,,Figures/Appendices cross-check,Task
tk5618,,,,Submission Planning,Task
tk5619,,,2025-09-24,review of integrated technical note draft,Task
tk5620,,,,prepare brief recommendations for open questions from seminar’s Q&A,Task
tk5621,,,,clarify terminology around cross-institutional archival agreements,Task
tk5622,,,,check alignment between vignette content and practical recommendations,Task
tk5623,,,,provide clarification on diagrams relating to data embargo transitions and anonymization in compliance vignette,Task
tk5624,,,,agree on final edits and submission venue,Task
tk5625,,,2019-09-24,internal feedback,Task
tk5626,,,2019-09-25,consolidated set of final edits and a venue decision,Task
tk5629,,,,Lessons Learned summary drafting,Task
tk5631,,,,figures and diagrams placements and legends check,Task
tk5632,,,,submission venue decision,Task
tk5633,,,,modular compliance workflows,Task
tk5634,,,,embedded documentation for reproducibility in historical NLP,Task
tk5635,,,,"rapid consolidation of all outstanding revisions, cross-referencing Ananya’s and Michael's notes",Task
tk5637,,,,"timeline confirmation for final manuscript, figures, and supplementary appendix submission",Task
tk5638,0.82,"['tk5641', 'tk5647']",,parallel preparation of a blog post and/or preprint as supplementary outputs (planning for a parallel blog post or public preprint),Task
tk5639,,,,final edits to compliance vignette section and integration of references to latest international data stewardship guidelines,Task
tk5642,,,,organization of lessons learned for practitioner adoption of workflow innovations,Task
tk5643,,,,consolidation meeting for the technical note,Task
tk5644,,,,integration of latest legal clarifications and workflow diagrams,Task
tk5645,,,,decide between JOCCH and JCDL,Task
tk5646,,,,manuscript and figures finalization schedule,Task
tk5649,,,2022-09-27,Remaining minor language edits,Task
tk5650,,,,final figures cross-check and bibliographical review,Task
tk5652,,,2022-10-01,parallel blog post refinement,Task
tk5653,,,2022-10-19,Internal manuscript/figures/appendices freeze,Task
tk5654,,,,Preprint decision post-JOCCH submission,Task
tk5655,,,2022-10-01,Public-facing announcement drafting,Task
tk5656,,,2022-09-27,circulate the revised tracked-changes draft,Task
tk5657,,,2022-09-29,review and confirm ready-to-submit status,Task
tk5659,,,2024-09-29,final pass for readiness,Task
tk5661,,,2024-09-29,confirm approval or any critical last edits,Task
tk5665,0.8123,['tk5708'],,consolidate responses for the major revision,Task
tk5666,,,,corpus construction and preprocessing steps,Task
tk5667,,,,expansion that details specific proportions and examples of lesser-resourced language subsets,Task
tk5668,,,,steps for annotation reliability including inter-annotator agreement methods,Task
tk5670,0.8335,['tk5678'],,drafting the new subsection addressing the variance in F1 scores across different languages and historical periods (draft a new subsection and generate supplementary visualizations),Task
tk5671,,,,comparative table of regional data-sharing constraints,Task
tk5672,,,,review and correction of appendices formatting,Task
tk5673,,,,provide editable diagrams,Task
tk5674,,,,share availability and additional concerns or suggestions for the response letter,Task
tk5676,,,,evaluation metrics revision,Task
tk5677,,,,generating disaggregated benchmarking tables,Task
tk5679,,,,"prepare updated visualizations, including per-language precision/recall bar charts and a timeline-based error distribution figure",Task
tk5680,,,,finalize dataset breakdown assignments,Task
tk5681,,,,synchronize our response letter approach,Task
tk5682,,,,outline for the rebuttal,Task
tk5683,0.8666,['tk5694'],,additional statistical breakdowns from the raw corpus logs (extract additional corpus statistics),Task
tk5684,,,,coordinating regarding the legal framework summary table,Task
tk5685,,,,data-sharing recommendations,Task
tk5686,,,,outline the comparative structure for the legal framework summary table,Task
tk5687,,,,collate regional data-sharing protocols into preliminary recommendation points and draft comparative matrix,Task
tk5688,,,,"review expanded methodological section, especially where annotation policies intersect with legal compliance",Task
tk5689,,,,provide updated error analyses and cross-reference language/region breakdowns in evaluation and legal tables,Task
tk5690,,,,circulate a rebuttal outline for early comments,Task
tk5692,,,,upcoming meeting on the 31st,Task
tk5693,,,,legal comparative table,Task
tk5695,,,,methodological clarity section,Task
tk5696,,,,enumerate the lesser-resourced language subcorpora,Task
tk5697,,,,extend the footnotes to reflect institutional source locations and annotation rationale,Task
tk5698,,,,clarify inter-annotator agreement calculation,Task
tk5699,,,,expanded methodological subsection,Task
tk5700,,,,prepare an extended appendix,Task
tk5701,,,,new visualizations,Task
tk5702,,,,ensure exact compliance language in integration notes,Task
tk5703,,,,share a working draft section and preliminary corpus tables,Task
tk5704,,,2019-11-01,contribution planning toward November deadline,Task
tk5705,0.8562,['tk5749'],,clarify the relevant Data Protection Bill clauses for embedding in corpus methodology and annotation guidance (annotation guidelines),Task
tk5706,,,,integration notes,Task
tk5707,,,,upcoming meeting,Task
tk5709,,,,sharing a working draft and corpus tables,Task
tk5710,,,,upload preliminary appendix content as clearly labeled drafts in the drive,Task
tk5711,,,,confirm our section updates,Task
tk5712,,,,finalize the rebuttal outline,Task
tk5713,,,,integrate direct citations and a summary in a compliance footnote within the methods section,Task
tk5714,,,,flag the latest updates regarding archival data annotation,Task
tk5715,,,2019-11-30,30 November deadline,Task
tk5716,,,,data-centric submissions,Task
tk5717,,,,archival data annotation,Task
tk5718,,,,revision sprint meeting,Task
tk5719,,,,brief review of task division and progress updates on assigned sections,Task
tk5720,,,,"finalization of the expanded methodological clarity subsection—structure, inclusion of data breakdowns, and appendix formatting",Task
tk5721,,,,"review of preliminary tables and visualizations for evaluation metrics, with discussion on color schema and legend clarity",Task
tk5722,,,,"outline and formatting options for the legal framework comparative table, incorporating updated protocol notes and suggested legal compliance footnotes",Task
tk5723,,,,consolidation of supplementary material formats and confirming upload strategy for the JOCCH portal,Task
tk5727,,,2024-11-30,JOCCH revision planning,Task
tk5728,,,2024-11-06,Methodological section updates,Task
tk5729,,,2024-11-06,Expanded corpus tables and annotation protocols drafting,Task
tk5730,,,2024-11-07,Evaluation metrics visualizations,Task
tk5731,,,2024-11-10,Legal compliance table development,Task
tk5732,,,2024-11-04,Protocol matrix on key data protection clauses,Task
tk5733,,,,Supplementary materials upload and formatting,Task
tk5734,,,2024-11-11,Master rebuttal outline,Task
tk5735,,,2024-11-12,Sectional drafts completion,Task
tk5736,,,2024-11-18,Integrated manuscript and rebuttal letter group review,Task
tk5737,,,2024-11-28,Final revision upload to JOCCH portal,Task
tk5738,,,,Linking evaluation error analysis to annotation policy discussion,Task
tk5739,,,,Finalize and cross-check Data Protection Bill references,Task
tk5740,,,2024-11-14,Review and comment on supplementary materials,Task
tk5741,,,2024-11-15,Next virtual check-in,Task
tk5743,,,,summarizing the meeting minutes,Task
tk5745,,,2023-11-05,upload protocol matrix,Task
tk5746,,,2023-11-08,circulate concise legal footnotes and summary text,Task
tk5747,,,2023-11-12,coordinate for the final visual layout of the legal comparative table,Task
tk5748,,,,manuscript integration of legal framework materials,Task
tk5750,,,,tightening this critical aspect of the revision and ensuring compliance clarity throughout,Task
tk5751,,,2025-11-05,providing the legal protocol matrix,Task
tk5752,,,2025-11-06,jointly review the side-by-side matrix and proposed legal footnotes,Task
tk5753,,,2025-11-08,draft a sample layout for the appendix section,Task
tk5754,0.8021,['tk5758'],,producing the new evaluation visualizations (finalize the new evaluation visualizations),Task
tk5755,,,2025-11-10,provide in-line comments on the legal appendix draft,Task
tk5756,,,2025-11-12,prepare all discrete section drafts for internal review,Task
tk5757,,,,surface issues regarding coverage of regional legislative nuances and cross-border data transfer,Task
tk5759,,,,cross-referencing figure captions and supplementary legends with the legal footnote templates,Task
tk5760,,,,upload the protocol matrix,Task
tk5761,,,,legal matrix review,Task
tk5762,,,2019-11-06,share draft versions of the figures and their legends in our drive,Task
tk5763,,,,make necessary adjustments ahead of the upcoming integration deadline,Task
tk5764,,,2024-11-07,provide comments or suggested edits,Task
tk5765,,,,formatting the integrated appendix section,Task
tk5766,,,,embed footnotes throughout the main narrative,Task
tk5767,,,,initial review of the legal table alongside drafted footnotes,Task
tk5768,,,2024-11-07,placement of the comparative legal table and finalize the appendix formatting,Task
tk5769,,,2024-11-06,review the main integration draft and provide feedback or inline edits,Task
tk5770,,,,integrating the initial legal protocol matrix content into the draft methodology section,Task
tk5771,,,,aligning the red-outline references with Michael’s figures,Task
tk5772,,,,delegate extended compliance commentary to the appendix,Task
tk5773,,,,clarify whether international annotation triggers the same consent requirements as public release for the “heritage dataset export” clause,Task
tk5774,,,,supply annotation metadata or explanatory details for the starred (‘special consent’) data points in figures,Task
tk5775,,,,finalize the flow for transitioning legally nuanced content between main text and supplementary material,Task
tk5776,,,,add comments to “Method_Section_Draft_Nov6” before the meeting,Task
tk5778,,,2025-11-09,complete final appendix formatting,Task
tk5779,,,,supply anonymized annotation examples and explanatory captions,Task
tk5780,,,2025-11-10,make any final comments directly in the joint document,Task
tk5781,,,2025-11-10,last-formatting pass on both main text and supplementary appendix,Task
tk5782,,,2025-11-10,upload of the integration-ready revision for group review,Task
tk5783,,,,review the supplied annotation cases and update the corresponding figure legends,Task
tk5785,,,,review the updated figure legends and main-text cross-references,Task
tk5786,,,,annotate directly in the Google Slides or in the shared doc,Task
tk5787,,,,final review checkpoint,Task
tk5788,,,,proof for citation and terminology consistency,Task
tk5789,,,,"verify expanded legal matrix, summary narrative, and supplementary annotation cases are complete and cross-referenced",Task
tk5790,,,,final viewing of visuals for color codes/icons and legend clarity,Task
tk5791,,,2019-11-11,comments on compliance statement,Task
tk5792,,,,complete final inline comments or accept suggested changes in the Google Doc/Slides,Task
tk5793,,,,upload updated integrated master document to the shared drive,Task
tk5794,,,2019-11-11,online JOCCH submission,Task
tk5795,,,,initial technical check,Task
tk5796,,,,associate editor and reviewer re-evaluation,Task
tk5797,,,,retain all working files and communications,Task
tk5798,0.815,['tk1455'],2022-02-10,prepare a revised manuscript addressing the above points (updating the manuscript per recent feedback),Task
tk5800,0.8186,"['tk1071', 'tk1127', 'tk1990', 'tk5407', 'tk5414']",2022-02-10,upload compliance appendix to the shared supplement document,Task
tk5801,0.8163,['tk5810'],,Task 1 (Expanding Non-Western Data Protection Analysis),Task
tk5802,,,,identify suitable archival partners or open datasets,Task
tk5803,,,,Empirical Evaluation Clarification,Task
tk5804,,,,extraction and analysis of statistical data from project logs,Task
tk5805,,,,ensure institutional review arrangements are accurately represented for any new dataset considered,Task
tk5806,,,,Additional Use Case – Section 4.2,Task
tk5807,,,,drafting subsection for exemplar case study from outside the UK/EU/India triad,Task
tk5809,,,,"draft a concise compliance statement summarizing universal consent, data minimization, and annotation transparency principles",Task
tk5811,,,,Task 2,Task
tk5812,0.7844,['tk5845'],,reference anonymized details from NLI YIVO collection in revised manuscript (Task 3 (additional use case for Section 4.2)),Task
tk5813,,,2024-01-08,drafting the new subsection,Task
tk5815,,,,"expanded case studies, protocol analyses, and compliance transparency",Task
tk5816,,,,initial findings on archival governance and privacy frameworks in East Asia/Latin America,Task
tk5817,,,,outreach to the National Library of Israel and preliminary feasibility for the additional use case,Task
tk5818,,,,methodology for compiling quantitative annotation metrics and timeline for first dataset summaries,Task
tk5819,,,,structural plan for revised Section 4.2,Task
tk5820,,,,"preliminary outline for Appendix C, including who will draft which compliance components",Task
tk5822,,,,centralized version control and target completion timeline for core sections,Task
tk5824,,,,"upload relevant draft text, tables, or comparative notes to shared “JOCCH_Revision” drive in advance for collective review",Task
tk5825,,,2022-01-10,present preliminary findings regarding archival governance and privacy protocols from the National Diet Library (Japan),Task
tk5826,,,2022-01-08,outreach with the National Library of Israel (NLI),Task
tk5827,,,2022-01-10,outline methodology for extracting cross-border annotation metrics,Task
tk5828,0.8,['tk5808'],2022-01-14,Public Compliance Statement & Minor Corrections (circulate a public compliance statement draft),Task
tk5829,,,2022-01-14,contribute to the bias mitigation and data minimization narrative,Task
tk5830,,,,"coordinate minor formatting corrections using a centralized, tracked master manuscript file",Task
tk5831,,,2022-01-28,produce integrated draft,Task
tk5832,,,2022-02-04,final consolidation and citation harmonization,Task
tk5833,,,2022-01-11,full summary and draft legal matrix from Japan and Chile,Task
tk5834,,,,confirm NLI permissions and begin Section 4.2 drafting upon receipt,Task
tk5835,,,,produce annotation metrics and compliance statement (first version),Task
tk5836,,,2022-01-14,joint review after 14 January,Task
tk5837,,,2022-01-15,next progress check-in via email,Task
tk5838,,,2022-02-10,meet the 10 February revision deadline,Task
tk5839,,,,joint drafting of Section 4.2’s new use case and expansion of non-Western legal analysis once exemplar data is secured,Task
tk5840,,,,comparative legal matrix for incorporating non-Western data protection precedents into JOCCH revision,Task
tk5841,,,2026-01-14,review the matrix,Task
tk5842,,,,augment the jurisdiction matrix with Israel data,Task
tk5843,,,2026-01-14,confirm treatment addresses expanded reviewer prompt or suggest additional points from editorial feedback,Task
tk5844,,,2026-01-14,finalize Section 4.2 content integration,Task
tk5846,,,2025-01-15,collaboratively integrate the new Section 4.2 use case,Task
tk5847,,,,share an initial outline and citation list in the shared drive,Task
tk5848,,,,cross-reference similar workflows in primary datasets,Task
tk5849,,,,review the compliance and legal framing,Task
tk5850,,,,meet integration timeline,Task
tk5851,,,2026-01-15,collaborative drafting session,Task
tk5852,,,,circulate initial outline and citation list,Task
tk5853,,,,review outline and citation list prior to session,Task
tk5854,,,,"annotate comparative legal matrix to reflect NLI, Japan, and Chile divergences",Task
tk5855,,,,"cross-reference annotation workflows and align best practices for user consent, anonymization, and data transmission",Task
tk5856,,,,finalize the drafting call timing,Task
tk5857,,,,review additional materials or secondary sources as part of compliance and legal framing,Task
tk5858,0.8119,['tk5878'],,integrate National Library of Israel (NLI) case into main manuscript (expansion of Section 4.2),Task
tk5859,0.8192,['tk5860'],,rapid review of comparative outlines (Section 4.2 revision),Task
tk5861,,,,live drafting of new Section 4.2 content,Task
tk5862,,,,detailed mapping of NLI-specific considerations,Task
tk5863,,,,delegation of drafting responsibilities for compliance appendices and bibliography harmonization,Task
tk5864,,,,organizing and circulating the proposed agenda and provisional Google Meet link for today's Section 4.2 collaborative drafting session,Task
tk5865,,,,annotating the comparative legal matrix with newly integrated rows corresponding to the National Library of Israel's protocols,Task
tk5866,,,,structuring the “contrast and synthesis” subsection,Task
tk5867,,,,high-level alignment of terminology and structural flow,Task
tk5868,,,,document-level revisions,Task
tk5869,,,,producing a first-pass integrated subsection,Task
tk5870,0.7984,['tk5880'],,allocate drafting and review responsibilities for the compliance appendix (split tasks for compliance appendix revisions),Task
tk5871,,,,split tasks for pending bibliography entries,Task
tk5872,,,,annotate legal divergences within the matrix,Task
tk5874,,,,create a “track changes” document,Task
tk5875,,,,collate regulatory language and cross-reference best practices for management transparency,Task
tk5876,,,2019-02-01,work toward the February deadline,Task
tk5877,,,,live drafting session on Section 4.2,Task
tk5879,,,,"update comparative legal matrix for Israel, Japan, and Chile",Task
tk5881,,,,allocate drafting and review responsibilities for bibliography harmonization,Task
tk5882,,,2025-01-18,circulate updated track changes version of Section 4.2 draft,Task
tk5883,,,2025-01-19,add footnoted citations for translated Japanese and Chilean regulatory documents,Task
tk5884,,,2025-01-20,final policy compliance audit on the NLI and Chilean sections,Task
tk5885,0.8433,"['tk4690', 'tk5895']",2025-01-22,harmonize bibliography entries and citation styles (bibliography harmonization),Task
tk5886,,,,upload all new files to the JOCCH_Revision directory in Google Drive,Task
tk5888,,,2025-01-19,insert Japanese and Chilean regulatory document references with clarifying comments,Task
tk5889,,,,compliance audit on the NLI and Chilean subsections,Task
tk5890,,,2025-01-25,finalize the submission-ready section and supporting materials,Task
tk5891,,,2025-01-20,20 January review deadline,Task
tk5893,,,2025-01-24,finalize camera-ready main text and supporting appendices,Task
tk5894,,,,Section 4.2 revision process,Task
tk5897,,,2025-01-24,generate the camera-ready manuscript and supporting appendices,Task
tk5899,,,,resolution of outstanding comments,Task
tk5901,,,,"merge updated content, finalized footnotes, and harmonized bibliography into the complete manuscript",Task
tk5902,,,2025-01-23,"upload consolidated, camera-ready draft to shared CameraReady folder",Task
tk5905,,,,add a brief paragraph outlining main revisions and responses to the reviewers to the cover letter,Task
tk5906,,,,confirm supporting materials in the appendices are complete and formatted as supplementary content per the JOCCH guidelines,Task
tk5909,,,,summarizing revisions in a brief paragraph,Task
tk5910,,,,providing immediate clarifications for last-minute journal queries pre-submission,Task
tk5911,,,,camera-ready version preparation and upload,Task
tk5913,,,,upload process meeting journal requirements,Task
tk5914,,,,review of submitted files and final comments for journal communication record,Task
tk5917,0.8283,"['tk5923', 'tk5931', 'tk5939']",,discussion of limitations surrounding historical annotation metadata (annotation metadata discussion),Task
tk5918,0.8351,"['tk5924', 'tk5932', 'tk6012']",,integration of supplementary provenance tables into the core narrative (Provenance tables and narrative integration),Task
tk5919,,,,address minor technical comments and citation issues,Task
tk5922,,,2025-03-08,expanding the Chilean and Japanese compliance sections,Task
tk5926,,,2025-03-18,internal deadline for all revised content,Task
tk5927,,,2025-03-29,finalize resubmission package,Task
tk5928,,,,short team call,Task
tk5929,0.8871,"['tk5916', 'tk5921']",2025-03-08,strengthening the comparative regulatory analysis for the Chilean and Japanese datasets,Task
tk5930,,,2025-03-08,"elaborating practical data management scenarios, including workflow diagrams for consent acquisition, anonymization, and data transfer",Task
tk5934,,,,editorial support for the response letter or the integration of diagrams,Task
tk5936,0.8113,['tk565'],2026-03-08,Google Meet discussion (Google Meet call),Task
tk5938,,,,organizing the response workflow and managing communication with the editorial office,Task
tk5940,,,,coordinate offline to anchor the annotation discussion within the broader context of regulatory compliance,Task
tk5941,0.8604,['tk5952'],,prepare an annotated outline or slides on the annotation metadata issues (Prepare outline or slide on annotation metadata issues),Task
tk5942,,,,Quick Progress Review,Task
tk5943,,,,Sectional Discussion,Task
tk5945,,,,Open Issues and Next Steps,Task
tk5946,,,,Ananya’s expanded workflow diagrams and compliance scenarios for Chilean and Japanese datasets,Task
tk5947,,,,Michael’s draft on annotation metadata limitations,Task
tk5948,,,,Best practices for referencing provenance tables within the manuscript core and structuring this integration,Task
tk5950,,,,Coordination of input deadlines and document version management,Task
tk5951,,,,Share draft diagrams and expanded compliance subsections,Task
tk5953,,,,Draft brief summary of the most complex reviewer comments,Task
tk5954,,,2022-03-13,prepare initial response letter template and populate point-by-point responses,Task
tk5955,,,2022-03-18,co-author input to response letter,Task
tk5956,,,2022-03-20,integrated draft of response letter,Task
tk5957,,,2022-03-24,final review and minor editing of full draft,Task
tk5958,,,2022-03-29,portal resubmission to JOCCH,Task
tk5959,,,2022-03-13,finalize compliance section revisions and diagrams,Task
tk5960,,,2022-03-15,submit expanded annotation metadata content,Task
tk5961,,,2022-03-16,update manuscript structure to reflect new integration strategies,Task
tk5962,0.8343,"['tk4396', 'tk6006']",2022-03-29,maintain shared document and ensure version control; coordinate final submission to JOCCH (manage the document version control),Task
tk5963,,,2025-03-08,8 March coordination call,Task
tk5965,0.7999,['tk5970'],,upload of the revised Chilean and Japanese compliance subsections (revising Chilean and Japanese regulatory compliance subsections),Task
tk5966,,,,adding labeled workflow diagrams for consent and data transfer phases,Task
tk5967,,,,editing reviewer-point responses corresponding to compliance sections,Task
tk5968,,,2025-03-13,finalizing content,Task
tk5969,,,2025-03-12,sharing comments or suggestions,Task
tk5971,,,,incorporating the suggestions discussed during the last call,Task
tk5972,,,,integration of compliance draft with point-by-point response plan,Task
tk5973,,,,adaptation of diagrams or supporting text for the response letter,Task
tk5974,,,,propose a unified glossary for recurring metadata and compliance terms,Task
tk5975,,,2025-03-13,group integration of subsections,Task
tk5976,,,,consolidation deadline,Task
tk5977,,,2026-03-18,co-review the integration points and confirm consistent labeling,Task
tk5978,,,2026-03-18,internal consolidation deadline,Task
tk5979,,,2026-03-15,submit the finalized version,Task
tk5980,,,2026-03-15,incorporate tracked feedback,Task
tk5981,,,,review the draft and advise on any urgent amendments,Task
tk5982,,,,highlight specific paragraphs or terminology in the response letter and draft sample response text for reviewer comments related to metadata standards and reproducibility,Task
tk5983,,,,terminology alignment,Task
tk5984,,,,maintaining a well-coordinated revision process,Task
tk5985,,,,greater cross-border workflow specificity,Task
tk5986,,,,facilitate seamless integration across sections,Task
tk5987,0.8922,['tk6011'],,"ensure that terminology is applied consistently, particularly where process stages overlap between compliance and metadata annotation (Annotation metadata and glossary)",Task
tk5988,,,,cross-referencing with the compliance diagrams and provenance tables within the main text,Task
tk5989,,,,confirm consistent labeling,Task
tk5990,,,2019-03-18,integration deadline,Task
tk5991,,,2019-03-16,review latest tracked changes and glossary entries,Task
tk5992,,,2019-03-15,draft sample response text for compliance and metadata reviewer queries,Task
tk5993,,,,finalize contentious sections or labeling,Task
tk5994,,,,clarify archival authority within the Chilean dataset workflow,Task
tk5995,,,,restructuring provenance tables,Task
tk5996,,,,align ongoing drafts for consolidated manuscript structure,Task
tk5997,,,,enter editorial suggestions in compliance and metadata sections,Task
tk5998,,,,incorporate concrete sentences into manuscript and response template,Task
tk5999,0.7721,"['tk3638', 'tk813']",2026-03-18,section integration phase,Task
tk6000,,,2026-03-17,March 17 group review,Task
tk6001,,,,review Sunita’s drafted response texts,Task
tk6002,,,,"confirm all in-text references to diagrams, tables, and glossary entries are consistent and correctly cited",Task
tk6003,,,,"identify any residual redundancy between the compliance, metadata, and provenance discussions",Task
tk6004,,,,prepare any remaining questions or concerns for rapid resolution during the call,Task
tk6005,,,,verify all new content is reflected in both manuscript and response letter drafts,Task
tk6007,,,,flag specific reviewer points or clarify language for the response letter,Task
tk6009,,,,pre-consolidation Zoom call,Task
tk6010,,,,Compliance and workflow diagrams,Task
tk6013,,,,Redundancy and Cohesion,Task
tk6015,,,,consolidation and final proof,Task
tk6016,,,,submission portal upload,Task
tk6018,,,,final textual edits,Task
tk6019,,,,lock the documents for proofing ahead of target submission,Task
tk6020,,,,JOCCH major revision submission,Task
tk6021,,,2022-03-18,upload corrected compliance diagram files and update in-text figure links,Task
tk6022,,,2022-03-18,complete editorial harmonization and lock the manuscript and response letter documents for final proofing,Task
tk6023,,,2022-03-19,final proofread and approve for submission,Task
tk6024,,,,prepare and upload the cover letter to the submission portal,Task
tk6025,,,,compile the ultimate glossary file and ensure links are functional in both manuscript and supplementary materials,Task
tk6026,,,2022-03-18,upload minor diagram label amendments,Task
tk6027,,,,execute remaining editorial harmonization focusing on cross-references and streamlining provenience and compliance narrative overlaps,Task
tk6028,,,,draft point-by-point responses for compliance-related comments,Task
tk6029,,,,draft point-by-point responses for data transfer clarifications,Task
tk6030,,,,draft point-by-point responses for annotation and reproducibility notes,Task
tk6031,,,,draft point-by-point responses for provenance and structural reviewer queries,Task
tk6032,,,,amended compliance diagrams with updated labels,Task
tk6034,,,,addition of “provenance checkpoint” to the glossary,Task
tk6035,,,,pre-populated the required section of the cover letter regarding international data governance contributions,Task
tk6036,,,,compile formal responses if new reviewer points or clarifications surface,Task
tk6037,,,,late-stage proofreading or submission portal support,Task
tk6039,,,,re-evaluation by reviewer panel,Task
tk6040,,,,request for minor administrative corrections,Task
tk6041,,,,advancement to full review,Task
tk6042,,,,developing a practical methods note on annotation toolkit,Task
tk6043,,,,circulating a collaborative Google Doc for the ‘Lessons Learned’ memo,Task
tk6044,,,,10-minute presentation at the next departmental research colloquium,Task
tk6045,,,2019-04-01,draft an abstract and submit it for the April seminar,Task
tk6046,0.8534,['tk6047'],,synthesizing preliminary reflections and drafting a coherent outline for the Lessons Learned memo (finalizing the outline of the ‘Lessons Learned’ memo),Task
tk6048,,,,internal knowledge transfer,Task
tk6049,0.8119,"['tk6084', 'tk6096', 'tk6116', 'tk6127']",,Proposal for methods note/short-form dissemination and future directions (short-form publication),Task
tk6050,,,,manuscript synchronization,Task
tk6051,0.8668,"['tk6079', 'tk6093']",,Multi-author Version Management Template & Reviewer Feedback Handling section drafting,Task
tk6052,0.9102,"['tk6053', 'tk6080']",,Handling conflicting annotations and rapid revision cycles (reviewer-driven rapid revision),Task
tk6055,,,,drafting the abstract for the April departmental colloquium,Task
tk6056,,,,methods note,Task
tk6057,,,,revisiting EMNLP System Demonstrations alignment after JOCCH reviewer feedback,Task
tk6058,,,,time-zone coordination,Task
tk6059,,,,rapid integration cycles,Task
tk6061,,,,identify replicable process elements,Task
tk6062,0.7598,['tk6077'],,Compliance harmonization—Oxford/IACS perspectives,Task
tk6063,,,,provenance checkpoint strategies,Task
tk6065,,,,share collaborative Google Doc,Task
tk6066,,,,contribute sections on diagram and metadata versioning,Task
tk6067,,,,summarize institutional compliance setup from Oxford-IACS experience,Task
tk6068,,,,review colloquium abstract and co-sign the submission,Task
tk6069,,,,compile reviewer feedback from JOCCH,Task
tk6070,,,,finalize angle and intended venue for short-form publications,Task
tk6072,,,,draft introductory framing for memo and possible presentations,Task
tk6074,,,,internal memo,Task
tk6076,,,,Executive summary introducing the project context and motivation,Task
tk6078,,,,Provenance checkpoints and workflow documentation,Task
tk6081,,,,Communication strategies and timezone management,Task
tk6083,,,,Bottleneck log and mitigation strategies,Task
tk6085,0.8417,"['tk6054', 'tk6075', 'tk6122', 'tk6125']",2024-04-02,submitting an abstract for the April departmental colloquium (Draft colloquium abstract),Task
tk6086,,,2024-03-28,suggest structural/material changes in the document,Task
tk6087,,,2024-03-31,contribute to substantive sections,Task
tk6089,,,,expand on compliance diagrams and metadata workflows,Task
tk6090,,,,plug in methods and process reflections,Task
tk6091,,,,Executive Summary & Motivation drafting,Task
tk6092,,,,Compliance Harmonization section drafting,Task
tk6094,,,,"Provenance Checkpoints, Bottleneck Log & Integration Cycle Insights sections drafting",Task
tk6097,,,2019-03-30,complete first drafts for each section,Task
tk6098,,,,colloquium abstract finalization,Task
tk6099,,,2019-03-29,indicate preferred order of authorship or leave comments in the appended draft,Task
tk6100,,,2019-04-02,submit colloquium abstract,Task
tk6101,,,,JOCCH project on NLP on historical data and compliance-driven international collaborations,Task
tk6102,,,,populating the compliance and metadata diagrams sub-section in the Google Doc,Task
tk6103,,,,graphical illustration of workflow checkpoints as they differ at Oxford and IACS,Task
tk6104,,,,"including citations for regulatory best practices (GDPR, institutional review boards, etc.)",Task
tk6105,,,2025-03-29,draft diagrams and commentary for review,Task
tk6107,,,,invite direct in-line suggestions from all team members,Task
tk6108,,,,compiling Oxford-specific reflections on metadata versioning and compliance-driven workflow pivots for the “Process-Oriented Insights” section,Task
tk6109,,,,coordinate with Sunita to ensure complementary rather than overlapping perspectives,Task
tk6110,,,,co-sign the colloquium abstract,Task
tk6111,,,,set and reflect authorship order for the presentation,Task
tk6112,,,,continued productive drafting and robust internal review ahead of final submission,Task
tk6113,,,,structuring the memo,Task
tk6114,,,,drafting compliance/metadata sections,Task
tk6117,,,,reviewing materials in the shared Google Doc,Task
tk6118,0.8136,"['tk2917', 'tk4681', 'tk6033']",,rapid adjudication meeting to ensure harmonized language (Editorial Harmonization),Task
tk6119,,,,authorship order decision for the colloquium abstract,Task
tk6120,,,,final integration of perspectives,Task
tk6121,,,2024-03-31,finalize the abstract for internal review,Task
tk6123,,,2024-04-01,touch base briefly to confirm all inputs are harmonized and clarify any final points before the colloquium submission,Task
tk6124,,,2026-04-01,lock the document for formal integration,Task
tk6126,,,2026-04-02,colloquium abstract submission,Task
tk6129,,,,monitor inbox for further comments,Task
tk6130,,,,submission of finalized abstract to the IACS Computer Science Department's 2025 Research Colloquium,Task
tk6132,,,,consider potential extensions towards a journal methods note or conference demo submission,Task
tk6133,,,,short-form dissemination aligned with forthcoming EMNLP or JDoc technical forums,Task
tk6134,,,,identify core contributions,Task
tk6135,,,,venue selection,Task
tk6136,,,2026-04-08,detailed outline,Task
tk6137,,,,schedule a brief Zoom meeting post-8 April to finalize the outline and make a decision on the submission venue,Task
tk6138,,,2026-04-10,virtual meeting,Task
tk6141,,,,contributing bullet points to the new Google Doc,Task
tk6142,,,,draft a preliminary comparative assessment for venue selection rationale,Task
tk6143,,,,finalize the outline and next steps,Task
tk6145,,,,draft a comparative venue rationale,Task
tk6146,,,,summarize Oxford’s recent updates concerning historical data privacy,Task
tk6147,,,,contrast Oxford’s updates with processes outlined for IACS,Task
tk6148,,,,sketch workflow diagram on compliance reviews and version freeze milestones,Task
tk6149,,,,add a visual in SVG format,Task
tk6150,,,,propose an annotated checklist as a supplement,Task
tk6152,,,,provide outline bullet points,Task
tk6153,,,,"populate shared Google Doc with version management protocol, introduction, and compliance summary",Task
tk6155,,,,finalize the meeting date,Task
tk6156,,,,add to the outline,Task
tk6157,,,,prepare visuals and rationale text,Task
tk6158,,,2025-04-11,finalization of the methods note/short-form paper outline and venue selection,Task
tk6159,,,,Brief review of shared outline and section drafts (Google Doc),Task
tk6160,,,,"Discussion of compliance, workflow schema, and supplemental visual materials",Task
tk6161,,,,Michael’s comparative assessment of EMNLP Demo vs. JDoc Technical Communication,Task
tk6162,,,,"Decision on target venue, next writing assignments, and identification of any data/graphics still needed",Task
tk6163,,,,Timeline for initial draft completion and possible review checkpoints,Task
tk6164,,,2025-04-09,complete your section bullets and upload any visuals or supplementary tables,Task
tk6165,,,,provide a draft workflow diagram and annotated compliance checklist for Oxford before the meeting,Task
